ISO-10303-21;
HEADER;
/* Generated by software containing ST-Developer
 * from STEP Tools, Inc. (www.steptools.com) 
 */

FILE_DESCRIPTION(
/* description */ (''),
/* implementation_level */ '2;1');

FILE_NAME(
/* name */ '6PSprocketElongated.stp',
/* time_stamp */ '2025-10-13T23:35:53-04:00',
/* author */ ('Teddy'),
/* organization */ (''),
/* preprocessor_version */ 'ST-DEVELOPER v20.1',
/* originating_system */ 'Autodesk Inventor 2026',
/* authorisation */ '');

FILE_SCHEMA (('AUTOMOTIVE_DESIGN { 1 0 10303 214 3 1 1 }'));
ENDSEC;

DATA;
#10=MECHANICAL_DESIGN_GEOMETRIC_PRESENTATION_REPRESENTATION('',(#16),#6889);
#11=GEOMETRICALLY_BOUNDED_WIREFRAME_SHAPE_REPRESENTATION('',(#12),#6888);
#12=GEOMETRIC_CURVE_SET('Sketch6',(#6885));
#13=SHAPE_REPRESENTATION_RELATIONSHIP('SRR','None',#6900,#15);
#14=SHAPE_REPRESENTATION_RELATIONSHIP('SRR','None',#6900,#11);
#15=ADVANCED_BREP_SHAPE_REPRESENTATION('',(#17),#6888);
#16=STYLED_ITEM('',(#6909),#17);
#17=MANIFOLD_SOLID_BREP('Solid1',#3078);
#18=FACE_BOUND('',#908,.T.);
#19=FACE_BOUND('',#912,.T.);
#20=FACE_BOUND('',#914,.T.);
#21=FACE_BOUND('',#916,.T.);
#22=(
BOUNDED_SURFACE()
B_SPLINE_SURFACE(1,2,((#5077,#5078,#5079),(#5080,#5081,#5082)),
 .UNSPECIFIED.,.F.,.F.,.F.)
B_SPLINE_SURFACE_WITH_KNOTS((2,2),(3,3),(7.71978891657282,9.92544289273649),
(1.45939074970697,1.81899170247703),.UNSPECIFIED.)
GEOMETRIC_REPRESENTATION_ITEM()
RATIONAL_B_SPLINE_SURFACE(((1.,0.983879393832313,1.),(1.,0.983879393832313,
1.)))
REPRESENTATION_ITEM('')
SURFACE()
);
#23=(
BOUNDED_SURFACE()
B_SPLINE_SURFACE(1,2,((#5120,#5121,#5122),(#5123,#5124,#5125)),
 .UNSPECIFIED.,.F.,.F.,.F.)
B_SPLINE_SURFACE_WITH_KNOTS((2,2),(3,3),(7.69335790140205,9.8914601589455),
(1.31582355178012,1.67431918719552),.UNSPECIFIED.)
GEOMETRIC_REPRESENTATION_ITEM()
RATIONAL_B_SPLINE_SURFACE(((1.,0.983978077331708,1.),(1.,0.983978077331708,
1.)))
REPRESENTATION_ITEM('')
SURFACE()
);
#24=(
BOUNDED_SURFACE()
B_SPLINE_SURFACE(1,2,((#5129,#5130,#5131),(#5132,#5133,#5134)),
 .UNSPECIFIED.,.F.,.F.,.F.)
B_SPLINE_SURFACE_WITH_KNOTS((2,2),(3,3),(0.,2.19810225756951),(1.31582355178,
1.67431918719966),.UNSPECIFIED.)
GEOMETRIC_REPRESENTATION_ITEM()
RATIONAL_B_SPLINE_SURFACE(((1.,0.983978077331328,1.),(1.,0.983978077331328,
1.)))
REPRESENTATION_ITEM('')
SURFACE()
);
#25=(
BOUNDED_SURFACE()
B_SPLINE_SURFACE(1,2,((#5142,#5143,#5144),(#5145,#5146,#5147)),
 .UNSPECIFIED.,.F.,.F.,.F.)
B_SPLINE_SURFACE_WITH_KNOTS((2,2),(3,3),(0.,2.82394250938997),(-0.335322894431298,
-0.115958266342162),.UNSPECIFIED.)
GEOMETRIC_REPRESENTATION_ITEM()
RATIONAL_B_SPLINE_SURFACE(((1.,0.993990922823303,1.),(1.,0.993990922823303,
1.)))
REPRESENTATION_ITEM('')
SURFACE()
);
#26=(
BOUNDED_SURFACE()
B_SPLINE_SURFACE(1,2,((#5213,#5214,#5215),(#5216,#5217,#5218)),
 .UNSPECIFIED.,.F.,.F.,.F.)
B_SPLINE_SURFACE_WITH_KNOTS((2,2),(3,3),(0.,2.20565397606156),(1.45939074972168,
1.81899170247501),.UNSPECIFIED.)
GEOMETRIC_REPRESENTATION_ITEM()
RATIONAL_B_SPLINE_SURFACE(((1.,0.983879393833809,1.),(1.,0.983879393833809,
1.)))
REPRESENTATION_ITEM('')
SURFACE()
);
#27=(
BOUNDED_SURFACE()
B_SPLINE_SURFACE(1,2,((#5282,#5283,#5284),(#5285,#5286,#5287)),
 .UNSPECIFIED.,.F.,.F.,.F.)
B_SPLINE_SURFACE_WITH_KNOTS((2,2),(3,3),(7.71978891641676,9.92544289253583),
(-1.68220190387633,-1.32260095111358),.UNSPECIFIED.)
GEOMETRIC_REPRESENTATION_ITEM()
RATIONAL_B_SPLINE_SURFACE(((1.,0.983879393832966,1.),(1.,0.983879393832966,
1.)))
REPRESENTATION_ITEM('')
SURFACE()
);
#28=(
BOUNDED_SURFACE()
B_SPLINE_SURFACE(1,2,((#5353,#5354,#5355),(#5356,#5357,#5358)),
 .UNSPECIFIED.,.F.,.F.,.F.)
B_SPLINE_SURFACE_WITH_KNOTS((2,2),(3,3),(7.69335790168826,9.89146015931348),
(1.31582355177984,1.67431918720861),.UNSPECIFIED.)
GEOMETRIC_REPRESENTATION_ITEM()
RATIONAL_B_SPLINE_SURFACE(((1.,0.983978077330516,1.),(1.,0.983978077330516,
1.)))
REPRESENTATION_ITEM('')
SURFACE()
);
#29=(
BOUNDED_SURFACE()
B_SPLINE_SURFACE(1,2,((#5370,#5371,#5372),(#5373,#5374,#5375)),
 .UNSPECIFIED.,.F.,.F.,.F.)
B_SPLINE_SURFACE_WITH_KNOTS((2,2),(3,3),(0.,2.19810225758278),(-1.82576910180952,
-1.4672734663877),.UNSPECIFIED.)
GEOMETRIC_REPRESENTATION_ITEM()
RATIONAL_B_SPLINE_SURFACE(((1.,0.983978077331135,1.),(1.,0.983978077331135,
1.)))
REPRESENTATION_ITEM('')
SURFACE()
);
#30=(
BOUNDED_SURFACE()
B_SPLINE_SURFACE(1,2,((#5441,#5442,#5443),(#5444,#5445,#5446)),
 .UNSPECIFIED.,.F.,.F.,.F.)
B_SPLINE_SURFACE_WITH_KNOTS((2,2),(3,3),(0.,2.20565397608518),(1.45939074971836,
1.81899170247556),.UNSPECIFIED.)
GEOMETRIC_REPRESENTATION_ITEM()
RATIONAL_B_SPLINE_SURFACE(((1.,0.983879393833463,1.),(1.,0.983879393833463,
1.)))
REPRESENTATION_ITEM('')
SURFACE()
);
#31=(
BOUNDED_SURFACE()
B_SPLINE_SURFACE(1,2,((#5510,#5511,#5512),(#5513,#5514,#5515)),
 .UNSPECIFIED.,.F.,.F.,.F.)
B_SPLINE_SURFACE_WITH_KNOTS((2,2),(3,3),(7.71978891621474,9.9254428922761),
(-1.68220190386848,-1.32260095111519),.UNSPECIFIED.)
GEOMETRIC_REPRESENTATION_ITEM()
RATIONAL_B_SPLINE_SURFACE(((1.,0.983879393833813,1.),(1.,0.983879393833813,
1.)))
REPRESENTATION_ITEM('')
SURFACE()
);
#32=(
BOUNDED_SURFACE()
B_SPLINE_SURFACE(1,2,((#5551,#5552,#5553),(#5554,#5555,#5556)),
 .UNSPECIFIED.,.F.,.F.,.F.)
B_SPLINE_SURFACE_WITH_KNOTS((2,2),(3,3),(8.3592829344011,10.7476494870871),
(-2.48702735471786,-2.3979321382163),.UNSPECIFIED.)
GEOMETRIC_REPRESENTATION_ITEM()
RATIONAL_B_SPLINE_SURFACE(((1.,0.999007919380304,1.),(1.,0.999007919380304,
1.)))
REPRESENTATION_ITEM('')
SURFACE()
);
#33=(
BOUNDED_SURFACE()
B_SPLINE_SURFACE(1,2,((#5594,#5595,#5596),(#5597,#5598,#5599)),
 .UNSPECIFIED.,.F.,.F.,.F.)
B_SPLINE_SURFACE_WITH_KNOTS((2,2),(3,3),(7.69335790138561,9.89146015892436),
(1.31582355178111,1.67431918719572),.UNSPECIFIED.)
GEOMETRIC_REPRESENTATION_ITEM()
RATIONAL_B_SPLINE_SURFACE(((1.,0.983978077331778,1.),(1.,0.983978077331778,
1.)))
REPRESENTATION_ITEM('')
SURFACE()
);
#34=(
BOUNDED_SURFACE()
B_SPLINE_SURFACE(1,2,((#5603,#5604,#5605),(#5606,#5607,#5608)),
 .UNSPECIFIED.,.F.,.F.,.F.)
B_SPLINE_SURFACE_WITH_KNOTS((2,2),(3,3),(0.,2.19810225754826),(-1.82576910180894,
-1.46727346639277),.UNSPECIFIED.)
GEOMETRIC_REPRESENTATION_ITEM()
RATIONAL_B_SPLINE_SURFACE(((1.,0.983978077331639,1.),(1.,0.983978077331639,
1.)))
REPRESENTATION_ITEM('')
SURFACE()
);
#35=(
BOUNDED_SURFACE()
B_SPLINE_SURFACE(1,2,((#5646,#5647,#5648),(#5649,#5650,#5651)),
 .UNSPECIFIED.,.F.,.F.,.F.)
B_SPLINE_SURFACE_WITH_KNOTS((2,2),(3,3),(0.,2.20565397606035),(1.45939074972157,
1.81899170247469),.UNSPECIFIED.)
GEOMETRIC_REPRESENTATION_ITEM()
RATIONAL_B_SPLINE_SURFACE(((1.,0.983879393833827,1.),(1.,0.983879393833827,
1.)))
REPRESENTATION_ITEM('')
SURFACE()
);
#36=(
BOUNDED_SURFACE()
B_SPLINE_SURFACE(1,2,((#5779,#5780,#5781),(#5782,#5783,#5784)),
 .UNSPECIFIED.,.F.,.F.,.F.)
B_SPLINE_SURFACE_WITH_KNOTS((2,2),(3,3),(7.71978891614838,9.92544289219077),
(-1.68220190386645,-1.32260095111629),.UNSPECIFIED.)
GEOMETRIC_REPRESENTATION_ITEM()
RATIONAL_B_SPLINE_SURFACE(((1.,0.983879393834092,1.),(1.,0.983879393834092,
1.)))
REPRESENTATION_ITEM('')
SURFACE()
);
#37=(
BOUNDED_SURFACE()
B_SPLINE_SURFACE(1,2,((#5822,#5823,#5824),(#5825,#5826,#5827)),
 .UNSPECIFIED.,.F.,.F.,.F.)
B_SPLINE_SURFACE_WITH_KNOTS((2,2),(3,3),(7.69335790180677,9.89146015946585),
(-1.82576910181197,-1.46727346637763),.UNSPECIFIED.)
GEOMETRIC_REPRESENTATION_ITEM()
RATIONAL_B_SPLINE_SURFACE(((1.,0.983978077330019,1.),(1.,0.983978077330019,
1.)))
REPRESENTATION_ITEM('')
SURFACE()
);
#38=(
BOUNDED_SURFACE()
B_SPLINE_SURFACE(1,2,((#5831,#5832,#5833),(#5834,#5835,#5836)),
 .UNSPECIFIED.,.F.,.F.,.F.)
B_SPLINE_SURFACE_WITH_KNOTS((2,2),(3,3),(0.,2.19810225755241),(-1.82576910180915,
-1.4672734663923),.UNSPECIFIED.)
GEOMETRIC_REPRESENTATION_ITEM()
RATIONAL_B_SPLINE_SURFACE(((1.,0.983978077331579,1.),(1.,0.983978077331579,
1.)))
REPRESENTATION_ITEM('')
SURFACE()
);
#39=(
BOUNDED_SURFACE()
B_SPLINE_SURFACE(1,2,((#5910,#5911,#5912),(#5913,#5914,#5915)),
 .UNSPECIFIED.,.F.,.F.,.F.)
B_SPLINE_SURFACE_WITH_KNOTS((2,2),(3,3),(0.,2.20565397609482),(-1.68220190387218,
-1.32260095111338),.UNSPECIFIED.)
GEOMETRIC_REPRESENTATION_ITEM()
RATIONAL_B_SPLINE_SURFACE(((1.,0.983879393833321,1.),(1.,0.983879393833321,
1.)))
REPRESENTATION_ITEM('')
SURFACE()
);
#40=(
BOUNDED_SURFACE()
B_SPLINE_SURFACE(1,2,((#6293,#6294,#6295),(#6296,#6297,#6298)),
 .UNSPECIFIED.,.F.,.F.,.F.)
B_SPLINE_SURFACE_WITH_KNOTS((2,2),(3,3),(7.71978891633187,9.92544289242669),
(-1.68220190387218,-1.32260095111338),.UNSPECIFIED.)
GEOMETRIC_REPRESENTATION_ITEM()
RATIONAL_B_SPLINE_SURFACE(((1.,0.98387939383332,1.),(1.,0.98387939383332,
1.)))
REPRESENTATION_ITEM('')
SURFACE()
);
#41=(
BOUNDED_SURFACE()
B_SPLINE_SURFACE(1,2,((#6358,#6359,#6360),(#6361,#6362,#6363)),
 .UNSPECIFIED.,.F.,.F.,.F.)
B_SPLINE_SURFACE_WITH_KNOTS((2,2),(3,3),(0.,2.19810225765908),(-1.82576910181197,
-1.46727346637763),.UNSPECIFIED.)
GEOMETRIC_REPRESENTATION_ITEM()
RATIONAL_B_SPLINE_SURFACE(((1.,0.983978077330019,1.),(1.,0.983978077330019,
1.)))
REPRESENTATION_ITEM('')
SURFACE()
);
#42=(
BOUNDED_SURFACE()
B_SPLINE_SURFACE(1,2,((#6367,#6368,#6369),(#6370,#6371,#6372)),
 .UNSPECIFIED.,.F.,.F.,.F.)
B_SPLINE_SURFACE_WITH_KNOTS((2,2),(3,3),(0.,2.20565397604239),(-1.68220190386645,
-1.32260095111629),.UNSPECIFIED.)
GEOMETRIC_REPRESENTATION_ITEM()
RATIONAL_B_SPLINE_SURFACE(((1.,0.983879393834092,1.),(1.,0.983879393834092,
1.)))
REPRESENTATION_ITEM('')
SURFACE()
);
#43=(
BOUNDED_SURFACE()
B_SPLINE_SURFACE(1,2,((#6433,#6434,#6435),(#6436,#6437,#6438)),
 .UNSPECIFIED.,.F.,.F.,.F.)
B_SPLINE_SURFACE_WITH_KNOTS((2,2),(3,3),(0.,2.19810225753875),(1.31582355178111,
1.67431918719572),.UNSPECIFIED.)
GEOMETRIC_REPRESENTATION_ITEM()
RATIONAL_B_SPLINE_SURFACE(((1.,0.983978077331778,1.),(1.,0.983978077331778,
1.)))
REPRESENTATION_ITEM('')
SURFACE()
);
#44=(
BOUNDED_SURFACE()
B_SPLINE_SURFACE(1,2,((#6442,#6443,#6444),(#6445,#6446,#6447)),
 .UNSPECIFIED.,.F.,.F.,.F.)
B_SPLINE_SURFACE_WITH_KNOTS((2,2),(3,3),(0.,2.38836655268603),(-2.48702735471786,
-2.3979321382163),.UNSPECIFIED.)
GEOMETRIC_REPRESENTATION_ITEM()
RATIONAL_B_SPLINE_SURFACE(((1.,0.999007919380304,1.),(1.,0.999007919380304,
1.)))
REPRESENTATION_ITEM('')
SURFACE()
);
#45=(
BOUNDED_SURFACE()
B_SPLINE_SURFACE(1,2,((#6449,#6450,#6451),(#6452,#6453,#6454)),
 .UNSPECIFIED.,.F.,.F.,.F.)
B_SPLINE_SURFACE_WITH_KNOTS((2,2),(3,3),(0.,2.20565397606135),(-1.68220190386848,
-1.32260095111519),.UNSPECIFIED.)
GEOMETRIC_REPRESENTATION_ITEM()
RATIONAL_B_SPLINE_SURFACE(((1.,0.983879393833813,1.),(1.,0.983879393833813,
1.)))
REPRESENTATION_ITEM('')
SURFACE()
);
#46=(
BOUNDED_SURFACE()
B_SPLINE_SURFACE(1,2,((#6515,#6516,#6517),(#6518,#6519,#6520)),
 .UNSPECIFIED.,.F.,.F.,.F.)
B_SPLINE_SURFACE_WITH_KNOTS((2,2),(3,3),(0.,2.19810225762522),(1.31582355177984,
1.67431918720861),.UNSPECIFIED.)
GEOMETRIC_REPRESENTATION_ITEM()
RATIONAL_B_SPLINE_SURFACE(((1.,0.983978077330516,1.),(1.,0.983978077330516,
1.)))
REPRESENTATION_ITEM('')
SURFACE()
);
#47=(
BOUNDED_SURFACE()
B_SPLINE_SURFACE(1,2,((#6524,#6525,#6526),(#6527,#6528,#6529)),
 .UNSPECIFIED.,.F.,.F.,.F.)
B_SPLINE_SURFACE_WITH_KNOTS((2,2),(3,3),(0.,2.20565397611907),(-1.68220190387633,
-1.32260095111358),.UNSPECIFIED.)
GEOMETRIC_REPRESENTATION_ITEM()
RATIONAL_B_SPLINE_SURFACE(((1.,0.983879393832966,1.),(1.,0.983879393832966,
1.)))
REPRESENTATION_ITEM('')
SURFACE()
);
#48=(
BOUNDED_SURFACE()
B_SPLINE_SURFACE(1,2,((#6590,#6591,#6592),(#6593,#6594,#6595)),
 .UNSPECIFIED.,.F.,.F.,.F.)
B_SPLINE_SURFACE_WITH_KNOTS((2,2),(3,3),(0.,2.19810225754344),(1.31582355178012,
1.67431918719552),.UNSPECIFIED.)
GEOMETRIC_REPRESENTATION_ITEM()
RATIONAL_B_SPLINE_SURFACE(((1.,0.983978077331708,1.),(1.,0.983978077331708,
1.)))
REPRESENTATION_ITEM('')
SURFACE()
);
#49=(
BOUNDED_SURFACE()
B_SPLINE_SURFACE(1,2,((#6599,#6600,#6601),(#6602,#6603,#6604)),
 .UNSPECIFIED.,.F.,.F.,.F.)
B_SPLINE_SURFACE_WITH_KNOTS((2,2),(3,3),(0.,2.20565397616366),(1.45939074970697,
1.81899170247703),.UNSPECIFIED.)
GEOMETRIC_REPRESENTATION_ITEM()
RATIONAL_B_SPLINE_SURFACE(((1.,0.983879393832313,1.),(1.,0.983879393832313,
1.)))
REPRESENTATION_ITEM('')
SURFACE()
);
#50=(
BOUNDED_SURFACE()
B_SPLINE_SURFACE(1,2,((#6647,#6648,#6649),(#6650,#6651,#6652)),
 .UNSPECIFIED.,.F.,.F.,.F.)
B_SPLINE_SURFACE_WITH_KNOTS((2,2),(3,3),(7.69335790149329,9.8914601590628),
(1.31582355178,1.67431918719966),.UNSPECIFIED.)
GEOMETRIC_REPRESENTATION_ITEM()
RATIONAL_B_SPLINE_SURFACE(((1.,0.983978077331328,1.),(1.,0.983978077331328,
1.)))
REPRESENTATION_ITEM('')
SURFACE()
);
#51=(
BOUNDED_SURFACE()
B_SPLINE_SURFACE(1,2,((#6654,#6655,#6656),(#6657,#6658,#6659)),
 .UNSPECIFIED.,.F.,.F.,.F.)
B_SPLINE_SURFACE_WITH_KNOTS((2,2),(3,3),(9.88379878286488,12.7077412922549),
(-0.335322894431299,-0.115958266342162),.UNSPECIFIED.)
GEOMETRIC_REPRESENTATION_ITEM()
RATIONAL_B_SPLINE_SURFACE(((1.,0.993990922823303,1.),(1.,0.993990922823303,
1.)))
REPRESENTATION_ITEM('')
SURFACE()
);
#52=(
BOUNDED_SURFACE()
B_SPLINE_SURFACE(1,2,((#6663,#6664,#6665),(#6666,#6667,#6668)),
 .UNSPECIFIED.,.F.,.F.,.F.)
B_SPLINE_SURFACE_WITH_KNOTS((2,2),(3,3),(7.71978891621546,9.92544289227702),
(1.45939074972168,1.81899170247501),.UNSPECIFIED.)
GEOMETRIC_REPRESENTATION_ITEM()
RATIONAL_B_SPLINE_SURFACE(((1.,0.983879393833809,1.),(1.,0.983879393833809,
1.)))
REPRESENTATION_ITEM('')
SURFACE()
);
#53=(
BOUNDED_SURFACE()
B_SPLINE_SURFACE(1,2,((#6729,#6730,#6731),(#6732,#6733,#6734)),
 .UNSPECIFIED.,.F.,.F.,.F.)
B_SPLINE_SURFACE_WITH_KNOTS((2,2),(3,3),(7.69335790153973,9.89146015912251),
(-1.82576910180952,-1.4672734663877),.UNSPECIFIED.)
GEOMETRIC_REPRESENTATION_ITEM()
RATIONAL_B_SPLINE_SURFACE(((1.,0.983978077331135,1.),(1.,0.983978077331135,
1.)))
REPRESENTATION_ITEM('')
SURFACE()
);
#54=(
BOUNDED_SURFACE()
B_SPLINE_SURFACE(1,2,((#6738,#6739,#6740),(#6741,#6742,#6743)),
 .UNSPECIFIED.,.F.,.F.,.F.)
B_SPLINE_SURFACE_WITH_KNOTS((2,2),(3,3),(7.71978891629812,9.9254428923833),
(1.45939074971836,1.81899170247556),.UNSPECIFIED.)
GEOMETRIC_REPRESENTATION_ITEM()
RATIONAL_B_SPLINE_SURFACE(((1.,0.983879393833463,1.),(1.,0.983879393833463,
1.)))
REPRESENTATION_ITEM('')
SURFACE()
);
#55=(
BOUNDED_SURFACE()
B_SPLINE_SURFACE(1,2,((#6804,#6805,#6806),(#6807,#6808,#6809)),
 .UNSPECIFIED.,.F.,.F.,.F.)
B_SPLINE_SURFACE_WITH_KNOTS((2,2),(3,3),(7.69335790141891,9.89146015896717),
(-1.82576910180894,-1.46727346639277),.UNSPECIFIED.)
GEOMETRIC_REPRESENTATION_ITEM()
RATIONAL_B_SPLINE_SURFACE(((1.,0.983978077331639,1.),(1.,0.983978077331639,
1.)))
REPRESENTATION_ITEM('')
SURFACE()
);
#56=(
BOUNDED_SURFACE()
B_SPLINE_SURFACE(1,2,((#6813,#6814,#6815),(#6816,#6817,#6818)),
 .UNSPECIFIED.,.F.,.F.,.F.)
B_SPLINE_SURFACE_WITH_KNOTS((2,2),(3,3),(7.71978891621124,9.92544289227159),
(1.45939074972157,1.81899170247469),.UNSPECIFIED.)
GEOMETRIC_REPRESENTATION_ITEM()
RATIONAL_B_SPLINE_SURFACE(((1.,0.983879393833827,1.),(1.,0.983879393833827,
1.)))
REPRESENTATION_ITEM('')
SURFACE()
);
#57=(
BOUNDED_SURFACE()
B_SPLINE_SURFACE(1,2,((#6879,#6880,#6881),(#6882,#6883,#6884)),
 .UNSPECIFIED.,.F.,.F.,.F.)
B_SPLINE_SURFACE_WITH_KNOTS((2,2),(3,3),(7.69335790143342,9.89146015898583),
(-1.82576910180915,-1.4672734663923),.UNSPECIFIED.)
GEOMETRIC_REPRESENTATION_ITEM()
RATIONAL_B_SPLINE_SURFACE(((1.,0.983978077331579,1.),(1.,0.983978077331579,
1.)))
REPRESENTATION_ITEM('')
SURFACE()
);
#58=B_SPLINE_SURFACE_WITH_KNOTS('',3,1,((#4985,#4986),(#4987,#4988),(#4989,
#4990),(#4991,#4992),(#4993,#4994),(#4995,#4996),(#4997,#4998),(#4999,#5000)),
 .UNSPECIFIED.,.F.,.F.,.F.,(4,2,2,4),(2,2),(-0.992879865708782,-0.989465093529149,
-0.852479602499284,-0.813798294035295),(0.,2.286),.UNSPECIFIED.);
#59=B_SPLINE_SURFACE_WITH_KNOTS('',3,1,((#5013,#5014),(#5015,#5016),(#5017,
#5018),(#5019,#5020),(#5021,#5022),(#5023,#5024),(#5025,#5026),(#5027,#5028)),
 .UNSPECIFIED.,.F.,.F.,.F.,(4,2,2,4),(2,2),(-0.992879865708782,-0.989465093529149,
-0.852479602499284,-0.813798294035295),(0.,2.286),.UNSPECIFIED.);
#60=B_SPLINE_SURFACE_WITH_KNOTS('',3,1,((#5045,#5046),(#5047,#5048),(#5049,
#5050),(#5051,#5052),(#5053,#5054),(#5055,#5056),(#5057,#5058),(#5059,#5060),
(#5061,#5062),(#5063,#5064)),.UNSPECIFIED.,.F.,.F.,.F.,(4,2,2,2,4),(2,2),
(-0.188257843497543,-0.160571429864412,-0.128570991870168,-0.0965705538759232,
-0.0688841402427011),(0.,2.286),.UNSPECIFIED.);
#61=B_SPLINE_SURFACE_WITH_KNOTS('',3,1,((#5086,#5087),(#5088,#5089),(#5090,
#5091),(#5092,#5093),(#5094,#5095),(#5096,#5097),(#5098,#5099),(#5100,#5101)),
 .UNSPECIFIED.,.F.,.F.,.F.,(4,2,2,4),(2,2),(-0.277385754239364,-0.238704445775375,
-0.10171895474551,-0.0983041825658766),(0.,2.286),.UNSPECIFIED.);
#62=B_SPLINE_SURFACE_WITH_KNOTS('',3,1,((#5151,#5152),(#5153,#5154),(#5155,
#5156),(#5157,#5158),(#5159,#5160),(#5161,#5162),(#5163,#5164),(#5165,#5166)),
 .UNSPECIFIED.,.F.,.F.,.F.,(4,2,2,4),(2,2),(-0.277385754239363,-0.238704445775375,
-0.101718954745509,-0.0983041825658765),(0.,2.286),.UNSPECIFIED.);
#63=B_SPLINE_SURFACE_WITH_KNOTS('',3,1,((#5181,#5182),(#5183,#5184),(#5185,
#5186),(#5187,#5188),(#5189,#5190),(#5191,#5192),(#5193,#5194),(#5195,#5196),
(#5197,#5198),(#5199,#5200)),.UNSPECIFIED.,.F.,.F.,.F.,(4,2,2,2,4),(2,2),
(-0.188257843497442,-0.160571429864322,-0.128570991870079,-0.0965705538758365,
-0.0688841402427065),(0.,2.286),.UNSPECIFIED.);
#64=B_SPLINE_SURFACE_WITH_KNOTS('',3,1,((#5222,#5223),(#5224,#5225),(#5226,
#5227),(#5228,#5229),(#5230,#5231),(#5232,#5233),(#5234,#5235),(#5236,#5237)),
 .UNSPECIFIED.,.F.,.F.,.F.,(4,2,2,4),(2,2),(-0.992879865708782,-0.98946509352915,
-0.852479602499284,-0.813798294035296),(0.,2.286),.UNSPECIFIED.);
#65=B_SPLINE_SURFACE_WITH_KNOTS('',3,1,((#5256,#5257),(#5258,#5259),(#5260,
#5261),(#5262,#5263),(#5264,#5265),(#5266,#5267),(#5268,#5269),(#5270,#5271)),
 .UNSPECIFIED.,.F.,.F.,.F.,(4,2,2,4),(2,2),(-0.992879865708781,-0.989465093529149,
-0.852479602499283,-0.813798294035295),(0.,2.286),.UNSPECIFIED.);
#66=B_SPLINE_SURFACE_WITH_KNOTS('',3,1,((#5291,#5292),(#5293,#5294),(#5295,
#5296),(#5297,#5298),(#5299,#5300),(#5301,#5302),(#5303,#5304),(#5305,#5306),
(#5307,#5308),(#5309,#5310)),.UNSPECIFIED.,.F.,.F.,.F.,(4,2,2,2,4),(2,2),
(-0.188257843497543,-0.160571429864412,-0.128570991870168,-0.0965705538759234,
-0.068884140242701),(0.,2.286),.UNSPECIFIED.);
#67=B_SPLINE_SURFACE_WITH_KNOTS('',3,1,((#5327,#5328),(#5329,#5330),(#5331,
#5332),(#5333,#5334),(#5335,#5336),(#5337,#5338),(#5339,#5340),(#5341,#5342)),
 .UNSPECIFIED.,.F.,.F.,.F.,(4,2,2,4),(2,2),(-0.277385754239364,-0.238704445775375,
-0.101718954745509,-0.0983041825658764),(0.,2.286),.UNSPECIFIED.);
#68=B_SPLINE_SURFACE_WITH_KNOTS('',3,1,((#5379,#5380),(#5381,#5382),(#5383,
#5384),(#5385,#5386),(#5387,#5388),(#5389,#5390),(#5391,#5392),(#5393,#5394)),
 .UNSPECIFIED.,.F.,.F.,.F.,(4,2,2,4),(2,2),(-0.277385754239363,-0.238704445775374,
-0.101718954745509,-0.0983041825658763),(0.,2.286),.UNSPECIFIED.);
#69=B_SPLINE_SURFACE_WITH_KNOTS('',3,1,((#5409,#5410),(#5411,#5412),(#5413,
#5414),(#5415,#5416),(#5417,#5418),(#5419,#5420),(#5421,#5422),(#5423,#5424),
(#5425,#5426),(#5427,#5428)),.UNSPECIFIED.,.F.,.F.,.F.,(4,2,2,2,4),(2,2),
(-0.188257843497453,-0.160571429864321,-0.128570991870077,-0.0965705538758324,
-0.068884140242701),(0.,2.286),.UNSPECIFIED.);
#70=B_SPLINE_SURFACE_WITH_KNOTS('',3,1,((#5450,#5451),(#5452,#5453),(#5454,
#5455),(#5456,#5457),(#5458,#5459),(#5460,#5461),(#5462,#5463),(#5464,#5465)),
 .UNSPECIFIED.,.F.,.F.,.F.,(4,2,2,4),(2,2),(-0.992879865708782,-0.989465093529149,
-0.852479602499284,-0.813798294035295),(0.,2.286),.UNSPECIFIED.);
#71=B_SPLINE_SURFACE_WITH_KNOTS('',3,1,((#5484,#5485),(#5486,#5487),(#5488,
#5489),(#5490,#5491),(#5492,#5493),(#5494,#5495),(#5496,#5497),(#5498,#5499)),
 .UNSPECIFIED.,.F.,.F.,.F.,(4,2,2,4),(2,2),(-0.992879865708782,-0.989465093529149,
-0.852479602499284,-0.813798294035295),(0.,2.286),.UNSPECIFIED.);
#72=B_SPLINE_SURFACE_WITH_KNOTS('',3,1,((#5519,#5520),(#5521,#5522),(#5523,
#5524),(#5525,#5526),(#5527,#5528),(#5529,#5530),(#5531,#5532),(#5533,#5534),
(#5535,#5536),(#5537,#5538)),.UNSPECIFIED.,.F.,.F.,.F.,(4,2,2,2,4),(2,2),
(-0.188257843497463,-0.160571429864331,-0.128570991870086,-0.0965705538758406,
-0.0688841402427032),(0.,2.286),.UNSPECIFIED.);
#73=B_SPLINE_SURFACE_WITH_KNOTS('',3,1,((#5560,#5561),(#5562,#5563),(#5564,
#5565),(#5566,#5567),(#5568,#5569),(#5570,#5571),(#5572,#5573),(#5574,#5575)),
 .UNSPECIFIED.,.F.,.F.,.F.,(4,2,2,4),(2,2),(-0.277385754239363,-0.238704445775374,
-0.101718954745509,-0.0983041825658763),(0.,2.286),.UNSPECIFIED.);
#74=B_SPLINE_SURFACE_WITH_KNOTS('',3,1,((#5620,#5621),(#5622,#5623),(#5624,
#5625),(#5626,#5627),(#5628,#5629),(#5630,#5631),(#5632,#5633),(#5634,#5635)),
 .UNSPECIFIED.,.F.,.F.,.F.,(4,2,2,4),(2,2),(-0.277385754239363,-0.238704445775374,
-0.101718954745509,-0.0983041825658763),(0.,2.286),.UNSPECIFIED.);
#75=B_SPLINE_SURFACE_WITH_KNOTS('',3,1,((#5655,#5656),(#5657,#5658),(#5659,
#5660),(#5661,#5662),(#5663,#5664),(#5665,#5666),(#5667,#5668),(#5669,#5670),
(#5671,#5672),(#5673,#5674)),.UNSPECIFIED.,.F.,.F.,.F.,(4,2,2,2,4),(2,2),
(-0.188257843497453,-0.160571429864322,-0.128570991870077,-0.096570553875833,
-0.0688841402427011),(0.,2.286),.UNSPECIFIED.);
#76=B_SPLINE_SURFACE_WITH_KNOTS('',3,1,((#5691,#5692),(#5693,#5694),(#5695,
#5696),(#5697,#5698),(#5699,#5700),(#5701,#5702),(#5703,#5704),(#5705,#5706)),
 .UNSPECIFIED.,.F.,.F.,.F.,(4,2,2,4),(2,2),(-0.992879865708782,-0.98946509352915,
-0.852479602499284,-0.813798294035296),(0.,2.286),.UNSPECIFIED.);
#77=B_SPLINE_SURFACE_WITH_KNOTS('',3,1,((#5717,#5718),(#5719,#5720),(#5721,
#5722),(#5723,#5724),(#5725,#5726),(#5727,#5728),(#5729,#5730),(#5731,#5732)),
 .UNSPECIFIED.,.F.,.F.,.F.,(4,2,2,4),(2,2),(-0.992879865708782,-0.989465093529149,
-0.852479602499284,-0.813798294035295),(0.,2.286),.UNSPECIFIED.);
#78=B_SPLINE_SURFACE_WITH_KNOTS('',3,1,((#5747,#5748),(#5749,#5750),(#5751,
#5752),(#5753,#5754),(#5755,#5756),(#5757,#5758),(#5759,#5760),(#5761,#5762),
(#5763,#5764),(#5765,#5766)),.UNSPECIFIED.,.F.,.F.,.F.,(4,2,2,2,4),(2,2),
(-0.188257843497443,-0.160571429864312,-0.128570991870069,-0.0965705538758252,
-0.0688841402426992),(0.,2.286),.UNSPECIFIED.);
#79=B_SPLINE_SURFACE_WITH_KNOTS('',3,1,((#5788,#5789),(#5790,#5791),(#5792,
#5793),(#5794,#5795),(#5796,#5797),(#5798,#5799),(#5800,#5801),(#5802,#5803)),
 .UNSPECIFIED.,.F.,.F.,.F.,(4,2,2,4),(2,2),(-0.277385754239363,-0.238704445775374,
-0.101718954745509,-0.0983041825658764),(0.,2.286),.UNSPECIFIED.);
#80=B_SPLINE_SURFACE_WITH_KNOTS('',3,1,((#5848,#5849),(#5850,#5851),(#5852,
#5853),(#5854,#5855),(#5856,#5857),(#5858,#5859),(#5860,#5861),(#5862,#5863)),
 .UNSPECIFIED.,.F.,.F.,.F.,(4,2,2,4),(2,2),(-0.277385754239363,-0.238704445775374,
-0.101718954745509,-0.0983041825658761),(0.,2.286),.UNSPECIFIED.);
#81=B_SPLINE_SURFACE_WITH_KNOTS('',3,1,((#5878,#5879),(#5880,#5881),(#5882,
#5883),(#5884,#5885),(#5886,#5887),(#5888,#5889),(#5890,#5891),(#5892,#5893),
(#5894,#5895),(#5896,#5897)),.UNSPECIFIED.,.F.,.F.,.F.,(4,2,2,2,4),(2,2),
(-0.188257843497453,-0.160571429864322,-0.128570991870077,-0.096570553875833,
-0.0688841402427013),(0.,2.286),.UNSPECIFIED.);
#82=B_SPLINE_SURFACE_WITH_KNOTS('',3,1,((#5919,#5920),(#5921,#5922),(#5923,
#5924),(#5925,#5926),(#5927,#5928),(#5929,#5930),(#5931,#5932),(#5933,#5934)),
 .UNSPECIFIED.,.F.,.F.,.F.,(4,2,2,4),(2,2),(-0.992879865708783,-0.98946509352915,
-0.852479602499284,-0.813798294035296),(0.,2.286),.UNSPECIFIED.);
#83=B_SPLINE_SURFACE_WITH_KNOTS('',3,1,((#6301,#6302),(#6303,#6304),(#6305,
#6306),(#6307,#6308),(#6309,#6310),(#6311,#6312),(#6313,#6314),(#6315,#6316)),
 .UNSPECIFIED.,.F.,.F.,.F.,(4,2,2,4),(2,2),(-0.992879865708783,-0.98946509352915,
-0.852479602499284,-0.813798294035296),(0.,2.286),.UNSPECIFIED.);
#84=B_SPLINE_SURFACE_WITH_KNOTS('',3,1,((#6318,#6319),(#6320,#6321),(#6322,
#6323),(#6324,#6325),(#6326,#6327),(#6328,#6329),(#6330,#6331),(#6332,#6333),
(#6334,#6335),(#6336,#6337)),.UNSPECIFIED.,.F.,.F.,.F.,(4,2,2,2,4),(2,2),
(-0.188257843497453,-0.160571429864322,-0.128570991870077,-0.096570553875833,
-0.0688841402427013),(0.,2.286),.UNSPECIFIED.);
#85=B_SPLINE_SURFACE_WITH_KNOTS('',3,1,((#6339,#6340),(#6341,#6342),(#6343,
#6344),(#6345,#6346),(#6347,#6348),(#6349,#6350),(#6351,#6352),(#6353,#6354)),
 .UNSPECIFIED.,.F.,.F.,.F.,(4,2,2,4),(2,2),(-0.277385754239363,-0.238704445775374,
-0.101718954745509,-0.0983041825658761),(0.,2.286),.UNSPECIFIED.);
#86=B_SPLINE_SURFACE_WITH_KNOTS('',3,1,((#6376,#6377),(#6378,#6379),(#6380,
#6381),(#6382,#6383),(#6384,#6385),(#6386,#6387),(#6388,#6389),(#6390,#6391)),
 .UNSPECIFIED.,.F.,.F.,.F.,(4,2,2,4),(2,2),(-0.992879865708782,-0.98946509352915,
-0.852479602499284,-0.813798294035296),(0.,2.286),.UNSPECIFIED.);
#87=B_SPLINE_SURFACE_WITH_KNOTS('',3,1,((#6393,#6394),(#6395,#6396),(#6397,
#6398),(#6399,#6400),(#6401,#6402),(#6403,#6404),(#6405,#6406),(#6407,#6408),
(#6409,#6410),(#6411,#6412)),.UNSPECIFIED.,.F.,.F.,.F.,(4,2,2,2,4),(2,2),
(-0.188257843497453,-0.160571429864322,-0.128570991870077,-0.096570553875833,
-0.0688841402427011),(0.,2.286),.UNSPECIFIED.);
#88=B_SPLINE_SURFACE_WITH_KNOTS('',3,1,((#6414,#6415),(#6416,#6417),(#6418,
#6419),(#6420,#6421),(#6422,#6423),(#6424,#6425),(#6426,#6427),(#6428,#6429)),
 .UNSPECIFIED.,.F.,.F.,.F.,(4,2,2,4),(2,2),(-0.277385754239363,-0.238704445775374,
-0.101718954745509,-0.0983041825658763),(0.,2.286),.UNSPECIFIED.);
#89=B_SPLINE_SURFACE_WITH_KNOTS('',3,1,((#6458,#6459),(#6460,#6461),(#6462,
#6463),(#6464,#6465),(#6466,#6467),(#6468,#6469),(#6470,#6471),(#6472,#6473)),
 .UNSPECIFIED.,.F.,.F.,.F.,(4,2,2,4),(2,2),(-0.992879865708782,-0.989465093529149,
-0.852479602499284,-0.813798294035295),(0.,2.286),.UNSPECIFIED.);
#90=B_SPLINE_SURFACE_WITH_KNOTS('',3,1,((#6475,#6476),(#6477,#6478),(#6479,
#6480),(#6481,#6482),(#6483,#6484),(#6485,#6486),(#6487,#6488),(#6489,#6490),
(#6491,#6492),(#6493,#6494)),.UNSPECIFIED.,.F.,.F.,.F.,(4,2,2,2,4),(2,2),
(-0.188257843497453,-0.160571429864321,-0.128570991870077,-0.0965705538758324,
-0.068884140242701),(0.,2.286),.UNSPECIFIED.);
#91=B_SPLINE_SURFACE_WITH_KNOTS('',3,1,((#6496,#6497),(#6498,#6499),(#6500,
#6501),(#6502,#6503),(#6504,#6505),(#6506,#6507),(#6508,#6509),(#6510,#6511)),
 .UNSPECIFIED.,.F.,.F.,.F.,(4,2,2,4),(2,2),(-0.277385754239363,-0.238704445775374,
-0.101718954745509,-0.0983041825658763),(0.,2.286),.UNSPECIFIED.);
#92=B_SPLINE_SURFACE_WITH_KNOTS('',3,1,((#6533,#6534),(#6535,#6536),(#6537,
#6538),(#6539,#6540),(#6541,#6542),(#6543,#6544),(#6545,#6546),(#6547,#6548)),
 .UNSPECIFIED.,.F.,.F.,.F.,(4,2,2,4),(2,2),(-0.992879865708782,-0.98946509352915,
-0.852479602499284,-0.813798294035296),(0.,2.286),.UNSPECIFIED.);
#93=B_SPLINE_SURFACE_WITH_KNOTS('',3,1,((#6550,#6551),(#6552,#6553),(#6554,
#6555),(#6556,#6557),(#6558,#6559),(#6560,#6561),(#6562,#6563),(#6564,#6565),
(#6566,#6567),(#6568,#6569)),.UNSPECIFIED.,.F.,.F.,.F.,(4,2,2,2,4),(2,2),
(-0.188257843497442,-0.160571429864322,-0.128570991870079,-0.0965705538758365,
-0.0688841402427065),(0.,2.286),.UNSPECIFIED.);
#94=B_SPLINE_SURFACE_WITH_KNOTS('',3,1,((#6571,#6572),(#6573,#6574),(#6575,
#6576),(#6577,#6578),(#6579,#6580),(#6581,#6582),(#6583,#6584),(#6585,#6586)),
 .UNSPECIFIED.,.F.,.F.,.F.,(4,2,2,4),(2,2),(-0.277385754239363,-0.238704445775375,
-0.101718954745509,-0.0983041825658765),(0.,2.286),.UNSPECIFIED.);
#95=B_SPLINE_SURFACE_WITH_KNOTS('',3,1,((#6607,#6608),(#6609,#6610),(#6611,
#6612),(#6613,#6614),(#6615,#6616),(#6617,#6618),(#6619,#6620),(#6621,#6622),
(#6623,#6624),(#6625,#6626)),.UNSPECIFIED.,.F.,.F.,.F.,(4,2,2,2,4),(2,2),
(-0.188257843497543,-0.160571429864412,-0.128570991870168,-0.0965705538759232,
-0.0688841402427011),(0.,2.286),.UNSPECIFIED.);
#96=B_SPLINE_SURFACE_WITH_KNOTS('',3,1,((#6628,#6629),(#6630,#6631),(#6632,
#6633),(#6634,#6635),(#6636,#6637),(#6638,#6639),(#6640,#6641),(#6642,#6643)),
 .UNSPECIFIED.,.F.,.F.,.F.,(4,2,2,4),(2,2),(-0.277385754239364,-0.238704445775375,
-0.10171895474551,-0.0983041825658766),(0.,2.286),.UNSPECIFIED.);
#97=B_SPLINE_SURFACE_WITH_KNOTS('',3,1,((#6672,#6673),(#6674,#6675),(#6676,
#6677),(#6678,#6679),(#6680,#6681),(#6682,#6683),(#6684,#6685),(#6686,#6687)),
 .UNSPECIFIED.,.F.,.F.,.F.,(4,2,2,4),(2,2),(-0.992879865708781,-0.989465093529149,
-0.852479602499283,-0.813798294035295),(0.,2.286),.UNSPECIFIED.);
#98=B_SPLINE_SURFACE_WITH_KNOTS('',3,1,((#6689,#6690),(#6691,#6692),(#6693,
#6694),(#6695,#6696),(#6697,#6698),(#6699,#6700),(#6701,#6702),(#6703,#6704),
(#6705,#6706),(#6707,#6708)),.UNSPECIFIED.,.F.,.F.,.F.,(4,2,2,2,4),(2,2),
(-0.188257843497543,-0.160571429864412,-0.128570991870168,-0.0965705538759234,
-0.068884140242701),(0.,2.286),.UNSPECIFIED.);
#99=B_SPLINE_SURFACE_WITH_KNOTS('',3,1,((#6710,#6711),(#6712,#6713),(#6714,
#6715),(#6716,#6717),(#6718,#6719),(#6720,#6721),(#6722,#6723),(#6724,#6725)),
 .UNSPECIFIED.,.F.,.F.,.F.,(4,2,2,4),(2,2),(-0.277385754239364,-0.238704445775375,
-0.101718954745509,-0.0983041825658764),(0.,2.286),.UNSPECIFIED.);
#100=B_SPLINE_SURFACE_WITH_KNOTS('',3,1,((#6747,#6748),(#6749,#6750),(#6751,
#6752),(#6753,#6754),(#6755,#6756),(#6757,#6758),(#6759,#6760),(#6761,#6762)),
 .UNSPECIFIED.,.F.,.F.,.F.,(4,2,2,4),(2,2),(-0.992879865708782,-0.989465093529149,
-0.852479602499284,-0.813798294035295),(0.,2.286),.UNSPECIFIED.);
#101=B_SPLINE_SURFACE_WITH_KNOTS('',3,1,((#6764,#6765),(#6766,#6767),(#6768,
#6769),(#6770,#6771),(#6772,#6773),(#6774,#6775),(#6776,#6777),(#6778,#6779),
(#6780,#6781),(#6782,#6783)),.UNSPECIFIED.,.F.,.F.,.F.,(4,2,2,2,4),(2,2),
(-0.188257843497463,-0.160571429864331,-0.128570991870086,-0.0965705538758406,
-0.0688841402427032),(0.,2.286),.UNSPECIFIED.);
#102=B_SPLINE_SURFACE_WITH_KNOTS('',3,1,((#6785,#6786),(#6787,#6788),(#6789,
#6790),(#6791,#6792),(#6793,#6794),(#6795,#6796),(#6797,#6798),(#6799,#6800)),
 .UNSPECIFIED.,.F.,.F.,.F.,(4,2,2,4),(2,2),(-0.277385754239363,-0.238704445775374,
-0.101718954745509,-0.0983041825658763),(0.,2.286),.UNSPECIFIED.);
#103=B_SPLINE_SURFACE_WITH_KNOTS('',3,1,((#6822,#6823),(#6824,#6825),(#6826,
#6827),(#6828,#6829),(#6830,#6831),(#6832,#6833),(#6834,#6835),(#6836,#6837)),
 .UNSPECIFIED.,.F.,.F.,.F.,(4,2,2,4),(2,2),(-0.992879865708782,-0.989465093529149,
-0.852479602499284,-0.813798294035295),(0.,2.286),.UNSPECIFIED.);
#104=B_SPLINE_SURFACE_WITH_KNOTS('',3,1,((#6839,#6840),(#6841,#6842),(#6843,
#6844),(#6845,#6846),(#6847,#6848),(#6849,#6850),(#6851,#6852),(#6853,#6854),
(#6855,#6856),(#6857,#6858)),.UNSPECIFIED.,.F.,.F.,.F.,(4,2,2,2,4),(2,2),
(-0.188257843497443,-0.160571429864312,-0.128570991870069,-0.0965705538758252,
-0.0688841402426992),(0.,2.286),.UNSPECIFIED.);
#105=B_SPLINE_SURFACE_WITH_KNOTS('',3,1,((#6860,#6861),(#6862,#6863),(#6864,
#6865),(#6866,#6867),(#6868,#6869),(#6870,#6871),(#6872,#6873),(#6874,#6875)),
 .UNSPECIFIED.,.F.,.F.,.F.,(4,2,2,4),(2,2),(-0.277385754239363,-0.238704445775374,
-0.101718954745509,-0.0983041825658764),(0.,2.286),.UNSPECIFIED.);
#106=CYLINDRICAL_SURFACE('',#3149,0.2125);
#107=CYLINDRICAL_SURFACE('',#3214,0.0649606299212599);
#108=CYLINDRICAL_SURFACE('',#3221,0.0649606299212602);
#109=CYLINDRICAL_SURFACE('',#3227,0.0649606299212596);
#110=CYLINDRICAL_SURFACE('',#3233,0.0649606299212597);
#111=CYLINDRICAL_SURFACE('',#3240,0.0649606299212598);
#112=CYLINDRICAL_SURFACE('',#3246,0.0649606299212602);
#113=CYLINDRICAL_SURFACE('',#3252,0.0649606299212602);
#114=CYLINDRICAL_SURFACE('',#3258,0.0707392420298983);
#115=CYLINDRICAL_SURFACE('',#3260,0.0649606299212597);
#116=CYLINDRICAL_SURFACE('',#3268,0.15);
#117=CYLINDRICAL_SURFACE('',#3290,0.15);
#118=CYLINDRICAL_SURFACE('',#3310,0.095);
#119=CYLINDRICAL_SURFACE('',#3311,0.0707392420298983);
#120=CYLINDRICAL_SURFACE('',#3312,0.0649606299212597);
#121=CYLINDRICAL_SURFACE('',#3315,0.0649606299212602);
#122=CYLINDRICAL_SURFACE('',#3318,0.0649606299212598);
#123=CYLINDRICAL_SURFACE('',#3321,0.0649606299212596);
#124=CYLINDRICAL_SURFACE('',#3324,0.0649606299212599);
#125=CYLINDRICAL_SURFACE('',#3327,0.0649606299212602);
#126=CYLINDRICAL_SURFACE('',#3330,0.0649606299212597);
#127=CYLINDRICAL_SURFACE('',#3333,0.0649606299212602);
#128=LINE('',#4113,#330);
#129=LINE('',#4151,#331);
#130=LINE('',#4163,#332);
#131=LINE('',#4201,#333);
#132=LINE('',#4211,#334);
#133=LINE('',#4249,#335);
#134=LINE('',#4259,#336);
#135=LINE('',#4297,#337);
#136=LINE('',#4307,#338);
#137=LINE('',#4345,#339);
#138=LINE('',#4357,#340);
#139=LINE('',#4395,#341);
#140=LINE('',#4405,#342);
#141=LINE('',#4443,#343);
#142=LINE('',#4449,#344);
#143=LINE('',#4553,#345);
#144=LINE('',#4591,#346);
#145=LINE('',#4601,#347);
#146=LINE('',#4639,#348);
#147=LINE('',#4649,#349);
#148=LINE('',#4687,#350);
#149=LINE('',#4697,#351);
#150=LINE('',#4735,#352);
#151=LINE('',#4747,#353);
#152=LINE('',#4785,#354);
#153=LINE('',#4795,#355);
#154=LINE('',#4833,#356);
#155=LINE('',#4843,#357);
#156=LINE('',#4881,#358);
#157=LINE('',#4895,#359);
#158=LINE('',#4933,#360);
#159=LINE('',#4943,#361);
#160=LINE('',#4981,#362);
#161=LINE('',#5002,#363);
#162=LINE('',#5012,#364);
#163=LINE('',#5030,#365);
#164=LINE('',#5040,#366);
#165=LINE('',#5043,#367);
#166=LINE('',#5044,#368);
#167=LINE('',#5066,#369);
#168=LINE('',#5084,#370);
#169=LINE('',#5103,#371);
#170=LINE('',#5114,#372);
#171=LINE('',#5118,#373);
#172=LINE('',#5119,#374);
#173=LINE('',#5127,#375);
#174=LINE('',#5136,#376);
#175=LINE('',#5140,#377);
#176=LINE('',#5141,#378);
#177=LINE('',#5149,#379);
#178=LINE('',#5168,#380);
#179=LINE('',#5179,#381);
#180=LINE('',#5202,#382);
#181=LINE('',#5220,#383);
#182=LINE('',#5239,#384);
#183=LINE('',#5250,#385);
#184=LINE('',#5251,#386);
#185=LINE('',#5254,#387);
#186=LINE('',#5255,#388);
#187=LINE('',#5273,#389);
#188=LINE('',#5289,#390);
#189=LINE('',#5312,#391);
#190=LINE('',#5325,#392);
#191=LINE('',#5344,#393);
#192=LINE('',#5360,#394);
#193=LINE('',#5364,#395);
#194=LINE('',#5365,#396);
#195=LINE('',#5368,#397);
#196=LINE('',#5369,#398);
#197=LINE('',#5377,#399);
#198=LINE('',#5396,#400);
#199=LINE('',#5407,#401);
#200=LINE('',#5430,#402);
#201=LINE('',#5448,#403);
#202=LINE('',#5467,#404);
#203=LINE('',#5478,#405);
#204=LINE('',#5479,#406);
#205=LINE('',#5482,#407);
#206=LINE('',#5483,#408);
#207=LINE('',#5501,#409);
#208=LINE('',#5517,#410);
#209=LINE('',#5540,#411);
#210=LINE('',#5558,#412);
#211=LINE('',#5577,#413);
#212=LINE('',#5588,#414);
#213=LINE('',#5592,#415);
#214=LINE('',#5593,#416);
#215=LINE('',#5601,#417);
#216=LINE('',#5610,#418);
#217=LINE('',#5614,#419);
#218=LINE('',#5615,#420);
#219=LINE('',#5618,#421);
#220=LINE('',#5637,#422);
#221=LINE('',#5653,#423);
#222=LINE('',#5676,#424);
#223=LINE('',#5689,#425);
#224=LINE('',#5690,#426);
#225=LINE('',#5708,#427);
#226=LINE('',#5734,#428);
#227=LINE('',#5745,#429);
#228=LINE('',#5746,#430);
#229=LINE('',#5768,#431);
#230=LINE('',#5786,#432);
#231=LINE('',#5805,#433);
#232=LINE('',#5816,#434);
#233=LINE('',#5820,#435);
#234=LINE('',#5821,#436);
#235=LINE('',#5829,#437);
#236=LINE('',#5838,#438);
#237=LINE('',#5842,#439);
#238=LINE('',#5843,#440);
#239=LINE('',#5846,#441);
#240=LINE('',#5865,#442);
#241=LINE('',#5876,#443);
#242=LINE('',#5899,#444);
#243=LINE('',#5917,#445);
#244=LINE('',#5936,#446);
#245=LINE('',#5947,#447);
#246=LINE('',#5948,#448);
#247=LINE('',#5957,#449);
#248=LINE('',#5964,#450);
#249=LINE('',#5995,#451);
#250=LINE('',#6003,#452);
#251=LINE('',#6034,#453);
#252=LINE('',#6042,#454);
#253=LINE('',#6073,#455);
#254=LINE('',#6083,#456);
#255=LINE('',#6104,#457);
#256=LINE('',#6121,#458);
#257=LINE('',#6153,#459);
#258=LINE('',#6161,#460);
#259=LINE('',#6192,#461);
#260=LINE('',#6202,#462);
#261=LINE('',#6233,#463);
#262=LINE('',#6241,#464);
#263=LINE('',#6272,#465);
#264=LINE('',#6279,#466);
#265=LINE('',#6287,#467);
#266=LINE('',#6289,#468);
#267=LINE('',#6290,#469);
#268=LINE('',#6292,#470);
#269=LINE('',#6299,#471);
#270=LINE('',#6317,#472);
#271=LINE('',#6338,#473);
#272=LINE('',#6355,#474);
#273=LINE('',#6357,#475);
#274=LINE('',#6364,#476);
#275=LINE('',#6366,#477);
#276=LINE('',#6373,#478);
#277=LINE('',#6375,#479);
#278=LINE('',#6392,#480);
#279=LINE('',#6413,#481);
#280=LINE('',#6430,#482);
#281=LINE('',#6432,#483);
#282=LINE('',#6439,#484);
#283=LINE('',#6441,#485);
#284=LINE('',#6448,#486);
#285=LINE('',#6455,#487);
#286=LINE('',#6457,#488);
#287=LINE('',#6474,#489);
#288=LINE('',#6495,#490);
#289=LINE('',#6512,#491);
#290=LINE('',#6514,#492);
#291=LINE('',#6521,#493);
#292=LINE('',#6523,#494);
#293=LINE('',#6530,#495);
#294=LINE('',#6532,#496);
#295=LINE('',#6549,#497);
#296=LINE('',#6570,#498);
#297=LINE('',#6587,#499);
#298=LINE('',#6589,#500);
#299=LINE('',#6596,#501);
#300=LINE('',#6598,#502);
#301=LINE('',#6605,#503);
#302=LINE('',#6627,#504);
#303=LINE('',#6644,#505);
#304=LINE('',#6646,#506);
#305=LINE('',#6653,#507);
#306=LINE('',#6660,#508);
#307=LINE('',#6662,#509);
#308=LINE('',#6669,#510);
#309=LINE('',#6671,#511);
#310=LINE('',#6688,#512);
#311=LINE('',#6709,#513);
#312=LINE('',#6726,#514);
#313=LINE('',#6728,#515);
#314=LINE('',#6735,#516);
#315=LINE('',#6737,#517);
#316=LINE('',#6744,#518);
#317=LINE('',#6746,#519);
#318=LINE('',#6763,#520);
#319=LINE('',#6784,#521);
#320=LINE('',#6801,#522);
#321=LINE('',#6803,#523);
#322=LINE('',#6810,#524);
#323=LINE('',#6812,#525);
#324=LINE('',#6819,#526);
#325=LINE('',#6821,#527);
#326=LINE('',#6838,#528);
#327=LINE('',#6859,#529);
#328=LINE('',#6876,#530);
#329=LINE('',#6878,#531);
#330=VECTOR('',#3368,0.393700787401575);
#331=VECTOR('',#3369,0.393700787401575);
#332=VECTOR('',#3382,0.393700787401575);
#333=VECTOR('',#3383,0.393700787401575);
#334=VECTOR('',#3394,0.393700787401575);
#335=VECTOR('',#3395,0.393700787401575);
#336=VECTOR('',#3406,0.393700787401575);
#337=VECTOR('',#3407,0.393700787401575);
#338=VECTOR('',#3418,0.393700787401575);
#339=VECTOR('',#3419,0.393700787401575);
#340=VECTOR('',#3432,0.393700787401575);
#341=VECTOR('',#3433,0.393700787401575);
#342=VECTOR('',#3444,0.393700787401575);
#343=VECTOR('',#3445,0.393700787401575);
#344=VECTOR('',#3452,0.2125);
#345=VECTOR('',#3487,0.393700787401575);
#346=VECTOR('',#3488,0.393700787401575);
#347=VECTOR('',#3499,0.393700787401575);
#348=VECTOR('',#3500,0.393700787401575);
#349=VECTOR('',#3511,0.393700787401575);
#350=VECTOR('',#3512,0.393700787401575);
#351=VECTOR('',#3523,0.393700787401575);
#352=VECTOR('',#3524,0.393700787401575);
#353=VECTOR('',#3537,0.393700787401575);
#354=VECTOR('',#3538,0.393700787401575);
#355=VECTOR('',#3549,0.393700787401575);
#356=VECTOR('',#3550,0.393700787401575);
#357=VECTOR('',#3561,0.393700787401575);
#358=VECTOR('',#3562,0.393700787401575);
#359=VECTOR('',#3577,0.393700787401575);
#360=VECTOR('',#3578,0.393700787401575);
#361=VECTOR('',#3589,0.393700787401575);
#362=VECTOR('',#3590,0.393700787401575);
#363=VECTOR('',#3595,0.393700787401575);
#364=VECTOR('',#3596,0.393700787401575);
#365=VECTOR('',#3597,0.393700787401575);
#366=VECTOR('',#3598,0.393700787401575);
#367=VECTOR('',#3601,0.393700787401575);
#368=VECTOR('',#3602,0.393700787401575);
#369=VECTOR('',#3603,0.393700787401575);
#370=VECTOR('',#3604,0.393700787401575);
#371=VECTOR('',#3607,0.393700787401575);
#372=VECTOR('',#3610,0.393700787401575);
#373=VECTOR('',#3615,0.393700787401575);
#374=VECTOR('',#3616,0.393700787401575);
#375=VECTOR('',#3617,0.393700787401575);
#376=VECTOR('',#3620,0.393700787401575);
#377=VECTOR('',#3625,0.393700787401575);
#378=VECTOR('',#3626,0.393700787401575);
#379=VECTOR('',#3627,0.393700787401575);
#380=VECTOR('',#3630,0.393700787401575);
#381=VECTOR('',#3633,0.393700787401575);
#382=VECTOR('',#3636,0.393700787401575);
#383=VECTOR('',#3637,0.393700787401575);
#384=VECTOR('',#3640,0.393700787401575);
#385=VECTOR('',#3643,0.393700787401575);
#386=VECTOR('',#3644,0.393700787401575);
#387=VECTOR('',#3647,0.393700787401575);
#388=VECTOR('',#3648,0.393700787401575);
#389=VECTOR('',#3649,0.393700787401575);
#390=VECTOR('',#3650,0.393700787401575);
#391=VECTOR('',#3653,0.393700787401575);
#392=VECTOR('',#3656,0.393700787401575);
#393=VECTOR('',#3659,0.393700787401575);
#394=VECTOR('',#3660,0.393700787401575);
#395=VECTOR('',#3665,0.393700787401575);
#396=VECTOR('',#3666,0.393700787401575);
#397=VECTOR('',#3669,0.393700787401575);
#398=VECTOR('',#3670,0.393700787401575);
#399=VECTOR('',#3671,0.393700787401575);
#400=VECTOR('',#3674,0.393700787401575);
#401=VECTOR('',#3677,0.393700787401575);
#402=VECTOR('',#3680,0.393700787401575);
#403=VECTOR('',#3681,0.393700787401575);
#404=VECTOR('',#3684,0.393700787401575);
#405=VECTOR('',#3687,0.393700787401575);
#406=VECTOR('',#3688,0.393700787401575);
#407=VECTOR('',#3691,0.393700787401575);
#408=VECTOR('',#3692,0.393700787401575);
#409=VECTOR('',#3693,0.393700787401575);
#410=VECTOR('',#3694,0.393700787401575);
#411=VECTOR('',#3697,0.393700787401575);
#412=VECTOR('',#3698,0.393700787401575);
#413=VECTOR('',#3701,0.393700787401575);
#414=VECTOR('',#3704,0.393700787401575);
#415=VECTOR('',#3709,0.393700787401575);
#416=VECTOR('',#3710,0.393700787401575);
#417=VECTOR('',#3711,0.393700787401575);
#418=VECTOR('',#3714,0.393700787401575);
#419=VECTOR('',#3719,0.393700787401575);
#420=VECTOR('',#3720,0.393700787401575);
#421=VECTOR('',#3723,0.393700787401575);
#422=VECTOR('',#3726,0.393700787401575);
#423=VECTOR('',#3727,0.393700787401575);
#424=VECTOR('',#3730,0.393700787401575);
#425=VECTOR('',#3733,0.393700787401575);
#426=VECTOR('',#3734,0.393700787401575);
#427=VECTOR('',#3735,0.393700787401575);
#428=VECTOR('',#3736,0.393700787401575);
#429=VECTOR('',#3739,0.393700787401575);
#430=VECTOR('',#3740,0.393700787401575);
#431=VECTOR('',#3741,0.393700787401575);
#432=VECTOR('',#3742,0.393700787401575);
#433=VECTOR('',#3745,0.393700787401575);
#434=VECTOR('',#3748,0.393700787401575);
#435=VECTOR('',#3753,0.393700787401575);
#436=VECTOR('',#3754,0.393700787401575);
#437=VECTOR('',#3755,0.393700787401575);
#438=VECTOR('',#3758,0.393700787401575);
#439=VECTOR('',#3763,0.393700787401575);
#440=VECTOR('',#3764,0.393700787401575);
#441=VECTOR('',#3767,0.393700787401575);
#442=VECTOR('',#3770,0.393700787401575);
#443=VECTOR('',#3773,0.393700787401575);
#444=VECTOR('',#3776,0.393700787401575);
#445=VECTOR('',#3777,0.393700787401575);
#446=VECTOR('',#3780,0.393700787401575);
#447=VECTOR('',#3783,0.393700787401575);
#448=VECTOR('',#3784,0.393700787401575);
#449=VECTOR('',#3795,0.15);
#450=VECTOR('',#3802,0.393700787401575);
#451=VECTOR('',#3803,0.393700787401575);
#452=VECTOR('',#3810,0.393700787401575);
#453=VECTOR('',#3811,0.393700787401575);
#454=VECTOR('',#3818,0.393700787401575);
#455=VECTOR('',#3819,0.393700787401575);
#456=VECTOR('',#3828,0.393700787401575);
#457=VECTOR('',#3829,0.393700787401575);
#458=VECTOR('',#3850,0.15);
#459=VECTOR('',#3853,0.393700787401575);
#460=VECTOR('',#3860,0.393700787401575);
#461=VECTOR('',#3861,0.393700787401575);
#462=VECTOR('',#3870,0.393700787401575);
#463=VECTOR('',#3871,0.393700787401575);
#464=VECTOR('',#3878,0.393700787401575);
#465=VECTOR('',#3879,0.393700787401575);
#466=VECTOR('',#3886,0.393700787401575);
#467=VECTOR('',#3897,0.095);
#468=VECTOR('',#3900,0.393700787401575);
#469=VECTOR('',#3901,0.393700787401575);
#470=VECTOR('',#3904,0.393700787401575);
#471=VECTOR('',#3905,0.393700787401575);
#472=VECTOR('',#3908,0.393700787401575);
#473=VECTOR('',#3909,0.393700787401575);
#474=VECTOR('',#3910,0.393700787401575);
#475=VECTOR('',#3913,0.393700787401575);
#476=VECTOR('',#3914,0.393700787401575);
#477=VECTOR('',#3917,0.393700787401575);
#478=VECTOR('',#3918,0.393700787401575);
#479=VECTOR('',#3921,0.393700787401575);
#480=VECTOR('',#3922,0.393700787401575);
#481=VECTOR('',#3923,0.393700787401575);
#482=VECTOR('',#3924,0.393700787401575);
#483=VECTOR('',#3927,0.393700787401575);
#484=VECTOR('',#3928,0.393700787401575);
#485=VECTOR('',#3931,0.393700787401575);
#486=VECTOR('',#3932,0.393700787401575);
#487=VECTOR('',#3933,0.393700787401575);
#488=VECTOR('',#3936,0.393700787401575);
#489=VECTOR('',#3937,0.393700787401575);
#490=VECTOR('',#3938,0.393700787401575);
#491=VECTOR('',#3939,0.393700787401575);
#492=VECTOR('',#3942,0.393700787401575);
#493=VECTOR('',#3943,0.393700787401575);
#494=VECTOR('',#3946,0.393700787401575);
#495=VECTOR('',#3947,0.393700787401575);
#496=VECTOR('',#3950,0.393700787401575);
#497=VECTOR('',#3951,0.393700787401575);
#498=VECTOR('',#3952,0.393700787401575);
#499=VECTOR('',#3953,0.393700787401575);
#500=VECTOR('',#3956,0.393700787401575);
#501=VECTOR('',#3957,0.393700787401575);
#502=VECTOR('',#3960,0.393700787401575);
#503=VECTOR('',#3961,0.393700787401575);
#504=VECTOR('',#3964,0.393700787401575);
#505=VECTOR('',#3965,0.393700787401575);
#506=VECTOR('',#3968,0.393700787401575);
#507=VECTOR('',#3969,0.393700787401575);
#508=VECTOR('',#3970,0.393700787401575);
#509=VECTOR('',#3973,0.393700787401575);
#510=VECTOR('',#3974,0.393700787401575);
#511=VECTOR('',#3977,0.393700787401575);
#512=VECTOR('',#3978,0.393700787401575);
#513=VECTOR('',#3979,0.393700787401575);
#514=VECTOR('',#3980,0.393700787401575);
#515=VECTOR('',#3983,0.393700787401575);
#516=VECTOR('',#3984,0.393700787401575);
#517=VECTOR('',#3987,0.393700787401575);
#518=VECTOR('',#3988,0.393700787401575);
#519=VECTOR('',#3991,0.393700787401575);
#520=VECTOR('',#3992,0.393700787401575);
#521=VECTOR('',#3993,0.393700787401575);
#522=VECTOR('',#3994,0.393700787401575);
#523=VECTOR('',#3997,0.393700787401575);
#524=VECTOR('',#3998,0.393700787401575);
#525=VECTOR('',#4001,0.393700787401575);
#526=VECTOR('',#4002,0.393700787401575);
#527=VECTOR('',#4005,0.393700787401575);
#528=VECTOR('',#4006,0.393700787401575);
#529=VECTOR('',#4007,0.393700787401575);
#530=VECTOR('',#4008,0.393700787401575);
#531=VECTOR('',#4011,0.393700787401575);
#532=ELLIPSE('',#3114,0.0909875777176057,0.04711971897263);
#533=ELLIPSE('',#3115,0.0906760544344794,0.0468714768222695);
#534=ELLIPSE('',#3120,0.0909875777220213,0.0471197189772119);
#535=ELLIPSE('',#3121,0.0906760544358964,0.0468714768237444);
#536=ELLIPSE('',#3125,0.0909875777225867,0.047119718977796);
#537=ELLIPSE('',#3126,0.0906760544366347,0.0468714768245148);
#538=ELLIPSE('',#3130,0.0909875777221929,0.0471197189773863);
#539=ELLIPSE('',#3131,0.0906760544348759,0.0468714768226833);
#540=ELLIPSE('',#3135,0.0909875777190074,0.0471197189740895);
#541=ELLIPSE('',#3136,0.0906760544358553,0.0468714768237053);
#542=ELLIPSE('',#3137,0.083739240015346,0.0385585867535749);
#543=ELLIPSE('',#3141,0.090987577720764,0.0471197189759086);
#544=ELLIPSE('',#3142,0.0906760544358468,0.0468714768236924);
#545=ELLIPSE('',#3146,0.0909875777223922,0.0471197189775882);
#546=ELLIPSE('',#3147,0.0906760544334824,0.0468714768212397);
#547=ELLIPSE('',#3165,0.083739240015346,0.0385585867535749);
#548=ELLIPSE('',#3166,0.0906760544358553,0.0468714768237053);
#549=ELLIPSE('',#3167,0.0909875777190074,0.0471197189740895);
#550=ELLIPSE('',#3171,0.0906760544334824,0.0468714768212397);
#551=ELLIPSE('',#3172,0.0909875777223922,0.0471197189775882);
#552=ELLIPSE('',#3176,0.0906760544366347,0.0468714768245148);
#553=ELLIPSE('',#3177,0.0909875777225867,0.047119718977796);
#554=ELLIPSE('',#3181,0.0906760544316493,0.0468714768193429);
#555=ELLIPSE('',#3182,0.0909875777213133,0.0471197189764716);
#556=ELLIPSE('',#3183,0.070822971549518,0.0675251095385124);
#557=ELLIPSE('',#3187,0.0906760544344794,0.0468714768222695);
#558=ELLIPSE('',#3188,0.0909875777176057,0.04711971897263);
#559=ELLIPSE('',#3192,0.0906760544358468,0.0468714768236924);
#560=ELLIPSE('',#3193,0.090987577720764,0.0471197189759086);
#561=ELLIPSE('',#3197,0.0906760544358964,0.0468714768237444);
#562=ELLIPSE('',#3198,0.0909875777220213,0.0471197189772119);
#563=ELLIPSE('',#3203,0.070822971549518,0.0675251095385124);
#564=ELLIPSE('',#3204,0.0909875777213133,0.0471197189764716);
#565=ELLIPSE('',#3205,0.0906760544316493,0.0468714768193429);
#566=ELLIPSE('',#3209,0.0906760544348759,0.0468714768226833);
#567=ELLIPSE('',#3210,0.0909875777221929,0.0471197189773863);
#568=ELLIPSE('',#3213,0.0906760544316493,0.0468714768193429);
#569=ELLIPSE('',#3217,0.0909875777223922,0.0471197189775882);
#570=ELLIPSE('',#3218,0.0909875777213133,0.0471197189764716);
#571=ELLIPSE('',#3220,0.070822971549518,0.0675251095385124);
#572=ELLIPSE('',#3223,0.0906760544358468,0.0468714768236924);
#573=ELLIPSE('',#3226,0.0906760544334824,0.0468714768212397);
#574=ELLIPSE('',#3229,0.0909875777190074,0.0471197189740895);
#575=ELLIPSE('',#3232,0.090987577720764,0.0471197189759086);
#576=ELLIPSE('',#3235,0.0906760544348759,0.0468714768226833);
#577=ELLIPSE('',#3238,0.0906760544358553,0.0468714768237053);
#578=ELLIPSE('',#3239,0.083739240015346,0.0385585867535749);
#579=ELLIPSE('',#3243,0.0909875777225867,0.047119718977796);
#580=ELLIPSE('',#3244,0.0909875777221929,0.0471197189773863);
#581=ELLIPSE('',#3248,0.0906760544358964,0.0468714768237444);
#582=ELLIPSE('',#3251,0.0906760544366347,0.0468714768245148);
#583=ELLIPSE('',#3255,0.0909875777176057,0.04711971897263);
#584=ELLIPSE('',#3256,0.0909875777220213,0.0471197189772119);
#585=ELLIPSE('',#3262,0.0906760544344794,0.0468714768222695);
#586=ELLIPSE('',#3271,0.0909875777220213,0.0471197189772119);
#587=ELLIPSE('',#3272,0.0906760544358964,0.0468714768237444);
#588=ELLIPSE('',#3274,0.0909875777221929,0.0471197189773863);
#589=ELLIPSE('',#3275,0.0906760544348759,0.0468714768226833);
#590=ELLIPSE('',#3277,0.090987577720764,0.0471197189759086);
#591=ELLIPSE('',#3278,0.0906760544358468,0.0468714768236924);
#592=ELLIPSE('',#3280,0.070822971549518,0.0675251095385124);
#593=ELLIPSE('',#3281,0.0909875777213133,0.0471197189764716);
#594=ELLIPSE('',#3282,0.0906760544344794,0.0468714768222695);
#595=ELLIPSE('',#3293,0.0909875777176057,0.04711971897263);
#596=ELLIPSE('',#3295,0.0906760544366347,0.0468714768245148);
#597=ELLIPSE('',#3296,0.0909875777225867,0.047119718977796);
#598=ELLIPSE('',#3298,0.083739240015346,0.0385585867535749);
#599=ELLIPSE('',#3299,0.0906760544358553,0.0468714768237053);
#600=ELLIPSE('',#3300,0.0909875777190074,0.0471197189740895);
#601=ELLIPSE('',#3302,0.0906760544334824,0.0468714768212397);
#602=ELLIPSE('',#3303,0.0909875777223922,0.0471197189775882);
#603=ELLIPSE('',#3305,0.0906760544316493,0.0468714768193429);
#604=PLANE('',#3112);
#605=PLANE('',#3117);
#606=PLANE('',#3123);
#607=PLANE('',#3128);
#608=PLANE('',#3133);
#609=PLANE('',#3139);
#610=PLANE('',#3144);
#611=PLANE('',#3163);
#612=PLANE('',#3169);
#613=PLANE('',#3174);
#614=PLANE('',#3179);
#615=PLANE('',#3185);
#616=PLANE('',#3190);
#617=PLANE('',#3195);
#618=PLANE('',#3201);
#619=PLANE('',#3207);
#620=PLANE('',#3212);
#621=PLANE('',#3216);
#622=PLANE('',#3219);
#623=PLANE('',#3224);
#624=PLANE('',#3225);
#625=PLANE('',#3230);
#626=PLANE('',#3231);
#627=PLANE('',#3236);
#628=PLANE('',#3237);
#629=PLANE('',#3242);
#630=PLANE('',#3245);
#631=PLANE('',#3249);
#632=PLANE('',#3250);
#633=PLANE('',#3254);
#634=PLANE('',#3257);
#635=PLANE('',#3263);
#636=PLANE('',#3270);
#637=PLANE('',#3292);
#638=PLANE('',#3306);
#639=PLANE('',#3308);
#640=PLANE('',#3313);
#641=PLANE('',#3314);
#642=PLANE('',#3316);
#643=PLANE('',#3317);
#644=PLANE('',#3319);
#645=PLANE('',#3320);
#646=PLANE('',#3322);
#647=PLANE('',#3323);
#648=PLANE('',#3325);
#649=PLANE('',#3326);
#650=PLANE('',#3328);
#651=PLANE('',#3329);
#652=PLANE('',#3331);
#653=PLANE('',#3332);
#654=PLANE('',#3334);
#655=PLANE('',#3335);
#656=FACE_OUTER_BOUND('',#818,.T.);
#657=FACE_OUTER_BOUND('',#819,.T.);
#658=FACE_OUTER_BOUND('',#820,.T.);
#659=FACE_OUTER_BOUND('',#821,.T.);
#660=FACE_OUTER_BOUND('',#822,.T.);
#661=FACE_OUTER_BOUND('',#823,.T.);
#662=FACE_OUTER_BOUND('',#824,.T.);
#663=FACE_OUTER_BOUND('',#825,.T.);
#664=FACE_OUTER_BOUND('',#826,.T.);
#665=FACE_OUTER_BOUND('',#827,.T.);
#666=FACE_OUTER_BOUND('',#828,.T.);
#667=FACE_OUTER_BOUND('',#829,.T.);
#668=FACE_OUTER_BOUND('',#830,.T.);
#669=FACE_OUTER_BOUND('',#831,.T.);
#670=FACE_OUTER_BOUND('',#832,.T.);
#671=FACE_OUTER_BOUND('',#833,.T.);
#672=FACE_OUTER_BOUND('',#834,.T.);
#673=FACE_OUTER_BOUND('',#835,.T.);
#674=FACE_OUTER_BOUND('',#836,.T.);
#675=FACE_OUTER_BOUND('',#837,.T.);
#676=FACE_OUTER_BOUND('',#838,.T.);
#677=FACE_OUTER_BOUND('',#839,.T.);
#678=FACE_OUTER_BOUND('',#840,.T.);
#679=FACE_OUTER_BOUND('',#841,.T.);
#680=FACE_OUTER_BOUND('',#842,.T.);
#681=FACE_OUTER_BOUND('',#843,.T.);
#682=FACE_OUTER_BOUND('',#844,.T.);
#683=FACE_OUTER_BOUND('',#845,.T.);
#684=FACE_OUTER_BOUND('',#846,.T.);
#685=FACE_OUTER_BOUND('',#847,.T.);
#686=FACE_OUTER_BOUND('',#848,.T.);
#687=FACE_OUTER_BOUND('',#849,.T.);
#688=FACE_OUTER_BOUND('',#850,.T.);
#689=FACE_OUTER_BOUND('',#851,.T.);
#690=FACE_OUTER_BOUND('',#852,.T.);
#691=FACE_OUTER_BOUND('',#853,.T.);
#692=FACE_OUTER_BOUND('',#854,.T.);
#693=FACE_OUTER_BOUND('',#855,.T.);
#694=FACE_OUTER_BOUND('',#856,.T.);
#695=FACE_OUTER_BOUND('',#857,.T.);
#696=FACE_OUTER_BOUND('',#858,.T.);
#697=FACE_OUTER_BOUND('',#859,.T.);
#698=FACE_OUTER_BOUND('',#860,.T.);
#699=FACE_OUTER_BOUND('',#861,.T.);
#700=FACE_OUTER_BOUND('',#862,.T.);
#701=FACE_OUTER_BOUND('',#863,.T.);
#702=FACE_OUTER_BOUND('',#864,.T.);
#703=FACE_OUTER_BOUND('',#865,.T.);
#704=FACE_OUTER_BOUND('',#866,.T.);
#705=FACE_OUTER_BOUND('',#867,.T.);
#706=FACE_OUTER_BOUND('',#868,.T.);
#707=FACE_OUTER_BOUND('',#869,.T.);
#708=FACE_OUTER_BOUND('',#870,.T.);
#709=FACE_OUTER_BOUND('',#871,.T.);
#710=FACE_OUTER_BOUND('',#872,.T.);
#711=FACE_OUTER_BOUND('',#873,.T.);
#712=FACE_OUTER_BOUND('',#874,.T.);
#713=FACE_OUTER_BOUND('',#875,.T.);
#714=FACE_OUTER_BOUND('',#876,.T.);
#715=FACE_OUTER_BOUND('',#877,.T.);
#716=FACE_OUTER_BOUND('',#878,.T.);
#717=FACE_OUTER_BOUND('',#879,.T.);
#718=FACE_OUTER_BOUND('',#880,.T.);
#719=FACE_OUTER_BOUND('',#881,.T.);
#720=FACE_OUTER_BOUND('',#882,.T.);
#721=FACE_OUTER_BOUND('',#883,.T.);
#722=FACE_OUTER_BOUND('',#884,.T.);
#723=FACE_OUTER_BOUND('',#885,.T.);
#724=FACE_OUTER_BOUND('',#886,.T.);
#725=FACE_OUTER_BOUND('',#887,.T.);
#726=FACE_OUTER_BOUND('',#888,.T.);
#727=FACE_OUTER_BOUND('',#889,.T.);
#728=FACE_OUTER_BOUND('',#890,.T.);
#729=FACE_OUTER_BOUND('',#891,.T.);
#730=FACE_OUTER_BOUND('',#892,.T.);
#731=FACE_OUTER_BOUND('',#893,.T.);
#732=FACE_OUTER_BOUND('',#894,.T.);
#733=FACE_OUTER_BOUND('',#895,.T.);
#734=FACE_OUTER_BOUND('',#896,.T.);
#735=FACE_OUTER_BOUND('',#897,.T.);
#736=FACE_OUTER_BOUND('',#898,.T.);
#737=FACE_OUTER_BOUND('',#899,.T.);
#738=FACE_OUTER_BOUND('',#900,.T.);
#739=FACE_OUTER_BOUND('',#901,.T.);
#740=FACE_OUTER_BOUND('',#902,.T.);
#741=FACE_OUTER_BOUND('',#903,.T.);
#742=FACE_OUTER_BOUND('',#904,.T.);
#743=FACE_OUTER_BOUND('',#905,.T.);
#744=FACE_OUTER_BOUND('',#906,.T.);
#745=FACE_OUTER_BOUND('',#907,.T.);
#746=FACE_OUTER_BOUND('',#909,.T.);
#747=FACE_OUTER_BOUND('',#910,.T.);
#748=FACE_OUTER_BOUND('',#911,.T.);
#749=FACE_OUTER_BOUND('',#913,.T.);
#750=FACE_OUTER_BOUND('',#915,.T.);
#751=FACE_OUTER_BOUND('',#917,.T.);
#752=FACE_OUTER_BOUND('',#918,.T.);
#753=FACE_OUTER_BOUND('',#919,.T.);
#754=FACE_OUTER_BOUND('',#920,.T.);
#755=FACE_OUTER_BOUND('',#921,.T.);
#756=FACE_OUTER_BOUND('',#922,.T.);
#757=FACE_OUTER_BOUND('',#923,.T.);
#758=FACE_OUTER_BOUND('',#924,.T.);
#759=FACE_OUTER_BOUND('',#925,.T.);
#760=FACE_OUTER_BOUND('',#926,.T.);
#761=FACE_OUTER_BOUND('',#927,.T.);
#762=FACE_OUTER_BOUND('',#928,.T.);
#763=FACE_OUTER_BOUND('',#929,.T.);
#764=FACE_OUTER_BOUND('',#930,.T.);
#765=FACE_OUTER_BOUND('',#931,.T.);
#766=FACE_OUTER_BOUND('',#932,.T.);
#767=FACE_OUTER_BOUND('',#933,.T.);
#768=FACE_OUTER_BOUND('',#934,.T.);
#769=FACE_OUTER_BOUND('',#935,.T.);
#770=FACE_OUTER_BOUND('',#936,.T.);
#771=FACE_OUTER_BOUND('',#937,.T.);
#772=FACE_OUTER_BOUND('',#938,.T.);
#773=FACE_OUTER_BOUND('',#939,.T.);
#774=FACE_OUTER_BOUND('',#940,.T.);
#775=FACE_OUTER_BOUND('',#941,.T.);
#776=FACE_OUTER_BOUND('',#942,.T.);
#777=FACE_OUTER_BOUND('',#943,.T.);
#778=FACE_OUTER_BOUND('',#944,.T.);
#779=FACE_OUTER_BOUND('',#945,.T.);
#780=FACE_OUTER_BOUND('',#946,.T.);
#781=FACE_OUTER_BOUND('',#947,.T.);
#782=FACE_OUTER_BOUND('',#948,.T.);
#783=FACE_OUTER_BOUND('',#949,.T.);
#784=FACE_OUTER_BOUND('',#950,.T.);
#785=FACE_OUTER_BOUND('',#951,.T.);
#786=FACE_OUTER_BOUND('',#952,.T.);
#787=FACE_OUTER_BOUND('',#953,.T.);
#788=FACE_OUTER_BOUND('',#954,.T.);
#789=FACE_OUTER_BOUND('',#955,.T.);
#790=FACE_OUTER_BOUND('',#956,.T.);
#791=FACE_OUTER_BOUND('',#957,.T.);
#792=FACE_OUTER_BOUND('',#958,.T.);
#793=FACE_OUTER_BOUND('',#959,.T.);
#794=FACE_OUTER_BOUND('',#960,.T.);
#795=FACE_OUTER_BOUND('',#961,.T.);
#796=FACE_OUTER_BOUND('',#962,.T.);
#797=FACE_OUTER_BOUND('',#963,.T.);
#798=FACE_OUTER_BOUND('',#964,.T.);
#799=FACE_OUTER_BOUND('',#965,.T.);
#800=FACE_OUTER_BOUND('',#966,.T.);
#801=FACE_OUTER_BOUND('',#967,.T.);
#802=FACE_OUTER_BOUND('',#968,.T.);
#803=FACE_OUTER_BOUND('',#969,.T.);
#804=FACE_OUTER_BOUND('',#970,.T.);
#805=FACE_OUTER_BOUND('',#971,.T.);
#806=FACE_OUTER_BOUND('',#972,.T.);
#807=FACE_OUTER_BOUND('',#973,.T.);
#808=FACE_OUTER_BOUND('',#974,.T.);
#809=FACE_OUTER_BOUND('',#975,.T.);
#810=FACE_OUTER_BOUND('',#976,.T.);
#811=FACE_OUTER_BOUND('',#977,.T.);
#812=FACE_OUTER_BOUND('',#978,.T.);
#813=FACE_OUTER_BOUND('',#979,.T.);
#814=FACE_OUTER_BOUND('',#980,.T.);
#815=FACE_OUTER_BOUND('',#981,.T.);
#816=FACE_OUTER_BOUND('',#982,.T.);
#817=FACE_OUTER_BOUND('',#983,.T.);
#818=EDGE_LOOP('',(#1968,#1969,#1970,#1971,#1972,#1973,#1974,#1975,#1976,
#1977,#1978,#1979,#1980,#1981,#1982,#1983,#1984,#1985,#1986,#1987));
#819=EDGE_LOOP('',(#1988,#1989,#1990,#1991,#1992,#1993,#1994,#1995,#1996,
#1997));
#820=EDGE_LOOP('',(#1998,#1999,#2000,#2001,#2002,#2003,#2004,#2005,#2006,
#2007,#2008));
#821=EDGE_LOOP('',(#2009,#2010,#2011,#2012,#2013,#2014,#2015,#2016,#2017,
#2018,#2019));
#822=EDGE_LOOP('',(#2020,#2021,#2022,#2023,#2024,#2025,#2026,#2027,#2028,
#2029));
#823=EDGE_LOOP('',(#2030,#2031,#2032,#2033,#2034,#2035,#2036,#2037,#2038,
#2039,#2040));
#824=EDGE_LOOP('',(#2041,#2042,#2043,#2044,#2045,#2046,#2047,#2048,#2049,
#2050));
#825=EDGE_LOOP('',(#2051,#2052,#2053,#2054,#2055,#2056,#2057,#2058,#2059,
#2060));
#826=EDGE_LOOP('',(#2061,#2062,#2063,#2064,#2065));
#827=EDGE_LOOP('',(#2066,#2067,#2068,#2069,#2070,#2071,#2072,#2073,#2074,
#2075,#2076,#2077,#2078,#2079,#2080,#2081,#2082,#2083,#2084,#2085,#2086));
#828=EDGE_LOOP('',(#2087,#2088,#2089,#2090,#2091,#2092,#2093,#2094,#2095,
#2096,#2097));
#829=EDGE_LOOP('',(#2098,#2099,#2100,#2101,#2102,#2103,#2104,#2105,#2106,
#2107));
#830=EDGE_LOOP('',(#2108,#2109,#2110,#2111,#2112,#2113,#2114,#2115,#2116,
#2117));
#831=EDGE_LOOP('',(#2118,#2119,#2120,#2121,#2122,#2123,#2124,#2125,#2126,
#2127,#2128));
#832=EDGE_LOOP('',(#2129,#2130,#2131,#2132,#2133,#2134,#2135,#2136,#2137,
#2138));
#833=EDGE_LOOP('',(#2139,#2140,#2141,#2142,#2143,#2144,#2145,#2146,#2147,
#2148,#2149));
#834=EDGE_LOOP('',(#2150,#2151,#2152,#2153,#2154,#2155,#2156,#2157,#2158,
#2159,#2160));
#835=EDGE_LOOP('',(#2161,#2162,#2163,#2164,#2165,#2166,#2167,#2168,#2169,
#2170,#2171));
#836=EDGE_LOOP('',(#2172,#2173,#2174,#2175,#2176,#2177,#2178,#2179,#2180,
#2181));
#837=EDGE_LOOP('',(#2182,#2183,#2184,#2185));
#838=EDGE_LOOP('',(#2186,#2187,#2188,#2189));
#839=EDGE_LOOP('',(#2190,#2191,#2192,#2193));
#840=EDGE_LOOP('',(#2194,#2195,#2196,#2197));
#841=EDGE_LOOP('',(#2198,#2199,#2200,#2201));
#842=EDGE_LOOP('',(#2202,#2203,#2204,#2205));
#843=EDGE_LOOP('',(#2206,#2207,#2208,#2209,#2210,#2211));
#844=EDGE_LOOP('',(#2212,#2213,#2214,#2215));
#845=EDGE_LOOP('',(#2216,#2217,#2218,#2219));
#846=EDGE_LOOP('',(#2220,#2221,#2222,#2223));
#847=EDGE_LOOP('',(#2224,#2225,#2226,#2227));
#848=EDGE_LOOP('',(#2228,#2229,#2230,#2231));
#849=EDGE_LOOP('',(#2232,#2233,#2234,#2235));
#850=EDGE_LOOP('',(#2236,#2237,#2238,#2239,#2240,#2241));
#851=EDGE_LOOP('',(#2242,#2243,#2244,#2245));
#852=EDGE_LOOP('',(#2246,#2247,#2248,#2249));
#853=EDGE_LOOP('',(#2250,#2251,#2252,#2253));
#854=EDGE_LOOP('',(#2254,#2255,#2256,#2257));
#855=EDGE_LOOP('',(#2258,#2259,#2260,#2261));
#856=EDGE_LOOP('',(#2262,#2263,#2264,#2265));
#857=EDGE_LOOP('',(#2266,#2267,#2268,#2269));
#858=EDGE_LOOP('',(#2270,#2271,#2272,#2273));
#859=EDGE_LOOP('',(#2274,#2275,#2276,#2277,#2278,#2279));
#860=EDGE_LOOP('',(#2280,#2281,#2282,#2283));
#861=EDGE_LOOP('',(#2284,#2285,#2286,#2287));
#862=EDGE_LOOP('',(#2288,#2289,#2290,#2291));
#863=EDGE_LOOP('',(#2292,#2293,#2294,#2295));
#864=EDGE_LOOP('',(#2296,#2297,#2298,#2299));
#865=EDGE_LOOP('',(#2300,#2301,#2302,#2303));
#866=EDGE_LOOP('',(#2304,#2305,#2306,#2307,#2308,#2309));
#867=EDGE_LOOP('',(#2310,#2311,#2312,#2313));
#868=EDGE_LOOP('',(#2314,#2315,#2316,#2317));
#869=EDGE_LOOP('',(#2318,#2319,#2320,#2321));
#870=EDGE_LOOP('',(#2322,#2323,#2324,#2325));
#871=EDGE_LOOP('',(#2326,#2327,#2328,#2329));
#872=EDGE_LOOP('',(#2330,#2331,#2332,#2333));
#873=EDGE_LOOP('',(#2334,#2335,#2336,#2337));
#874=EDGE_LOOP('',(#2338,#2339,#2340,#2341));
#875=EDGE_LOOP('',(#2342,#2343,#2344,#2345));
#876=EDGE_LOOP('',(#2346,#2347,#2348,#2349));
#877=EDGE_LOOP('',(#2350,#2351,#2352,#2353,#2354,#2355));
#878=EDGE_LOOP('',(#2356,#2357,#2358,#2359));
#879=EDGE_LOOP('',(#2360,#2361,#2362,#2363));
#880=EDGE_LOOP('',(#2364,#2365,#2366,#2367));
#881=EDGE_LOOP('',(#2368,#2369,#2370,#2371));
#882=EDGE_LOOP('',(#2372,#2373,#2374,#2375,#2376,#2377));
#883=EDGE_LOOP('',(#2378,#2379,#2380,#2381));
#884=EDGE_LOOP('',(#2382,#2383,#2384,#2385));
#885=EDGE_LOOP('',(#2386,#2387,#2388,#2389));
#886=EDGE_LOOP('',(#2390,#2391,#2392,#2393));
#887=EDGE_LOOP('',(#2394,#2395,#2396,#2397));
#888=EDGE_LOOP('',(#2398,#2399,#2400,#2401));
#889=EDGE_LOOP('',(#2402,#2403,#2404,#2405));
#890=EDGE_LOOP('',(#2406,#2407,#2408,#2409));
#891=EDGE_LOOP('',(#2410,#2411,#2412,#2413));
#892=EDGE_LOOP('',(#2414,#2415,#2416,#2417));
#893=EDGE_LOOP('',(#2418,#2419,#2420,#2421,#2422,#2423));
#894=EDGE_LOOP('',(#2424,#2425,#2426,#2427));
#895=EDGE_LOOP('',(#2428,#2429,#2430,#2431));
#896=EDGE_LOOP('',(#2432,#2433,#2434,#2435));
#897=EDGE_LOOP('',(#2436,#2437,#2438,#2439));
#898=EDGE_LOOP('',(#2440,#2441,#2442,#2443));
#899=EDGE_LOOP('',(#2444,#2445,#2446,#2447));
#900=EDGE_LOOP('',(#2448,#2449,#2450,#2451,#2452,#2453));
#901=EDGE_LOOP('',(#2454,#2455,#2456,#2457));
#902=EDGE_LOOP('',(#2458,#2459,#2460,#2461));
#903=EDGE_LOOP('',(#2462,#2463,#2464,#2465));
#904=EDGE_LOOP('',(#2466,#2467,#2468,#2469));
#905=EDGE_LOOP('',(#2470,#2471,#2472,#2473));
#906=EDGE_LOOP('',(#2474,#2475,#2476,#2477));
#907=EDGE_LOOP('',(#2478,#2479,#2480,#2481,#2482,#2483,#2484,#2485,#2486,
#2487,#2488,#2489,#2490,#2491,#2492,#2493,#2494,#2495,#2496,#2497,#2498,
#2499,#2500,#2501,#2502,#2503,#2504,#2505,#2506,#2507,#2508,#2509,#2510,
#2511,#2512,#2513,#2514,#2515,#2516,#2517,#2518,#2519,#2520,#2521,#2522,
#2523,#2524,#2525,#2526,#2527,#2528,#2529,#2530,#2531,#2532,#2533,#2534,
#2535,#2536,#2537,#2538,#2539,#2540,#2541,#2542,#2543,#2544));
#908=EDGE_LOOP('',(#2545));
#909=EDGE_LOOP('',(#2546,#2547,#2548,#2549,#2550));
#910=EDGE_LOOP('',(#2551,#2552,#2553,#2554,#2555));
#911=EDGE_LOOP('',(#2556,#2557,#2558,#2559,#2560,#2561,#2562,#2563,#2564,
#2565,#2566,#2567,#2568,#2569,#2570,#2571,#2572,#2573,#2574,#2575,#2576,
#2577,#2578,#2579,#2580,#2581,#2582,#2583,#2584,#2585,#2586,#2587,#2588,
#2589,#2590,#2591,#2592,#2593,#2594,#2595,#2596,#2597,#2598,#2599,#2600,
#2601,#2602,#2603,#2604,#2605,#2606,#2607,#2608,#2609,#2610,#2611,#2612,
#2613,#2614,#2615,#2616,#2617,#2618,#2619,#2620,#2621,#2622));
#912=EDGE_LOOP('',(#2623));
#913=EDGE_LOOP('',(#2624));
#914=EDGE_LOOP('',(#2625));
#915=EDGE_LOOP('',(#2626));
#916=EDGE_LOOP('',(#2627));
#917=EDGE_LOOP('',(#2628,#2629,#2630,#2631));
#918=EDGE_LOOP('',(#2632,#2633,#2634,#2635));
#919=EDGE_LOOP('',(#2636,#2637,#2638,#2639,#2640,#2641));
#920=EDGE_LOOP('',(#2642,#2643,#2644,#2645));
#921=EDGE_LOOP('',(#2646,#2647,#2648,#2649));
#922=EDGE_LOOP('',(#2650,#2651,#2652,#2653));
#923=EDGE_LOOP('',(#2654,#2655,#2656,#2657));
#924=EDGE_LOOP('',(#2658,#2659,#2660,#2661));
#925=EDGE_LOOP('',(#2662,#2663,#2664,#2665));
#926=EDGE_LOOP('',(#2666,#2667,#2668,#2669));
#927=EDGE_LOOP('',(#2670,#2671,#2672,#2673,#2674,#2675));
#928=EDGE_LOOP('',(#2676,#2677,#2678,#2679));
#929=EDGE_LOOP('',(#2680,#2681,#2682,#2683));
#930=EDGE_LOOP('',(#2684,#2685,#2686,#2687));
#931=EDGE_LOOP('',(#2688,#2689,#2690,#2691));
#932=EDGE_LOOP('',(#2692,#2693,#2694,#2695));
#933=EDGE_LOOP('',(#2696,#2697,#2698,#2699));
#934=EDGE_LOOP('',(#2700,#2701,#2702,#2703));
#935=EDGE_LOOP('',(#2704,#2705,#2706,#2707,#2708,#2709));
#936=EDGE_LOOP('',(#2710,#2711,#2712,#2713));
#937=EDGE_LOOP('',(#2714,#2715,#2716,#2717));
#938=EDGE_LOOP('',(#2718,#2719,#2720,#2721));
#939=EDGE_LOOP('',(#2722,#2723,#2724,#2725));
#940=EDGE_LOOP('',(#2726,#2727,#2728,#2729));
#941=EDGE_LOOP('',(#2730,#2731,#2732,#2733));
#942=EDGE_LOOP('',(#2734,#2735,#2736,#2737));
#943=EDGE_LOOP('',(#2738,#2739,#2740,#2741));
#944=EDGE_LOOP('',(#2742,#2743,#2744,#2745,#2746,#2747));
#945=EDGE_LOOP('',(#2748,#2749,#2750,#2751));
#946=EDGE_LOOP('',(#2752,#2753,#2754,#2755));
#947=EDGE_LOOP('',(#2756,#2757,#2758,#2759));
#948=EDGE_LOOP('',(#2760,#2761,#2762,#2763));
#949=EDGE_LOOP('',(#2764,#2765,#2766,#2767));
#950=EDGE_LOOP('',(#2768,#2769,#2770,#2771));
#951=EDGE_LOOP('',(#2772,#2773,#2774,#2775));
#952=EDGE_LOOP('',(#2776,#2777,#2778,#2779,#2780,#2781));
#953=EDGE_LOOP('',(#2782,#2783,#2784,#2785));
#954=EDGE_LOOP('',(#2786,#2787,#2788,#2789));
#955=EDGE_LOOP('',(#2790,#2791,#2792,#2793));
#956=EDGE_LOOP('',(#2794,#2795,#2796,#2797));
#957=EDGE_LOOP('',(#2798,#2799,#2800,#2801));
#958=EDGE_LOOP('',(#2802,#2803,#2804,#2805));
#959=EDGE_LOOP('',(#2806,#2807,#2808,#2809));
#960=EDGE_LOOP('',(#2810,#2811,#2812,#2813,#2814,#2815));
#961=EDGE_LOOP('',(#2816,#2817,#2818,#2819));
#962=EDGE_LOOP('',(#2820,#2821,#2822,#2823));
#963=EDGE_LOOP('',(#2824,#2825,#2826,#2827));
#964=EDGE_LOOP('',(#2828,#2829,#2830,#2831));
#965=EDGE_LOOP('',(#2832,#2833,#2834,#2835));
#966=EDGE_LOOP('',(#2836,#2837,#2838,#2839));
#967=EDGE_LOOP('',(#2840,#2841,#2842,#2843));
#968=EDGE_LOOP('',(#2844,#2845,#2846,#2847,#2848,#2849));
#969=EDGE_LOOP('',(#2850,#2851,#2852,#2853));
#970=EDGE_LOOP('',(#2854,#2855,#2856,#2857));
#971=EDGE_LOOP('',(#2858,#2859,#2860,#2861));
#972=EDGE_LOOP('',(#2862,#2863,#2864,#2865));
#973=EDGE_LOOP('',(#2866,#2867,#2868,#2869));
#974=EDGE_LOOP('',(#2870,#2871,#2872,#2873));
#975=EDGE_LOOP('',(#2874,#2875,#2876,#2877));
#976=EDGE_LOOP('',(#2878,#2879,#2880,#2881,#2882,#2883));
#977=EDGE_LOOP('',(#2884,#2885,#2886,#2887));
#978=EDGE_LOOP('',(#2888,#2889,#2890,#2891));
#979=EDGE_LOOP('',(#2892,#2893,#2894,#2895));
#980=EDGE_LOOP('',(#2896,#2897,#2898,#2899));
#981=EDGE_LOOP('',(#2900,#2901,#2902,#2903));
#982=EDGE_LOOP('',(#2904,#2905,#2906,#2907));
#983=EDGE_LOOP('',(#2908,#2909,#2910,#2911));
#984=CIRCLE('',#3101,0.2625);
#985=CIRCLE('',#3102,0.05);
#986=CIRCLE('',#3103,0.2125);
#987=CIRCLE('',#3104,0.2625);
#988=CIRCLE('',#3105,0.2625);
#989=CIRCLE('',#3106,0.2625);
#990=CIRCLE('',#3107,0.2625);
#991=CIRCLE('',#3108,0.2625);
#992=CIRCLE('',#3109,0.2625);
#993=CIRCLE('',#3110,0.2625);
#994=CIRCLE('',#3111,0.2625);
#995=CIRCLE('',#3113,0.0649606299212602);
#996=CIRCLE('',#3116,0.0649606299212597);
#997=CIRCLE('',#3118,0.0649606299212597);
#998=CIRCLE('',#3119,0.0707392420298983);
#999=CIRCLE('',#3122,0.0649606299212602);
#1000=CIRCLE('',#3124,0.0649606299212598);
#1001=CIRCLE('',#3127,0.0649606299212602);
#1002=CIRCLE('',#3129,0.0649606299212602);
#1003=CIRCLE('',#3132,0.0649606299212597);
#1004=CIRCLE('',#3134,0.0649606299212596);
#1005=CIRCLE('',#3138,0.0649606299212598);
#1006=CIRCLE('',#3140,0.0649606299212597);
#1007=CIRCLE('',#3143,0.0649606299212602);
#1008=CIRCLE('',#3145,0.0649606299212599);
#1009=CIRCLE('',#3148,0.0649606299212596);
#1010=CIRCLE('',#3150,0.2125);
#1011=CIRCLE('',#3151,0.2125);
#1012=CIRCLE('',#3153,0.2625);
#1013=CIRCLE('',#3154,0.2625);
#1014=CIRCLE('',#3155,0.2625);
#1015=CIRCLE('',#3156,0.2625);
#1016=CIRCLE('',#3157,0.2625);
#1017=CIRCLE('',#3158,0.05);
#1018=CIRCLE('',#3159,0.2625);
#1019=CIRCLE('',#3160,0.2625);
#1020=CIRCLE('',#3161,0.2625);
#1021=CIRCLE('',#3162,0.2625);
#1022=CIRCLE('',#3164,0.0649606299212598);
#1023=CIRCLE('',#3168,0.0649606299212596);
#1024=CIRCLE('',#3170,0.0649606299212596);
#1025=CIRCLE('',#3173,0.0649606299212599);
#1026=CIRCLE('',#3175,0.0649606299212602);
#1027=CIRCLE('',#3178,0.0649606299212598);
#1028=CIRCLE('',#3180,0.0649606299212599);
#1029=CIRCLE('',#3184,0.0649606299212602);
#1030=CIRCLE('',#3186,0.0649606299212597);
#1031=CIRCLE('',#3189,0.0649606299212602);
#1032=CIRCLE('',#3191,0.0649606299212602);
#1033=CIRCLE('',#3194,0.0649606299212597);
#1034=CIRCLE('',#3196,0.0649606299212602);
#1035=CIRCLE('',#3199,0.0707392420298983);
#1036=CIRCLE('',#3200,0.0649606299212597);
#1037=CIRCLE('',#3202,0.0649606299212602);
#1038=CIRCLE('',#3206,0.0649606299212599);
#1039=CIRCLE('',#3208,0.0649606299212597);
#1040=CIRCLE('',#3211,0.0649606299212602);
#1041=CIRCLE('',#3215,0.0649606299212599);
#1042=CIRCLE('',#3222,0.0649606299212602);
#1043=CIRCLE('',#3228,0.0649606299212596);
#1044=CIRCLE('',#3234,0.0649606299212597);
#1045=CIRCLE('',#3241,0.0649606299212598);
#1046=CIRCLE('',#3247,0.0649606299212602);
#1047=CIRCLE('',#3253,0.0649606299212602);
#1048=CIRCLE('',#3259,0.0707392420298983);
#1049=CIRCLE('',#3261,0.0649606299212597);
#1050=CIRCLE('',#3265,0.15);
#1051=CIRCLE('',#3266,0.0625);
#1052=CIRCLE('',#3267,0.2125);
#1053=CIRCLE('',#3269,0.15);
#1054=CIRCLE('',#3273,0.0649606299212602);
#1055=CIRCLE('',#3276,0.0649606299212597);
#1056=CIRCLE('',#3279,0.0649606299212602);
#1057=CIRCLE('',#3283,0.0649606299212597);
#1058=CIRCLE('',#3284,0.0707392420298983);
#1059=CIRCLE('',#3286,0.15);
#1060=CIRCLE('',#3287,0.0625);
#1061=CIRCLE('',#3288,0.2125);
#1062=CIRCLE('',#3289,0.15);
#1063=CIRCLE('',#3291,0.15);
#1064=CIRCLE('',#3294,0.0649606299212602);
#1065=CIRCLE('',#3297,0.0649606299212598);
#1066=CIRCLE('',#3301,0.0649606299212596);
#1067=CIRCLE('',#3304,0.0649606299212599);
#1068=CIRCLE('',#3307,0.095);
#1069=CIRCLE('',#3309,0.095);
#1070=B_SPLINE_CURVE_WITH_KNOTS('',3,(#4016,#4017,#4018,#4019,#4020,#4021,
#4022,#4023),.UNSPECIFIED.,.F.,.F.,(4,2,2,4),(0.829773494903418,0.848465486080054,
0.873629324981043,0.876515376830293),.UNSPECIFIED.);
#1071=B_SPLINE_CURVE_WITH_KNOTS('',3,(#4032,#4033,#4034,#4035,#4036,#4037,
#4038,#4039),.UNSPECIFIED.,.F.,.F.,(4,2,2,4),(0.829735205281934,0.848786189122102,
0.874081062598686,0.876470225016607),.UNSPECIFIED.);
#1072=B_SPLINE_CURVE_WITH_KNOTS('',3,(#4043,#4044,#4045,#4046,#4047,#4048,
#4049,#4050),.UNSPECIFIED.,.F.,.F.,(4,2,2,4),(0.829773494903263,0.848465486079903,
0.873629324980899,0.876515376830161),.UNSPECIFIED.);
#1073=B_SPLINE_CURVE_WITH_KNOTS('',3,(#4054,#4055,#4056,#4057,#4058,#4059,
#4060,#4061),.UNSPECIFIED.,.F.,.F.,(4,2,2,4),(0.829735205281965,0.848786189122133,
0.874081062598719,0.876470225016641),.UNSPECIFIED.);
#1074=B_SPLINE_CURVE_WITH_KNOTS('',3,(#4065,#4066,#4067,#4068,#4069,#4070,
#4071,#4072),.UNSPECIFIED.,.F.,.F.,(4,2,2,4),(0.82977349490339,0.848465486080026,
0.873629324981024,0.876515376830272),.UNSPECIFIED.);
#1075=B_SPLINE_CURVE_WITH_KNOTS('',3,(#4076,#4077,#4078,#4079,#4080,#4081,
#4082,#4083),.UNSPECIFIED.,.F.,.F.,(4,2,2,4),(0.829735205281914,0.84878618912208,
0.874081062598668,0.876470225016579),.UNSPECIFIED.);
#1076=B_SPLINE_CURVE_WITH_KNOTS('',3,(#4087,#4088,#4089,#4090,#4091,#4092,
#4093,#4094),.UNSPECIFIED.,.F.,.F.,(4,2,2,4),(0.829773494903158,0.848465486079788,
0.873629324980781,0.876515376830021),.UNSPECIFIED.);
#1077=B_SPLINE_CURVE_WITH_KNOTS('',3,(#4098,#4099,#4100,#4101,#4102,#4103,
#4104,#4105),.UNSPECIFIED.,.F.,.F.,(4,2,2,4),(0.829735205281965,0.848786189122118,
0.874081062598697,0.876470225016605),.UNSPECIFIED.);
#1078=B_SPLINE_CURVE_WITH_KNOTS('',3,(#4115,#4116,#4117,#4118,#4119,#4120,
#4121,#4122,#4123,#4124),.UNSPECIFIED.,.F.,.F.,(4,3,3,4),(-0.16246229074176,
-0.159364419165807,-0.0350915726460462,0.),.UNSPECIFIED.);
#1079=B_SPLINE_CURVE_WITH_KNOTS('',3,(#4126,#4127,#4128,#4129,#4130,#4131,
#4132,#4133,#4134,#4135,#4136,#4137,#4138),.UNSPECIFIED.,.F.,.F.,(4,3,3,
3,4),(-0.0853210027488255,-0.0655324520941107,-0.0426605013744126,-0.0197885506547144,
0.),.UNSPECIFIED.);
#1080=B_SPLINE_CURVE_WITH_KNOTS('',3,(#4140,#4141,#4142,#4143,#4144,#4145,
#4146,#4147,#4148,#4149),.UNSPECIFIED.,.F.,.F.,(4,3,3,4),(-0.0803103649523814,
-0.0629634656006013,-0.00153137811675875,0.),.UNSPECIFIED.);
#1081=B_SPLINE_CURVE_WITH_KNOTS('',3,(#4165,#4166,#4167,#4168,#4169,#4170,
#4171,#4172,#4173,#4174),.UNSPECIFIED.,.F.,.F.,(4,3,3,4),(-0.162462290742104,
-0.159364419166144,-0.0350915726461203,0.),.UNSPECIFIED.);
#1082=B_SPLINE_CURVE_WITH_KNOTS('',3,(#4176,#4177,#4178,#4179,#4180,#4181,
#4182,#4183,#4184,#4185,#4186,#4187,#4188),.UNSPECIFIED.,.F.,.F.,(4,3,3,
3,4),(-0.0853210027486819,-0.0655324520940031,-0.0426605013743426,-0.019788550654682,
0.),.UNSPECIFIED.);
#1083=B_SPLINE_CURVE_WITH_KNOTS('',3,(#4190,#4191,#4192,#4193,#4194,#4195,
#4196,#4197,#4198,#4199),.UNSPECIFIED.,.F.,.F.,(4,3,3,4),(-0.0803103649491655,
-0.06296346559808,-0.00153137811669728,0.),.UNSPECIFIED.);
#1084=B_SPLINE_CURVE_WITH_KNOTS('',3,(#4213,#4214,#4215,#4216,#4217,#4218,
#4219,#4220,#4221,#4222),.UNSPECIFIED.,.F.,.F.,(4,3,3,4),(-0.16246229074271,
-0.159364419166738,-0.0350915726462513,0.),.UNSPECIFIED.);
#1085=B_SPLINE_CURVE_WITH_KNOTS('',3,(#4224,#4225,#4226,#4227,#4228,#4229,
#4230,#4231,#4232,#4233,#4234,#4235,#4236),.UNSPECIFIED.,.F.,.F.,(4,3,3,
3,4),(-0.0853210027481644,-0.0655324520936028,-0.042660501374082,-0.0197885506545611,
0.),.UNSPECIFIED.);
#1086=B_SPLINE_CURVE_WITH_KNOTS('',3,(#4238,#4239,#4240,#4241,#4242,#4243,
#4244,#4245,#4246,#4247),.UNSPECIFIED.,.F.,.F.,(4,3,3,4),(-0.080310364954675,
-0.0629634656023995,-0.00153137811680244,0.),.UNSPECIFIED.);
#1087=B_SPLINE_CURVE_WITH_KNOTS('',3,(#4261,#4262,#4263,#4264,#4265,#4266,
#4267,#4268,#4269,#4270),.UNSPECIFIED.,.F.,.F.,(4,3,3,4),(-0.162462290741482,
-0.159364419165534,-0.035091572645986,0.),.UNSPECIFIED.);
#1088=B_SPLINE_CURVE_WITH_KNOTS('',3,(#4272,#4273,#4274,#4275,#4276,#4277,
#4278,#4279,#4280,#4281,#4282,#4283,#4284),.UNSPECIFIED.,.F.,.F.,(4,3,3,
3,4),(-0.0853210027485822,-0.0655324520939211,-0.0426605013742891,-0.0197885506546572,
0.),.UNSPECIFIED.);
#1089=B_SPLINE_CURVE_WITH_KNOTS('',3,(#4286,#4287,#4288,#4289,#4290,#4291,
#4292,#4293,#4294,#4295),.UNSPECIFIED.,.F.,.F.,(4,3,3,4),(-0.0803103649484131,
-0.0629634655974902,-0.00153137811668323,0.),.UNSPECIFIED.);
#1090=B_SPLINE_CURVE_WITH_KNOTS('',3,(#4309,#4310,#4311,#4312,#4313,#4314,
#4315,#4316,#4317,#4318),.UNSPECIFIED.,.F.,.F.,(4,3,3,4),(-0.162462290742247,
-0.159364419166285,-0.0350915726461514,0.),.UNSPECIFIED.);
#1091=B_SPLINE_CURVE_WITH_KNOTS('',3,(#4320,#4321,#4322,#4323,#4324,#4325,
#4326,#4327,#4328,#4329,#4330,#4331,#4332),.UNSPECIFIED.,.F.,.F.,(4,3,3,
3,4),(-0.0853210027487569,-0.0655324520940582,-0.0426605013743785,-0.0197885506546988,
0.),.UNSPECIFIED.);
#1092=B_SPLINE_CURVE_WITH_KNOTS('',3,(#4334,#4335,#4336,#4337,#4338,#4339,
#4340,#4341,#4342,#4343),.UNSPECIFIED.,.F.,.F.,(4,3,3,4),(-0.0803103649519384,
-0.0629634656002538,-0.0015313781167503,0.),.UNSPECIFIED.);
#1093=B_SPLINE_CURVE_WITH_KNOTS('',3,(#4359,#4360,#4361,#4362,#4363,#4364,
#4365,#4366,#4367,#4368),.UNSPECIFIED.,.F.,.F.,(4,3,3,4),(-0.16246229074193,
-0.159364419165973,-0.0350915726460828,0.),.UNSPECIFIED.);
#1094=B_SPLINE_CURVE_WITH_KNOTS('',3,(#4370,#4371,#4372,#4373,#4374,#4375,
#4376,#4377,#4378,#4379,#4380,#4381,#4382),.UNSPECIFIED.,.F.,.F.,(4,3,3,
3,4),(-0.0853210027487234,-0.0655324520939825,-0.0426605013743291,-0.0197885506546758,
0.),.UNSPECIFIED.);
#1095=B_SPLINE_CURVE_WITH_KNOTS('',3,(#4384,#4385,#4386,#4387,#4388,#4389,
#4390,#4391,#4392,#4393),.UNSPECIFIED.,.F.,.F.,(4,3,3,4),(-0.0803103649469166,
-0.062963465596317,-0.0015313781166545,0.),.UNSPECIFIED.);
#1096=B_SPLINE_CURVE_WITH_KNOTS('',3,(#4407,#4408,#4409,#4410,#4411,#4412,
#4413,#4414,#4415,#4416),.UNSPECIFIED.,.F.,.F.,(4,3,3,4),(-0.162462290742768,
-0.159364419166795,-0.0350915726462636,0.),.UNSPECIFIED.);
#1097=B_SPLINE_CURVE_WITH_KNOTS('',3,(#4418,#4419,#4420,#4421,#4422,#4423,
#4424,#4425,#4426,#4427,#4428,#4429,#4430),.UNSPECIFIED.,.F.,.F.,(4,3,3,
3,4),(-0.0853210027487083,-0.0655324520940192,-0.0426605013743506,-0.0197885506546822,
0.),.UNSPECIFIED.);
#1098=B_SPLINE_CURVE_WITH_KNOTS('',3,(#4432,#4433,#4434,#4435,#4436,#4437,
#4438,#4439,#4440,#4441),.UNSPECIFIED.,.F.,.F.,(4,3,3,4),(-0.080310364949858,
-0.0629634655986229,-0.00153137811671059,0.),.UNSPECIFIED.);
#1099=B_SPLINE_CURVE_WITH_KNOTS('',3,(#4456,#4457,#4458,#4459,#4460,#4461,
#4462,#4463),.UNSPECIFIED.,.F.,.F.,(4,2,2,4),(0.829735205281792,0.848786189121959,
0.874081062598544,0.876470225016467),.UNSPECIFIED.);
#1100=B_SPLINE_CURVE_WITH_KNOTS('',3,(#4467,#4468,#4469,#4470,#4471,#4472,
#4473,#4474),.UNSPECIFIED.,.F.,.F.,(4,2,2,4),(0.829773494903234,0.848465486079864,
0.873629324980855,0.876515376830105),.UNSPECIFIED.);
#1101=B_SPLINE_CURVE_WITH_KNOTS('',3,(#4478,#4479,#4480,#4481,#4482,#4483,
#4484,#4485),.UNSPECIFIED.,.F.,.F.,(4,2,2,4),(0.829735205281877,0.848786189122047,
0.874081062598639,0.876470225016548),.UNSPECIFIED.);
#1102=B_SPLINE_CURVE_WITH_KNOTS('',3,(#4489,#4490,#4491,#4492,#4493,#4494,
#4495,#4496),.UNSPECIFIED.,.F.,.F.,(4,2,2,4),(0.829773494903097,0.84846548607972,
0.873629324980717,0.876515376829957),.UNSPECIFIED.);
#1103=B_SPLINE_CURVE_WITH_KNOTS('',3,(#4500,#4501,#4502,#4503,#4504,#4505,
#4506,#4507),.UNSPECIFIED.,.F.,.F.,(4,2,2,4),(0.82973520528206,0.848786189122231,
0.87408106259882,0.876470225016729),.UNSPECIFIED.);
#1104=B_SPLINE_CURVE_WITH_KNOTS('',3,(#4514,#4515,#4516,#4517,#4518,#4519,
#4520,#4521),.UNSPECIFIED.,.F.,.F.,(4,2,2,4),(0.82977349490326,0.848465486079893,
0.873629324980885,0.876515376830132),.UNSPECIFIED.);
#1105=B_SPLINE_CURVE_WITH_KNOTS('',3,(#4525,#4526,#4527,#4528,#4529,#4530,
#4531,#4532),.UNSPECIFIED.,.F.,.F.,(4,2,2,4),(0.829735205281802,0.848786189121975,
0.874081062598564,0.876470225016488),.UNSPECIFIED.);
#1106=B_SPLINE_CURVE_WITH_KNOTS('',3,(#4536,#4537,#4538,#4539,#4540,#4541,
#4542,#4543),.UNSPECIFIED.,.F.,.F.,(4,2,2,4),(0.829773494903344,0.848465486079976,
0.87362932498096,0.876515376830221),.UNSPECIFIED.);
#1107=B_SPLINE_CURVE_WITH_KNOTS('',3,(#4555,#4556,#4557,#4558,#4559,#4560,
#4561,#4562,#4563,#4564),.UNSPECIFIED.,.F.,.F.,(4,3,3,4),(-0.162462290741486,
-0.159364419165537,-0.0350915726459868,0.),.UNSPECIFIED.);
#1108=B_SPLINE_CURVE_WITH_KNOTS('',3,(#4566,#4567,#4568,#4569,#4570,#4571,
#4572,#4573,#4574,#4575,#4576,#4577,#4578),.UNSPECIFIED.,.F.,.F.,(4,3,3,
3,4),(-0.0853210027488697,-0.0655324520941448,-0.0426605013744348,-0.0197885506547249,
0.),.UNSPECIFIED.);
#1109=B_SPLINE_CURVE_WITH_KNOTS('',3,(#4580,#4581,#4582,#4583,#4584,#4585,
#4586,#4587,#4588,#4589),.UNSPECIFIED.,.F.,.F.,(4,3,3,4),(-0.0803103649495625,
-0.0629634655983912,-0.001531378116705,0.),.UNSPECIFIED.);
#1110=B_SPLINE_CURVE_WITH_KNOTS('',3,(#4603,#4604,#4605,#4606,#4607,#4608,
#4609,#4610,#4611,#4612),.UNSPECIFIED.,.F.,.F.,(4,3,3,4),(-0.162462290742182,
-0.15936441916622,-0.035091572646137,0.),.UNSPECIFIED.);
#1111=B_SPLINE_CURVE_WITH_KNOTS('',3,(#4614,#4615,#4616,#4617,#4618,#4619,
#4620,#4621,#4622,#4623,#4624,#4625,#4626),.UNSPECIFIED.,.F.,.F.,(4,3,3,
3,4),(-0.0853210027486946,-0.0655324520940157,-0.0426605013743509,-0.019788550654686,
0.),.UNSPECIFIED.);
#1112=B_SPLINE_CURVE_WITH_KNOTS('',3,(#4628,#4629,#4630,#4631,#4632,#4633,
#4634,#4635,#4636,#4637),.UNSPECIFIED.,.F.,.F.,(4,3,3,4),(-0.0803103649467858,
-0.0629634655962143,-0.0015313781166521,0.),.UNSPECIFIED.);
#1113=B_SPLINE_CURVE_WITH_KNOTS('',3,(#4651,#4652,#4653,#4654,#4655,#4656,
#4657,#4658,#4659,#4660),.UNSPECIFIED.,.F.,.F.,(4,3,3,4),(-0.162462290740924,
-0.159364419164987,-0.0350915726458653,0.),.UNSPECIFIED.);
#1114=B_SPLINE_CURVE_WITH_KNOTS('',3,(#4662,#4663,#4664,#4665,#4666,#4667,
#4668,#4669,#4670,#4671,#4672,#4673,#4674),.UNSPECIFIED.,.F.,.F.,(4,3,3,
3,4),(-0.0853210027489566,-0.0655324520942117,-0.0426605013744785,-0.0197885506547453,
0.),.UNSPECIFIED.);
#1115=B_SPLINE_CURVE_WITH_KNOTS('',3,(#4676,#4677,#4678,#4679,#4680,#4681,
#4682,#4683,#4684,#4685),.UNSPECIFIED.,.F.,.F.,(4,3,3,4),(-0.0803103649478575,
-0.0629634655970544,-0.00153137811667246,0.),.UNSPECIFIED.);
#1116=B_SPLINE_CURVE_WITH_KNOTS('',3,(#4699,#4700,#4701,#4702,#4703,#4704,
#4705,#4706,#4707,#4708),.UNSPECIFIED.,.F.,.F.,(4,3,3,4),(-0.162462290740344,
-0.159364419164417,-0.0350915726457398,0.),.UNSPECIFIED.);
#1117=B_SPLINE_CURVE_WITH_KNOTS('',3,(#4710,#4711,#4712,#4713,#4714,#4715,
#4716,#4717,#4718,#4719,#4720,#4721,#4722),.UNSPECIFIED.,.F.,.F.,(4,3,3,
3,4),(-0.0853210027480358,-0.0655324520935194,-0.0426605013740504,-0.0197885506545813,
0.),.UNSPECIFIED.);
#1118=B_SPLINE_CURVE_WITH_KNOTS('',3,(#4724,#4725,#4726,#4727,#4728,#4729,
#4730,#4731,#4732,#4733),.UNSPECIFIED.,.F.,.F.,(4,3,3,4),(-0.0803103649524662,
-0.0629634656006677,-0.00153137811676049,0.),.UNSPECIFIED.);
#1119=B_SPLINE_CURVE_WITH_KNOTS('',3,(#4749,#4750,#4751,#4752,#4753,#4754,
#4755,#4756,#4757,#4758),.UNSPECIFIED.,.F.,.F.,(4,3,3,4),(-0.162462290741576,
-0.159364419165626,-0.0350915726460063,0.),.UNSPECIFIED.);
#1120=B_SPLINE_CURVE_WITH_KNOTS('',3,(#4760,#4761,#4762,#4763,#4764,#4765,
#4766,#4767,#4768,#4769,#4770,#4771,#4772),.UNSPECIFIED.,.F.,.F.,(4,3,3,
3,4),(-0.085321002748592,-0.0655324520939317,-0.0426605013742962,-0.0197885506546607,
0.),.UNSPECIFIED.);
#1121=B_SPLINE_CURVE_WITH_KNOTS('',3,(#4774,#4775,#4776,#4777,#4778,#4779,
#4780,#4781,#4782,#4783),.UNSPECIFIED.,.F.,.F.,(4,3,3,4),(-0.0803103649517981,
-0.0629634656001438,-0.00153137811674767,0.),.UNSPECIFIED.);
#1122=B_SPLINE_CURVE_WITH_KNOTS('',3,(#4797,#4798,#4799,#4800,#4801,#4802,
#4803,#4804,#4805,#4806),.UNSPECIFIED.,.F.,.F.,(4,3,3,4),(-0.162462290742724,
-0.159364419166752,-0.0350915726462541,0.),.UNSPECIFIED.);
#1123=B_SPLINE_CURVE_WITH_KNOTS('',3,(#4808,#4809,#4810,#4811,#4812,#4813,
#4814,#4815,#4816,#4817,#4818,#4819,#4820),.UNSPECIFIED.,.F.,.F.,(4,3,3,
3,4),(-0.0853210027480853,-0.0655324520935574,-0.0426605013740752,-0.0197885506545929,
0.),.UNSPECIFIED.);
#1124=B_SPLINE_CURVE_WITH_KNOTS('',3,(#4822,#4823,#4824,#4825,#4826,#4827,
#4828,#4829,#4830,#4831),.UNSPECIFIED.,.F.,.F.,(4,3,3,4),(-0.0803103649500414,
-0.0629634655987666,-0.00153137811671415,0.),.UNSPECIFIED.);
#1125=B_SPLINE_CURVE_WITH_KNOTS('',3,(#4845,#4846,#4847,#4848,#4849,#4850,
#4851,#4852,#4853,#4854),.UNSPECIFIED.,.F.,.F.,(4,3,3,4),(-0.162462290742154,
-0.159364419166193,-0.035091572646131,0.),.UNSPECIFIED.);
#1126=B_SPLINE_CURVE_WITH_KNOTS('',3,(#4856,#4857,#4858,#4859,#4860,#4861,
#4862,#4863,#4864,#4865,#4866,#4867,#4868),.UNSPECIFIED.,.F.,.F.,(4,3,3,
3,4),(-0.0853210027487046,-0.0655324520940173,-0.0426605013743507,-0.0197885506546841,
0.),.UNSPECIFIED.);
#1127=B_SPLINE_CURVE_WITH_KNOTS('',3,(#4870,#4871,#4872,#4873,#4874,#4875,
#4876,#4877,#4878,#4879),.UNSPECIFIED.,.F.,.F.,(4,3,3,4),(-0.0803103649495532,
-0.0629634655983838,-0.00153137811670475,0.),.UNSPECIFIED.);
#1128=B_SPLINE_CURVE_WITH_KNOTS('',3,(#4897,#4898,#4899,#4900,#4901,#4902,
#4903,#4904,#4905,#4906),.UNSPECIFIED.,.F.,.F.,(4,3,3,4),(-0.162462290741356,
-0.15936441916541,-0.0350915726459587,0.),.UNSPECIFIED.);
#1129=B_SPLINE_CURVE_WITH_KNOTS('',3,(#4908,#4909,#4910,#4911,#4912,#4913,
#4914,#4915,#4916,#4917,#4918,#4919,#4920),.UNSPECIFIED.,.F.,.F.,(4,3,3,
3,4),(-0.0853210027487133,-0.0655324520939749,-0.0426605013743242,-0.0197885506546735,
0.),.UNSPECIFIED.);
#1130=B_SPLINE_CURVE_WITH_KNOTS('',3,(#4922,#4923,#4924,#4925,#4926,#4927,
#4928,#4929,#4930,#4931),.UNSPECIFIED.,.F.,.F.,(4,3,3,4),(-0.080310364955284,
-0.062963465602877,-0.0015313781168141,0.),.UNSPECIFIED.);
#1131=B_SPLINE_CURVE_WITH_KNOTS('',3,(#4945,#4946,#4947,#4948,#4949,#4950,
#4951,#4952,#4953,#4954),.UNSPECIFIED.,.F.,.F.,(4,3,3,4),(-0.162462290742337,
-0.159364419166372,-0.0350915726461703,0.),.UNSPECIFIED.);
#1132=B_SPLINE_CURVE_WITH_KNOTS('',3,(#4956,#4957,#4958,#4959,#4960,#4961,
#4962,#4963,#4964,#4965,#4966,#4967,#4968),.UNSPECIFIED.,.F.,.F.,(4,3,3,
3,4),(-0.0853210027488517,-0.065532452094132,-0.0426605013744278,-0.0197885506547236,
0.),.UNSPECIFIED.);
#1133=B_SPLINE_CURVE_WITH_KNOTS('',3,(#4970,#4971,#4972,#4973,#4974,#4975,
#4976,#4977,#4978,#4979),.UNSPECIFIED.,.F.,.F.,(4,3,3,4),(-0.0803103649523501,
-0.0629634656005767,-0.0015313781167582,0.),.UNSPECIFIED.);
#1134=B_SPLINE_CURVE_WITH_KNOTS('',3,(#5004,#5005,#5006,#5007,#5008,#5009,
#5010,#5011),.UNSPECIFIED.,.F.,.F.,(4,2,2,4),(-0.992879865708782,-0.989465093529149,
-0.852479602499284,-0.813798294035295),.UNSPECIFIED.);
#1135=B_SPLINE_CURVE_WITH_KNOTS('',3,(#5032,#5033,#5034,#5035,#5036,#5037,
#5038,#5039),.UNSPECIFIED.,.F.,.F.,(4,2,2,4),(0.813798294035295,0.852479602499284,
0.989465093529149,0.992879865708782),.UNSPECIFIED.);
#1136=B_SPLINE_CURVE_WITH_KNOTS('',3,(#5067,#5068,#5069,#5070,#5071,#5072,
#5073,#5074,#5075,#5076),.UNSPECIFIED.,.F.,.F.,(4,2,2,2,4),(0.0688841402427011,
0.0965705538759232,0.128570991870168,0.160571429864412,0.188257843497543),
 .UNSPECIFIED.);
#1137=B_SPLINE_CURVE_WITH_KNOTS('',3,(#5104,#5105,#5106,#5107,#5108,#5109,
#5110,#5111),.UNSPECIFIED.,.F.,.F.,(4,2,2,4),(0.0983041825658766,0.10171895474551,
0.238704445775375,0.277385754239364),.UNSPECIFIED.);
#1138=B_SPLINE_CURVE_WITH_KNOTS('',3,(#5169,#5170,#5171,#5172,#5173,#5174,
#5175,#5176),.UNSPECIFIED.,.F.,.F.,(4,2,2,4),(-0.277385754239363,-0.238704445775375,
-0.101718954745509,-0.0983041825658765),.UNSPECIFIED.);
#1139=B_SPLINE_CURVE_WITH_KNOTS('',3,(#5203,#5204,#5205,#5206,#5207,#5208,
#5209,#5210,#5211,#5212),.UNSPECIFIED.,.F.,.F.,(4,2,2,2,4),(-0.188257843497442,
-0.160571429864322,-0.128570991870079,-0.0965705538758365,-0.0688841402427065),
 .UNSPECIFIED.);
#1140=B_SPLINE_CURVE_WITH_KNOTS('',3,(#5240,#5241,#5242,#5243,#5244,#5245,
#5246,#5247),.UNSPECIFIED.,.F.,.F.,(4,2,2,4),(-0.992879865708782,-0.98946509352915,
-0.852479602499284,-0.813798294035296),.UNSPECIFIED.);
#1141=B_SPLINE_CURVE_WITH_KNOTS('',3,(#5274,#5275,#5276,#5277,#5278,#5279,
#5280,#5281),.UNSPECIFIED.,.F.,.F.,(4,2,2,4),(0.813798294035295,0.852479602499283,
0.989465093529149,0.992879865708781),.UNSPECIFIED.);
#1142=B_SPLINE_CURVE_WITH_KNOTS('',3,(#5313,#5314,#5315,#5316,#5317,#5318,
#5319,#5320,#5321,#5322),.UNSPECIFIED.,.F.,.F.,(4,2,2,2,4),(0.068884140242701,
0.0965705538759234,0.128570991870168,0.160571429864412,0.188257843497543),
 .UNSPECIFIED.);
#1143=B_SPLINE_CURVE_WITH_KNOTS('',3,(#5345,#5346,#5347,#5348,#5349,#5350,
#5351,#5352),.UNSPECIFIED.,.F.,.F.,(4,2,2,4),(0.0983041825658764,0.101718954745509,
0.238704445775375,0.277385754239364),.UNSPECIFIED.);
#1144=B_SPLINE_CURVE_WITH_KNOTS('',3,(#5397,#5398,#5399,#5400,#5401,#5402,
#5403,#5404),.UNSPECIFIED.,.F.,.F.,(4,2,2,4),(-0.277385754239363,-0.238704445775374,
-0.101718954745509,-0.0983041825658763),.UNSPECIFIED.);
#1145=B_SPLINE_CURVE_WITH_KNOTS('',3,(#5431,#5432,#5433,#5434,#5435,#5436,
#5437,#5438,#5439,#5440),.UNSPECIFIED.,.F.,.F.,(4,2,2,2,4),(-0.188257843497453,
-0.160571429864321,-0.128570991870077,-0.0965705538758324,-0.068884140242701),
 .UNSPECIFIED.);
#1146=B_SPLINE_CURVE_WITH_KNOTS('',3,(#5468,#5469,#5470,#5471,#5472,#5473,
#5474,#5475),.UNSPECIFIED.,.F.,.F.,(4,2,2,4),(-0.992879865708782,-0.989465093529149,
-0.852479602499284,-0.813798294035295),.UNSPECIFIED.);
#1147=B_SPLINE_CURVE_WITH_KNOTS('',3,(#5502,#5503,#5504,#5505,#5506,#5507,
#5508,#5509),.UNSPECIFIED.,.F.,.F.,(4,2,2,4),(0.813798294035295,0.852479602499284,
0.989465093529149,0.992879865708782),.UNSPECIFIED.);
#1148=B_SPLINE_CURVE_WITH_KNOTS('',3,(#5541,#5542,#5543,#5544,#5545,#5546,
#5547,#5548,#5549,#5550),.UNSPECIFIED.,.F.,.F.,(4,2,2,2,4),(0.0688841402427032,
0.0965705538758406,0.128570991870086,0.160571429864331,0.188257843497463),
 .UNSPECIFIED.);
#1149=B_SPLINE_CURVE_WITH_KNOTS('',3,(#5578,#5579,#5580,#5581,#5582,#5583,
#5584,#5585),.UNSPECIFIED.,.F.,.F.,(4,2,2,4),(0.0983041825658763,0.101718954745509,
0.238704445775374,0.277385754239363),.UNSPECIFIED.);
#1150=B_SPLINE_CURVE_WITH_KNOTS('',3,(#5638,#5639,#5640,#5641,#5642,#5643,
#5644,#5645),.UNSPECIFIED.,.F.,.F.,(4,2,2,4),(-0.277385754239363,-0.238704445775374,
-0.101718954745509,-0.0983041825658763),.UNSPECIFIED.);
#1151=B_SPLINE_CURVE_WITH_KNOTS('',3,(#5677,#5678,#5679,#5680,#5681,#5682,
#5683,#5684,#5685,#5686),.UNSPECIFIED.,.F.,.F.,(4,2,2,2,4),(-0.188257843497453,
-0.160571429864322,-0.128570991870077,-0.096570553875833,-0.0688841402427011),
 .UNSPECIFIED.);
#1152=B_SPLINE_CURVE_WITH_KNOTS('',3,(#5709,#5710,#5711,#5712,#5713,#5714,
#5715,#5716),.UNSPECIFIED.,.F.,.F.,(4,2,2,4),(-0.992879865708782,-0.98946509352915,
-0.852479602499284,-0.813798294035296),.UNSPECIFIED.);
#1153=B_SPLINE_CURVE_WITH_KNOTS('',3,(#5735,#5736,#5737,#5738,#5739,#5740,
#5741,#5742),.UNSPECIFIED.,.F.,.F.,(4,2,2,4),(0.813798294035295,0.852479602499284,
0.989465093529149,0.992879865708782),.UNSPECIFIED.);
#1154=B_SPLINE_CURVE_WITH_KNOTS('',3,(#5769,#5770,#5771,#5772,#5773,#5774,
#5775,#5776,#5777,#5778),.UNSPECIFIED.,.F.,.F.,(4,2,2,2,4),(0.0688841402426992,
0.0965705538758252,0.128570991870069,0.160571429864312,0.188257843497443),
 .UNSPECIFIED.);
#1155=B_SPLINE_CURVE_WITH_KNOTS('',3,(#5806,#5807,#5808,#5809,#5810,#5811,
#5812,#5813),.UNSPECIFIED.,.F.,.F.,(4,2,2,4),(0.0983041825658764,0.101718954745509,
0.238704445775374,0.277385754239363),.UNSPECIFIED.);
#1156=B_SPLINE_CURVE_WITH_KNOTS('',3,(#5866,#5867,#5868,#5869,#5870,#5871,
#5872,#5873),.UNSPECIFIED.,.F.,.F.,(4,2,2,4),(-0.277385754239363,-0.238704445775374,
-0.101718954745509,-0.0983041825658761),.UNSPECIFIED.);
#1157=B_SPLINE_CURVE_WITH_KNOTS('',3,(#5900,#5901,#5902,#5903,#5904,#5905,
#5906,#5907,#5908,#5909),.UNSPECIFIED.,.F.,.F.,(4,2,2,2,4),(-0.188257843497453,
-0.160571429864322,-0.128570991870077,-0.096570553875833,-0.0688841402427013),
 .UNSPECIFIED.);
#1158=B_SPLINE_CURVE_WITH_KNOTS('',3,(#5937,#5938,#5939,#5940,#5941,#5942,
#5943,#5944),.UNSPECIFIED.,.F.,.F.,(4,2,2,4),(-0.992879865708783,-0.98946509352915,
-0.852479602499284,-0.813798294035296),.UNSPECIFIED.);
#1159=B_SPLINE_CURVE_WITH_KNOTS('',3,(#5966,#5967,#5968,#5969,#5970,#5971,
#5972,#5973),.UNSPECIFIED.,.F.,.F.,(4,2,2,4),(-0.277385754239363,-0.238704445775374,
-0.101718954745509,-0.0983041825658764),.UNSPECIFIED.);
#1160=B_SPLINE_CURVE_WITH_KNOTS('',3,(#5975,#5976,#5977,#5978,#5979,#5980,
#5981,#5982,#5983,#5984),.UNSPECIFIED.,.F.,.F.,(4,2,2,2,4),(-0.188257843497443,
-0.160571429864312,-0.128570991870069,-0.0965705538758252,-0.0688841402426992),
 .UNSPECIFIED.);
#1161=B_SPLINE_CURVE_WITH_KNOTS('',3,(#5986,#5987,#5988,#5989,#5990,#5991,
#5992,#5993),.UNSPECIFIED.,.F.,.F.,(4,2,2,4),(-0.992879865708782,-0.989465093529149,
-0.852479602499284,-0.813798294035295),.UNSPECIFIED.);
#1162=B_SPLINE_CURVE_WITH_KNOTS('',3,(#6005,#6006,#6007,#6008,#6009,#6010,
#6011,#6012),.UNSPECIFIED.,.F.,.F.,(4,2,2,4),(-0.277385754239363,-0.238704445775374,
-0.101718954745509,-0.0983041825658763),.UNSPECIFIED.);
#1163=B_SPLINE_CURVE_WITH_KNOTS('',3,(#6014,#6015,#6016,#6017,#6018,#6019,
#6020,#6021,#6022,#6023),.UNSPECIFIED.,.F.,.F.,(4,2,2,2,4),(-0.188257843497463,
-0.160571429864331,-0.128570991870086,-0.0965705538758406,-0.0688841402427032),
 .UNSPECIFIED.);
#1164=B_SPLINE_CURVE_WITH_KNOTS('',3,(#6025,#6026,#6027,#6028,#6029,#6030,
#6031,#6032),.UNSPECIFIED.,.F.,.F.,(4,2,2,4),(-0.992879865708782,-0.989465093529149,
-0.852479602499284,-0.813798294035295),.UNSPECIFIED.);
#1165=B_SPLINE_CURVE_WITH_KNOTS('',3,(#6044,#6045,#6046,#6047,#6048,#6049,
#6050,#6051),.UNSPECIFIED.,.F.,.F.,(4,2,2,4),(-0.277385754239364,-0.238704445775375,
-0.101718954745509,-0.0983041825658764),.UNSPECIFIED.);
#1166=B_SPLINE_CURVE_WITH_KNOTS('',3,(#6053,#6054,#6055,#6056,#6057,#6058,
#6059,#6060,#6061,#6062),.UNSPECIFIED.,.F.,.F.,(4,2,2,2,4),(-0.188257843497543,
-0.160571429864412,-0.128570991870168,-0.0965705538759234,-0.068884140242701),
 .UNSPECIFIED.);
#1167=B_SPLINE_CURVE_WITH_KNOTS('',3,(#6064,#6065,#6066,#6067,#6068,#6069,
#6070,#6071),.UNSPECIFIED.,.F.,.F.,(4,2,2,4),(-0.992879865708781,-0.989465093529149,
-0.852479602499283,-0.813798294035295),.UNSPECIFIED.);
#1168=B_SPLINE_CURVE_WITH_KNOTS('',3,(#6085,#6086,#6087,#6088,#6089,#6090,
#6091,#6092),.UNSPECIFIED.,.F.,.F.,(4,2,2,4),(-0.277385754239364,-0.238704445775375,
-0.10171895474551,-0.0983041825658766),.UNSPECIFIED.);
#1169=B_SPLINE_CURVE_WITH_KNOTS('',3,(#6093,#6094,#6095,#6096,#6097,#6098,
#6099,#6100,#6101,#6102),.UNSPECIFIED.,.F.,.F.,(4,2,2,2,4),(-0.188257843497543,
-0.160571429864412,-0.128570991870168,-0.0965705538759232,-0.0688841402427011),
 .UNSPECIFIED.);
#1170=B_SPLINE_CURVE_WITH_KNOTS('',3,(#6124,#6125,#6126,#6127,#6128,#6129,
#6130,#6131),.UNSPECIFIED.,.F.,.F.,(4,2,2,4),(0.813798294035296,0.852479602499284,
0.98946509352915,0.992879865708783),.UNSPECIFIED.);
#1171=B_SPLINE_CURVE_WITH_KNOTS('',3,(#6133,#6134,#6135,#6136,#6137,#6138,
#6139,#6140,#6141,#6142),.UNSPECIFIED.,.F.,.F.,(4,2,2,2,4),(0.0688841402427013,
0.096570553875833,0.128570991870077,0.160571429864322,0.188257843497453),
 .UNSPECIFIED.);
#1172=B_SPLINE_CURVE_WITH_KNOTS('',3,(#6144,#6145,#6146,#6147,#6148,#6149,
#6150,#6151),.UNSPECIFIED.,.F.,.F.,(4,2,2,4),(0.0983041825658761,0.101718954745509,
0.238704445775374,0.277385754239363),.UNSPECIFIED.);
#1173=B_SPLINE_CURVE_WITH_KNOTS('',3,(#6163,#6164,#6165,#6166,#6167,#6168,
#6169,#6170),.UNSPECIFIED.,.F.,.F.,(4,2,2,4),(0.813798294035296,0.852479602499284,
0.98946509352915,0.992879865708782),.UNSPECIFIED.);
#1174=B_SPLINE_CURVE_WITH_KNOTS('',3,(#6172,#6173,#6174,#6175,#6176,#6177,
#6178,#6179,#6180,#6181),.UNSPECIFIED.,.F.,.F.,(4,2,2,2,4),(0.0688841402427011,
0.096570553875833,0.128570991870077,0.160571429864322,0.188257843497453),
 .UNSPECIFIED.);
#1175=B_SPLINE_CURVE_WITH_KNOTS('',3,(#6183,#6184,#6185,#6186,#6187,#6188,
#6189,#6190),.UNSPECIFIED.,.F.,.F.,(4,2,2,4),(0.0983041825658763,0.101718954745509,
0.238704445775374,0.277385754239363),.UNSPECIFIED.);
#1176=B_SPLINE_CURVE_WITH_KNOTS('',3,(#6204,#6205,#6206,#6207,#6208,#6209,
#6210,#6211),.UNSPECIFIED.,.F.,.F.,(4,2,2,4),(0.813798294035295,0.852479602499284,
0.989465093529149,0.992879865708782),.UNSPECIFIED.);
#1177=B_SPLINE_CURVE_WITH_KNOTS('',3,(#6213,#6214,#6215,#6216,#6217,#6218,
#6219,#6220,#6221,#6222),.UNSPECIFIED.,.F.,.F.,(4,2,2,2,4),(0.068884140242701,
0.0965705538758324,0.128570991870077,0.160571429864321,0.188257843497453),
 .UNSPECIFIED.);
#1178=B_SPLINE_CURVE_WITH_KNOTS('',3,(#6224,#6225,#6226,#6227,#6228,#6229,
#6230,#6231),.UNSPECIFIED.,.F.,.F.,(4,2,2,4),(0.0983041825658763,0.101718954745509,
0.238704445775374,0.277385754239363),.UNSPECIFIED.);
#1179=B_SPLINE_CURVE_WITH_KNOTS('',3,(#6243,#6244,#6245,#6246,#6247,#6248,
#6249,#6250),.UNSPECIFIED.,.F.,.F.,(4,2,2,4),(0.813798294035296,0.852479602499284,
0.98946509352915,0.992879865708782),.UNSPECIFIED.);
#1180=B_SPLINE_CURVE_WITH_KNOTS('',3,(#6252,#6253,#6254,#6255,#6256,#6257,
#6258,#6259,#6260,#6261),.UNSPECIFIED.,.F.,.F.,(4,2,2,2,4),(0.0688841402427065,
0.0965705538758365,0.128570991870079,0.160571429864322,0.188257843497442),
 .UNSPECIFIED.);
#1181=B_SPLINE_CURVE_WITH_KNOTS('',3,(#6263,#6264,#6265,#6266,#6267,#6268,
#6269,#6270),.UNSPECIFIED.,.F.,.F.,(4,2,2,4),(0.0983041825658765,0.101718954745509,
0.238704445775375,0.277385754239363),.UNSPECIFIED.);
#1182=VERTEX_POINT('',#4014);
#1183=VERTEX_POINT('',#4015);
#1184=VERTEX_POINT('',#4024);
#1185=VERTEX_POINT('',#4026);
#1186=VERTEX_POINT('',#4029);
#1187=VERTEX_POINT('',#4031);
#1188=VERTEX_POINT('',#4040);
#1189=VERTEX_POINT('',#4042);
#1190=VERTEX_POINT('',#4051);
#1191=VERTEX_POINT('',#4053);
#1192=VERTEX_POINT('',#4062);
#1193=VERTEX_POINT('',#4064);
#1194=VERTEX_POINT('',#4073);
#1195=VERTEX_POINT('',#4075);
#1196=VERTEX_POINT('',#4084);
#1197=VERTEX_POINT('',#4086);
#1198=VERTEX_POINT('',#4095);
#1199=VERTEX_POINT('',#4097);
#1200=VERTEX_POINT('',#4108);
#1201=VERTEX_POINT('',#4110);
#1202=VERTEX_POINT('',#4112);
#1203=VERTEX_POINT('',#4114);
#1204=VERTEX_POINT('',#4125);
#1205=VERTEX_POINT('',#4139);
#1206=VERTEX_POINT('',#4150);
#1207=VERTEX_POINT('',#4152);
#1208=VERTEX_POINT('',#4156);
#1209=VERTEX_POINT('',#4158);
#1210=VERTEX_POINT('',#4160);
#1211=VERTEX_POINT('',#4162);
#1212=VERTEX_POINT('',#4164);
#1213=VERTEX_POINT('',#4175);
#1214=VERTEX_POINT('',#4189);
#1215=VERTEX_POINT('',#4200);
#1216=VERTEX_POINT('',#4202);
#1217=VERTEX_POINT('',#4206);
#1218=VERTEX_POINT('',#4208);
#1219=VERTEX_POINT('',#4210);
#1220=VERTEX_POINT('',#4212);
#1221=VERTEX_POINT('',#4223);
#1222=VERTEX_POINT('',#4237);
#1223=VERTEX_POINT('',#4248);
#1224=VERTEX_POINT('',#4250);
#1225=VERTEX_POINT('',#4254);
#1226=VERTEX_POINT('',#4256);
#1227=VERTEX_POINT('',#4258);
#1228=VERTEX_POINT('',#4260);
#1229=VERTEX_POINT('',#4271);
#1230=VERTEX_POINT('',#4285);
#1231=VERTEX_POINT('',#4296);
#1232=VERTEX_POINT('',#4298);
#1233=VERTEX_POINT('',#4302);
#1234=VERTEX_POINT('',#4304);
#1235=VERTEX_POINT('',#4306);
#1236=VERTEX_POINT('',#4308);
#1237=VERTEX_POINT('',#4319);
#1238=VERTEX_POINT('',#4333);
#1239=VERTEX_POINT('',#4344);
#1240=VERTEX_POINT('',#4346);
#1241=VERTEX_POINT('',#4348);
#1242=VERTEX_POINT('',#4352);
#1243=VERTEX_POINT('',#4354);
#1244=VERTEX_POINT('',#4356);
#1245=VERTEX_POINT('',#4358);
#1246=VERTEX_POINT('',#4369);
#1247=VERTEX_POINT('',#4383);
#1248=VERTEX_POINT('',#4394);
#1249=VERTEX_POINT('',#4396);
#1250=VERTEX_POINT('',#4400);
#1251=VERTEX_POINT('',#4402);
#1252=VERTEX_POINT('',#4404);
#1253=VERTEX_POINT('',#4406);
#1254=VERTEX_POINT('',#4417);
#1255=VERTEX_POINT('',#4431);
#1256=VERTEX_POINT('',#4442);
#1257=VERTEX_POINT('',#4444);
#1258=VERTEX_POINT('',#4448);
#1259=VERTEX_POINT('',#4450);
#1260=VERTEX_POINT('',#4454);
#1261=VERTEX_POINT('',#4455);
#1262=VERTEX_POINT('',#4464);
#1263=VERTEX_POINT('',#4466);
#1264=VERTEX_POINT('',#4475);
#1265=VERTEX_POINT('',#4477);
#1266=VERTEX_POINT('',#4486);
#1267=VERTEX_POINT('',#4488);
#1268=VERTEX_POINT('',#4497);
#1269=VERTEX_POINT('',#4499);
#1270=VERTEX_POINT('',#4508);
#1271=VERTEX_POINT('',#4511);
#1272=VERTEX_POINT('',#4513);
#1273=VERTEX_POINT('',#4522);
#1274=VERTEX_POINT('',#4524);
#1275=VERTEX_POINT('',#4533);
#1276=VERTEX_POINT('',#4535);
#1277=VERTEX_POINT('',#4546);
#1278=VERTEX_POINT('',#4548);
#1279=VERTEX_POINT('',#4550);
#1280=VERTEX_POINT('',#4552);
#1281=VERTEX_POINT('',#4554);
#1282=VERTEX_POINT('',#4565);
#1283=VERTEX_POINT('',#4579);
#1284=VERTEX_POINT('',#4590);
#1285=VERTEX_POINT('',#4592);
#1286=VERTEX_POINT('',#4596);
#1287=VERTEX_POINT('',#4598);
#1288=VERTEX_POINT('',#4600);
#1289=VERTEX_POINT('',#4602);
#1290=VERTEX_POINT('',#4613);
#1291=VERTEX_POINT('',#4627);
#1292=VERTEX_POINT('',#4638);
#1293=VERTEX_POINT('',#4640);
#1294=VERTEX_POINT('',#4644);
#1295=VERTEX_POINT('',#4646);
#1296=VERTEX_POINT('',#4648);
#1297=VERTEX_POINT('',#4650);
#1298=VERTEX_POINT('',#4661);
#1299=VERTEX_POINT('',#4675);
#1300=VERTEX_POINT('',#4686);
#1301=VERTEX_POINT('',#4688);
#1302=VERTEX_POINT('',#4692);
#1303=VERTEX_POINT('',#4694);
#1304=VERTEX_POINT('',#4696);
#1305=VERTEX_POINT('',#4698);
#1306=VERTEX_POINT('',#4709);
#1307=VERTEX_POINT('',#4723);
#1308=VERTEX_POINT('',#4734);
#1309=VERTEX_POINT('',#4736);
#1310=VERTEX_POINT('',#4738);
#1311=VERTEX_POINT('',#4742);
#1312=VERTEX_POINT('',#4744);
#1313=VERTEX_POINT('',#4746);
#1314=VERTEX_POINT('',#4748);
#1315=VERTEX_POINT('',#4759);
#1316=VERTEX_POINT('',#4773);
#1317=VERTEX_POINT('',#4784);
#1318=VERTEX_POINT('',#4786);
#1319=VERTEX_POINT('',#4790);
#1320=VERTEX_POINT('',#4792);
#1321=VERTEX_POINT('',#4794);
#1322=VERTEX_POINT('',#4796);
#1323=VERTEX_POINT('',#4807);
#1324=VERTEX_POINT('',#4821);
#1325=VERTEX_POINT('',#4832);
#1326=VERTEX_POINT('',#4834);
#1327=VERTEX_POINT('',#4838);
#1328=VERTEX_POINT('',#4840);
#1329=VERTEX_POINT('',#4842);
#1330=VERTEX_POINT('',#4844);
#1331=VERTEX_POINT('',#4855);
#1332=VERTEX_POINT('',#4869);
#1333=VERTEX_POINT('',#4880);
#1334=VERTEX_POINT('',#4882);
#1335=VERTEX_POINT('',#4884);
#1336=VERTEX_POINT('',#4888);
#1337=VERTEX_POINT('',#4890);
#1338=VERTEX_POINT('',#4892);
#1339=VERTEX_POINT('',#4894);
#1340=VERTEX_POINT('',#4896);
#1341=VERTEX_POINT('',#4907);
#1342=VERTEX_POINT('',#4921);
#1343=VERTEX_POINT('',#4932);
#1344=VERTEX_POINT('',#4934);
#1345=VERTEX_POINT('',#4938);
#1346=VERTEX_POINT('',#4940);
#1347=VERTEX_POINT('',#4942);
#1348=VERTEX_POINT('',#4944);
#1349=VERTEX_POINT('',#4955);
#1350=VERTEX_POINT('',#4969);
#1351=VERTEX_POINT('',#4980);
#1352=VERTEX_POINT('',#4982);
#1353=VERTEX_POINT('',#5001);
#1354=VERTEX_POINT('',#5003);
#1355=VERTEX_POINT('',#5029);
#1356=VERTEX_POINT('',#5031);
#1357=VERTEX_POINT('',#5042);
#1358=VERTEX_POINT('',#5065);
#1359=VERTEX_POINT('',#5083);
#1360=VERTEX_POINT('',#5102);
#1361=VERTEX_POINT('',#5113);
#1362=VERTEX_POINT('',#5117);
#1363=VERTEX_POINT('',#5126);
#1364=VERTEX_POINT('',#5135);
#1365=VERTEX_POINT('',#5139);
#1366=VERTEX_POINT('',#5148);
#1367=VERTEX_POINT('',#5167);
#1368=VERTEX_POINT('',#5178);
#1369=VERTEX_POINT('',#5201);
#1370=VERTEX_POINT('',#5219);
#1371=VERTEX_POINT('',#5238);
#1372=VERTEX_POINT('',#5249);
#1373=VERTEX_POINT('',#5253);
#1374=VERTEX_POINT('',#5272);
#1375=VERTEX_POINT('',#5288);
#1376=VERTEX_POINT('',#5311);
#1377=VERTEX_POINT('',#5324);
#1378=VERTEX_POINT('',#5343);
#1379=VERTEX_POINT('',#5359);
#1380=VERTEX_POINT('',#5363);
#1381=VERTEX_POINT('',#5367);
#1382=VERTEX_POINT('',#5376);
#1383=VERTEX_POINT('',#5395);
#1384=VERTEX_POINT('',#5406);
#1385=VERTEX_POINT('',#5429);
#1386=VERTEX_POINT('',#5447);
#1387=VERTEX_POINT('',#5466);
#1388=VERTEX_POINT('',#5477);
#1389=VERTEX_POINT('',#5481);
#1390=VERTEX_POINT('',#5500);
#1391=VERTEX_POINT('',#5516);
#1392=VERTEX_POINT('',#5539);
#1393=VERTEX_POINT('',#5557);
#1394=VERTEX_POINT('',#5576);
#1395=VERTEX_POINT('',#5587);
#1396=VERTEX_POINT('',#5591);
#1397=VERTEX_POINT('',#5600);
#1398=VERTEX_POINT('',#5609);
#1399=VERTEX_POINT('',#5613);
#1400=VERTEX_POINT('',#5617);
#1401=VERTEX_POINT('',#5636);
#1402=VERTEX_POINT('',#5652);
#1403=VERTEX_POINT('',#5675);
#1404=VERTEX_POINT('',#5688);
#1405=VERTEX_POINT('',#5707);
#1406=VERTEX_POINT('',#5733);
#1407=VERTEX_POINT('',#5744);
#1408=VERTEX_POINT('',#5767);
#1409=VERTEX_POINT('',#5785);
#1410=VERTEX_POINT('',#5804);
#1411=VERTEX_POINT('',#5815);
#1412=VERTEX_POINT('',#5819);
#1413=VERTEX_POINT('',#5828);
#1414=VERTEX_POINT('',#5837);
#1415=VERTEX_POINT('',#5841);
#1416=VERTEX_POINT('',#5845);
#1417=VERTEX_POINT('',#5864);
#1418=VERTEX_POINT('',#5875);
#1419=VERTEX_POINT('',#5898);
#1420=VERTEX_POINT('',#5916);
#1421=VERTEX_POINT('',#5935);
#1422=VERTEX_POINT('',#5946);
#1423=VERTEX_POINT('',#5950);
#1424=VERTEX_POINT('',#5952);
#1425=VERTEX_POINT('',#5956);
#1426=VERTEX_POINT('',#5960);
#1427=VERTEX_POINT('',#5961);
#1428=VERTEX_POINT('',#5963);
#1429=VERTEX_POINT('',#5965);
#1430=VERTEX_POINT('',#5974);
#1431=VERTEX_POINT('',#5985);
#1432=VERTEX_POINT('',#5994);
#1433=VERTEX_POINT('',#5996);
#1434=VERTEX_POINT('',#5998);
#1435=VERTEX_POINT('',#6000);
#1436=VERTEX_POINT('',#6002);
#1437=VERTEX_POINT('',#6004);
#1438=VERTEX_POINT('',#6013);
#1439=VERTEX_POINT('',#6024);
#1440=VERTEX_POINT('',#6033);
#1441=VERTEX_POINT('',#6035);
#1442=VERTEX_POINT('',#6037);
#1443=VERTEX_POINT('',#6039);
#1444=VERTEX_POINT('',#6041);
#1445=VERTEX_POINT('',#6043);
#1446=VERTEX_POINT('',#6052);
#1447=VERTEX_POINT('',#6063);
#1448=VERTEX_POINT('',#6072);
#1449=VERTEX_POINT('',#6074);
#1450=VERTEX_POINT('',#6076);
#1451=VERTEX_POINT('',#6078);
#1452=VERTEX_POINT('',#6080);
#1453=VERTEX_POINT('',#6082);
#1454=VERTEX_POINT('',#6084);
#1455=VERTEX_POINT('',#6103);
#1456=VERTEX_POINT('',#6105);
#1457=VERTEX_POINT('',#6107);
#1458=VERTEX_POINT('',#6111);
#1459=VERTEX_POINT('',#6112);
#1460=VERTEX_POINT('',#6114);
#1461=VERTEX_POINT('',#6119);
#1462=VERTEX_POINT('',#6123);
#1463=VERTEX_POINT('',#6132);
#1464=VERTEX_POINT('',#6143);
#1465=VERTEX_POINT('',#6152);
#1466=VERTEX_POINT('',#6154);
#1467=VERTEX_POINT('',#6156);
#1468=VERTEX_POINT('',#6158);
#1469=VERTEX_POINT('',#6160);
#1470=VERTEX_POINT('',#6162);
#1471=VERTEX_POINT('',#6171);
#1472=VERTEX_POINT('',#6182);
#1473=VERTEX_POINT('',#6191);
#1474=VERTEX_POINT('',#6193);
#1475=VERTEX_POINT('',#6195);
#1476=VERTEX_POINT('',#6197);
#1477=VERTEX_POINT('',#6199);
#1478=VERTEX_POINT('',#6201);
#1479=VERTEX_POINT('',#6203);
#1480=VERTEX_POINT('',#6212);
#1481=VERTEX_POINT('',#6223);
#1482=VERTEX_POINT('',#6232);
#1483=VERTEX_POINT('',#6234);
#1484=VERTEX_POINT('',#6236);
#1485=VERTEX_POINT('',#6238);
#1486=VERTEX_POINT('',#6240);
#1487=VERTEX_POINT('',#6242);
#1488=VERTEX_POINT('',#6251);
#1489=VERTEX_POINT('',#6262);
#1490=VERTEX_POINT('',#6271);
#1491=VERTEX_POINT('',#6273);
#1492=VERTEX_POINT('',#6275);
#1493=VERTEX_POINT('',#6277);
#1494=VERTEX_POINT('',#6281);
#1495=VERTEX_POINT('',#6284);
#1496=EDGE_CURVE('',#1182,#1183,#1070,.F.);
#1497=EDGE_CURVE('',#1182,#1184,#984,.T.);
#1498=EDGE_CURVE('',#1184,#1185,#985,.T.);
#1499=EDGE_CURVE('',#1185,#1185,#986,.T.);
#1500=EDGE_CURVE('',#1184,#1186,#987,.T.);
#1501=EDGE_CURVE('',#1187,#1186,#1071,.F.);
#1502=EDGE_CURVE('',#1187,#1188,#988,.T.);
#1503=EDGE_CURVE('',#1189,#1188,#1072,.F.);
#1504=EDGE_CURVE('',#1189,#1190,#989,.T.);
#1505=EDGE_CURVE('',#1191,#1190,#1073,.F.);
#1506=EDGE_CURVE('',#1191,#1192,#990,.T.);
#1507=EDGE_CURVE('',#1193,#1192,#1074,.F.);
#1508=EDGE_CURVE('',#1193,#1194,#991,.T.);
#1509=EDGE_CURVE('',#1195,#1194,#1075,.F.);
#1510=EDGE_CURVE('',#1195,#1196,#992,.T.);
#1511=EDGE_CURVE('',#1197,#1196,#1076,.F.);
#1512=EDGE_CURVE('',#1197,#1198,#993,.T.);
#1513=EDGE_CURVE('',#1199,#1198,#1077,.F.);
#1514=EDGE_CURVE('',#1199,#1183,#994,.T.);
#1515=EDGE_CURVE('',#1200,#1187,#995,.T.);
#1516=EDGE_CURVE('',#1201,#1200,#532,.T.);
#1517=EDGE_CURVE('',#1202,#1201,#128,.T.);
#1518=EDGE_CURVE('',#1203,#1202,#1078,.T.);
#1519=EDGE_CURVE('',#1204,#1203,#1079,.T.);
#1520=EDGE_CURVE('',#1205,#1204,#1080,.T.);
#1521=EDGE_CURVE('',#1206,#1205,#129,.T.);
#1522=EDGE_CURVE('',#1207,#1206,#533,.T.);
#1523=EDGE_CURVE('',#1188,#1207,#996,.T.);
#1524=EDGE_CURVE('',#1208,#1189,#997,.T.);
#1525=EDGE_CURVE('',#1209,#1208,#998,.T.);
#1526=EDGE_CURVE('',#1210,#1209,#534,.T.);
#1527=EDGE_CURVE('',#1211,#1210,#130,.T.);
#1528=EDGE_CURVE('',#1212,#1211,#1081,.T.);
#1529=EDGE_CURVE('',#1213,#1212,#1082,.T.);
#1530=EDGE_CURVE('',#1214,#1213,#1083,.T.);
#1531=EDGE_CURVE('',#1215,#1214,#131,.T.);
#1532=EDGE_CURVE('',#1216,#1215,#535,.T.);
#1533=EDGE_CURVE('',#1190,#1216,#999,.T.);
#1534=EDGE_CURVE('',#1217,#1182,#1000,.T.);
#1535=EDGE_CURVE('',#1218,#1217,#536,.T.);
#1536=EDGE_CURVE('',#1219,#1218,#132,.T.);
#1537=EDGE_CURVE('',#1220,#1219,#1084,.T.);
#1538=EDGE_CURVE('',#1221,#1220,#1085,.T.);
#1539=EDGE_CURVE('',#1222,#1221,#1086,.T.);
#1540=EDGE_CURVE('',#1223,#1222,#133,.T.);
#1541=EDGE_CURVE('',#1224,#1223,#537,.T.);
#1542=EDGE_CURVE('',#1186,#1224,#1001,.T.);
#1543=EDGE_CURVE('',#1225,#1191,#1002,.T.);
#1544=EDGE_CURVE('',#1226,#1225,#538,.T.);
#1545=EDGE_CURVE('',#1227,#1226,#134,.T.);
#1546=EDGE_CURVE('',#1228,#1227,#1087,.T.);
#1547=EDGE_CURVE('',#1229,#1228,#1088,.T.);
#1548=EDGE_CURVE('',#1230,#1229,#1089,.T.);
#1549=EDGE_CURVE('',#1231,#1230,#135,.T.);
#1550=EDGE_CURVE('',#1232,#1231,#539,.T.);
#1551=EDGE_CURVE('',#1192,#1232,#1003,.T.);
#1552=EDGE_CURVE('',#1233,#1199,#1004,.T.);
#1553=EDGE_CURVE('',#1234,#1233,#540,.T.);
#1554=EDGE_CURVE('',#1235,#1234,#136,.T.);
#1555=EDGE_CURVE('',#1236,#1235,#1090,.T.);
#1556=EDGE_CURVE('',#1237,#1236,#1091,.T.);
#1557=EDGE_CURVE('',#1238,#1237,#1092,.T.);
#1558=EDGE_CURVE('',#1239,#1238,#137,.T.);
#1559=EDGE_CURVE('',#1240,#1239,#541,.T.);
#1560=EDGE_CURVE('',#1241,#1240,#542,.T.);
#1561=EDGE_CURVE('',#1183,#1241,#1005,.T.);
#1562=EDGE_CURVE('',#1242,#1193,#1006,.T.);
#1563=EDGE_CURVE('',#1243,#1242,#543,.T.);
#1564=EDGE_CURVE('',#1244,#1243,#138,.T.);
#1565=EDGE_CURVE('',#1245,#1244,#1093,.T.);
#1566=EDGE_CURVE('',#1246,#1245,#1094,.T.);
#1567=EDGE_CURVE('',#1247,#1246,#1095,.T.);
#1568=EDGE_CURVE('',#1248,#1247,#139,.T.);
#1569=EDGE_CURVE('',#1249,#1248,#544,.T.);
#1570=EDGE_CURVE('',#1194,#1249,#1007,.T.);
#1571=EDGE_CURVE('',#1250,#1197,#1008,.T.);
#1572=EDGE_CURVE('',#1251,#1250,#545,.T.);
#1573=EDGE_CURVE('',#1252,#1251,#140,.T.);
#1574=EDGE_CURVE('',#1253,#1252,#1096,.T.);
#1575=EDGE_CURVE('',#1254,#1253,#1097,.T.);
#1576=EDGE_CURVE('',#1255,#1254,#1098,.T.);
#1577=EDGE_CURVE('',#1256,#1255,#141,.T.);
#1578=EDGE_CURVE('',#1257,#1256,#546,.T.);
#1579=EDGE_CURVE('',#1198,#1257,#1009,.T.);
#1580=EDGE_CURVE('',#1185,#1258,#142,.T.);
#1581=EDGE_CURVE('',#1259,#1258,#1010,.T.);
#1582=EDGE_CURVE('',#1258,#1259,#1011,.T.);
#1583=EDGE_CURVE('',#1260,#1261,#1099,.F.);
#1584=EDGE_CURVE('',#1260,#1262,#1012,.T.);
#1585=EDGE_CURVE('',#1263,#1262,#1100,.F.);
#1586=EDGE_CURVE('',#1263,#1264,#1013,.T.);
#1587=EDGE_CURVE('',#1265,#1264,#1101,.F.);
#1588=EDGE_CURVE('',#1265,#1266,#1014,.T.);
#1589=EDGE_CURVE('',#1267,#1266,#1102,.F.);
#1590=EDGE_CURVE('',#1267,#1268,#1015,.T.);
#1591=EDGE_CURVE('',#1269,#1268,#1103,.F.);
#1592=EDGE_CURVE('',#1269,#1270,#1016,.T.);
#1593=EDGE_CURVE('',#1270,#1259,#1017,.T.);
#1594=EDGE_CURVE('',#1270,#1271,#1018,.T.);
#1595=EDGE_CURVE('',#1272,#1271,#1104,.F.);
#1596=EDGE_CURVE('',#1272,#1273,#1019,.T.);
#1597=EDGE_CURVE('',#1274,#1273,#1105,.F.);
#1598=EDGE_CURVE('',#1274,#1275,#1020,.T.);
#1599=EDGE_CURVE('',#1276,#1275,#1106,.F.);
#1600=EDGE_CURVE('',#1276,#1261,#1021,.T.);
#1601=EDGE_CURVE('',#1277,#1263,#1022,.T.);
#1602=EDGE_CURVE('',#1278,#1277,#547,.T.);
#1603=EDGE_CURVE('',#1279,#1278,#548,.T.);
#1604=EDGE_CURVE('',#1280,#1279,#143,.T.);
#1605=EDGE_CURVE('',#1281,#1280,#1107,.T.);
#1606=EDGE_CURVE('',#1282,#1281,#1108,.T.);
#1607=EDGE_CURVE('',#1283,#1282,#1109,.T.);
#1608=EDGE_CURVE('',#1284,#1283,#144,.T.);
#1609=EDGE_CURVE('',#1285,#1284,#549,.T.);
#1610=EDGE_CURVE('',#1264,#1285,#1023,.T.);
#1611=EDGE_CURVE('',#1286,#1265,#1024,.T.);
#1612=EDGE_CURVE('',#1287,#1286,#550,.T.);
#1613=EDGE_CURVE('',#1288,#1287,#145,.T.);
#1614=EDGE_CURVE('',#1289,#1288,#1110,.T.);
#1615=EDGE_CURVE('',#1290,#1289,#1111,.T.);
#1616=EDGE_CURVE('',#1291,#1290,#1112,.T.);
#1617=EDGE_CURVE('',#1292,#1291,#146,.T.);
#1618=EDGE_CURVE('',#1293,#1292,#551,.T.);
#1619=EDGE_CURVE('',#1266,#1293,#1025,.T.);
#1620=EDGE_CURVE('',#1294,#1260,#1026,.T.);
#1621=EDGE_CURVE('',#1295,#1294,#552,.T.);
#1622=EDGE_CURVE('',#1296,#1295,#147,.T.);
#1623=EDGE_CURVE('',#1297,#1296,#1113,.T.);
#1624=EDGE_CURVE('',#1298,#1297,#1114,.T.);
#1625=EDGE_CURVE('',#1299,#1298,#1115,.T.);
#1626=EDGE_CURVE('',#1300,#1299,#148,.T.);
#1627=EDGE_CURVE('',#1301,#1300,#553,.T.);
#1628=EDGE_CURVE('',#1262,#1301,#1027,.T.);
#1629=EDGE_CURVE('',#1302,#1267,#1028,.T.);
#1630=EDGE_CURVE('',#1303,#1302,#554,.T.);
#1631=EDGE_CURVE('',#1304,#1303,#149,.T.);
#1632=EDGE_CURVE('',#1305,#1304,#1116,.T.);
#1633=EDGE_CURVE('',#1306,#1305,#1117,.T.);
#1634=EDGE_CURVE('',#1307,#1306,#1118,.T.);
#1635=EDGE_CURVE('',#1308,#1307,#150,.T.);
#1636=EDGE_CURVE('',#1309,#1308,#555,.T.);
#1637=EDGE_CURVE('',#1310,#1309,#556,.T.);
#1638=EDGE_CURVE('',#1268,#1310,#1029,.T.);
#1639=EDGE_CURVE('',#1311,#1276,#1030,.T.);
#1640=EDGE_CURVE('',#1312,#1311,#557,.T.);
#1641=EDGE_CURVE('',#1313,#1312,#151,.T.);
#1642=EDGE_CURVE('',#1314,#1313,#1119,.T.);
#1643=EDGE_CURVE('',#1315,#1314,#1120,.T.);
#1644=EDGE_CURVE('',#1316,#1315,#1121,.T.);
#1645=EDGE_CURVE('',#1317,#1316,#152,.T.);
#1646=EDGE_CURVE('',#1318,#1317,#558,.T.);
#1647=EDGE_CURVE('',#1261,#1318,#1031,.T.);
#1648=EDGE_CURVE('',#1319,#1269,#1032,.T.);
#1649=EDGE_CURVE('',#1320,#1319,#559,.T.);
#1650=EDGE_CURVE('',#1321,#1320,#153,.T.);
#1651=EDGE_CURVE('',#1322,#1321,#1122,.T.);
#1652=EDGE_CURVE('',#1323,#1322,#1123,.T.);
#1653=EDGE_CURVE('',#1324,#1323,#1124,.T.);
#1654=EDGE_CURVE('',#1325,#1324,#154,.T.);
#1655=EDGE_CURVE('',#1326,#1325,#560,.T.);
#1656=EDGE_CURVE('',#1271,#1326,#1033,.T.);
#1657=EDGE_CURVE('',#1327,#1274,#1034,.T.);
#1658=EDGE_CURVE('',#1328,#1327,#561,.T.);
#1659=EDGE_CURVE('',#1329,#1328,#155,.T.);
#1660=EDGE_CURVE('',#1330,#1329,#1125,.T.);
#1661=EDGE_CURVE('',#1331,#1330,#1126,.T.);
#1662=EDGE_CURVE('',#1332,#1331,#1127,.T.);
#1663=EDGE_CURVE('',#1333,#1332,#156,.T.);
#1664=EDGE_CURVE('',#1334,#1333,#562,.T.);
#1665=EDGE_CURVE('',#1335,#1334,#1035,.T.);
#1666=EDGE_CURVE('',#1275,#1335,#1036,.T.);
#1667=EDGE_CURVE('',#1336,#1195,#1037,.T.);
#1668=EDGE_CURVE('',#1337,#1336,#563,.T.);
#1669=EDGE_CURVE('',#1338,#1337,#564,.T.);
#1670=EDGE_CURVE('',#1339,#1338,#157,.T.);
#1671=EDGE_CURVE('',#1340,#1339,#1128,.T.);
#1672=EDGE_CURVE('',#1341,#1340,#1129,.T.);
#1673=EDGE_CURVE('',#1342,#1341,#1130,.T.);
#1674=EDGE_CURVE('',#1343,#1342,#158,.T.);
#1675=EDGE_CURVE('',#1344,#1343,#565,.T.);
#1676=EDGE_CURVE('',#1196,#1344,#1038,.T.);
#1677=EDGE_CURVE('',#1345,#1272,#1039,.T.);
#1678=EDGE_CURVE('',#1346,#1345,#566,.T.);
#1679=EDGE_CURVE('',#1347,#1346,#159,.T.);
#1680=EDGE_CURVE('',#1348,#1347,#1131,.T.);
#1681=EDGE_CURVE('',#1349,#1348,#1132,.T.);
#1682=EDGE_CURVE('',#1350,#1349,#1133,.T.);
#1683=EDGE_CURVE('',#1351,#1350,#160,.T.);
#1684=EDGE_CURVE('',#1352,#1351,#567,.T.);
#1685=EDGE_CURVE('',#1273,#1352,#1040,.T.);
#1686=EDGE_CURVE('',#1304,#1353,#161,.T.);
#1687=EDGE_CURVE('',#1354,#1353,#1134,.T.);
#1688=EDGE_CURVE('',#1305,#1354,#162,.T.);
#1689=EDGE_CURVE('',#1355,#1341,#163,.T.);
#1690=EDGE_CURVE('',#1356,#1355,#1135,.T.);
#1691=EDGE_CURVE('',#1356,#1342,#164,.T.);
#1692=EDGE_CURVE('',#1303,#1357,#165,.T.);
#1693=EDGE_CURVE('',#1353,#1357,#166,.T.);
#1694=EDGE_CURVE('',#1358,#1340,#167,.T.);
#1695=EDGE_CURVE('',#1355,#1358,#1136,.T.);
#1696=EDGE_CURVE('',#1302,#1359,#168,.T.);
#1697=EDGE_CURVE('',#1357,#1359,#568,.T.);
#1698=EDGE_CURVE('',#1360,#1339,#169,.T.);
#1699=EDGE_CURVE('',#1358,#1360,#1137,.T.);
#1700=EDGE_CURVE('',#1293,#1361,#170,.T.);
#1701=EDGE_CURVE('',#1359,#1361,#1041,.T.);
#1702=EDGE_CURVE('',#1362,#1338,#171,.T.);
#1703=EDGE_CURVE('',#1360,#1362,#172,.T.);
#1704=EDGE_CURVE('',#1292,#1363,#173,.T.);
#1705=EDGE_CURVE('',#1361,#1363,#569,.T.);
#1706=EDGE_CURVE('',#1364,#1337,#174,.T.);
#1707=EDGE_CURVE('',#1362,#1364,#570,.T.);
#1708=EDGE_CURVE('',#1291,#1365,#175,.T.);
#1709=EDGE_CURVE('',#1363,#1365,#176,.T.);
#1710=EDGE_CURVE('',#1366,#1336,#177,.T.);
#1711=EDGE_CURVE('',#1364,#1366,#571,.T.);
#1712=EDGE_CURVE('',#1290,#1367,#178,.T.);
#1713=EDGE_CURVE('',#1365,#1367,#1138,.T.);
#1714=EDGE_CURVE('',#1368,#1249,#179,.T.);
#1715=EDGE_CURVE('',#1366,#1368,#1042,.T.);
#1716=EDGE_CURVE('',#1289,#1369,#180,.T.);
#1717=EDGE_CURVE('',#1367,#1369,#1139,.T.);
#1718=EDGE_CURVE('',#1370,#1248,#181,.T.);
#1719=EDGE_CURVE('',#1368,#1370,#572,.T.);
#1720=EDGE_CURVE('',#1288,#1371,#182,.T.);
#1721=EDGE_CURVE('',#1369,#1371,#1140,.T.);
#1722=EDGE_CURVE('',#1372,#1247,#183,.T.);
#1723=EDGE_CURVE('',#1370,#1372,#184,.T.);
#1724=EDGE_CURVE('',#1287,#1373,#185,.T.);
#1725=EDGE_CURVE('',#1371,#1373,#186,.T.);
#1726=EDGE_CURVE('',#1374,#1246,#187,.T.);
#1727=EDGE_CURVE('',#1372,#1374,#1141,.T.);
#1728=EDGE_CURVE('',#1286,#1375,#188,.T.);
#1729=EDGE_CURVE('',#1373,#1375,#573,.T.);
#1730=EDGE_CURVE('',#1376,#1245,#189,.T.);
#1731=EDGE_CURVE('',#1374,#1376,#1142,.T.);
#1732=EDGE_CURVE('',#1285,#1377,#190,.T.);
#1733=EDGE_CURVE('',#1375,#1377,#1043,.T.);
#1734=EDGE_CURVE('',#1378,#1244,#191,.T.);
#1735=EDGE_CURVE('',#1376,#1378,#1143,.T.);
#1736=EDGE_CURVE('',#1284,#1379,#192,.T.);
#1737=EDGE_CURVE('',#1377,#1379,#574,.T.);
#1738=EDGE_CURVE('',#1380,#1243,#193,.T.);
#1739=EDGE_CURVE('',#1378,#1380,#194,.T.);
#1740=EDGE_CURVE('',#1283,#1381,#195,.T.);
#1741=EDGE_CURVE('',#1379,#1381,#196,.T.);
#1742=EDGE_CURVE('',#1382,#1242,#197,.T.);
#1743=EDGE_CURVE('',#1380,#1382,#575,.T.);
#1744=EDGE_CURVE('',#1282,#1383,#198,.T.);
#1745=EDGE_CURVE('',#1381,#1383,#1144,.T.);
#1746=EDGE_CURVE('',#1384,#1232,#199,.T.);
#1747=EDGE_CURVE('',#1382,#1384,#1044,.T.);
#1748=EDGE_CURVE('',#1281,#1385,#200,.T.);
#1749=EDGE_CURVE('',#1383,#1385,#1145,.T.);
#1750=EDGE_CURVE('',#1386,#1231,#201,.T.);
#1751=EDGE_CURVE('',#1384,#1386,#576,.T.);
#1752=EDGE_CURVE('',#1280,#1387,#202,.T.);
#1753=EDGE_CURVE('',#1385,#1387,#1146,.T.);
#1754=EDGE_CURVE('',#1388,#1230,#203,.T.);
#1755=EDGE_CURVE('',#1386,#1388,#204,.T.);
#1756=EDGE_CURVE('',#1279,#1389,#205,.T.);
#1757=EDGE_CURVE('',#1387,#1389,#206,.T.);
#1758=EDGE_CURVE('',#1390,#1229,#207,.T.);
#1759=EDGE_CURVE('',#1388,#1390,#1147,.T.);
#1760=EDGE_CURVE('',#1278,#1391,#208,.T.);
#1761=EDGE_CURVE('',#1389,#1391,#577,.T.);
#1762=EDGE_CURVE('',#1392,#1228,#209,.T.);
#1763=EDGE_CURVE('',#1390,#1392,#1148,.T.);
#1764=EDGE_CURVE('',#1277,#1393,#210,.T.);
#1765=EDGE_CURVE('',#1391,#1393,#578,.T.);
#1766=EDGE_CURVE('',#1394,#1227,#211,.T.);
#1767=EDGE_CURVE('',#1392,#1394,#1149,.T.);
#1768=EDGE_CURVE('',#1301,#1395,#212,.T.);
#1769=EDGE_CURVE('',#1393,#1395,#1045,.T.);
#1770=EDGE_CURVE('',#1396,#1226,#213,.T.);
#1771=EDGE_CURVE('',#1394,#1396,#214,.T.);
#1772=EDGE_CURVE('',#1300,#1397,#215,.T.);
#1773=EDGE_CURVE('',#1395,#1397,#579,.T.);
#1774=EDGE_CURVE('',#1398,#1225,#216,.T.);
#1775=EDGE_CURVE('',#1396,#1398,#580,.T.);
#1776=EDGE_CURVE('',#1299,#1399,#217,.T.);
#1777=EDGE_CURVE('',#1397,#1399,#218,.T.);
#1778=EDGE_CURVE('',#1400,#1216,#219,.T.);
#1779=EDGE_CURVE('',#1398,#1400,#1046,.T.);
#1780=EDGE_CURVE('',#1298,#1401,#220,.T.);
#1781=EDGE_CURVE('',#1399,#1401,#1150,.T.);
#1782=EDGE_CURVE('',#1402,#1215,#221,.T.);
#1783=EDGE_CURVE('',#1400,#1402,#581,.T.);
#1784=EDGE_CURVE('',#1297,#1403,#222,.T.);
#1785=EDGE_CURVE('',#1401,#1403,#1151,.T.);
#1786=EDGE_CURVE('',#1404,#1214,#223,.T.);
#1787=EDGE_CURVE('',#1402,#1404,#224,.T.);
#1788=EDGE_CURVE('',#1296,#1405,#225,.T.);
#1789=EDGE_CURVE('',#1403,#1405,#1152,.T.);
#1790=EDGE_CURVE('',#1406,#1213,#226,.T.);
#1791=EDGE_CURVE('',#1404,#1406,#1153,.T.);
#1792=EDGE_CURVE('',#1295,#1407,#227,.T.);
#1793=EDGE_CURVE('',#1405,#1407,#228,.T.);
#1794=EDGE_CURVE('',#1408,#1212,#229,.T.);
#1795=EDGE_CURVE('',#1406,#1408,#1154,.T.);
#1796=EDGE_CURVE('',#1294,#1409,#230,.T.);
#1797=EDGE_CURVE('',#1407,#1409,#582,.T.);
#1798=EDGE_CURVE('',#1410,#1211,#231,.T.);
#1799=EDGE_CURVE('',#1408,#1410,#1155,.T.);
#1800=EDGE_CURVE('',#1318,#1411,#232,.T.);
#1801=EDGE_CURVE('',#1409,#1411,#1047,.T.);
#1802=EDGE_CURVE('',#1412,#1210,#233,.T.);
#1803=EDGE_CURVE('',#1410,#1412,#234,.T.);
#1804=EDGE_CURVE('',#1317,#1413,#235,.T.);
#1805=EDGE_CURVE('',#1411,#1413,#583,.T.);
#1806=EDGE_CURVE('',#1414,#1209,#236,.T.);
#1807=EDGE_CURVE('',#1412,#1414,#584,.T.);
#1808=EDGE_CURVE('',#1316,#1415,#237,.T.);
#1809=EDGE_CURVE('',#1413,#1415,#238,.T.);
#1810=EDGE_CURVE('',#1416,#1208,#239,.T.);
#1811=EDGE_CURVE('',#1414,#1416,#1048,.T.);
#1812=EDGE_CURVE('',#1315,#1417,#240,.T.);
#1813=EDGE_CURVE('',#1415,#1417,#1156,.T.);
#1814=EDGE_CURVE('',#1418,#1207,#241,.T.);
#1815=EDGE_CURVE('',#1416,#1418,#1049,.T.);
#1816=EDGE_CURVE('',#1314,#1419,#242,.T.);
#1817=EDGE_CURVE('',#1417,#1419,#1157,.T.);
#1818=EDGE_CURVE('',#1420,#1206,#243,.T.);
#1819=EDGE_CURVE('',#1418,#1420,#585,.T.);
#1820=EDGE_CURVE('',#1313,#1421,#244,.T.);
#1821=EDGE_CURVE('',#1419,#1421,#1158,.T.);
#1822=EDGE_CURVE('',#1422,#1205,#245,.T.);
#1823=EDGE_CURVE('',#1420,#1422,#246,.T.);
#1824=EDGE_CURVE('',#1423,#1423,#1050,.T.);
#1825=EDGE_CURVE('',#1423,#1424,#1051,.T.);
#1826=EDGE_CURVE('',#1424,#1424,#1052,.T.);
#1827=EDGE_CURVE('',#1423,#1425,#247,.T.);
#1828=EDGE_CURVE('',#1425,#1425,#1053,.T.);
#1829=EDGE_CURVE('',#1426,#1427,#586,.T.);
#1830=EDGE_CURVE('',#1427,#1428,#248,.T.);
#1831=EDGE_CURVE('',#1428,#1429,#1159,.T.);
#1832=EDGE_CURVE('',#1429,#1430,#1160,.T.);
#1833=EDGE_CURVE('',#1430,#1431,#1161,.T.);
#1834=EDGE_CURVE('',#1431,#1432,#249,.T.);
#1835=EDGE_CURVE('',#1432,#1433,#587,.T.);
#1836=EDGE_CURVE('',#1433,#1434,#1054,.T.);
#1837=EDGE_CURVE('',#1434,#1435,#588,.T.);
#1838=EDGE_CURVE('',#1435,#1436,#250,.T.);
#1839=EDGE_CURVE('',#1436,#1437,#1162,.T.);
#1840=EDGE_CURVE('',#1437,#1438,#1163,.T.);
#1841=EDGE_CURVE('',#1438,#1439,#1164,.T.);
#1842=EDGE_CURVE('',#1439,#1440,#251,.T.);
#1843=EDGE_CURVE('',#1440,#1441,#589,.T.);
#1844=EDGE_CURVE('',#1441,#1442,#1055,.T.);
#1845=EDGE_CURVE('',#1442,#1443,#590,.T.);
#1846=EDGE_CURVE('',#1443,#1444,#252,.T.);
#1847=EDGE_CURVE('',#1444,#1445,#1165,.T.);
#1848=EDGE_CURVE('',#1445,#1446,#1166,.T.);
#1849=EDGE_CURVE('',#1446,#1447,#1167,.T.);
#1850=EDGE_CURVE('',#1447,#1448,#253,.T.);
#1851=EDGE_CURVE('',#1448,#1449,#591,.T.);
#1852=EDGE_CURVE('',#1449,#1450,#1056,.T.);
#1853=EDGE_CURVE('',#1450,#1451,#592,.T.);
#1854=EDGE_CURVE('',#1451,#1452,#593,.T.);
#1855=EDGE_CURVE('',#1452,#1453,#254,.T.);
#1856=EDGE_CURVE('',#1453,#1454,#1168,.T.);
#1857=EDGE_CURVE('',#1454,#1354,#1169,.T.);
#1858=EDGE_CURVE('',#1421,#1455,#255,.T.);
#1859=EDGE_CURVE('',#1455,#1456,#594,.T.);
#1860=EDGE_CURVE('',#1456,#1457,#1057,.T.);
#1861=EDGE_CURVE('',#1457,#1426,#1058,.T.);
#1862=EDGE_CURVE('',#1458,#1459,#1059,.T.);
#1863=EDGE_CURVE('',#1459,#1460,#1060,.T.);
#1864=EDGE_CURVE('',#1460,#1460,#1061,.T.);
#1865=EDGE_CURVE('',#1459,#1458,#1062,.T.);
#1866=EDGE_CURVE('',#1461,#1461,#1063,.T.);
#1867=EDGE_CURVE('',#1461,#1458,#256,.T.);
#1868=EDGE_CURVE('',#1422,#1462,#1170,.T.);
#1869=EDGE_CURVE('',#1462,#1463,#1171,.T.);
#1870=EDGE_CURVE('',#1463,#1464,#1172,.T.);
#1871=EDGE_CURVE('',#1464,#1465,#257,.T.);
#1872=EDGE_CURVE('',#1465,#1466,#595,.T.);
#1873=EDGE_CURVE('',#1466,#1467,#1064,.T.);
#1874=EDGE_CURVE('',#1467,#1468,#596,.T.);
#1875=EDGE_CURVE('',#1468,#1469,#258,.T.);
#1876=EDGE_CURVE('',#1469,#1470,#1173,.T.);
#1877=EDGE_CURVE('',#1470,#1471,#1174,.T.);
#1878=EDGE_CURVE('',#1471,#1472,#1175,.T.);
#1879=EDGE_CURVE('',#1472,#1473,#259,.T.);
#1880=EDGE_CURVE('',#1473,#1474,#597,.T.);
#1881=EDGE_CURVE('',#1474,#1475,#1065,.T.);
#1882=EDGE_CURVE('',#1475,#1476,#598,.T.);
#1883=EDGE_CURVE('',#1476,#1477,#599,.T.);
#1884=EDGE_CURVE('',#1477,#1478,#260,.T.);
#1885=EDGE_CURVE('',#1478,#1479,#1176,.T.);
#1886=EDGE_CURVE('',#1479,#1480,#1177,.T.);
#1887=EDGE_CURVE('',#1480,#1481,#1178,.T.);
#1888=EDGE_CURVE('',#1481,#1482,#261,.T.);
#1889=EDGE_CURVE('',#1482,#1483,#600,.T.);
#1890=EDGE_CURVE('',#1483,#1484,#1066,.T.);
#1891=EDGE_CURVE('',#1484,#1485,#601,.T.);
#1892=EDGE_CURVE('',#1485,#1486,#262,.T.);
#1893=EDGE_CURVE('',#1486,#1487,#1179,.T.);
#1894=EDGE_CURVE('',#1487,#1488,#1180,.T.);
#1895=EDGE_CURVE('',#1488,#1489,#1181,.T.);
#1896=EDGE_CURVE('',#1489,#1490,#263,.T.);
#1897=EDGE_CURVE('',#1490,#1491,#602,.T.);
#1898=EDGE_CURVE('',#1491,#1492,#1067,.T.);
#1899=EDGE_CURVE('',#1492,#1493,#603,.T.);
#1900=EDGE_CURVE('',#1493,#1356,#264,.T.);
#1901=EDGE_CURVE('',#1494,#1494,#1068,.T.);
#1902=EDGE_CURVE('',#1495,#1495,#1069,.T.);
#1903=EDGE_CURVE('',#1495,#1494,#265,.T.);
#1904=EDGE_CURVE('',#1334,#1426,#266,.T.);
#1905=EDGE_CURVE('',#1335,#1457,#267,.T.);
#1906=EDGE_CURVE('',#1311,#1456,#268,.T.);
#1907=EDGE_CURVE('',#1312,#1455,#269,.T.);
#1908=EDGE_CURVE('',#1462,#1204,#270,.T.);
#1909=EDGE_CURVE('',#1463,#1203,#271,.T.);
#1910=EDGE_CURVE('',#1464,#1202,#272,.T.);
#1911=EDGE_CURVE('',#1465,#1201,#273,.T.);
#1912=EDGE_CURVE('',#1466,#1200,#274,.T.);
#1913=EDGE_CURVE('',#1467,#1224,#275,.T.);
#1914=EDGE_CURVE('',#1468,#1223,#276,.T.);
#1915=EDGE_CURVE('',#1469,#1222,#277,.T.);
#1916=EDGE_CURVE('',#1470,#1221,#278,.T.);
#1917=EDGE_CURVE('',#1471,#1220,#279,.T.);
#1918=EDGE_CURVE('',#1472,#1219,#280,.T.);
#1919=EDGE_CURVE('',#1473,#1218,#281,.T.);
#1920=EDGE_CURVE('',#1474,#1217,#282,.T.);
#1921=EDGE_CURVE('',#1475,#1241,#283,.T.);
#1922=EDGE_CURVE('',#1476,#1240,#284,.T.);
#1923=EDGE_CURVE('',#1477,#1239,#285,.T.);
#1924=EDGE_CURVE('',#1478,#1238,#286,.T.);
#1925=EDGE_CURVE('',#1479,#1237,#287,.T.);
#1926=EDGE_CURVE('',#1480,#1236,#288,.T.);
#1927=EDGE_CURVE('',#1481,#1235,#289,.T.);
#1928=EDGE_CURVE('',#1482,#1234,#290,.T.);
#1929=EDGE_CURVE('',#1483,#1233,#291,.T.);
#1930=EDGE_CURVE('',#1484,#1257,#292,.T.);
#1931=EDGE_CURVE('',#1485,#1256,#293,.T.);
#1932=EDGE_CURVE('',#1486,#1255,#294,.T.);
#1933=EDGE_CURVE('',#1487,#1254,#295,.T.);
#1934=EDGE_CURVE('',#1488,#1253,#296,.T.);
#1935=EDGE_CURVE('',#1489,#1252,#297,.T.);
#1936=EDGE_CURVE('',#1490,#1251,#298,.T.);
#1937=EDGE_CURVE('',#1491,#1250,#299,.T.);
#1938=EDGE_CURVE('',#1492,#1344,#300,.T.);
#1939=EDGE_CURVE('',#1493,#1343,#301,.T.);
#1940=EDGE_CURVE('',#1306,#1454,#302,.T.);
#1941=EDGE_CURVE('',#1307,#1453,#303,.T.);
#1942=EDGE_CURVE('',#1308,#1452,#304,.T.);
#1943=EDGE_CURVE('',#1309,#1451,#305,.T.);
#1944=EDGE_CURVE('',#1310,#1450,#306,.T.);
#1945=EDGE_CURVE('',#1319,#1449,#307,.T.);
#1946=EDGE_CURVE('',#1320,#1448,#308,.T.);
#1947=EDGE_CURVE('',#1321,#1447,#309,.T.);
#1948=EDGE_CURVE('',#1322,#1446,#310,.T.);
#1949=EDGE_CURVE('',#1323,#1445,#311,.T.);
#1950=EDGE_CURVE('',#1324,#1444,#312,.T.);
#1951=EDGE_CURVE('',#1325,#1443,#313,.T.);
#1952=EDGE_CURVE('',#1326,#1442,#314,.T.);
#1953=EDGE_CURVE('',#1345,#1441,#315,.T.);
#1954=EDGE_CURVE('',#1346,#1440,#316,.T.);
#1955=EDGE_CURVE('',#1347,#1439,#317,.T.);
#1956=EDGE_CURVE('',#1348,#1438,#318,.T.);
#1957=EDGE_CURVE('',#1349,#1437,#319,.T.);
#1958=EDGE_CURVE('',#1350,#1436,#320,.T.);
#1959=EDGE_CURVE('',#1351,#1435,#321,.T.);
#1960=EDGE_CURVE('',#1352,#1434,#322,.T.);
#1961=EDGE_CURVE('',#1327,#1433,#323,.T.);
#1962=EDGE_CURVE('',#1328,#1432,#324,.T.);
#1963=EDGE_CURVE('',#1329,#1431,#325,.T.);
#1964=EDGE_CURVE('',#1330,#1430,#326,.T.);
#1965=EDGE_CURVE('',#1331,#1429,#327,.T.);
#1966=EDGE_CURVE('',#1332,#1428,#328,.T.);
#1967=EDGE_CURVE('',#1333,#1427,#329,.T.);
#1968=ORIENTED_EDGE('',*,*,#1496,.F.);
#1969=ORIENTED_EDGE('',*,*,#1497,.T.);
#1970=ORIENTED_EDGE('',*,*,#1498,.T.);
#1971=ORIENTED_EDGE('',*,*,#1499,.T.);
#1972=ORIENTED_EDGE('',*,*,#1498,.F.);
#1973=ORIENTED_EDGE('',*,*,#1500,.T.);
#1974=ORIENTED_EDGE('',*,*,#1501,.F.);
#1975=ORIENTED_EDGE('',*,*,#1502,.T.);
#1976=ORIENTED_EDGE('',*,*,#1503,.F.);
#1977=ORIENTED_EDGE('',*,*,#1504,.T.);
#1978=ORIENTED_EDGE('',*,*,#1505,.F.);
#1979=ORIENTED_EDGE('',*,*,#1506,.T.);
#1980=ORIENTED_EDGE('',*,*,#1507,.F.);
#1981=ORIENTED_EDGE('',*,*,#1508,.T.);
#1982=ORIENTED_EDGE('',*,*,#1509,.F.);
#1983=ORIENTED_EDGE('',*,*,#1510,.T.);
#1984=ORIENTED_EDGE('',*,*,#1511,.F.);
#1985=ORIENTED_EDGE('',*,*,#1512,.T.);
#1986=ORIENTED_EDGE('',*,*,#1513,.F.);
#1987=ORIENTED_EDGE('',*,*,#1514,.T.);
#1988=ORIENTED_EDGE('',*,*,#1502,.F.);
#1989=ORIENTED_EDGE('',*,*,#1515,.F.);
#1990=ORIENTED_EDGE('',*,*,#1516,.F.);
#1991=ORIENTED_EDGE('',*,*,#1517,.F.);
#1992=ORIENTED_EDGE('',*,*,#1518,.F.);
#1993=ORIENTED_EDGE('',*,*,#1519,.F.);
#1994=ORIENTED_EDGE('',*,*,#1520,.F.);
#1995=ORIENTED_EDGE('',*,*,#1521,.F.);
#1996=ORIENTED_EDGE('',*,*,#1522,.F.);
#1997=ORIENTED_EDGE('',*,*,#1523,.F.);
#1998=ORIENTED_EDGE('',*,*,#1504,.F.);
#1999=ORIENTED_EDGE('',*,*,#1524,.F.);
#2000=ORIENTED_EDGE('',*,*,#1525,.F.);
#2001=ORIENTED_EDGE('',*,*,#1526,.F.);
#2002=ORIENTED_EDGE('',*,*,#1527,.F.);
#2003=ORIENTED_EDGE('',*,*,#1528,.F.);
#2004=ORIENTED_EDGE('',*,*,#1529,.F.);
#2005=ORIENTED_EDGE('',*,*,#1530,.F.);
#2006=ORIENTED_EDGE('',*,*,#1531,.F.);
#2007=ORIENTED_EDGE('',*,*,#1532,.F.);
#2008=ORIENTED_EDGE('',*,*,#1533,.F.);
#2009=ORIENTED_EDGE('',*,*,#1497,.F.);
#2010=ORIENTED_EDGE('',*,*,#1534,.F.);
#2011=ORIENTED_EDGE('',*,*,#1535,.F.);
#2012=ORIENTED_EDGE('',*,*,#1536,.F.);
#2013=ORIENTED_EDGE('',*,*,#1537,.F.);
#2014=ORIENTED_EDGE('',*,*,#1538,.F.);
#2015=ORIENTED_EDGE('',*,*,#1539,.F.);
#2016=ORIENTED_EDGE('',*,*,#1540,.F.);
#2017=ORIENTED_EDGE('',*,*,#1541,.F.);
#2018=ORIENTED_EDGE('',*,*,#1542,.F.);
#2019=ORIENTED_EDGE('',*,*,#1500,.F.);
#2020=ORIENTED_EDGE('',*,*,#1506,.F.);
#2021=ORIENTED_EDGE('',*,*,#1543,.F.);
#2022=ORIENTED_EDGE('',*,*,#1544,.F.);
#2023=ORIENTED_EDGE('',*,*,#1545,.F.);
#2024=ORIENTED_EDGE('',*,*,#1546,.F.);
#2025=ORIENTED_EDGE('',*,*,#1547,.F.);
#2026=ORIENTED_EDGE('',*,*,#1548,.F.);
#2027=ORIENTED_EDGE('',*,*,#1549,.F.);
#2028=ORIENTED_EDGE('',*,*,#1550,.F.);
#2029=ORIENTED_EDGE('',*,*,#1551,.F.);
#2030=ORIENTED_EDGE('',*,*,#1514,.F.);
#2031=ORIENTED_EDGE('',*,*,#1552,.F.);
#2032=ORIENTED_EDGE('',*,*,#1553,.F.);
#2033=ORIENTED_EDGE('',*,*,#1554,.F.);
#2034=ORIENTED_EDGE('',*,*,#1555,.F.);
#2035=ORIENTED_EDGE('',*,*,#1556,.F.);
#2036=ORIENTED_EDGE('',*,*,#1557,.F.);
#2037=ORIENTED_EDGE('',*,*,#1558,.F.);
#2038=ORIENTED_EDGE('',*,*,#1559,.F.);
#2039=ORIENTED_EDGE('',*,*,#1560,.F.);
#2040=ORIENTED_EDGE('',*,*,#1561,.F.);
#2041=ORIENTED_EDGE('',*,*,#1508,.F.);
#2042=ORIENTED_EDGE('',*,*,#1562,.F.);
#2043=ORIENTED_EDGE('',*,*,#1563,.F.);
#2044=ORIENTED_EDGE('',*,*,#1564,.F.);
#2045=ORIENTED_EDGE('',*,*,#1565,.F.);
#2046=ORIENTED_EDGE('',*,*,#1566,.F.);
#2047=ORIENTED_EDGE('',*,*,#1567,.F.);
#2048=ORIENTED_EDGE('',*,*,#1568,.F.);
#2049=ORIENTED_EDGE('',*,*,#1569,.F.);
#2050=ORIENTED_EDGE('',*,*,#1570,.F.);
#2051=ORIENTED_EDGE('',*,*,#1512,.F.);
#2052=ORIENTED_EDGE('',*,*,#1571,.F.);
#2053=ORIENTED_EDGE('',*,*,#1572,.F.);
#2054=ORIENTED_EDGE('',*,*,#1573,.F.);
#2055=ORIENTED_EDGE('',*,*,#1574,.F.);
#2056=ORIENTED_EDGE('',*,*,#1575,.F.);
#2057=ORIENTED_EDGE('',*,*,#1576,.F.);
#2058=ORIENTED_EDGE('',*,*,#1577,.F.);
#2059=ORIENTED_EDGE('',*,*,#1578,.F.);
#2060=ORIENTED_EDGE('',*,*,#1579,.F.);
#2061=ORIENTED_EDGE('',*,*,#1499,.F.);
#2062=ORIENTED_EDGE('',*,*,#1580,.T.);
#2063=ORIENTED_EDGE('',*,*,#1581,.F.);
#2064=ORIENTED_EDGE('',*,*,#1582,.F.);
#2065=ORIENTED_EDGE('',*,*,#1580,.F.);
#2066=ORIENTED_EDGE('',*,*,#1583,.F.);
#2067=ORIENTED_EDGE('',*,*,#1584,.T.);
#2068=ORIENTED_EDGE('',*,*,#1585,.F.);
#2069=ORIENTED_EDGE('',*,*,#1586,.T.);
#2070=ORIENTED_EDGE('',*,*,#1587,.F.);
#2071=ORIENTED_EDGE('',*,*,#1588,.T.);
#2072=ORIENTED_EDGE('',*,*,#1589,.F.);
#2073=ORIENTED_EDGE('',*,*,#1590,.T.);
#2074=ORIENTED_EDGE('',*,*,#1591,.F.);
#2075=ORIENTED_EDGE('',*,*,#1592,.T.);
#2076=ORIENTED_EDGE('',*,*,#1593,.T.);
#2077=ORIENTED_EDGE('',*,*,#1581,.T.);
#2078=ORIENTED_EDGE('',*,*,#1582,.T.);
#2079=ORIENTED_EDGE('',*,*,#1593,.F.);
#2080=ORIENTED_EDGE('',*,*,#1594,.T.);
#2081=ORIENTED_EDGE('',*,*,#1595,.F.);
#2082=ORIENTED_EDGE('',*,*,#1596,.T.);
#2083=ORIENTED_EDGE('',*,*,#1597,.F.);
#2084=ORIENTED_EDGE('',*,*,#1598,.T.);
#2085=ORIENTED_EDGE('',*,*,#1599,.F.);
#2086=ORIENTED_EDGE('',*,*,#1600,.T.);
#2087=ORIENTED_EDGE('',*,*,#1586,.F.);
#2088=ORIENTED_EDGE('',*,*,#1601,.F.);
#2089=ORIENTED_EDGE('',*,*,#1602,.F.);
#2090=ORIENTED_EDGE('',*,*,#1603,.F.);
#2091=ORIENTED_EDGE('',*,*,#1604,.F.);
#2092=ORIENTED_EDGE('',*,*,#1605,.F.);
#2093=ORIENTED_EDGE('',*,*,#1606,.F.);
#2094=ORIENTED_EDGE('',*,*,#1607,.F.);
#2095=ORIENTED_EDGE('',*,*,#1608,.F.);
#2096=ORIENTED_EDGE('',*,*,#1609,.F.);
#2097=ORIENTED_EDGE('',*,*,#1610,.F.);
#2098=ORIENTED_EDGE('',*,*,#1588,.F.);
#2099=ORIENTED_EDGE('',*,*,#1611,.F.);
#2100=ORIENTED_EDGE('',*,*,#1612,.F.);
#2101=ORIENTED_EDGE('',*,*,#1613,.F.);
#2102=ORIENTED_EDGE('',*,*,#1614,.F.);
#2103=ORIENTED_EDGE('',*,*,#1615,.F.);
#2104=ORIENTED_EDGE('',*,*,#1616,.F.);
#2105=ORIENTED_EDGE('',*,*,#1617,.F.);
#2106=ORIENTED_EDGE('',*,*,#1618,.F.);
#2107=ORIENTED_EDGE('',*,*,#1619,.F.);
#2108=ORIENTED_EDGE('',*,*,#1584,.F.);
#2109=ORIENTED_EDGE('',*,*,#1620,.F.);
#2110=ORIENTED_EDGE('',*,*,#1621,.F.);
#2111=ORIENTED_EDGE('',*,*,#1622,.F.);
#2112=ORIENTED_EDGE('',*,*,#1623,.F.);
#2113=ORIENTED_EDGE('',*,*,#1624,.F.);
#2114=ORIENTED_EDGE('',*,*,#1625,.F.);
#2115=ORIENTED_EDGE('',*,*,#1626,.F.);
#2116=ORIENTED_EDGE('',*,*,#1627,.F.);
#2117=ORIENTED_EDGE('',*,*,#1628,.F.);
#2118=ORIENTED_EDGE('',*,*,#1590,.F.);
#2119=ORIENTED_EDGE('',*,*,#1629,.F.);
#2120=ORIENTED_EDGE('',*,*,#1630,.F.);
#2121=ORIENTED_EDGE('',*,*,#1631,.F.);
#2122=ORIENTED_EDGE('',*,*,#1632,.F.);
#2123=ORIENTED_EDGE('',*,*,#1633,.F.);
#2124=ORIENTED_EDGE('',*,*,#1634,.F.);
#2125=ORIENTED_EDGE('',*,*,#1635,.F.);
#2126=ORIENTED_EDGE('',*,*,#1636,.F.);
#2127=ORIENTED_EDGE('',*,*,#1637,.F.);
#2128=ORIENTED_EDGE('',*,*,#1638,.F.);
#2129=ORIENTED_EDGE('',*,*,#1600,.F.);
#2130=ORIENTED_EDGE('',*,*,#1639,.F.);
#2131=ORIENTED_EDGE('',*,*,#1640,.F.);
#2132=ORIENTED_EDGE('',*,*,#1641,.F.);
#2133=ORIENTED_EDGE('',*,*,#1642,.F.);
#2134=ORIENTED_EDGE('',*,*,#1643,.F.);
#2135=ORIENTED_EDGE('',*,*,#1644,.F.);
#2136=ORIENTED_EDGE('',*,*,#1645,.F.);
#2137=ORIENTED_EDGE('',*,*,#1646,.F.);
#2138=ORIENTED_EDGE('',*,*,#1647,.F.);
#2139=ORIENTED_EDGE('',*,*,#1592,.F.);
#2140=ORIENTED_EDGE('',*,*,#1648,.F.);
#2141=ORIENTED_EDGE('',*,*,#1649,.F.);
#2142=ORIENTED_EDGE('',*,*,#1650,.F.);
#2143=ORIENTED_EDGE('',*,*,#1651,.F.);
#2144=ORIENTED_EDGE('',*,*,#1652,.F.);
#2145=ORIENTED_EDGE('',*,*,#1653,.F.);
#2146=ORIENTED_EDGE('',*,*,#1654,.F.);
#2147=ORIENTED_EDGE('',*,*,#1655,.F.);
#2148=ORIENTED_EDGE('',*,*,#1656,.F.);
#2149=ORIENTED_EDGE('',*,*,#1594,.F.);
#2150=ORIENTED_EDGE('',*,*,#1598,.F.);
#2151=ORIENTED_EDGE('',*,*,#1657,.F.);
#2152=ORIENTED_EDGE('',*,*,#1658,.F.);
#2153=ORIENTED_EDGE('',*,*,#1659,.F.);
#2154=ORIENTED_EDGE('',*,*,#1660,.F.);
#2155=ORIENTED_EDGE('',*,*,#1661,.F.);
#2156=ORIENTED_EDGE('',*,*,#1662,.F.);
#2157=ORIENTED_EDGE('',*,*,#1663,.F.);
#2158=ORIENTED_EDGE('',*,*,#1664,.F.);
#2159=ORIENTED_EDGE('',*,*,#1665,.F.);
#2160=ORIENTED_EDGE('',*,*,#1666,.F.);
#2161=ORIENTED_EDGE('',*,*,#1510,.F.);
#2162=ORIENTED_EDGE('',*,*,#1667,.F.);
#2163=ORIENTED_EDGE('',*,*,#1668,.F.);
#2164=ORIENTED_EDGE('',*,*,#1669,.F.);
#2165=ORIENTED_EDGE('',*,*,#1670,.F.);
#2166=ORIENTED_EDGE('',*,*,#1671,.F.);
#2167=ORIENTED_EDGE('',*,*,#1672,.F.);
#2168=ORIENTED_EDGE('',*,*,#1673,.F.);
#2169=ORIENTED_EDGE('',*,*,#1674,.F.);
#2170=ORIENTED_EDGE('',*,*,#1675,.F.);
#2171=ORIENTED_EDGE('',*,*,#1676,.F.);
#2172=ORIENTED_EDGE('',*,*,#1596,.F.);
#2173=ORIENTED_EDGE('',*,*,#1677,.F.);
#2174=ORIENTED_EDGE('',*,*,#1678,.F.);
#2175=ORIENTED_EDGE('',*,*,#1679,.F.);
#2176=ORIENTED_EDGE('',*,*,#1680,.F.);
#2177=ORIENTED_EDGE('',*,*,#1681,.F.);
#2178=ORIENTED_EDGE('',*,*,#1682,.F.);
#2179=ORIENTED_EDGE('',*,*,#1683,.F.);
#2180=ORIENTED_EDGE('',*,*,#1684,.F.);
#2181=ORIENTED_EDGE('',*,*,#1685,.F.);
#2182=ORIENTED_EDGE('',*,*,#1632,.T.);
#2183=ORIENTED_EDGE('',*,*,#1686,.T.);
#2184=ORIENTED_EDGE('',*,*,#1687,.F.);
#2185=ORIENTED_EDGE('',*,*,#1688,.F.);
#2186=ORIENTED_EDGE('',*,*,#1673,.T.);
#2187=ORIENTED_EDGE('',*,*,#1689,.F.);
#2188=ORIENTED_EDGE('',*,*,#1690,.F.);
#2189=ORIENTED_EDGE('',*,*,#1691,.T.);
#2190=ORIENTED_EDGE('',*,*,#1631,.T.);
#2191=ORIENTED_EDGE('',*,*,#1692,.T.);
#2192=ORIENTED_EDGE('',*,*,#1693,.F.);
#2193=ORIENTED_EDGE('',*,*,#1686,.F.);
#2194=ORIENTED_EDGE('',*,*,#1672,.T.);
#2195=ORIENTED_EDGE('',*,*,#1694,.F.);
#2196=ORIENTED_EDGE('',*,*,#1695,.F.);
#2197=ORIENTED_EDGE('',*,*,#1689,.T.);
#2198=ORIENTED_EDGE('',*,*,#1630,.T.);
#2199=ORIENTED_EDGE('',*,*,#1696,.T.);
#2200=ORIENTED_EDGE('',*,*,#1697,.F.);
#2201=ORIENTED_EDGE('',*,*,#1692,.F.);
#2202=ORIENTED_EDGE('',*,*,#1671,.T.);
#2203=ORIENTED_EDGE('',*,*,#1698,.F.);
#2204=ORIENTED_EDGE('',*,*,#1699,.F.);
#2205=ORIENTED_EDGE('',*,*,#1694,.T.);
#2206=ORIENTED_EDGE('',*,*,#1629,.T.);
#2207=ORIENTED_EDGE('',*,*,#1589,.T.);
#2208=ORIENTED_EDGE('',*,*,#1619,.T.);
#2209=ORIENTED_EDGE('',*,*,#1700,.T.);
#2210=ORIENTED_EDGE('',*,*,#1701,.F.);
#2211=ORIENTED_EDGE('',*,*,#1696,.F.);
#2212=ORIENTED_EDGE('',*,*,#1670,.T.);
#2213=ORIENTED_EDGE('',*,*,#1702,.F.);
#2214=ORIENTED_EDGE('',*,*,#1703,.F.);
#2215=ORIENTED_EDGE('',*,*,#1698,.T.);
#2216=ORIENTED_EDGE('',*,*,#1618,.T.);
#2217=ORIENTED_EDGE('',*,*,#1704,.T.);
#2218=ORIENTED_EDGE('',*,*,#1705,.F.);
#2219=ORIENTED_EDGE('',*,*,#1700,.F.);
#2220=ORIENTED_EDGE('',*,*,#1669,.T.);
#2221=ORIENTED_EDGE('',*,*,#1706,.F.);
#2222=ORIENTED_EDGE('',*,*,#1707,.F.);
#2223=ORIENTED_EDGE('',*,*,#1702,.T.);
#2224=ORIENTED_EDGE('',*,*,#1617,.T.);
#2225=ORIENTED_EDGE('',*,*,#1708,.T.);
#2226=ORIENTED_EDGE('',*,*,#1709,.F.);
#2227=ORIENTED_EDGE('',*,*,#1704,.F.);
#2228=ORIENTED_EDGE('',*,*,#1668,.T.);
#2229=ORIENTED_EDGE('',*,*,#1710,.F.);
#2230=ORIENTED_EDGE('',*,*,#1711,.F.);
#2231=ORIENTED_EDGE('',*,*,#1706,.T.);
#2232=ORIENTED_EDGE('',*,*,#1616,.T.);
#2233=ORIENTED_EDGE('',*,*,#1712,.T.);
#2234=ORIENTED_EDGE('',*,*,#1713,.F.);
#2235=ORIENTED_EDGE('',*,*,#1708,.F.);
#2236=ORIENTED_EDGE('',*,*,#1667,.T.);
#2237=ORIENTED_EDGE('',*,*,#1509,.T.);
#2238=ORIENTED_EDGE('',*,*,#1570,.T.);
#2239=ORIENTED_EDGE('',*,*,#1714,.F.);
#2240=ORIENTED_EDGE('',*,*,#1715,.F.);
#2241=ORIENTED_EDGE('',*,*,#1710,.T.);
#2242=ORIENTED_EDGE('',*,*,#1615,.T.);
#2243=ORIENTED_EDGE('',*,*,#1716,.T.);
#2244=ORIENTED_EDGE('',*,*,#1717,.F.);
#2245=ORIENTED_EDGE('',*,*,#1712,.F.);
#2246=ORIENTED_EDGE('',*,*,#1569,.T.);
#2247=ORIENTED_EDGE('',*,*,#1718,.F.);
#2248=ORIENTED_EDGE('',*,*,#1719,.F.);
#2249=ORIENTED_EDGE('',*,*,#1714,.T.);
#2250=ORIENTED_EDGE('',*,*,#1614,.T.);
#2251=ORIENTED_EDGE('',*,*,#1720,.T.);
#2252=ORIENTED_EDGE('',*,*,#1721,.F.);
#2253=ORIENTED_EDGE('',*,*,#1716,.F.);
#2254=ORIENTED_EDGE('',*,*,#1568,.T.);
#2255=ORIENTED_EDGE('',*,*,#1722,.F.);
#2256=ORIENTED_EDGE('',*,*,#1723,.F.);
#2257=ORIENTED_EDGE('',*,*,#1718,.T.);
#2258=ORIENTED_EDGE('',*,*,#1613,.T.);
#2259=ORIENTED_EDGE('',*,*,#1724,.T.);
#2260=ORIENTED_EDGE('',*,*,#1725,.F.);
#2261=ORIENTED_EDGE('',*,*,#1720,.F.);
#2262=ORIENTED_EDGE('',*,*,#1567,.T.);
#2263=ORIENTED_EDGE('',*,*,#1726,.F.);
#2264=ORIENTED_EDGE('',*,*,#1727,.F.);
#2265=ORIENTED_EDGE('',*,*,#1722,.T.);
#2266=ORIENTED_EDGE('',*,*,#1612,.T.);
#2267=ORIENTED_EDGE('',*,*,#1728,.T.);
#2268=ORIENTED_EDGE('',*,*,#1729,.F.);
#2269=ORIENTED_EDGE('',*,*,#1724,.F.);
#2270=ORIENTED_EDGE('',*,*,#1566,.T.);
#2271=ORIENTED_EDGE('',*,*,#1730,.F.);
#2272=ORIENTED_EDGE('',*,*,#1731,.F.);
#2273=ORIENTED_EDGE('',*,*,#1726,.T.);
#2274=ORIENTED_EDGE('',*,*,#1611,.T.);
#2275=ORIENTED_EDGE('',*,*,#1587,.T.);
#2276=ORIENTED_EDGE('',*,*,#1610,.T.);
#2277=ORIENTED_EDGE('',*,*,#1732,.T.);
#2278=ORIENTED_EDGE('',*,*,#1733,.F.);
#2279=ORIENTED_EDGE('',*,*,#1728,.F.);
#2280=ORIENTED_EDGE('',*,*,#1565,.T.);
#2281=ORIENTED_EDGE('',*,*,#1734,.F.);
#2282=ORIENTED_EDGE('',*,*,#1735,.F.);
#2283=ORIENTED_EDGE('',*,*,#1730,.T.);
#2284=ORIENTED_EDGE('',*,*,#1609,.T.);
#2285=ORIENTED_EDGE('',*,*,#1736,.T.);
#2286=ORIENTED_EDGE('',*,*,#1737,.F.);
#2287=ORIENTED_EDGE('',*,*,#1732,.F.);
#2288=ORIENTED_EDGE('',*,*,#1564,.T.);
#2289=ORIENTED_EDGE('',*,*,#1738,.F.);
#2290=ORIENTED_EDGE('',*,*,#1739,.F.);
#2291=ORIENTED_EDGE('',*,*,#1734,.T.);
#2292=ORIENTED_EDGE('',*,*,#1608,.T.);
#2293=ORIENTED_EDGE('',*,*,#1740,.T.);
#2294=ORIENTED_EDGE('',*,*,#1741,.F.);
#2295=ORIENTED_EDGE('',*,*,#1736,.F.);
#2296=ORIENTED_EDGE('',*,*,#1563,.T.);
#2297=ORIENTED_EDGE('',*,*,#1742,.F.);
#2298=ORIENTED_EDGE('',*,*,#1743,.F.);
#2299=ORIENTED_EDGE('',*,*,#1738,.T.);
#2300=ORIENTED_EDGE('',*,*,#1607,.T.);
#2301=ORIENTED_EDGE('',*,*,#1744,.T.);
#2302=ORIENTED_EDGE('',*,*,#1745,.F.);
#2303=ORIENTED_EDGE('',*,*,#1740,.F.);
#2304=ORIENTED_EDGE('',*,*,#1562,.T.);
#2305=ORIENTED_EDGE('',*,*,#1507,.T.);
#2306=ORIENTED_EDGE('',*,*,#1551,.T.);
#2307=ORIENTED_EDGE('',*,*,#1746,.F.);
#2308=ORIENTED_EDGE('',*,*,#1747,.F.);
#2309=ORIENTED_EDGE('',*,*,#1742,.T.);
#2310=ORIENTED_EDGE('',*,*,#1606,.T.);
#2311=ORIENTED_EDGE('',*,*,#1748,.T.);
#2312=ORIENTED_EDGE('',*,*,#1749,.F.);
#2313=ORIENTED_EDGE('',*,*,#1744,.F.);
#2314=ORIENTED_EDGE('',*,*,#1550,.T.);
#2315=ORIENTED_EDGE('',*,*,#1750,.F.);
#2316=ORIENTED_EDGE('',*,*,#1751,.F.);
#2317=ORIENTED_EDGE('',*,*,#1746,.T.);
#2318=ORIENTED_EDGE('',*,*,#1605,.T.);
#2319=ORIENTED_EDGE('',*,*,#1752,.T.);
#2320=ORIENTED_EDGE('',*,*,#1753,.F.);
#2321=ORIENTED_EDGE('',*,*,#1748,.F.);
#2322=ORIENTED_EDGE('',*,*,#1549,.T.);
#2323=ORIENTED_EDGE('',*,*,#1754,.F.);
#2324=ORIENTED_EDGE('',*,*,#1755,.F.);
#2325=ORIENTED_EDGE('',*,*,#1750,.T.);
#2326=ORIENTED_EDGE('',*,*,#1604,.T.);
#2327=ORIENTED_EDGE('',*,*,#1756,.T.);
#2328=ORIENTED_EDGE('',*,*,#1757,.F.);
#2329=ORIENTED_EDGE('',*,*,#1752,.F.);
#2330=ORIENTED_EDGE('',*,*,#1548,.T.);
#2331=ORIENTED_EDGE('',*,*,#1758,.F.);
#2332=ORIENTED_EDGE('',*,*,#1759,.F.);
#2333=ORIENTED_EDGE('',*,*,#1754,.T.);
#2334=ORIENTED_EDGE('',*,*,#1603,.T.);
#2335=ORIENTED_EDGE('',*,*,#1760,.T.);
#2336=ORIENTED_EDGE('',*,*,#1761,.F.);
#2337=ORIENTED_EDGE('',*,*,#1756,.F.);
#2338=ORIENTED_EDGE('',*,*,#1547,.T.);
#2339=ORIENTED_EDGE('',*,*,#1762,.F.);
#2340=ORIENTED_EDGE('',*,*,#1763,.F.);
#2341=ORIENTED_EDGE('',*,*,#1758,.T.);
#2342=ORIENTED_EDGE('',*,*,#1602,.T.);
#2343=ORIENTED_EDGE('',*,*,#1764,.T.);
#2344=ORIENTED_EDGE('',*,*,#1765,.F.);
#2345=ORIENTED_EDGE('',*,*,#1760,.F.);
#2346=ORIENTED_EDGE('',*,*,#1546,.T.);
#2347=ORIENTED_EDGE('',*,*,#1766,.F.);
#2348=ORIENTED_EDGE('',*,*,#1767,.F.);
#2349=ORIENTED_EDGE('',*,*,#1762,.T.);
#2350=ORIENTED_EDGE('',*,*,#1601,.T.);
#2351=ORIENTED_EDGE('',*,*,#1585,.T.);
#2352=ORIENTED_EDGE('',*,*,#1628,.T.);
#2353=ORIENTED_EDGE('',*,*,#1768,.T.);
#2354=ORIENTED_EDGE('',*,*,#1769,.F.);
#2355=ORIENTED_EDGE('',*,*,#1764,.F.);
#2356=ORIENTED_EDGE('',*,*,#1545,.T.);
#2357=ORIENTED_EDGE('',*,*,#1770,.F.);
#2358=ORIENTED_EDGE('',*,*,#1771,.F.);
#2359=ORIENTED_EDGE('',*,*,#1766,.T.);
#2360=ORIENTED_EDGE('',*,*,#1627,.T.);
#2361=ORIENTED_EDGE('',*,*,#1772,.T.);
#2362=ORIENTED_EDGE('',*,*,#1773,.F.);
#2363=ORIENTED_EDGE('',*,*,#1768,.F.);
#2364=ORIENTED_EDGE('',*,*,#1544,.T.);
#2365=ORIENTED_EDGE('',*,*,#1774,.F.);
#2366=ORIENTED_EDGE('',*,*,#1775,.F.);
#2367=ORIENTED_EDGE('',*,*,#1770,.T.);
#2368=ORIENTED_EDGE('',*,*,#1626,.T.);
#2369=ORIENTED_EDGE('',*,*,#1776,.T.);
#2370=ORIENTED_EDGE('',*,*,#1777,.F.);
#2371=ORIENTED_EDGE('',*,*,#1772,.F.);
#2372=ORIENTED_EDGE('',*,*,#1543,.T.);
#2373=ORIENTED_EDGE('',*,*,#1505,.T.);
#2374=ORIENTED_EDGE('',*,*,#1533,.T.);
#2375=ORIENTED_EDGE('',*,*,#1778,.F.);
#2376=ORIENTED_EDGE('',*,*,#1779,.F.);
#2377=ORIENTED_EDGE('',*,*,#1774,.T.);
#2378=ORIENTED_EDGE('',*,*,#1625,.T.);
#2379=ORIENTED_EDGE('',*,*,#1780,.T.);
#2380=ORIENTED_EDGE('',*,*,#1781,.F.);
#2381=ORIENTED_EDGE('',*,*,#1776,.F.);
#2382=ORIENTED_EDGE('',*,*,#1532,.T.);
#2383=ORIENTED_EDGE('',*,*,#1782,.F.);
#2384=ORIENTED_EDGE('',*,*,#1783,.F.);
#2385=ORIENTED_EDGE('',*,*,#1778,.T.);
#2386=ORIENTED_EDGE('',*,*,#1624,.T.);
#2387=ORIENTED_EDGE('',*,*,#1784,.T.);
#2388=ORIENTED_EDGE('',*,*,#1785,.F.);
#2389=ORIENTED_EDGE('',*,*,#1780,.F.);
#2390=ORIENTED_EDGE('',*,*,#1531,.T.);
#2391=ORIENTED_EDGE('',*,*,#1786,.F.);
#2392=ORIENTED_EDGE('',*,*,#1787,.F.);
#2393=ORIENTED_EDGE('',*,*,#1782,.T.);
#2394=ORIENTED_EDGE('',*,*,#1623,.T.);
#2395=ORIENTED_EDGE('',*,*,#1788,.T.);
#2396=ORIENTED_EDGE('',*,*,#1789,.F.);
#2397=ORIENTED_EDGE('',*,*,#1784,.F.);
#2398=ORIENTED_EDGE('',*,*,#1530,.T.);
#2399=ORIENTED_EDGE('',*,*,#1790,.F.);
#2400=ORIENTED_EDGE('',*,*,#1791,.F.);
#2401=ORIENTED_EDGE('',*,*,#1786,.T.);
#2402=ORIENTED_EDGE('',*,*,#1622,.T.);
#2403=ORIENTED_EDGE('',*,*,#1792,.T.);
#2404=ORIENTED_EDGE('',*,*,#1793,.F.);
#2405=ORIENTED_EDGE('',*,*,#1788,.F.);
#2406=ORIENTED_EDGE('',*,*,#1529,.T.);
#2407=ORIENTED_EDGE('',*,*,#1794,.F.);
#2408=ORIENTED_EDGE('',*,*,#1795,.F.);
#2409=ORIENTED_EDGE('',*,*,#1790,.T.);
#2410=ORIENTED_EDGE('',*,*,#1621,.T.);
#2411=ORIENTED_EDGE('',*,*,#1796,.T.);
#2412=ORIENTED_EDGE('',*,*,#1797,.F.);
#2413=ORIENTED_EDGE('',*,*,#1792,.F.);
#2414=ORIENTED_EDGE('',*,*,#1528,.T.);
#2415=ORIENTED_EDGE('',*,*,#1798,.F.);
#2416=ORIENTED_EDGE('',*,*,#1799,.F.);
#2417=ORIENTED_EDGE('',*,*,#1794,.T.);
#2418=ORIENTED_EDGE('',*,*,#1620,.T.);
#2419=ORIENTED_EDGE('',*,*,#1583,.T.);
#2420=ORIENTED_EDGE('',*,*,#1647,.T.);
#2421=ORIENTED_EDGE('',*,*,#1800,.T.);
#2422=ORIENTED_EDGE('',*,*,#1801,.F.);
#2423=ORIENTED_EDGE('',*,*,#1796,.F.);
#2424=ORIENTED_EDGE('',*,*,#1527,.T.);
#2425=ORIENTED_EDGE('',*,*,#1802,.F.);
#2426=ORIENTED_EDGE('',*,*,#1803,.F.);
#2427=ORIENTED_EDGE('',*,*,#1798,.T.);
#2428=ORIENTED_EDGE('',*,*,#1646,.T.);
#2429=ORIENTED_EDGE('',*,*,#1804,.T.);
#2430=ORIENTED_EDGE('',*,*,#1805,.F.);
#2431=ORIENTED_EDGE('',*,*,#1800,.F.);
#2432=ORIENTED_EDGE('',*,*,#1526,.T.);
#2433=ORIENTED_EDGE('',*,*,#1806,.F.);
#2434=ORIENTED_EDGE('',*,*,#1807,.F.);
#2435=ORIENTED_EDGE('',*,*,#1802,.T.);
#2436=ORIENTED_EDGE('',*,*,#1645,.T.);
#2437=ORIENTED_EDGE('',*,*,#1808,.T.);
#2438=ORIENTED_EDGE('',*,*,#1809,.F.);
#2439=ORIENTED_EDGE('',*,*,#1804,.F.);
#2440=ORIENTED_EDGE('',*,*,#1525,.T.);
#2441=ORIENTED_EDGE('',*,*,#1810,.F.);
#2442=ORIENTED_EDGE('',*,*,#1811,.F.);
#2443=ORIENTED_EDGE('',*,*,#1806,.T.);
#2444=ORIENTED_EDGE('',*,*,#1644,.T.);
#2445=ORIENTED_EDGE('',*,*,#1812,.T.);
#2446=ORIENTED_EDGE('',*,*,#1813,.F.);
#2447=ORIENTED_EDGE('',*,*,#1808,.F.);
#2448=ORIENTED_EDGE('',*,*,#1524,.T.);
#2449=ORIENTED_EDGE('',*,*,#1503,.T.);
#2450=ORIENTED_EDGE('',*,*,#1523,.T.);
#2451=ORIENTED_EDGE('',*,*,#1814,.F.);
#2452=ORIENTED_EDGE('',*,*,#1815,.F.);
#2453=ORIENTED_EDGE('',*,*,#1810,.T.);
#2454=ORIENTED_EDGE('',*,*,#1643,.T.);
#2455=ORIENTED_EDGE('',*,*,#1816,.T.);
#2456=ORIENTED_EDGE('',*,*,#1817,.F.);
#2457=ORIENTED_EDGE('',*,*,#1812,.F.);
#2458=ORIENTED_EDGE('',*,*,#1522,.T.);
#2459=ORIENTED_EDGE('',*,*,#1818,.F.);
#2460=ORIENTED_EDGE('',*,*,#1819,.F.);
#2461=ORIENTED_EDGE('',*,*,#1814,.T.);
#2462=ORIENTED_EDGE('',*,*,#1642,.T.);
#2463=ORIENTED_EDGE('',*,*,#1820,.T.);
#2464=ORIENTED_EDGE('',*,*,#1821,.F.);
#2465=ORIENTED_EDGE('',*,*,#1816,.F.);
#2466=ORIENTED_EDGE('',*,*,#1521,.T.);
#2467=ORIENTED_EDGE('',*,*,#1822,.F.);
#2468=ORIENTED_EDGE('',*,*,#1823,.F.);
#2469=ORIENTED_EDGE('',*,*,#1818,.T.);
#2470=ORIENTED_EDGE('',*,*,#1824,.T.);
#2471=ORIENTED_EDGE('',*,*,#1825,.T.);
#2472=ORIENTED_EDGE('',*,*,#1826,.T.);
#2473=ORIENTED_EDGE('',*,*,#1825,.F.);
#2474=ORIENTED_EDGE('',*,*,#1824,.F.);
#2475=ORIENTED_EDGE('',*,*,#1827,.T.);
#2476=ORIENTED_EDGE('',*,*,#1828,.F.);
#2477=ORIENTED_EDGE('',*,*,#1827,.F.);
#2478=ORIENTED_EDGE('',*,*,#1829,.T.);
#2479=ORIENTED_EDGE('',*,*,#1830,.T.);
#2480=ORIENTED_EDGE('',*,*,#1831,.T.);
#2481=ORIENTED_EDGE('',*,*,#1832,.T.);
#2482=ORIENTED_EDGE('',*,*,#1833,.T.);
#2483=ORIENTED_EDGE('',*,*,#1834,.T.);
#2484=ORIENTED_EDGE('',*,*,#1835,.T.);
#2485=ORIENTED_EDGE('',*,*,#1836,.T.);
#2486=ORIENTED_EDGE('',*,*,#1837,.T.);
#2487=ORIENTED_EDGE('',*,*,#1838,.T.);
#2488=ORIENTED_EDGE('',*,*,#1839,.T.);
#2489=ORIENTED_EDGE('',*,*,#1840,.T.);
#2490=ORIENTED_EDGE('',*,*,#1841,.T.);
#2491=ORIENTED_EDGE('',*,*,#1842,.T.);
#2492=ORIENTED_EDGE('',*,*,#1843,.T.);
#2493=ORIENTED_EDGE('',*,*,#1844,.T.);
#2494=ORIENTED_EDGE('',*,*,#1845,.T.);
#2495=ORIENTED_EDGE('',*,*,#1846,.T.);
#2496=ORIENTED_EDGE('',*,*,#1847,.T.);
#2497=ORIENTED_EDGE('',*,*,#1848,.T.);
#2498=ORIENTED_EDGE('',*,*,#1849,.T.);
#2499=ORIENTED_EDGE('',*,*,#1850,.T.);
#2500=ORIENTED_EDGE('',*,*,#1851,.T.);
#2501=ORIENTED_EDGE('',*,*,#1852,.T.);
#2502=ORIENTED_EDGE('',*,*,#1853,.T.);
#2503=ORIENTED_EDGE('',*,*,#1854,.T.);
#2504=ORIENTED_EDGE('',*,*,#1855,.T.);
#2505=ORIENTED_EDGE('',*,*,#1856,.T.);
#2506=ORIENTED_EDGE('',*,*,#1857,.T.);
#2507=ORIENTED_EDGE('',*,*,#1687,.T.);
#2508=ORIENTED_EDGE('',*,*,#1693,.T.);
#2509=ORIENTED_EDGE('',*,*,#1697,.T.);
#2510=ORIENTED_EDGE('',*,*,#1701,.T.);
#2511=ORIENTED_EDGE('',*,*,#1705,.T.);
#2512=ORIENTED_EDGE('',*,*,#1709,.T.);
#2513=ORIENTED_EDGE('',*,*,#1713,.T.);
#2514=ORIENTED_EDGE('',*,*,#1717,.T.);
#2515=ORIENTED_EDGE('',*,*,#1721,.T.);
#2516=ORIENTED_EDGE('',*,*,#1725,.T.);
#2517=ORIENTED_EDGE('',*,*,#1729,.T.);
#2518=ORIENTED_EDGE('',*,*,#1733,.T.);
#2519=ORIENTED_EDGE('',*,*,#1737,.T.);
#2520=ORIENTED_EDGE('',*,*,#1741,.T.);
#2521=ORIENTED_EDGE('',*,*,#1745,.T.);
#2522=ORIENTED_EDGE('',*,*,#1749,.T.);
#2523=ORIENTED_EDGE('',*,*,#1753,.T.);
#2524=ORIENTED_EDGE('',*,*,#1757,.T.);
#2525=ORIENTED_EDGE('',*,*,#1761,.T.);
#2526=ORIENTED_EDGE('',*,*,#1765,.T.);
#2527=ORIENTED_EDGE('',*,*,#1769,.T.);
#2528=ORIENTED_EDGE('',*,*,#1773,.T.);
#2529=ORIENTED_EDGE('',*,*,#1777,.T.);
#2530=ORIENTED_EDGE('',*,*,#1781,.T.);
#2531=ORIENTED_EDGE('',*,*,#1785,.T.);
#2532=ORIENTED_EDGE('',*,*,#1789,.T.);
#2533=ORIENTED_EDGE('',*,*,#1793,.T.);
#2534=ORIENTED_EDGE('',*,*,#1797,.T.);
#2535=ORIENTED_EDGE('',*,*,#1801,.T.);
#2536=ORIENTED_EDGE('',*,*,#1805,.T.);
#2537=ORIENTED_EDGE('',*,*,#1809,.T.);
#2538=ORIENTED_EDGE('',*,*,#1813,.T.);
#2539=ORIENTED_EDGE('',*,*,#1817,.T.);
#2540=ORIENTED_EDGE('',*,*,#1821,.T.);
#2541=ORIENTED_EDGE('',*,*,#1858,.T.);
#2542=ORIENTED_EDGE('',*,*,#1859,.T.);
#2543=ORIENTED_EDGE('',*,*,#1860,.T.);
#2544=ORIENTED_EDGE('',*,*,#1861,.T.);
#2545=ORIENTED_EDGE('',*,*,#1826,.F.);
#2546=ORIENTED_EDGE('',*,*,#1862,.T.);
#2547=ORIENTED_EDGE('',*,*,#1863,.T.);
#2548=ORIENTED_EDGE('',*,*,#1864,.T.);
#2549=ORIENTED_EDGE('',*,*,#1863,.F.);
#2550=ORIENTED_EDGE('',*,*,#1865,.T.);
#2551=ORIENTED_EDGE('',*,*,#1866,.F.);
#2552=ORIENTED_EDGE('',*,*,#1867,.T.);
#2553=ORIENTED_EDGE('',*,*,#1865,.F.);
#2554=ORIENTED_EDGE('',*,*,#1862,.F.);
#2555=ORIENTED_EDGE('',*,*,#1867,.F.);
#2556=ORIENTED_EDGE('',*,*,#1807,.T.);
#2557=ORIENTED_EDGE('',*,*,#1811,.T.);
#2558=ORIENTED_EDGE('',*,*,#1815,.T.);
#2559=ORIENTED_EDGE('',*,*,#1819,.T.);
#2560=ORIENTED_EDGE('',*,*,#1823,.T.);
#2561=ORIENTED_EDGE('',*,*,#1868,.T.);
#2562=ORIENTED_EDGE('',*,*,#1869,.T.);
#2563=ORIENTED_EDGE('',*,*,#1870,.T.);
#2564=ORIENTED_EDGE('',*,*,#1871,.T.);
#2565=ORIENTED_EDGE('',*,*,#1872,.T.);
#2566=ORIENTED_EDGE('',*,*,#1873,.T.);
#2567=ORIENTED_EDGE('',*,*,#1874,.T.);
#2568=ORIENTED_EDGE('',*,*,#1875,.T.);
#2569=ORIENTED_EDGE('',*,*,#1876,.T.);
#2570=ORIENTED_EDGE('',*,*,#1877,.T.);
#2571=ORIENTED_EDGE('',*,*,#1878,.T.);
#2572=ORIENTED_EDGE('',*,*,#1879,.T.);
#2573=ORIENTED_EDGE('',*,*,#1880,.T.);
#2574=ORIENTED_EDGE('',*,*,#1881,.T.);
#2575=ORIENTED_EDGE('',*,*,#1882,.T.);
#2576=ORIENTED_EDGE('',*,*,#1883,.T.);
#2577=ORIENTED_EDGE('',*,*,#1884,.T.);
#2578=ORIENTED_EDGE('',*,*,#1885,.T.);
#2579=ORIENTED_EDGE('',*,*,#1886,.T.);
#2580=ORIENTED_EDGE('',*,*,#1887,.T.);
#2581=ORIENTED_EDGE('',*,*,#1888,.T.);
#2582=ORIENTED_EDGE('',*,*,#1889,.T.);
#2583=ORIENTED_EDGE('',*,*,#1890,.T.);
#2584=ORIENTED_EDGE('',*,*,#1891,.T.);
#2585=ORIENTED_EDGE('',*,*,#1892,.T.);
#2586=ORIENTED_EDGE('',*,*,#1893,.T.);
#2587=ORIENTED_EDGE('',*,*,#1894,.T.);
#2588=ORIENTED_EDGE('',*,*,#1895,.T.);
#2589=ORIENTED_EDGE('',*,*,#1896,.T.);
#2590=ORIENTED_EDGE('',*,*,#1897,.T.);
#2591=ORIENTED_EDGE('',*,*,#1898,.T.);
#2592=ORIENTED_EDGE('',*,*,#1899,.T.);
#2593=ORIENTED_EDGE('',*,*,#1900,.T.);
#2594=ORIENTED_EDGE('',*,*,#1690,.T.);
#2595=ORIENTED_EDGE('',*,*,#1695,.T.);
#2596=ORIENTED_EDGE('',*,*,#1699,.T.);
#2597=ORIENTED_EDGE('',*,*,#1703,.T.);
#2598=ORIENTED_EDGE('',*,*,#1707,.T.);
#2599=ORIENTED_EDGE('',*,*,#1711,.T.);
#2600=ORIENTED_EDGE('',*,*,#1715,.T.);
#2601=ORIENTED_EDGE('',*,*,#1719,.T.);
#2602=ORIENTED_EDGE('',*,*,#1723,.T.);
#2603=ORIENTED_EDGE('',*,*,#1727,.T.);
#2604=ORIENTED_EDGE('',*,*,#1731,.T.);
#2605=ORIENTED_EDGE('',*,*,#1735,.T.);
#2606=ORIENTED_EDGE('',*,*,#1739,.T.);
#2607=ORIENTED_EDGE('',*,*,#1743,.T.);
#2608=ORIENTED_EDGE('',*,*,#1747,.T.);
#2609=ORIENTED_EDGE('',*,*,#1751,.T.);
#2610=ORIENTED_EDGE('',*,*,#1755,.T.);
#2611=ORIENTED_EDGE('',*,*,#1759,.T.);
#2612=ORIENTED_EDGE('',*,*,#1763,.T.);
#2613=ORIENTED_EDGE('',*,*,#1767,.T.);
#2614=ORIENTED_EDGE('',*,*,#1771,.T.);
#2615=ORIENTED_EDGE('',*,*,#1775,.T.);
#2616=ORIENTED_EDGE('',*,*,#1779,.T.);
#2617=ORIENTED_EDGE('',*,*,#1783,.T.);
#2618=ORIENTED_EDGE('',*,*,#1787,.T.);
#2619=ORIENTED_EDGE('',*,*,#1791,.T.);
#2620=ORIENTED_EDGE('',*,*,#1795,.T.);
#2621=ORIENTED_EDGE('',*,*,#1799,.T.);
#2622=ORIENTED_EDGE('',*,*,#1803,.T.);
#2623=ORIENTED_EDGE('',*,*,#1864,.F.);
#2624=ORIENTED_EDGE('',*,*,#1828,.T.);
#2625=ORIENTED_EDGE('',*,*,#1901,.T.);
#2626=ORIENTED_EDGE('',*,*,#1866,.T.);
#2627=ORIENTED_EDGE('',*,*,#1902,.T.);
#2628=ORIENTED_EDGE('',*,*,#1902,.F.);
#2629=ORIENTED_EDGE('',*,*,#1903,.T.);
#2630=ORIENTED_EDGE('',*,*,#1901,.F.);
#2631=ORIENTED_EDGE('',*,*,#1903,.F.);
#2632=ORIENTED_EDGE('',*,*,#1665,.T.);
#2633=ORIENTED_EDGE('',*,*,#1904,.T.);
#2634=ORIENTED_EDGE('',*,*,#1861,.F.);
#2635=ORIENTED_EDGE('',*,*,#1905,.F.);
#2636=ORIENTED_EDGE('',*,*,#1639,.T.);
#2637=ORIENTED_EDGE('',*,*,#1599,.T.);
#2638=ORIENTED_EDGE('',*,*,#1666,.T.);
#2639=ORIENTED_EDGE('',*,*,#1905,.T.);
#2640=ORIENTED_EDGE('',*,*,#1860,.F.);
#2641=ORIENTED_EDGE('',*,*,#1906,.F.);
#2642=ORIENTED_EDGE('',*,*,#1640,.T.);
#2643=ORIENTED_EDGE('',*,*,#1906,.T.);
#2644=ORIENTED_EDGE('',*,*,#1859,.F.);
#2645=ORIENTED_EDGE('',*,*,#1907,.F.);
#2646=ORIENTED_EDGE('',*,*,#1641,.T.);
#2647=ORIENTED_EDGE('',*,*,#1907,.T.);
#2648=ORIENTED_EDGE('',*,*,#1858,.F.);
#2649=ORIENTED_EDGE('',*,*,#1820,.F.);
#2650=ORIENTED_EDGE('',*,*,#1520,.T.);
#2651=ORIENTED_EDGE('',*,*,#1908,.F.);
#2652=ORIENTED_EDGE('',*,*,#1868,.F.);
#2653=ORIENTED_EDGE('',*,*,#1822,.T.);
#2654=ORIENTED_EDGE('',*,*,#1519,.T.);
#2655=ORIENTED_EDGE('',*,*,#1909,.F.);
#2656=ORIENTED_EDGE('',*,*,#1869,.F.);
#2657=ORIENTED_EDGE('',*,*,#1908,.T.);
#2658=ORIENTED_EDGE('',*,*,#1518,.T.);
#2659=ORIENTED_EDGE('',*,*,#1910,.F.);
#2660=ORIENTED_EDGE('',*,*,#1870,.F.);
#2661=ORIENTED_EDGE('',*,*,#1909,.T.);
#2662=ORIENTED_EDGE('',*,*,#1517,.T.);
#2663=ORIENTED_EDGE('',*,*,#1911,.F.);
#2664=ORIENTED_EDGE('',*,*,#1871,.F.);
#2665=ORIENTED_EDGE('',*,*,#1910,.T.);
#2666=ORIENTED_EDGE('',*,*,#1516,.T.);
#2667=ORIENTED_EDGE('',*,*,#1912,.F.);
#2668=ORIENTED_EDGE('',*,*,#1872,.F.);
#2669=ORIENTED_EDGE('',*,*,#1911,.T.);
#2670=ORIENTED_EDGE('',*,*,#1515,.T.);
#2671=ORIENTED_EDGE('',*,*,#1501,.T.);
#2672=ORIENTED_EDGE('',*,*,#1542,.T.);
#2673=ORIENTED_EDGE('',*,*,#1913,.F.);
#2674=ORIENTED_EDGE('',*,*,#1873,.F.);
#2675=ORIENTED_EDGE('',*,*,#1912,.T.);
#2676=ORIENTED_EDGE('',*,*,#1541,.T.);
#2677=ORIENTED_EDGE('',*,*,#1914,.F.);
#2678=ORIENTED_EDGE('',*,*,#1874,.F.);
#2679=ORIENTED_EDGE('',*,*,#1913,.T.);
#2680=ORIENTED_EDGE('',*,*,#1540,.T.);
#2681=ORIENTED_EDGE('',*,*,#1915,.F.);
#2682=ORIENTED_EDGE('',*,*,#1875,.F.);
#2683=ORIENTED_EDGE('',*,*,#1914,.T.);
#2684=ORIENTED_EDGE('',*,*,#1539,.T.);
#2685=ORIENTED_EDGE('',*,*,#1916,.F.);
#2686=ORIENTED_EDGE('',*,*,#1876,.F.);
#2687=ORIENTED_EDGE('',*,*,#1915,.T.);
#2688=ORIENTED_EDGE('',*,*,#1538,.T.);
#2689=ORIENTED_EDGE('',*,*,#1917,.F.);
#2690=ORIENTED_EDGE('',*,*,#1877,.F.);
#2691=ORIENTED_EDGE('',*,*,#1916,.T.);
#2692=ORIENTED_EDGE('',*,*,#1537,.T.);
#2693=ORIENTED_EDGE('',*,*,#1918,.F.);
#2694=ORIENTED_EDGE('',*,*,#1878,.F.);
#2695=ORIENTED_EDGE('',*,*,#1917,.T.);
#2696=ORIENTED_EDGE('',*,*,#1536,.T.);
#2697=ORIENTED_EDGE('',*,*,#1919,.F.);
#2698=ORIENTED_EDGE('',*,*,#1879,.F.);
#2699=ORIENTED_EDGE('',*,*,#1918,.T.);
#2700=ORIENTED_EDGE('',*,*,#1535,.T.);
#2701=ORIENTED_EDGE('',*,*,#1920,.F.);
#2702=ORIENTED_EDGE('',*,*,#1880,.F.);
#2703=ORIENTED_EDGE('',*,*,#1919,.T.);
#2704=ORIENTED_EDGE('',*,*,#1534,.T.);
#2705=ORIENTED_EDGE('',*,*,#1496,.T.);
#2706=ORIENTED_EDGE('',*,*,#1561,.T.);
#2707=ORIENTED_EDGE('',*,*,#1921,.F.);
#2708=ORIENTED_EDGE('',*,*,#1881,.F.);
#2709=ORIENTED_EDGE('',*,*,#1920,.T.);
#2710=ORIENTED_EDGE('',*,*,#1560,.T.);
#2711=ORIENTED_EDGE('',*,*,#1922,.F.);
#2712=ORIENTED_EDGE('',*,*,#1882,.F.);
#2713=ORIENTED_EDGE('',*,*,#1921,.T.);
#2714=ORIENTED_EDGE('',*,*,#1559,.T.);
#2715=ORIENTED_EDGE('',*,*,#1923,.F.);
#2716=ORIENTED_EDGE('',*,*,#1883,.F.);
#2717=ORIENTED_EDGE('',*,*,#1922,.T.);
#2718=ORIENTED_EDGE('',*,*,#1558,.T.);
#2719=ORIENTED_EDGE('',*,*,#1924,.F.);
#2720=ORIENTED_EDGE('',*,*,#1884,.F.);
#2721=ORIENTED_EDGE('',*,*,#1923,.T.);
#2722=ORIENTED_EDGE('',*,*,#1557,.T.);
#2723=ORIENTED_EDGE('',*,*,#1925,.F.);
#2724=ORIENTED_EDGE('',*,*,#1885,.F.);
#2725=ORIENTED_EDGE('',*,*,#1924,.T.);
#2726=ORIENTED_EDGE('',*,*,#1556,.T.);
#2727=ORIENTED_EDGE('',*,*,#1926,.F.);
#2728=ORIENTED_EDGE('',*,*,#1886,.F.);
#2729=ORIENTED_EDGE('',*,*,#1925,.T.);
#2730=ORIENTED_EDGE('',*,*,#1555,.T.);
#2731=ORIENTED_EDGE('',*,*,#1927,.F.);
#2732=ORIENTED_EDGE('',*,*,#1887,.F.);
#2733=ORIENTED_EDGE('',*,*,#1926,.T.);
#2734=ORIENTED_EDGE('',*,*,#1554,.T.);
#2735=ORIENTED_EDGE('',*,*,#1928,.F.);
#2736=ORIENTED_EDGE('',*,*,#1888,.F.);
#2737=ORIENTED_EDGE('',*,*,#1927,.T.);
#2738=ORIENTED_EDGE('',*,*,#1553,.T.);
#2739=ORIENTED_EDGE('',*,*,#1929,.F.);
#2740=ORIENTED_EDGE('',*,*,#1889,.F.);
#2741=ORIENTED_EDGE('',*,*,#1928,.T.);
#2742=ORIENTED_EDGE('',*,*,#1552,.T.);
#2743=ORIENTED_EDGE('',*,*,#1513,.T.);
#2744=ORIENTED_EDGE('',*,*,#1579,.T.);
#2745=ORIENTED_EDGE('',*,*,#1930,.F.);
#2746=ORIENTED_EDGE('',*,*,#1890,.F.);
#2747=ORIENTED_EDGE('',*,*,#1929,.T.);
#2748=ORIENTED_EDGE('',*,*,#1578,.T.);
#2749=ORIENTED_EDGE('',*,*,#1931,.F.);
#2750=ORIENTED_EDGE('',*,*,#1891,.F.);
#2751=ORIENTED_EDGE('',*,*,#1930,.T.);
#2752=ORIENTED_EDGE('',*,*,#1577,.T.);
#2753=ORIENTED_EDGE('',*,*,#1932,.F.);
#2754=ORIENTED_EDGE('',*,*,#1892,.F.);
#2755=ORIENTED_EDGE('',*,*,#1931,.T.);
#2756=ORIENTED_EDGE('',*,*,#1576,.T.);
#2757=ORIENTED_EDGE('',*,*,#1933,.F.);
#2758=ORIENTED_EDGE('',*,*,#1893,.F.);
#2759=ORIENTED_EDGE('',*,*,#1932,.T.);
#2760=ORIENTED_EDGE('',*,*,#1575,.T.);
#2761=ORIENTED_EDGE('',*,*,#1934,.F.);
#2762=ORIENTED_EDGE('',*,*,#1894,.F.);
#2763=ORIENTED_EDGE('',*,*,#1933,.T.);
#2764=ORIENTED_EDGE('',*,*,#1574,.T.);
#2765=ORIENTED_EDGE('',*,*,#1935,.F.);
#2766=ORIENTED_EDGE('',*,*,#1895,.F.);
#2767=ORIENTED_EDGE('',*,*,#1934,.T.);
#2768=ORIENTED_EDGE('',*,*,#1573,.T.);
#2769=ORIENTED_EDGE('',*,*,#1936,.F.);
#2770=ORIENTED_EDGE('',*,*,#1896,.F.);
#2771=ORIENTED_EDGE('',*,*,#1935,.T.);
#2772=ORIENTED_EDGE('',*,*,#1572,.T.);
#2773=ORIENTED_EDGE('',*,*,#1937,.F.);
#2774=ORIENTED_EDGE('',*,*,#1897,.F.);
#2775=ORIENTED_EDGE('',*,*,#1936,.T.);
#2776=ORIENTED_EDGE('',*,*,#1571,.T.);
#2777=ORIENTED_EDGE('',*,*,#1511,.T.);
#2778=ORIENTED_EDGE('',*,*,#1676,.T.);
#2779=ORIENTED_EDGE('',*,*,#1938,.F.);
#2780=ORIENTED_EDGE('',*,*,#1898,.F.);
#2781=ORIENTED_EDGE('',*,*,#1937,.T.);
#2782=ORIENTED_EDGE('',*,*,#1675,.T.);
#2783=ORIENTED_EDGE('',*,*,#1939,.F.);
#2784=ORIENTED_EDGE('',*,*,#1899,.F.);
#2785=ORIENTED_EDGE('',*,*,#1938,.T.);
#2786=ORIENTED_EDGE('',*,*,#1674,.T.);
#2787=ORIENTED_EDGE('',*,*,#1691,.F.);
#2788=ORIENTED_EDGE('',*,*,#1900,.F.);
#2789=ORIENTED_EDGE('',*,*,#1939,.T.);
#2790=ORIENTED_EDGE('',*,*,#1633,.T.);
#2791=ORIENTED_EDGE('',*,*,#1688,.T.);
#2792=ORIENTED_EDGE('',*,*,#1857,.F.);
#2793=ORIENTED_EDGE('',*,*,#1940,.F.);
#2794=ORIENTED_EDGE('',*,*,#1634,.T.);
#2795=ORIENTED_EDGE('',*,*,#1940,.T.);
#2796=ORIENTED_EDGE('',*,*,#1856,.F.);
#2797=ORIENTED_EDGE('',*,*,#1941,.F.);
#2798=ORIENTED_EDGE('',*,*,#1635,.T.);
#2799=ORIENTED_EDGE('',*,*,#1941,.T.);
#2800=ORIENTED_EDGE('',*,*,#1855,.F.);
#2801=ORIENTED_EDGE('',*,*,#1942,.F.);
#2802=ORIENTED_EDGE('',*,*,#1636,.T.);
#2803=ORIENTED_EDGE('',*,*,#1942,.T.);
#2804=ORIENTED_EDGE('',*,*,#1854,.F.);
#2805=ORIENTED_EDGE('',*,*,#1943,.F.);
#2806=ORIENTED_EDGE('',*,*,#1637,.T.);
#2807=ORIENTED_EDGE('',*,*,#1943,.T.);
#2808=ORIENTED_EDGE('',*,*,#1853,.F.);
#2809=ORIENTED_EDGE('',*,*,#1944,.F.);
#2810=ORIENTED_EDGE('',*,*,#1648,.T.);
#2811=ORIENTED_EDGE('',*,*,#1591,.T.);
#2812=ORIENTED_EDGE('',*,*,#1638,.T.);
#2813=ORIENTED_EDGE('',*,*,#1944,.T.);
#2814=ORIENTED_EDGE('',*,*,#1852,.F.);
#2815=ORIENTED_EDGE('',*,*,#1945,.F.);
#2816=ORIENTED_EDGE('',*,*,#1649,.T.);
#2817=ORIENTED_EDGE('',*,*,#1945,.T.);
#2818=ORIENTED_EDGE('',*,*,#1851,.F.);
#2819=ORIENTED_EDGE('',*,*,#1946,.F.);
#2820=ORIENTED_EDGE('',*,*,#1650,.T.);
#2821=ORIENTED_EDGE('',*,*,#1946,.T.);
#2822=ORIENTED_EDGE('',*,*,#1850,.F.);
#2823=ORIENTED_EDGE('',*,*,#1947,.F.);
#2824=ORIENTED_EDGE('',*,*,#1651,.T.);
#2825=ORIENTED_EDGE('',*,*,#1947,.T.);
#2826=ORIENTED_EDGE('',*,*,#1849,.F.);
#2827=ORIENTED_EDGE('',*,*,#1948,.F.);
#2828=ORIENTED_EDGE('',*,*,#1652,.T.);
#2829=ORIENTED_EDGE('',*,*,#1948,.T.);
#2830=ORIENTED_EDGE('',*,*,#1848,.F.);
#2831=ORIENTED_EDGE('',*,*,#1949,.F.);
#2832=ORIENTED_EDGE('',*,*,#1653,.T.);
#2833=ORIENTED_EDGE('',*,*,#1949,.T.);
#2834=ORIENTED_EDGE('',*,*,#1847,.F.);
#2835=ORIENTED_EDGE('',*,*,#1950,.F.);
#2836=ORIENTED_EDGE('',*,*,#1654,.T.);
#2837=ORIENTED_EDGE('',*,*,#1950,.T.);
#2838=ORIENTED_EDGE('',*,*,#1846,.F.);
#2839=ORIENTED_EDGE('',*,*,#1951,.F.);
#2840=ORIENTED_EDGE('',*,*,#1655,.T.);
#2841=ORIENTED_EDGE('',*,*,#1951,.T.);
#2842=ORIENTED_EDGE('',*,*,#1845,.F.);
#2843=ORIENTED_EDGE('',*,*,#1952,.F.);
#2844=ORIENTED_EDGE('',*,*,#1677,.T.);
#2845=ORIENTED_EDGE('',*,*,#1595,.T.);
#2846=ORIENTED_EDGE('',*,*,#1656,.T.);
#2847=ORIENTED_EDGE('',*,*,#1952,.T.);
#2848=ORIENTED_EDGE('',*,*,#1844,.F.);
#2849=ORIENTED_EDGE('',*,*,#1953,.F.);
#2850=ORIENTED_EDGE('',*,*,#1678,.T.);
#2851=ORIENTED_EDGE('',*,*,#1953,.T.);
#2852=ORIENTED_EDGE('',*,*,#1843,.F.);
#2853=ORIENTED_EDGE('',*,*,#1954,.F.);
#2854=ORIENTED_EDGE('',*,*,#1679,.T.);
#2855=ORIENTED_EDGE('',*,*,#1954,.T.);
#2856=ORIENTED_EDGE('',*,*,#1842,.F.);
#2857=ORIENTED_EDGE('',*,*,#1955,.F.);
#2858=ORIENTED_EDGE('',*,*,#1680,.T.);
#2859=ORIENTED_EDGE('',*,*,#1955,.T.);
#2860=ORIENTED_EDGE('',*,*,#1841,.F.);
#2861=ORIENTED_EDGE('',*,*,#1956,.F.);
#2862=ORIENTED_EDGE('',*,*,#1681,.T.);
#2863=ORIENTED_EDGE('',*,*,#1956,.T.);
#2864=ORIENTED_EDGE('',*,*,#1840,.F.);
#2865=ORIENTED_EDGE('',*,*,#1957,.F.);
#2866=ORIENTED_EDGE('',*,*,#1682,.T.);
#2867=ORIENTED_EDGE('',*,*,#1957,.T.);
#2868=ORIENTED_EDGE('',*,*,#1839,.F.);
#2869=ORIENTED_EDGE('',*,*,#1958,.F.);
#2870=ORIENTED_EDGE('',*,*,#1683,.T.);
#2871=ORIENTED_EDGE('',*,*,#1958,.T.);
#2872=ORIENTED_EDGE('',*,*,#1838,.F.);
#2873=ORIENTED_EDGE('',*,*,#1959,.F.);
#2874=ORIENTED_EDGE('',*,*,#1684,.T.);
#2875=ORIENTED_EDGE('',*,*,#1959,.T.);
#2876=ORIENTED_EDGE('',*,*,#1837,.F.);
#2877=ORIENTED_EDGE('',*,*,#1960,.F.);
#2878=ORIENTED_EDGE('',*,*,#1657,.T.);
#2879=ORIENTED_EDGE('',*,*,#1597,.T.);
#2880=ORIENTED_EDGE('',*,*,#1685,.T.);
#2881=ORIENTED_EDGE('',*,*,#1960,.T.);
#2882=ORIENTED_EDGE('',*,*,#1836,.F.);
#2883=ORIENTED_EDGE('',*,*,#1961,.F.);
#2884=ORIENTED_EDGE('',*,*,#1658,.T.);
#2885=ORIENTED_EDGE('',*,*,#1961,.T.);
#2886=ORIENTED_EDGE('',*,*,#1835,.F.);
#2887=ORIENTED_EDGE('',*,*,#1962,.F.);
#2888=ORIENTED_EDGE('',*,*,#1659,.T.);
#2889=ORIENTED_EDGE('',*,*,#1962,.T.);
#2890=ORIENTED_EDGE('',*,*,#1834,.F.);
#2891=ORIENTED_EDGE('',*,*,#1963,.F.);
#2892=ORIENTED_EDGE('',*,*,#1660,.T.);
#2893=ORIENTED_EDGE('',*,*,#1963,.T.);
#2894=ORIENTED_EDGE('',*,*,#1833,.F.);
#2895=ORIENTED_EDGE('',*,*,#1964,.F.);
#2896=ORIENTED_EDGE('',*,*,#1661,.T.);
#2897=ORIENTED_EDGE('',*,*,#1964,.T.);
#2898=ORIENTED_EDGE('',*,*,#1832,.F.);
#2899=ORIENTED_EDGE('',*,*,#1965,.F.);
#2900=ORIENTED_EDGE('',*,*,#1662,.T.);
#2901=ORIENTED_EDGE('',*,*,#1965,.T.);
#2902=ORIENTED_EDGE('',*,*,#1831,.F.);
#2903=ORIENTED_EDGE('',*,*,#1966,.F.);
#2904=ORIENTED_EDGE('',*,*,#1663,.T.);
#2905=ORIENTED_EDGE('',*,*,#1966,.T.);
#2906=ORIENTED_EDGE('',*,*,#1830,.F.);
#2907=ORIENTED_EDGE('',*,*,#1967,.F.);
#2908=ORIENTED_EDGE('',*,*,#1664,.T.);
#2909=ORIENTED_EDGE('',*,*,#1967,.T.);
#2910=ORIENTED_EDGE('',*,*,#1829,.F.);
#2911=ORIENTED_EDGE('',*,*,#1904,.F.);
#2912=TOROIDAL_SURFACE('',#3100,0.2625,0.05);
#2913=TOROIDAL_SURFACE('',#3152,0.2625,0.05);
#2914=TOROIDAL_SURFACE('',#3264,0.2125,0.0625);
#2915=TOROIDAL_SURFACE('',#3285,0.2125,0.0625);
#2916=ADVANCED_FACE('',(#656),#2912,.F.);
#2917=ADVANCED_FACE('',(#657),#604,.F.);
#2918=ADVANCED_FACE('',(#658),#605,.F.);
#2919=ADVANCED_FACE('',(#659),#606,.F.);
#2920=ADVANCED_FACE('',(#660),#607,.F.);
#2921=ADVANCED_FACE('',(#661),#608,.F.);
#2922=ADVANCED_FACE('',(#662),#609,.F.);
#2923=ADVANCED_FACE('',(#663),#610,.F.);
#2924=ADVANCED_FACE('',(#664),#106,.T.);
#2925=ADVANCED_FACE('',(#665),#2913,.F.);
#2926=ADVANCED_FACE('',(#666),#611,.T.);
#2927=ADVANCED_FACE('',(#667),#612,.T.);
#2928=ADVANCED_FACE('',(#668),#613,.T.);
#2929=ADVANCED_FACE('',(#669),#614,.T.);
#2930=ADVANCED_FACE('',(#670),#615,.T.);
#2931=ADVANCED_FACE('',(#671),#616,.T.);
#2932=ADVANCED_FACE('',(#672),#617,.T.);
#2933=ADVANCED_FACE('',(#673),#618,.F.);
#2934=ADVANCED_FACE('',(#674),#619,.T.);
#2935=ADVANCED_FACE('',(#675),#58,.T.);
#2936=ADVANCED_FACE('',(#676),#59,.T.);
#2937=ADVANCED_FACE('',(#677),#620,.T.);
#2938=ADVANCED_FACE('',(#678),#60,.T.);
#2939=ADVANCED_FACE('',(#679),#22,.T.);
#2940=ADVANCED_FACE('',(#680),#61,.T.);
#2941=ADVANCED_FACE('',(#681),#107,.F.);
#2942=ADVANCED_FACE('',(#682),#621,.T.);
#2943=ADVANCED_FACE('',(#683),#23,.T.);
#2944=ADVANCED_FACE('',(#684),#24,.T.);
#2945=ADVANCED_FACE('',(#685),#622,.T.);
#2946=ADVANCED_FACE('',(#686),#25,.T.);
#2947=ADVANCED_FACE('',(#687),#62,.T.);
#2948=ADVANCED_FACE('',(#688),#108,.F.);
#2949=ADVANCED_FACE('',(#689),#63,.T.);
#2950=ADVANCED_FACE('',(#690),#26,.T.);
#2951=ADVANCED_FACE('',(#691),#64,.T.);
#2952=ADVANCED_FACE('',(#692),#623,.T.);
#2953=ADVANCED_FACE('',(#693),#624,.T.);
#2954=ADVANCED_FACE('',(#694),#65,.T.);
#2955=ADVANCED_FACE('',(#695),#27,.T.);
#2956=ADVANCED_FACE('',(#696),#66,.T.);
#2957=ADVANCED_FACE('',(#697),#109,.F.);
#2958=ADVANCED_FACE('',(#698),#67,.T.);
#2959=ADVANCED_FACE('',(#699),#28,.T.);
#2960=ADVANCED_FACE('',(#700),#625,.T.);
#2961=ADVANCED_FACE('',(#701),#626,.T.);
#2962=ADVANCED_FACE('',(#702),#29,.T.);
#2963=ADVANCED_FACE('',(#703),#68,.T.);
#2964=ADVANCED_FACE('',(#704),#110,.F.);
#2965=ADVANCED_FACE('',(#705),#69,.T.);
#2966=ADVANCED_FACE('',(#706),#30,.T.);
#2967=ADVANCED_FACE('',(#707),#70,.T.);
#2968=ADVANCED_FACE('',(#708),#627,.T.);
#2969=ADVANCED_FACE('',(#709),#628,.T.);
#2970=ADVANCED_FACE('',(#710),#71,.T.);
#2971=ADVANCED_FACE('',(#711),#31,.T.);
#2972=ADVANCED_FACE('',(#712),#72,.T.);
#2973=ADVANCED_FACE('',(#713),#32,.T.);
#2974=ADVANCED_FACE('',(#714),#73,.T.);
#2975=ADVANCED_FACE('',(#715),#111,.F.);
#2976=ADVANCED_FACE('',(#716),#629,.T.);
#2977=ADVANCED_FACE('',(#717),#33,.T.);
#2978=ADVANCED_FACE('',(#718),#34,.T.);
#2979=ADVANCED_FACE('',(#719),#630,.T.);
#2980=ADVANCED_FACE('',(#720),#112,.F.);
#2981=ADVANCED_FACE('',(#721),#74,.T.);
#2982=ADVANCED_FACE('',(#722),#35,.T.);
#2983=ADVANCED_FACE('',(#723),#75,.T.);
#2984=ADVANCED_FACE('',(#724),#631,.T.);
#2985=ADVANCED_FACE('',(#725),#76,.T.);
#2986=ADVANCED_FACE('',(#726),#77,.T.);
#2987=ADVANCED_FACE('',(#727),#632,.T.);
#2988=ADVANCED_FACE('',(#728),#78,.T.);
#2989=ADVANCED_FACE('',(#729),#36,.T.);
#2990=ADVANCED_FACE('',(#730),#79,.T.);
#2991=ADVANCED_FACE('',(#731),#113,.F.);
#2992=ADVANCED_FACE('',(#732),#633,.T.);
#2993=ADVANCED_FACE('',(#733),#37,.T.);
#2994=ADVANCED_FACE('',(#734),#38,.T.);
#2995=ADVANCED_FACE('',(#735),#634,.T.);
#2996=ADVANCED_FACE('',(#736),#114,.F.);
#2997=ADVANCED_FACE('',(#737),#80,.T.);
#2998=ADVANCED_FACE('',(#738),#115,.F.);
#2999=ADVANCED_FACE('',(#739),#81,.T.);
#3000=ADVANCED_FACE('',(#740),#39,.T.);
#3001=ADVANCED_FACE('',(#741),#82,.T.);
#3002=ADVANCED_FACE('',(#742),#635,.T.);
#3003=ADVANCED_FACE('',(#743),#2914,.F.);
#3004=ADVANCED_FACE('',(#744),#116,.T.);
#3005=ADVANCED_FACE('',(#745,#18),#636,.F.);
#3006=ADVANCED_FACE('',(#746),#2915,.F.);
#3007=ADVANCED_FACE('',(#747),#117,.T.);
#3008=ADVANCED_FACE('',(#748,#19),#637,.T.);
#3009=ADVANCED_FACE('',(#749,#20),#638,.F.);
#3010=ADVANCED_FACE('',(#750,#21),#639,.T.);
#3011=ADVANCED_FACE('',(#751),#118,.F.);
#3012=ADVANCED_FACE('',(#752),#119,.F.);
#3013=ADVANCED_FACE('',(#753),#120,.F.);
#3014=ADVANCED_FACE('',(#754),#40,.T.);
#3015=ADVANCED_FACE('',(#755),#640,.T.);
#3016=ADVANCED_FACE('',(#756),#83,.T.);
#3017=ADVANCED_FACE('',(#757),#84,.T.);
#3018=ADVANCED_FACE('',(#758),#85,.T.);
#3019=ADVANCED_FACE('',(#759),#641,.T.);
#3020=ADVANCED_FACE('',(#760),#41,.T.);
#3021=ADVANCED_FACE('',(#761),#121,.F.);
#3022=ADVANCED_FACE('',(#762),#42,.T.);
#3023=ADVANCED_FACE('',(#763),#642,.T.);
#3024=ADVANCED_FACE('',(#764),#86,.T.);
#3025=ADVANCED_FACE('',(#765),#87,.T.);
#3026=ADVANCED_FACE('',(#766),#88,.T.);
#3027=ADVANCED_FACE('',(#767),#643,.T.);
#3028=ADVANCED_FACE('',(#768),#43,.T.);
#3029=ADVANCED_FACE('',(#769),#122,.F.);
#3030=ADVANCED_FACE('',(#770),#44,.T.);
#3031=ADVANCED_FACE('',(#771),#45,.T.);
#3032=ADVANCED_FACE('',(#772),#644,.T.);
#3033=ADVANCED_FACE('',(#773),#89,.T.);
#3034=ADVANCED_FACE('',(#774),#90,.T.);
#3035=ADVANCED_FACE('',(#775),#91,.T.);
#3036=ADVANCED_FACE('',(#776),#645,.T.);
#3037=ADVANCED_FACE('',(#777),#46,.T.);
#3038=ADVANCED_FACE('',(#778),#123,.F.);
#3039=ADVANCED_FACE('',(#779),#47,.T.);
#3040=ADVANCED_FACE('',(#780),#646,.T.);
#3041=ADVANCED_FACE('',(#781),#92,.T.);
#3042=ADVANCED_FACE('',(#782),#93,.T.);
#3043=ADVANCED_FACE('',(#783),#94,.T.);
#3044=ADVANCED_FACE('',(#784),#647,.T.);
#3045=ADVANCED_FACE('',(#785),#48,.T.);
#3046=ADVANCED_FACE('',(#786),#124,.F.);
#3047=ADVANCED_FACE('',(#787),#49,.T.);
#3048=ADVANCED_FACE('',(#788),#648,.T.);
#3049=ADVANCED_FACE('',(#789),#95,.T.);
#3050=ADVANCED_FACE('',(#790),#96,.T.);
#3051=ADVANCED_FACE('',(#791),#649,.T.);
#3052=ADVANCED_FACE('',(#792),#50,.T.);
#3053=ADVANCED_FACE('',(#793),#51,.T.);
#3054=ADVANCED_FACE('',(#794),#125,.F.);
#3055=ADVANCED_FACE('',(#795),#52,.T.);
#3056=ADVANCED_FACE('',(#796),#650,.T.);
#3057=ADVANCED_FACE('',(#797),#97,.T.);
#3058=ADVANCED_FACE('',(#798),#98,.T.);
#3059=ADVANCED_FACE('',(#799),#99,.T.);
#3060=ADVANCED_FACE('',(#800),#651,.T.);
#3061=ADVANCED_FACE('',(#801),#53,.T.);
#3062=ADVANCED_FACE('',(#802),#126,.F.);
#3063=ADVANCED_FACE('',(#803),#54,.T.);
#3064=ADVANCED_FACE('',(#804),#652,.T.);
#3065=ADVANCED_FACE('',(#805),#100,.T.);
#3066=ADVANCED_FACE('',(#806),#101,.T.);
#3067=ADVANCED_FACE('',(#807),#102,.T.);
#3068=ADVANCED_FACE('',(#808),#653,.T.);
#3069=ADVANCED_FACE('',(#809),#55,.T.);
#3070=ADVANCED_FACE('',(#810),#127,.F.);
#3071=ADVANCED_FACE('',(#811),#56,.T.);
#3072=ADVANCED_FACE('',(#812),#654,.T.);
#3073=ADVANCED_FACE('',(#813),#103,.T.);
#3074=ADVANCED_FACE('',(#814),#104,.T.);
#3075=ADVANCED_FACE('',(#815),#105,.T.);
#3076=ADVANCED_FACE('',(#816),#655,.T.);
#3077=ADVANCED_FACE('',(#817),#57,.T.);
#3078=CLOSED_SHELL('',(#2916,#2917,#2918,#2919,#2920,#2921,#2922,#2923,
#2924,#2925,#2926,#2927,#2928,#2929,#2930,#2931,#2932,#2933,#2934,#2935,
#2936,#2937,#2938,#2939,#2940,#2941,#2942,#2943,#2944,#2945,#2946,#2947,
#2948,#2949,#2950,#2951,#2952,#2953,#2954,#2955,#2956,#2957,#2958,#2959,
#2960,#2961,#2962,#2963,#2964,#2965,#2966,#2967,#2968,#2969,#2970,#2971,
#2972,#2973,#2974,#2975,#2976,#2977,#2978,#2979,#2980,#2981,#2982,#2983,
#2984,#2985,#2986,#2987,#2988,#2989,#2990,#2991,#2992,#2993,#2994,#2995,
#2996,#2997,#2998,#2999,#3000,#3001,#3002,#3003,#3004,#3005,#3006,#3007,
#3008,#3009,#3010,#3011,#3012,#3013,#3014,#3015,#3016,#3017,#3018,#3019,
#3020,#3021,#3022,#3023,#3024,#3025,#3026,#3027,#3028,#3029,#3030,#3031,
#3032,#3033,#3034,#3035,#3036,#3037,#3038,#3039,#3040,#3041,#3042,#3043,
#3044,#3045,#3046,#3047,#3048,#3049,#3050,#3051,#3052,#3053,#3054,#3055,
#3056,#3057,#3058,#3059,#3060,#3061,#3062,#3063,#3064,#3065,#3066,#3067,
#3068,#3069,#3070,#3071,#3072,#3073,#3074,#3075,#3076,#3077));
#3079=DERIVED_UNIT_ELEMENT(#3081,1.);
#3080=DERIVED_UNIT_ELEMENT(#6894,-3.);
#3081=(
CONVERSION_BASED_UNIT('gram',#3083)
MASS_UNIT()
NAMED_UNIT(#6891)
);
#3082=(
MASS_UNIT()
NAMED_UNIT(*)
SI_UNIT(.KILO.,.GRAM.)
);
#3083=MASS_MEASURE_WITH_UNIT(MASS_MEASURE(0.001),#3082);
#3084=DERIVED_UNIT((#3079,#3080));
#3085=MEASURE_REPRESENTATION_ITEM('density measure',
POSITIVE_RATIO_MEASURE(0.952),#3084);
#3086=PROPERTY_DEFINITION_REPRESENTATION(#3091,#3088);
#3087=PROPERTY_DEFINITION_REPRESENTATION(#3092,#3089);
#3088=REPRESENTATION('material name',(#3090),#6888);
#3089=REPRESENTATION('density',(#3085),#6888);
#3090=DESCRIPTIVE_REPRESENTATION_ITEM('Plastic, Opaque Black',
'Plastic, Opaque Black');
#3091=PROPERTY_DEFINITION('material property','material name',#6902);
#3092=PROPERTY_DEFINITION('material property','density of part',#6902);
#3093=DATE_TIME_ROLE('creation_date');
#3094=APPLIED_DATE_AND_TIME_ASSIGNMENT(#3095,#3093,(#6902));
#3095=DATE_AND_TIME(#3096,#3097);
#3096=CALENDAR_DATE(2025,13,10);
#3097=LOCAL_TIME(0,0,0.,#3098);
#3098=COORDINATED_UNIVERSAL_TIME_OFFSET(0,0,.BEHIND.);
#3099=AXIS2_PLACEMENT_3D('',#4012,#3336,#3337);
#3100=AXIS2_PLACEMENT_3D('',#4013,#3338,#3339);
#3101=AXIS2_PLACEMENT_3D('',#4025,#3340,#3341);
#3102=AXIS2_PLACEMENT_3D('',#4027,#3342,#3343);
#3103=AXIS2_PLACEMENT_3D('',#4028,#3344,#3345);
#3104=AXIS2_PLACEMENT_3D('',#4030,#3346,#3347);
#3105=AXIS2_PLACEMENT_3D('',#4041,#3348,#3349);
#3106=AXIS2_PLACEMENT_3D('',#4052,#3350,#3351);
#3107=AXIS2_PLACEMENT_3D('',#4063,#3352,#3353);
#3108=AXIS2_PLACEMENT_3D('',#4074,#3354,#3355);
#3109=AXIS2_PLACEMENT_3D('',#4085,#3356,#3357);
#3110=AXIS2_PLACEMENT_3D('',#4096,#3358,#3359);
#3111=AXIS2_PLACEMENT_3D('',#4106,#3360,#3361);
#3112=AXIS2_PLACEMENT_3D('',#4107,#3362,#3363);
#3113=AXIS2_PLACEMENT_3D('',#4109,#3364,#3365);
#3114=AXIS2_PLACEMENT_3D('',#4111,#3366,#3367);
#3115=AXIS2_PLACEMENT_3D('',#4153,#3370,#3371);
#3116=AXIS2_PLACEMENT_3D('',#4154,#3372,#3373);
#3117=AXIS2_PLACEMENT_3D('',#4155,#3374,#3375);
#3118=AXIS2_PLACEMENT_3D('',#4157,#3376,#3377);
#3119=AXIS2_PLACEMENT_3D('',#4159,#3378,#3379);
#3120=AXIS2_PLACEMENT_3D('',#4161,#3380,#3381);
#3121=AXIS2_PLACEMENT_3D('',#4203,#3384,#3385);
#3122=AXIS2_PLACEMENT_3D('',#4204,#3386,#3387);
#3123=AXIS2_PLACEMENT_3D('',#4205,#3388,#3389);
#3124=AXIS2_PLACEMENT_3D('',#4207,#3390,#3391);
#3125=AXIS2_PLACEMENT_3D('',#4209,#3392,#3393);
#3126=AXIS2_PLACEMENT_3D('',#4251,#3396,#3397);
#3127=AXIS2_PLACEMENT_3D('',#4252,#3398,#3399);
#3128=AXIS2_PLACEMENT_3D('',#4253,#3400,#3401);
#3129=AXIS2_PLACEMENT_3D('',#4255,#3402,#3403);
#3130=AXIS2_PLACEMENT_3D('',#4257,#3404,#3405);
#3131=AXIS2_PLACEMENT_3D('',#4299,#3408,#3409);
#3132=AXIS2_PLACEMENT_3D('',#4300,#3410,#3411);
#3133=AXIS2_PLACEMENT_3D('',#4301,#3412,#3413);
#3134=AXIS2_PLACEMENT_3D('',#4303,#3414,#3415);
#3135=AXIS2_PLACEMENT_3D('',#4305,#3416,#3417);
#3136=AXIS2_PLACEMENT_3D('',#4347,#3420,#3421);
#3137=AXIS2_PLACEMENT_3D('',#4349,#3422,#3423);
#3138=AXIS2_PLACEMENT_3D('',#4350,#3424,#3425);
#3139=AXIS2_PLACEMENT_3D('',#4351,#3426,#3427);
#3140=AXIS2_PLACEMENT_3D('',#4353,#3428,#3429);
#3141=AXIS2_PLACEMENT_3D('',#4355,#3430,#3431);
#3142=AXIS2_PLACEMENT_3D('',#4397,#3434,#3435);
#3143=AXIS2_PLACEMENT_3D('',#4398,#3436,#3437);
#3144=AXIS2_PLACEMENT_3D('',#4399,#3438,#3439);
#3145=AXIS2_PLACEMENT_3D('',#4401,#3440,#3441);
#3146=AXIS2_PLACEMENT_3D('',#4403,#3442,#3443);
#3147=AXIS2_PLACEMENT_3D('',#4445,#3446,#3447);
#3148=AXIS2_PLACEMENT_3D('',#4446,#3448,#3449);
#3149=AXIS2_PLACEMENT_3D('',#4447,#3450,#3451);
#3150=AXIS2_PLACEMENT_3D('',#4451,#3453,#3454);
#3151=AXIS2_PLACEMENT_3D('',#4452,#3455,#3456);
#3152=AXIS2_PLACEMENT_3D('',#4453,#3457,#3458);
#3153=AXIS2_PLACEMENT_3D('',#4465,#3459,#3460);
#3154=AXIS2_PLACEMENT_3D('',#4476,#3461,#3462);
#3155=AXIS2_PLACEMENT_3D('',#4487,#3463,#3464);
#3156=AXIS2_PLACEMENT_3D('',#4498,#3465,#3466);
#3157=AXIS2_PLACEMENT_3D('',#4509,#3467,#3468);
#3158=AXIS2_PLACEMENT_3D('',#4510,#3469,#3470);
#3159=AXIS2_PLACEMENT_3D('',#4512,#3471,#3472);
#3160=AXIS2_PLACEMENT_3D('',#4523,#3473,#3474);
#3161=AXIS2_PLACEMENT_3D('',#4534,#3475,#3476);
#3162=AXIS2_PLACEMENT_3D('',#4544,#3477,#3478);
#3163=AXIS2_PLACEMENT_3D('',#4545,#3479,#3480);
#3164=AXIS2_PLACEMENT_3D('',#4547,#3481,#3482);
#3165=AXIS2_PLACEMENT_3D('',#4549,#3483,#3484);
#3166=AXIS2_PLACEMENT_3D('',#4551,#3485,#3486);
#3167=AXIS2_PLACEMENT_3D('',#4593,#3489,#3490);
#3168=AXIS2_PLACEMENT_3D('',#4594,#3491,#3492);
#3169=AXIS2_PLACEMENT_3D('',#4595,#3493,#3494);
#3170=AXIS2_PLACEMENT_3D('',#4597,#3495,#3496);
#3171=AXIS2_PLACEMENT_3D('',#4599,#3497,#3498);
#3172=AXIS2_PLACEMENT_3D('',#4641,#3501,#3502);
#3173=AXIS2_PLACEMENT_3D('',#4642,#3503,#3504);
#3174=AXIS2_PLACEMENT_3D('',#4643,#3505,#3506);
#3175=AXIS2_PLACEMENT_3D('',#4645,#3507,#3508);
#3176=AXIS2_PLACEMENT_3D('',#4647,#3509,#3510);
#3177=AXIS2_PLACEMENT_3D('',#4689,#3513,#3514);
#3178=AXIS2_PLACEMENT_3D('',#4690,#3515,#3516);
#3179=AXIS2_PLACEMENT_3D('',#4691,#3517,#3518);
#3180=AXIS2_PLACEMENT_3D('',#4693,#3519,#3520);
#3181=AXIS2_PLACEMENT_3D('',#4695,#3521,#3522);
#3182=AXIS2_PLACEMENT_3D('',#4737,#3525,#3526);
#3183=AXIS2_PLACEMENT_3D('',#4739,#3527,#3528);
#3184=AXIS2_PLACEMENT_3D('',#4740,#3529,#3530);
#3185=AXIS2_PLACEMENT_3D('',#4741,#3531,#3532);
#3186=AXIS2_PLACEMENT_3D('',#4743,#3533,#3534);
#3187=AXIS2_PLACEMENT_3D('',#4745,#3535,#3536);
#3188=AXIS2_PLACEMENT_3D('',#4787,#3539,#3540);
#3189=AXIS2_PLACEMENT_3D('',#4788,#3541,#3542);
#3190=AXIS2_PLACEMENT_3D('',#4789,#3543,#3544);
#3191=AXIS2_PLACEMENT_3D('',#4791,#3545,#3546);
#3192=AXIS2_PLACEMENT_3D('',#4793,#3547,#3548);
#3193=AXIS2_PLACEMENT_3D('',#4835,#3551,#3552);
#3194=AXIS2_PLACEMENT_3D('',#4836,#3553,#3554);
#3195=AXIS2_PLACEMENT_3D('',#4837,#3555,#3556);
#3196=AXIS2_PLACEMENT_3D('',#4839,#3557,#3558);
#3197=AXIS2_PLACEMENT_3D('',#4841,#3559,#3560);
#3198=AXIS2_PLACEMENT_3D('',#4883,#3563,#3564);
#3199=AXIS2_PLACEMENT_3D('',#4885,#3565,#3566);
#3200=AXIS2_PLACEMENT_3D('',#4886,#3567,#3568);
#3201=AXIS2_PLACEMENT_3D('',#4887,#3569,#3570);
#3202=AXIS2_PLACEMENT_3D('',#4889,#3571,#3572);
#3203=AXIS2_PLACEMENT_3D('',#4891,#3573,#3574);
#3204=AXIS2_PLACEMENT_3D('',#4893,#3575,#3576);
#3205=AXIS2_PLACEMENT_3D('',#4935,#3579,#3580);
#3206=AXIS2_PLACEMENT_3D('',#4936,#3581,#3582);
#3207=AXIS2_PLACEMENT_3D('',#4937,#3583,#3584);
#3208=AXIS2_PLACEMENT_3D('',#4939,#3585,#3586);
#3209=AXIS2_PLACEMENT_3D('',#4941,#3587,#3588);
#3210=AXIS2_PLACEMENT_3D('',#4983,#3591,#3592);
#3211=AXIS2_PLACEMENT_3D('',#4984,#3593,#3594);
#3212=AXIS2_PLACEMENT_3D('',#5041,#3599,#3600);
#3213=AXIS2_PLACEMENT_3D('',#5085,#3605,#3606);
#3214=AXIS2_PLACEMENT_3D('',#5112,#3608,#3609);
#3215=AXIS2_PLACEMENT_3D('',#5115,#3611,#3612);
#3216=AXIS2_PLACEMENT_3D('',#5116,#3613,#3614);
#3217=AXIS2_PLACEMENT_3D('',#5128,#3618,#3619);
#3218=AXIS2_PLACEMENT_3D('',#5137,#3621,#3622);
#3219=AXIS2_PLACEMENT_3D('',#5138,#3623,#3624);
#3220=AXIS2_PLACEMENT_3D('',#5150,#3628,#3629);
#3221=AXIS2_PLACEMENT_3D('',#5177,#3631,#3632);
#3222=AXIS2_PLACEMENT_3D('',#5180,#3634,#3635);
#3223=AXIS2_PLACEMENT_3D('',#5221,#3638,#3639);
#3224=AXIS2_PLACEMENT_3D('',#5248,#3641,#3642);
#3225=AXIS2_PLACEMENT_3D('',#5252,#3645,#3646);
#3226=AXIS2_PLACEMENT_3D('',#5290,#3651,#3652);
#3227=AXIS2_PLACEMENT_3D('',#5323,#3654,#3655);
#3228=AXIS2_PLACEMENT_3D('',#5326,#3657,#3658);
#3229=AXIS2_PLACEMENT_3D('',#5361,#3661,#3662);
#3230=AXIS2_PLACEMENT_3D('',#5362,#3663,#3664);
#3231=AXIS2_PLACEMENT_3D('',#5366,#3667,#3668);
#3232=AXIS2_PLACEMENT_3D('',#5378,#3672,#3673);
#3233=AXIS2_PLACEMENT_3D('',#5405,#3675,#3676);
#3234=AXIS2_PLACEMENT_3D('',#5408,#3678,#3679);
#3235=AXIS2_PLACEMENT_3D('',#5449,#3682,#3683);
#3236=AXIS2_PLACEMENT_3D('',#5476,#3685,#3686);
#3237=AXIS2_PLACEMENT_3D('',#5480,#3689,#3690);
#3238=AXIS2_PLACEMENT_3D('',#5518,#3695,#3696);
#3239=AXIS2_PLACEMENT_3D('',#5559,#3699,#3700);
#3240=AXIS2_PLACEMENT_3D('',#5586,#3702,#3703);
#3241=AXIS2_PLACEMENT_3D('',#5589,#3705,#3706);
#3242=AXIS2_PLACEMENT_3D('',#5590,#3707,#3708);
#3243=AXIS2_PLACEMENT_3D('',#5602,#3712,#3713);
#3244=AXIS2_PLACEMENT_3D('',#5611,#3715,#3716);
#3245=AXIS2_PLACEMENT_3D('',#5612,#3717,#3718);
#3246=AXIS2_PLACEMENT_3D('',#5616,#3721,#3722);
#3247=AXIS2_PLACEMENT_3D('',#5619,#3724,#3725);
#3248=AXIS2_PLACEMENT_3D('',#5654,#3728,#3729);
#3249=AXIS2_PLACEMENT_3D('',#5687,#3731,#3732);
#3250=AXIS2_PLACEMENT_3D('',#5743,#3737,#3738);
#3251=AXIS2_PLACEMENT_3D('',#5787,#3743,#3744);
#3252=AXIS2_PLACEMENT_3D('',#5814,#3746,#3747);
#3253=AXIS2_PLACEMENT_3D('',#5817,#3749,#3750);
#3254=AXIS2_PLACEMENT_3D('',#5818,#3751,#3752);
#3255=AXIS2_PLACEMENT_3D('',#5830,#3756,#3757);
#3256=AXIS2_PLACEMENT_3D('',#5839,#3759,#3760);
#3257=AXIS2_PLACEMENT_3D('',#5840,#3761,#3762);
#3258=AXIS2_PLACEMENT_3D('',#5844,#3765,#3766);
#3259=AXIS2_PLACEMENT_3D('',#5847,#3768,#3769);
#3260=AXIS2_PLACEMENT_3D('',#5874,#3771,#3772);
#3261=AXIS2_PLACEMENT_3D('',#5877,#3774,#3775);
#3262=AXIS2_PLACEMENT_3D('',#5918,#3778,#3779);
#3263=AXIS2_PLACEMENT_3D('',#5945,#3781,#3782);
#3264=AXIS2_PLACEMENT_3D('',#5949,#3785,#3786);
#3265=AXIS2_PLACEMENT_3D('',#5951,#3787,#3788);
#3266=AXIS2_PLACEMENT_3D('',#5953,#3789,#3790);
#3267=AXIS2_PLACEMENT_3D('',#5954,#3791,#3792);
#3268=AXIS2_PLACEMENT_3D('',#5955,#3793,#3794);
#3269=AXIS2_PLACEMENT_3D('',#5958,#3796,#3797);
#3270=AXIS2_PLACEMENT_3D('',#5959,#3798,#3799);
#3271=AXIS2_PLACEMENT_3D('',#5962,#3800,#3801);
#3272=AXIS2_PLACEMENT_3D('',#5997,#3804,#3805);
#3273=AXIS2_PLACEMENT_3D('',#5999,#3806,#3807);
#3274=AXIS2_PLACEMENT_3D('',#6001,#3808,#3809);
#3275=AXIS2_PLACEMENT_3D('',#6036,#3812,#3813);
#3276=AXIS2_PLACEMENT_3D('',#6038,#3814,#3815);
#3277=AXIS2_PLACEMENT_3D('',#6040,#3816,#3817);
#3278=AXIS2_PLACEMENT_3D('',#6075,#3820,#3821);
#3279=AXIS2_PLACEMENT_3D('',#6077,#3822,#3823);
#3280=AXIS2_PLACEMENT_3D('',#6079,#3824,#3825);
#3281=AXIS2_PLACEMENT_3D('',#6081,#3826,#3827);
#3282=AXIS2_PLACEMENT_3D('',#6106,#3830,#3831);
#3283=AXIS2_PLACEMENT_3D('',#6108,#3832,#3833);
#3284=AXIS2_PLACEMENT_3D('',#6109,#3834,#3835);
#3285=AXIS2_PLACEMENT_3D('',#6110,#3836,#3837);
#3286=AXIS2_PLACEMENT_3D('',#6113,#3838,#3839);
#3287=AXIS2_PLACEMENT_3D('',#6115,#3840,#3841);
#3288=AXIS2_PLACEMENT_3D('',#6116,#3842,#3843);
#3289=AXIS2_PLACEMENT_3D('',#6117,#3844,#3845);
#3290=AXIS2_PLACEMENT_3D('',#6118,#3846,#3847);
#3291=AXIS2_PLACEMENT_3D('',#6120,#3848,#3849);
#3292=AXIS2_PLACEMENT_3D('',#6122,#3851,#3852);
#3293=AXIS2_PLACEMENT_3D('',#6155,#3854,#3855);
#3294=AXIS2_PLACEMENT_3D('',#6157,#3856,#3857);
#3295=AXIS2_PLACEMENT_3D('',#6159,#3858,#3859);
#3296=AXIS2_PLACEMENT_3D('',#6194,#3862,#3863);
#3297=AXIS2_PLACEMENT_3D('',#6196,#3864,#3865);
#3298=AXIS2_PLACEMENT_3D('',#6198,#3866,#3867);
#3299=AXIS2_PLACEMENT_3D('',#6200,#3868,#3869);
#3300=AXIS2_PLACEMENT_3D('',#6235,#3872,#3873);
#3301=AXIS2_PLACEMENT_3D('',#6237,#3874,#3875);
#3302=AXIS2_PLACEMENT_3D('',#6239,#3876,#3877);
#3303=AXIS2_PLACEMENT_3D('',#6274,#3880,#3881);
#3304=AXIS2_PLACEMENT_3D('',#6276,#3882,#3883);
#3305=AXIS2_PLACEMENT_3D('',#6278,#3884,#3885);
#3306=AXIS2_PLACEMENT_3D('',#6280,#3887,#3888);
#3307=AXIS2_PLACEMENT_3D('',#6282,#3889,#3890);
#3308=AXIS2_PLACEMENT_3D('',#6283,#3891,#3892);
#3309=AXIS2_PLACEMENT_3D('',#6285,#3893,#3894);
#3310=AXIS2_PLACEMENT_3D('',#6286,#3895,#3896);
#3311=AXIS2_PLACEMENT_3D('',#6288,#3898,#3899);
#3312=AXIS2_PLACEMENT_3D('',#6291,#3902,#3903);
#3313=AXIS2_PLACEMENT_3D('',#6300,#3906,#3907);
#3314=AXIS2_PLACEMENT_3D('',#6356,#3911,#3912);
#3315=AXIS2_PLACEMENT_3D('',#6365,#3915,#3916);
#3316=AXIS2_PLACEMENT_3D('',#6374,#3919,#3920);
#3317=AXIS2_PLACEMENT_3D('',#6431,#3925,#3926);
#3318=AXIS2_PLACEMENT_3D('',#6440,#3929,#3930);
#3319=AXIS2_PLACEMENT_3D('',#6456,#3934,#3935);
#3320=AXIS2_PLACEMENT_3D('',#6513,#3940,#3941);
#3321=AXIS2_PLACEMENT_3D('',#6522,#3944,#3945);
#3322=AXIS2_PLACEMENT_3D('',#6531,#3948,#3949);
#3323=AXIS2_PLACEMENT_3D('',#6588,#3954,#3955);
#3324=AXIS2_PLACEMENT_3D('',#6597,#3958,#3959);
#3325=AXIS2_PLACEMENT_3D('',#6606,#3962,#3963);
#3326=AXIS2_PLACEMENT_3D('',#6645,#3966,#3967);
#3327=AXIS2_PLACEMENT_3D('',#6661,#3971,#3972);
#3328=AXIS2_PLACEMENT_3D('',#6670,#3975,#3976);
#3329=AXIS2_PLACEMENT_3D('',#6727,#3981,#3982);
#3330=AXIS2_PLACEMENT_3D('',#6736,#3985,#3986);
#3331=AXIS2_PLACEMENT_3D('',#6745,#3989,#3990);
#3332=AXIS2_PLACEMENT_3D('',#6802,#3995,#3996);
#3333=AXIS2_PLACEMENT_3D('',#6811,#3999,#4000);
#3334=AXIS2_PLACEMENT_3D('',#6820,#4003,#4004);
#3335=AXIS2_PLACEMENT_3D('',#6877,#4009,#4010);
#3336=DIRECTION('axis',(0.,0.,1.));
#3337=DIRECTION('refdir',(1.,0.,0.));
#3338=DIRECTION('center_axis',(0.,0.,-1.));
#3339=DIRECTION('ref_axis',(-1.,0.,0.));
#3340=DIRECTION('center_axis',(0.,0.,-1.));
#3341=DIRECTION('ref_axis',(-1.,0.,0.));
#3342=DIRECTION('center_axis',(-1.3987061727561E-16,-1.,0.));
#3343=DIRECTION('ref_axis',(1.,-1.3987061727561E-16,0.));
#3344=DIRECTION('center_axis',(0.,0.,1.));
#3345=DIRECTION('ref_axis',(-1.,0.,0.));
#3346=DIRECTION('center_axis',(0.,0.,-1.));
#3347=DIRECTION('ref_axis',(-1.,0.,0.));
#3348=DIRECTION('center_axis',(0.,0.,-1.));
#3349=DIRECTION('ref_axis',(-1.,0.,0.));
#3350=DIRECTION('center_axis',(0.,0.,-1.));
#3351=DIRECTION('ref_axis',(-1.,0.,0.));
#3352=DIRECTION('center_axis',(0.,0.,-1.));
#3353=DIRECTION('ref_axis',(-1.,0.,0.));
#3354=DIRECTION('center_axis',(0.,0.,-1.));
#3355=DIRECTION('ref_axis',(-1.,0.,0.));
#3356=DIRECTION('center_axis',(0.,0.,-1.));
#3357=DIRECTION('ref_axis',(-1.,0.,0.));
#3358=DIRECTION('center_axis',(0.,0.,-1.));
#3359=DIRECTION('ref_axis',(-1.,0.,0.));
#3360=DIRECTION('center_axis',(0.,0.,-1.));
#3361=DIRECTION('ref_axis',(-1.,0.,0.));
#3362=DIRECTION('center_axis',(0.,0.,1.));
#3363=DIRECTION('ref_axis',(1.,0.,0.));
#3364=DIRECTION('center_axis',(0.,0.,-1.));
#3365=DIRECTION('ref_axis',(-0.344555201586545,0.938766058749279,0.));
#3366=DIRECTION('center_axis',(0.,0.,-1.));
#3367=DIRECTION('ref_axis',(-0.475694928719242,0.879610331221044,0.));
#3368=DIRECTION('',(-0.589966711585836,0.807427569024365,0.));
#3369=DIRECTION('',(0.810600526006323,-0.585599510961435,0.));
#3370=DIRECTION('center_axis',(0.,0.,-1.));
#3371=DIRECTION('ref_axis',(0.880333368789402,-0.474355520465298,0.));
#3372=DIRECTION('center_axis',(0.,0.,-1.));
#3373=DIRECTION('ref_axis',(0.420170526554448,0.907445165624324,0.));
#3374=DIRECTION('center_axis',(0.,0.,1.));
#3375=DIRECTION('ref_axis',(1.,0.,0.));
#3376=DIRECTION('center_axis',(0.,0.,-1.));
#3377=DIRECTION('ref_axis',(0.420170526554448,0.907445165624324,0.));
#3378=DIRECTION('center_axis',(0.,0.,-1.));
#3379=DIRECTION('ref_axis',(-0.910133813078678,0.414314424430126,0.));
#3380=DIRECTION('center_axis',(0.,0.,-1.));
#3381=DIRECTION('ref_axis',(0.285611320139503,0.958345539880147,0.));
#3382=DIRECTION('',(0.153768046937425,0.98810697181077,0.));
#3383=DIRECTION('',(0.159099743512101,-0.98726251403281,0.));
#3384=DIRECTION('center_axis',(0.,0.,-1.));
#3385=DIRECTION('ref_axis',(-0.287069689562595,0.957909699989741,0.));
#3386=DIRECTION('center_axis',(0.,0.,-1.));
#3387=DIRECTION('ref_axis',(0.938766058749279,0.344555201586546,0.));
#3388=DIRECTION('center_axis',(0.,0.,1.));
#3389=DIRECTION('ref_axis',(1.,0.,0.));
#3390=DIRECTION('center_axis',(0.,0.,-1.));
#3391=DIRECTION('ref_axis',(-0.939589581894328,0.342303107779701,0.));
#3392=DIRECTION('center_axis',(0.,0.,-1.));
#3393=DIRECTION('ref_axis',(0.958345539879982,-0.285611320140055,0.));
#3394=DIRECTION('',(-0.98810697181077,0.153768046937424,0.));
#3395=DIRECTION('',(0.98726251403281,0.159099743512101,0.));
#3396=DIRECTION('center_axis',(0.,0.,-1.));
#3397=DIRECTION('ref_axis',(0.957909699989614,0.287069689563019,0.));
#3398=DIRECTION('center_axis',(0.,0.,-1.));
#3399=DIRECTION('ref_axis',(-0.344555201586545,0.938766058749279,0.));
#3400=DIRECTION('center_axis',(0.,0.,1.));
#3401=DIRECTION('ref_axis',(1.,0.,0.));
#3402=DIRECTION('center_axis',(0.,0.,-1.));
#3403=DIRECTION('ref_axis',(0.938766058749279,0.344555201586546,0.));
#3404=DIRECTION('center_axis',(0.,0.,-1.));
#3405=DIRECTION('ref_axis',(0.879610331223483,0.475694928714733,0.));
#3406=DIRECTION('',(0.80742756902436,0.589966711585842,0.));
#3407=DIRECTION('',(-0.585599510961442,-0.810600526006318,0.));
#3408=DIRECTION('center_axis',(0.,0.,-1.));
#3409=DIRECTION('ref_axis',(0.474355520465186,0.880333368789462,0.));
#3410=DIRECTION('center_axis',(0.,0.,-1.));
#3411=DIRECTION('ref_axis',(0.907445165624324,-0.42017052655445,0.));
#3412=DIRECTION('center_axis',(0.,0.,1.));
#3413=DIRECTION('ref_axis',(1.,0.,0.));
#3414=DIRECTION('center_axis',(0.,0.,-1.));
#3415=DIRECTION('ref_axis',(-0.938766058749281,-0.344555201586539,0.));
#3416=DIRECTION('center_axis',(0.,0.,-1.));
#3417=DIRECTION('ref_axis',(0.879610331221523,0.475694928718356,0.));
#3418=DIRECTION('',(-0.807427569024351,-0.589966711585854,0.));
#3419=DIRECTION('',(0.585599510961436,0.810600526006322,0.));
#3420=DIRECTION('center_axis',(0.,0.,-1.));
#3421=DIRECTION('ref_axis',(0.47435552046438,0.880333368789896,0.));
#3422=DIRECTION('center_axis',(0.,0.,-1.));
#3423=DIRECTION('ref_axis',(0.778672470146742,0.627430621053492,0.));
#3424=DIRECTION('center_axis',(0.,0.,-1.));
#3425=DIRECTION('ref_axis',(-0.939589581894328,0.342303107779701,0.));
#3426=DIRECTION('center_axis',(0.,0.,1.));
#3427=DIRECTION('ref_axis',(1.,0.,0.));
#3428=DIRECTION('center_axis',(0.,0.,-1.));
#3429=DIRECTION('ref_axis',(0.907445165624324,-0.42017052655445,0.));
#3430=DIRECTION('center_axis',(0.,0.,-1.));
#3431=DIRECTION('ref_axis',(0.958345539880615,-0.285611320137931,0.));
#3432=DIRECTION('',(0.988106971810769,-0.15376804693743,0.));
#3433=DIRECTION('',(-0.987262514032812,-0.159099743512088,0.));
#3434=DIRECTION('center_axis',(0.,0.,-1.));
#3435=DIRECTION('ref_axis',(0.957909699989718,0.287069689562672,0.));
#3436=DIRECTION('center_axis',(0.,0.,-1.));
#3437=DIRECTION('ref_axis',(0.344555201586535,-0.938766058749283,0.));
#3438=DIRECTION('center_axis',(0.,0.,1.));
#3439=DIRECTION('ref_axis',(1.,0.,0.));
#3440=DIRECTION('center_axis',(0.,0.,-1.));
#3441=DIRECTION('ref_axis',(-0.420170526554454,-0.907445165624322,0.));
#3442=DIRECTION('center_axis',(0.,0.,-1.));
#3443=DIRECTION('ref_axis',(0.285611320140281,0.958345539879915,0.));
#3444=DIRECTION('',(-0.153768046937441,-0.988106971810768,0.));
#3445=DIRECTION('',(-0.159099743512105,0.987262514032809,0.));
#3446=DIRECTION('center_axis',(0.,0.,-1.));
#3447=DIRECTION('ref_axis',(-0.287069689560051,0.957909699990503,0.));
#3448=DIRECTION('center_axis',(0.,0.,-1.));
#3449=DIRECTION('ref_axis',(-0.938766058749281,-0.344555201586539,0.));
#3450=DIRECTION('center_axis',(0.,0.,-1.));
#3451=DIRECTION('ref_axis',(-1.,0.,0.));
#3452=DIRECTION('',(0.,0.,-1.));
#3453=DIRECTION('center_axis',(0.,0.,-1.));
#3454=DIRECTION('ref_axis',(-1.,0.,0.));
#3455=DIRECTION('center_axis',(0.,0.,-1.));
#3456=DIRECTION('ref_axis',(-1.,0.,0.));
#3457=DIRECTION('center_axis',(0.,0.,1.));
#3458=DIRECTION('ref_axis',(1.,0.,0.));
#3459=DIRECTION('center_axis',(0.,0.,1.));
#3460=DIRECTION('ref_axis',(-1.,0.,0.));
#3461=DIRECTION('center_axis',(0.,0.,1.));
#3462=DIRECTION('ref_axis',(-1.,0.,0.));
#3463=DIRECTION('center_axis',(0.,0.,1.));
#3464=DIRECTION('ref_axis',(-1.,0.,0.));
#3465=DIRECTION('center_axis',(0.,0.,1.));
#3466=DIRECTION('ref_axis',(-1.,0.,0.));
#3467=DIRECTION('center_axis',(0.,0.,1.));
#3468=DIRECTION('ref_axis',(-1.,0.,0.));
#3469=DIRECTION('center_axis',(1.3987061727561E-16,-1.,0.));
#3470=DIRECTION('ref_axis',(-1.,-1.3987061727561E-16,0.));
#3471=DIRECTION('center_axis',(0.,0.,1.));
#3472=DIRECTION('ref_axis',(-1.,0.,0.));
#3473=DIRECTION('center_axis',(0.,0.,1.));
#3474=DIRECTION('ref_axis',(-1.,0.,0.));
#3475=DIRECTION('center_axis',(0.,0.,1.));
#3476=DIRECTION('ref_axis',(-1.,0.,0.));
#3477=DIRECTION('center_axis',(0.,0.,1.));
#3478=DIRECTION('ref_axis',(-1.,0.,0.));
#3479=DIRECTION('center_axis',(0.,0.,1.));
#3480=DIRECTION('ref_axis',(1.,0.,0.));
#3481=DIRECTION('center_axis',(0.,0.,1.));
#3482=DIRECTION('ref_axis',(-0.939589581894328,0.342303107779701,0.));
#3483=DIRECTION('center_axis',(0.,0.,1.));
#3484=DIRECTION('ref_axis',(0.778672470146742,0.627430621053492,0.));
#3485=DIRECTION('center_axis',(0.,0.,1.));
#3486=DIRECTION('ref_axis',(0.47435552046438,0.880333368789896,0.));
#3487=DIRECTION('',(-0.585599510961436,-0.810600526006322,0.));
#3488=DIRECTION('',(0.807427569024351,0.589966711585854,0.));
#3489=DIRECTION('center_axis',(0.,0.,1.));
#3490=DIRECTION('ref_axis',(0.879610331221523,0.475694928718356,0.));
#3491=DIRECTION('center_axis',(0.,0.,1.));
#3492=DIRECTION('ref_axis',(-0.938766058749281,-0.344555201586539,0.));
#3493=DIRECTION('center_axis',(0.,0.,1.));
#3494=DIRECTION('ref_axis',(1.,0.,0.));
#3495=DIRECTION('center_axis',(0.,0.,1.));
#3496=DIRECTION('ref_axis',(-0.938766058749281,-0.344555201586539,0.));
#3497=DIRECTION('center_axis',(0.,0.,1.));
#3498=DIRECTION('ref_axis',(-0.287069689560051,0.957909699990503,0.));
#3499=DIRECTION('',(0.159099743512105,-0.987262514032809,0.));
#3500=DIRECTION('',(0.153768046937441,0.988106971810768,0.));
#3501=DIRECTION('center_axis',(0.,0.,1.));
#3502=DIRECTION('ref_axis',(0.285611320140281,0.958345539879915,0.));
#3503=DIRECTION('center_axis',(0.,0.,1.));
#3504=DIRECTION('ref_axis',(-0.420170526554454,-0.907445165624322,0.));
#3505=DIRECTION('center_axis',(0.,0.,1.));
#3506=DIRECTION('ref_axis',(1.,0.,0.));
#3507=DIRECTION('center_axis',(0.,0.,1.));
#3508=DIRECTION('ref_axis',(-0.344555201586545,0.938766058749279,0.));
#3509=DIRECTION('center_axis',(0.,0.,1.));
#3510=DIRECTION('ref_axis',(0.957909699989614,0.287069689563019,0.));
#3511=DIRECTION('',(-0.98726251403281,-0.159099743512101,0.));
#3512=DIRECTION('',(0.98810697181077,-0.153768046937424,0.));
#3513=DIRECTION('center_axis',(0.,0.,1.));
#3514=DIRECTION('ref_axis',(0.958345539879982,-0.285611320140055,0.));
#3515=DIRECTION('center_axis',(0.,0.,1.));
#3516=DIRECTION('ref_axis',(-0.939589581894328,0.342303107779701,0.));
#3517=DIRECTION('center_axis',(0.,0.,1.));
#3518=DIRECTION('ref_axis',(1.,0.,0.));
#3519=DIRECTION('center_axis',(0.,0.,1.));
#3520=DIRECTION('ref_axis',(-0.420170526554454,-0.907445165624322,0.));
#3521=DIRECTION('center_axis',(0.,0.,1.));
#3522=DIRECTION('ref_axis',(0.880333368787641,-0.474355520468564,0.));
#3523=DIRECTION('',(0.810600526006321,-0.585599510961438,0.));
#3524=DIRECTION('',(-0.589966711585839,0.807427569024362,0.));
#3525=DIRECTION('center_axis',(0.,0.,1.));
#3526=DIRECTION('ref_axis',(-0.475694928715469,0.879610331223085,0.));
#3527=DIRECTION('center_axis',(0.,0.,1.));
#3528=DIRECTION('ref_axis',(0.996090838244033,0.0883348287274043,0.));
#3529=DIRECTION('center_axis',(0.,0.,1.));
#3530=DIRECTION('ref_axis',(0.344555201586535,-0.938766058749283,0.));
#3531=DIRECTION('center_axis',(0.,0.,1.));
#3532=DIRECTION('ref_axis',(1.,0.,0.));
#3533=DIRECTION('center_axis',(0.,0.,1.));
#3534=DIRECTION('ref_axis',(0.420170526554448,0.907445165624324,0.));
#3535=DIRECTION('center_axis',(0.,0.,1.));
#3536=DIRECTION('ref_axis',(0.880333368789402,-0.474355520465298,0.));
#3537=DIRECTION('',(-0.810600526006323,0.585599510961435,0.));
#3538=DIRECTION('',(0.589966711585836,-0.807427569024365,0.));
#3539=DIRECTION('center_axis',(0.,0.,1.));
#3540=DIRECTION('ref_axis',(-0.475694928719242,0.879610331221044,0.));
#3541=DIRECTION('center_axis',(0.,0.,1.));
#3542=DIRECTION('ref_axis',(-0.344555201586545,0.938766058749279,0.));
#3543=DIRECTION('center_axis',(0.,0.,1.));
#3544=DIRECTION('ref_axis',(1.,0.,0.));
#3545=DIRECTION('center_axis',(0.,0.,1.));
#3546=DIRECTION('ref_axis',(0.344555201586535,-0.938766058749283,0.));
#3547=DIRECTION('center_axis',(0.,0.,1.));
#3548=DIRECTION('ref_axis',(0.957909699989718,0.287069689562672,0.));
#3549=DIRECTION('',(0.987262514032812,0.159099743512088,0.));
#3550=DIRECTION('',(-0.988106971810769,0.15376804693743,0.));
#3551=DIRECTION('center_axis',(0.,0.,1.));
#3552=DIRECTION('ref_axis',(0.958345539880615,-0.285611320137931,0.));
#3553=DIRECTION('center_axis',(0.,0.,1.));
#3554=DIRECTION('ref_axis',(0.907445165624324,-0.42017052655445,0.));
#3555=DIRECTION('center_axis',(0.,0.,1.));
#3556=DIRECTION('ref_axis',(1.,0.,0.));
#3557=DIRECTION('center_axis',(0.,0.,1.));
#3558=DIRECTION('ref_axis',(0.938766058749279,0.344555201586546,0.));
#3559=DIRECTION('center_axis',(0.,0.,1.));
#3560=DIRECTION('ref_axis',(-0.287069689562595,0.957909699989741,0.));
#3561=DIRECTION('',(-0.159099743512101,0.98726251403281,0.));
#3562=DIRECTION('',(-0.153768046937425,-0.98810697181077,0.));
#3563=DIRECTION('center_axis',(0.,0.,1.));
#3564=DIRECTION('ref_axis',(0.285611320139503,0.958345539880147,0.));
#3565=DIRECTION('center_axis',(0.,0.,1.));
#3566=DIRECTION('ref_axis',(-0.910133813078678,0.414314424430126,0.));
#3567=DIRECTION('center_axis',(0.,0.,1.));
#3568=DIRECTION('ref_axis',(0.420170526554448,0.907445165624324,0.));
#3569=DIRECTION('center_axis',(0.,0.,1.));
#3570=DIRECTION('ref_axis',(1.,0.,0.));
#3571=DIRECTION('center_axis',(0.,0.,-1.));
#3572=DIRECTION('ref_axis',(0.344555201586535,-0.938766058749283,0.));
#3573=DIRECTION('center_axis',(0.,0.,-1.));
#3574=DIRECTION('ref_axis',(0.996090838244033,0.0883348287274043,0.));
#3575=DIRECTION('center_axis',(0.,0.,-1.));
#3576=DIRECTION('ref_axis',(-0.475694928715469,0.879610331223085,0.));
#3577=DIRECTION('',(0.589966711585839,-0.807427569024362,0.));
#3578=DIRECTION('',(-0.810600526006321,0.585599510961438,0.));
#3579=DIRECTION('center_axis',(0.,0.,-1.));
#3580=DIRECTION('ref_axis',(0.880333368787641,-0.474355520468564,0.));
#3581=DIRECTION('center_axis',(0.,0.,-1.));
#3582=DIRECTION('ref_axis',(-0.420170526554454,-0.907445165624322,0.));
#3583=DIRECTION('center_axis',(0.,0.,1.));
#3584=DIRECTION('ref_axis',(1.,0.,0.));
#3585=DIRECTION('center_axis',(0.,0.,1.));
#3586=DIRECTION('ref_axis',(0.907445165624324,-0.42017052655445,0.));
#3587=DIRECTION('center_axis',(0.,0.,1.));
#3588=DIRECTION('ref_axis',(0.474355520465186,0.880333368789462,0.));
#3589=DIRECTION('',(0.585599510961442,0.810600526006318,0.));
#3590=DIRECTION('',(-0.80742756902436,-0.589966711585842,0.));
#3591=DIRECTION('center_axis',(0.,0.,1.));
#3592=DIRECTION('ref_axis',(0.879610331223483,0.475694928714733,0.));
#3593=DIRECTION('center_axis',(0.,0.,1.));
#3594=DIRECTION('ref_axis',(0.938766058749279,0.344555201586546,0.));
#3595=DIRECTION('',(0.,0.,-1.));
#3596=DIRECTION('',(0.,0.,-1.));
#3597=DIRECTION('',(0.,0.,-1.));
#3598=DIRECTION('',(0.,0.,-1.));
#3599=DIRECTION('center_axis',(0.585599510961438,0.810600526006321,0.));
#3600=DIRECTION('ref_axis',(0.810600526006321,-0.585599510961438,0.));
#3601=DIRECTION('',(0.,0.,-1.));
#3602=DIRECTION('',(0.810600526006321,-0.585599510961438,0.));
#3603=DIRECTION('',(0.,0.,-1.));
#3604=DIRECTION('',(0.,0.,-1.));
#3605=DIRECTION('center_axis',(0.,0.,1.));
#3606=DIRECTION('ref_axis',(0.880333368787641,-0.474355520468564,0.));
#3607=DIRECTION('',(0.,0.,-1.));
#3608=DIRECTION('center_axis',(0.,0.,-1.));
#3609=DIRECTION('ref_axis',(-0.420170526554454,-0.907445165624322,0.));
#3610=DIRECTION('',(0.,0.,-1.));
#3611=DIRECTION('center_axis',(0.,0.,1.));
#3612=DIRECTION('ref_axis',(-0.420170526554454,-0.907445165624322,0.));
#3613=DIRECTION('center_axis',(-0.807427569024362,-0.589966711585839,0.));
#3614=DIRECTION('ref_axis',(-0.589966711585839,0.807427569024362,0.));
#3615=DIRECTION('',(0.,0.,-1.));
#3616=DIRECTION('',(0.589966711585839,-0.807427569024362,0.));
#3617=DIRECTION('',(0.,0.,-1.));
#3618=DIRECTION('center_axis',(0.,0.,1.));
#3619=DIRECTION('ref_axis',(0.285611320140281,0.958345539879915,0.));
#3620=DIRECTION('',(0.,0.,-1.));
#3621=DIRECTION('center_axis',(0.,0.,-1.));
#3622=DIRECTION('ref_axis',(-0.475694928715469,0.879610331223085,0.));
#3623=DIRECTION('center_axis',(-0.988106971810768,0.153768046937441,0.));
#3624=DIRECTION('ref_axis',(0.153768046937441,0.988106971810768,0.));
#3625=DIRECTION('',(0.,0.,-1.));
#3626=DIRECTION('',(0.153768046937441,0.988106971810768,0.));
#3627=DIRECTION('',(0.,0.,-1.));
#3628=DIRECTION('center_axis',(0.,0.,-1.));
#3629=DIRECTION('ref_axis',(0.996090838244033,0.0883348287274043,0.));
#3630=DIRECTION('',(0.,0.,-1.));
#3631=DIRECTION('center_axis',(0.,0.,-1.));
#3632=DIRECTION('ref_axis',(0.344555201586535,-0.938766058749283,0.));
#3633=DIRECTION('',(0.,0.,-1.));
#3634=DIRECTION('center_axis',(0.,0.,-1.));
#3635=DIRECTION('ref_axis',(0.344555201586535,-0.938766058749283,0.));
#3636=DIRECTION('',(0.,0.,-1.));
#3637=DIRECTION('',(0.,0.,-1.));
#3638=DIRECTION('center_axis',(0.,0.,-1.));
#3639=DIRECTION('ref_axis',(0.957909699989718,0.287069689562672,0.));
#3640=DIRECTION('',(0.,0.,-1.));
#3641=DIRECTION('center_axis',(-0.159099743512088,0.987262514032812,0.));
#3642=DIRECTION('ref_axis',(0.987262514032812,0.159099743512088,0.));
#3643=DIRECTION('',(0.,0.,-1.));
#3644=DIRECTION('',(-0.987262514032812,-0.159099743512088,0.));
#3645=DIRECTION('center_axis',(0.987262514032809,0.159099743512105,0.));
#3646=DIRECTION('ref_axis',(0.159099743512105,-0.987262514032809,0.));
#3647=DIRECTION('',(0.,0.,-1.));
#3648=DIRECTION('',(0.159099743512105,-0.987262514032809,0.));
#3649=DIRECTION('',(0.,0.,-1.));
#3650=DIRECTION('',(0.,0.,-1.));
#3651=DIRECTION('center_axis',(0.,0.,1.));
#3652=DIRECTION('ref_axis',(-0.287069689560051,0.957909699990503,0.));
#3653=DIRECTION('',(0.,0.,-1.));
#3654=DIRECTION('center_axis',(0.,0.,-1.));
#3655=DIRECTION('ref_axis',(-0.938766058749281,-0.344555201586539,0.));
#3656=DIRECTION('',(0.,0.,-1.));
#3657=DIRECTION('center_axis',(0.,0.,1.));
#3658=DIRECTION('ref_axis',(-0.938766058749281,-0.344555201586539,0.));
#3659=DIRECTION('',(0.,0.,-1.));
#3660=DIRECTION('',(0.,0.,-1.));
#3661=DIRECTION('center_axis',(0.,0.,1.));
#3662=DIRECTION('ref_axis',(0.879610331221523,0.475694928718356,0.));
#3663=DIRECTION('center_axis',(-0.15376804693743,-0.988106971810769,0.));
#3664=DIRECTION('ref_axis',(-0.988106971810769,0.15376804693743,0.));
#3665=DIRECTION('',(0.,0.,-1.));
#3666=DIRECTION('',(0.988106971810769,-0.15376804693743,0.));
#3667=DIRECTION('center_axis',(-0.589966711585854,0.807427569024351,0.));
#3668=DIRECTION('ref_axis',(0.807427569024351,0.589966711585854,0.));
#3669=DIRECTION('',(0.,0.,-1.));
#3670=DIRECTION('',(0.807427569024351,0.589966711585854,0.));
#3671=DIRECTION('',(0.,0.,-1.));
#3672=DIRECTION('center_axis',(0.,0.,-1.));
#3673=DIRECTION('ref_axis',(0.958345539880615,-0.285611320137931,0.));
#3674=DIRECTION('',(0.,0.,-1.));
#3675=DIRECTION('center_axis',(0.,0.,-1.));
#3676=DIRECTION('ref_axis',(0.907445165624324,-0.42017052655445,0.));
#3677=DIRECTION('',(0.,0.,-1.));
#3678=DIRECTION('center_axis',(0.,0.,-1.));
#3679=DIRECTION('ref_axis',(0.907445165624324,-0.42017052655445,0.));
#3680=DIRECTION('',(0.,0.,-1.));
#3681=DIRECTION('',(0.,0.,-1.));
#3682=DIRECTION('center_axis',(0.,0.,-1.));
#3683=DIRECTION('ref_axis',(0.474355520465186,0.880333368789462,0.));
#3684=DIRECTION('',(0.,0.,-1.));
#3685=DIRECTION('center_axis',(-0.810600526006318,0.585599510961442,0.));
#3686=DIRECTION('ref_axis',(0.585599510961442,0.810600526006318,0.));
#3687=DIRECTION('',(0.,0.,-1.));
#3688=DIRECTION('',(-0.585599510961442,-0.810600526006318,0.));
#3689=DIRECTION('center_axis',(0.810600526006322,-0.585599510961436,0.));
#3690=DIRECTION('ref_axis',(-0.585599510961436,-0.810600526006322,0.));
#3691=DIRECTION('',(0.,0.,-1.));
#3692=DIRECTION('',(-0.585599510961436,-0.810600526006322,0.));
#3693=DIRECTION('',(0.,0.,-1.));
#3694=DIRECTION('',(0.,0.,-1.));
#3695=DIRECTION('center_axis',(0.,0.,1.));
#3696=DIRECTION('ref_axis',(0.47435552046438,0.880333368789896,0.));
#3697=DIRECTION('',(0.,0.,-1.));
#3698=DIRECTION('',(0.,0.,-1.));
#3699=DIRECTION('center_axis',(0.,0.,1.));
#3700=DIRECTION('ref_axis',(0.778672470146742,0.627430621053492,0.));
#3701=DIRECTION('',(0.,0.,-1.));
#3702=DIRECTION('center_axis',(0.,0.,-1.));
#3703=DIRECTION('ref_axis',(-0.939589581894328,0.342303107779701,0.));
#3704=DIRECTION('',(0.,0.,-1.));
#3705=DIRECTION('center_axis',(0.,0.,1.));
#3706=DIRECTION('ref_axis',(-0.939589581894328,0.342303107779701,0.));
#3707=DIRECTION('center_axis',(0.589966711585842,-0.80742756902436,0.));
#3708=DIRECTION('ref_axis',(-0.80742756902436,-0.589966711585842,0.));
#3709=DIRECTION('',(0.,0.,-1.));
#3710=DIRECTION('',(0.80742756902436,0.589966711585842,0.));
#3711=DIRECTION('',(0.,0.,-1.));
#3712=DIRECTION('center_axis',(0.,0.,1.));
#3713=DIRECTION('ref_axis',(0.958345539879982,-0.285611320140055,0.));
#3714=DIRECTION('',(0.,0.,-1.));
#3715=DIRECTION('center_axis',(0.,0.,-1.));
#3716=DIRECTION('ref_axis',(0.879610331223483,0.475694928714733,0.));
#3717=DIRECTION('center_axis',(0.153768046937424,0.98810697181077,0.));
#3718=DIRECTION('ref_axis',(0.98810697181077,-0.153768046937424,0.));
#3719=DIRECTION('',(0.,0.,-1.));
#3720=DIRECTION('',(0.98810697181077,-0.153768046937424,0.));
#3721=DIRECTION('center_axis',(0.,0.,-1.));
#3722=DIRECTION('ref_axis',(0.938766058749279,0.344555201586546,0.));
#3723=DIRECTION('',(0.,0.,-1.));
#3724=DIRECTION('center_axis',(0.,0.,-1.));
#3725=DIRECTION('ref_axis',(0.938766058749279,0.344555201586546,0.));
#3726=DIRECTION('',(0.,0.,-1.));
#3727=DIRECTION('',(0.,0.,-1.));
#3728=DIRECTION('center_axis',(0.,0.,-1.));
#3729=DIRECTION('ref_axis',(-0.287069689562595,0.957909699989741,0.));
#3730=DIRECTION('',(0.,0.,-1.));
#3731=DIRECTION('center_axis',(-0.98726251403281,-0.159099743512101,0.));
#3732=DIRECTION('ref_axis',(-0.159099743512101,0.98726251403281,0.));
#3733=DIRECTION('',(0.,0.,-1.));
#3734=DIRECTION('',(0.159099743512101,-0.98726251403281,0.));
#3735=DIRECTION('',(0.,0.,-1.));
#3736=DIRECTION('',(0.,0.,-1.));
#3737=DIRECTION('center_axis',(0.159099743512101,-0.98726251403281,0.));
#3738=DIRECTION('ref_axis',(-0.98726251403281,-0.159099743512101,0.));
#3739=DIRECTION('',(0.,0.,-1.));
#3740=DIRECTION('',(-0.98726251403281,-0.159099743512101,0.));
#3741=DIRECTION('',(0.,0.,-1.));
#3742=DIRECTION('',(0.,0.,-1.));
#3743=DIRECTION('center_axis',(0.,0.,1.));
#3744=DIRECTION('ref_axis',(0.957909699989614,0.287069689563019,0.));
#3745=DIRECTION('',(0.,0.,-1.));
#3746=DIRECTION('center_axis',(0.,0.,-1.));
#3747=DIRECTION('ref_axis',(-0.344555201586545,0.938766058749279,0.));
#3748=DIRECTION('',(0.,0.,-1.));
#3749=DIRECTION('center_axis',(0.,0.,1.));
#3750=DIRECTION('ref_axis',(-0.344555201586545,0.938766058749279,0.));
#3751=DIRECTION('center_axis',(0.98810697181077,-0.153768046937425,0.));
#3752=DIRECTION('ref_axis',(-0.153768046937425,-0.98810697181077,0.));
#3753=DIRECTION('',(0.,0.,-1.));
#3754=DIRECTION('',(0.153768046937425,0.98810697181077,0.));
#3755=DIRECTION('',(0.,0.,-1.));
#3756=DIRECTION('center_axis',(0.,0.,1.));
#3757=DIRECTION('ref_axis',(-0.475694928719242,0.879610331221044,0.));
#3758=DIRECTION('',(0.,0.,-1.));
#3759=DIRECTION('center_axis',(0.,0.,-1.));
#3760=DIRECTION('ref_axis',(0.285611320139503,0.958345539880147,0.));
#3761=DIRECTION('center_axis',(0.807427569024365,0.589966711585836,0.));
#3762=DIRECTION('ref_axis',(0.589966711585836,-0.807427569024365,0.));
#3763=DIRECTION('',(0.,0.,-1.));
#3764=DIRECTION('',(0.589966711585836,-0.807427569024365,0.));
#3765=DIRECTION('center_axis',(0.,0.,-1.));
#3766=DIRECTION('ref_axis',(-0.910133813078678,0.414314424430126,0.));
#3767=DIRECTION('',(0.,0.,-1.));
#3768=DIRECTION('center_axis',(0.,0.,-1.));
#3769=DIRECTION('ref_axis',(-0.910133813078678,0.414314424430126,0.));
#3770=DIRECTION('',(0.,0.,-1.));
#3771=DIRECTION('center_axis',(0.,0.,-1.));
#3772=DIRECTION('ref_axis',(0.420170526554448,0.907445165624324,0.));
#3773=DIRECTION('',(0.,0.,-1.));
#3774=DIRECTION('center_axis',(0.,0.,-1.));
#3775=DIRECTION('ref_axis',(0.420170526554448,0.907445165624324,0.));
#3776=DIRECTION('',(0.,0.,-1.));
#3777=DIRECTION('',(0.,0.,-1.));
#3778=DIRECTION('center_axis',(0.,0.,-1.));
#3779=DIRECTION('ref_axis',(0.880333368789402,-0.474355520465298,0.));
#3780=DIRECTION('',(0.,0.,-1.));
#3781=DIRECTION('center_axis',(-0.585599510961435,-0.810600526006323,0.));
#3782=DIRECTION('ref_axis',(-0.810600526006323,0.585599510961435,0.));
#3783=DIRECTION('',(0.,0.,-1.));
#3784=DIRECTION('',(0.810600526006323,-0.585599510961435,0.));
#3785=DIRECTION('center_axis',(0.,0.,1.));
#3786=DIRECTION('ref_axis',(1.,0.,0.));
#3787=DIRECTION('center_axis',(0.,0.,1.));
#3788=DIRECTION('ref_axis',(1.,0.,0.));
#3789=DIRECTION('center_axis',(1.58943883267739E-16,-1.,0.));
#3790=DIRECTION('ref_axis',(-1.,-1.58943883267739E-16,0.));
#3791=DIRECTION('center_axis',(0.,0.,-1.));
#3792=DIRECTION('ref_axis',(1.,0.,0.));
#3793=DIRECTION('center_axis',(0.,0.,1.));
#3794=DIRECTION('ref_axis',(1.,0.,0.));
#3795=DIRECTION('',(0.,0.,-1.));
#3796=DIRECTION('center_axis',(0.,0.,-1.));
#3797=DIRECTION('ref_axis',(1.,0.,0.));
#3798=DIRECTION('center_axis',(0.,0.,1.));
#3799=DIRECTION('ref_axis',(1.,0.,0.));
#3800=DIRECTION('center_axis',(0.,0.,1.));
#3801=DIRECTION('ref_axis',(0.285611320139503,0.958345539880147,0.));
#3802=DIRECTION('',(-0.153768046937425,-0.98810697181077,0.));
#3803=DIRECTION('',(-0.159099743512101,0.98726251403281,0.));
#3804=DIRECTION('center_axis',(0.,0.,1.));
#3805=DIRECTION('ref_axis',(-0.287069689562595,0.957909699989741,0.));
#3806=DIRECTION('center_axis',(0.,0.,1.));
#3807=DIRECTION('ref_axis',(0.938766058749279,0.344555201586546,0.));
#3808=DIRECTION('center_axis',(0.,0.,1.));
#3809=DIRECTION('ref_axis',(0.879610331223483,0.475694928714733,0.));
#3810=DIRECTION('',(-0.80742756902436,-0.589966711585842,0.));
#3811=DIRECTION('',(0.585599510961442,0.810600526006318,0.));
#3812=DIRECTION('center_axis',(0.,0.,1.));
#3813=DIRECTION('ref_axis',(0.474355520465186,0.880333368789462,0.));
#3814=DIRECTION('center_axis',(0.,0.,1.));
#3815=DIRECTION('ref_axis',(0.907445165624324,-0.42017052655445,0.));
#3816=DIRECTION('center_axis',(0.,0.,1.));
#3817=DIRECTION('ref_axis',(0.958345539880615,-0.285611320137931,0.));
#3818=DIRECTION('',(-0.988106971810769,0.15376804693743,0.));
#3819=DIRECTION('',(0.987262514032812,0.159099743512088,0.));
#3820=DIRECTION('center_axis',(0.,0.,1.));
#3821=DIRECTION('ref_axis',(0.957909699989718,0.287069689562672,0.));
#3822=DIRECTION('center_axis',(0.,0.,1.));
#3823=DIRECTION('ref_axis',(0.344555201586535,-0.938766058749283,0.));
#3824=DIRECTION('center_axis',(0.,0.,1.));
#3825=DIRECTION('ref_axis',(0.996090838244033,0.0883348287274043,0.));
#3826=DIRECTION('center_axis',(0.,0.,1.));
#3827=DIRECTION('ref_axis',(-0.475694928715469,0.879610331223085,0.));
#3828=DIRECTION('',(-0.589966711585839,0.807427569024362,0.));
#3829=DIRECTION('',(-0.810600526006323,0.585599510961435,0.));
#3830=DIRECTION('center_axis',(0.,0.,1.));
#3831=DIRECTION('ref_axis',(0.880333368789402,-0.474355520465298,0.));
#3832=DIRECTION('center_axis',(0.,0.,1.));
#3833=DIRECTION('ref_axis',(0.420170526554448,0.907445165624324,0.));
#3834=DIRECTION('center_axis',(0.,0.,1.));
#3835=DIRECTION('ref_axis',(-0.910133813078678,0.414314424430126,0.));
#3836=DIRECTION('center_axis',(0.,0.,-1.));
#3837=DIRECTION('ref_axis',(-1.,0.,0.));
#3838=DIRECTION('center_axis',(0.,0.,-1.));
#3839=DIRECTION('ref_axis',(1.,0.,0.));
#3840=DIRECTION('center_axis',(-1.58943883267739E-16,-1.,0.));
#3841=DIRECTION('ref_axis',(1.,-1.58943883267739E-16,0.));
#3842=DIRECTION('center_axis',(0.,0.,1.));
#3843=DIRECTION('ref_axis',(1.,0.,0.));
#3844=DIRECTION('center_axis',(0.,0.,-1.));
#3845=DIRECTION('ref_axis',(1.,0.,0.));
#3846=DIRECTION('center_axis',(0.,0.,1.));
#3847=DIRECTION('ref_axis',(1.,0.,0.));
#3848=DIRECTION('center_axis',(0.,0.,1.));
#3849=DIRECTION('ref_axis',(1.,0.,0.));
#3850=DIRECTION('',(0.,0.,-1.));
#3851=DIRECTION('center_axis',(0.,0.,1.));
#3852=DIRECTION('ref_axis',(1.,0.,0.));
#3853=DIRECTION('',(-0.589966711585836,0.807427569024365,0.));
#3854=DIRECTION('center_axis',(0.,0.,-1.));
#3855=DIRECTION('ref_axis',(-0.475694928719242,0.879610331221044,0.));
#3856=DIRECTION('center_axis',(0.,0.,-1.));
#3857=DIRECTION('ref_axis',(-0.344555201586545,0.938766058749279,0.));
#3858=DIRECTION('center_axis',(0.,0.,-1.));
#3859=DIRECTION('ref_axis',(0.957909699989614,0.287069689563019,0.));
#3860=DIRECTION('',(0.98726251403281,0.159099743512101,0.));
#3861=DIRECTION('',(-0.98810697181077,0.153768046937424,0.));
#3862=DIRECTION('center_axis',(0.,0.,-1.));
#3863=DIRECTION('ref_axis',(0.958345539879982,-0.285611320140055,0.));
#3864=DIRECTION('center_axis',(0.,0.,-1.));
#3865=DIRECTION('ref_axis',(-0.939589581894328,0.342303107779701,0.));
#3866=DIRECTION('center_axis',(0.,0.,-1.));
#3867=DIRECTION('ref_axis',(0.778672470146742,0.627430621053492,0.));
#3868=DIRECTION('center_axis',(0.,0.,-1.));
#3869=DIRECTION('ref_axis',(0.47435552046438,0.880333368789896,0.));
#3870=DIRECTION('',(0.585599510961436,0.810600526006322,0.));
#3871=DIRECTION('',(-0.807427569024351,-0.589966711585854,0.));
#3872=DIRECTION('center_axis',(0.,0.,-1.));
#3873=DIRECTION('ref_axis',(0.879610331221523,0.475694928718356,0.));
#3874=DIRECTION('center_axis',(0.,0.,-1.));
#3875=DIRECTION('ref_axis',(-0.938766058749281,-0.344555201586539,0.));
#3876=DIRECTION('center_axis',(0.,0.,-1.));
#3877=DIRECTION('ref_axis',(-0.287069689560051,0.957909699990503,0.));
#3878=DIRECTION('',(-0.159099743512105,0.987262514032809,0.));
#3879=DIRECTION('',(-0.153768046937441,-0.988106971810768,0.));
#3880=DIRECTION('center_axis',(0.,0.,-1.));
#3881=DIRECTION('ref_axis',(0.285611320140281,0.958345539879915,0.));
#3882=DIRECTION('center_axis',(0.,0.,-1.));
#3883=DIRECTION('ref_axis',(-0.420170526554454,-0.907445165624322,0.));
#3884=DIRECTION('center_axis',(0.,0.,-1.));
#3885=DIRECTION('ref_axis',(0.880333368787641,-0.474355520468564,0.));
#3886=DIRECTION('',(-0.810600526006321,0.585599510961438,0.));
#3887=DIRECTION('center_axis',(0.,0.,1.));
#3888=DIRECTION('ref_axis',(1.,0.,0.));
#3889=DIRECTION('center_axis',(0.,0.,1.));
#3890=DIRECTION('ref_axis',(-1.,0.,0.));
#3891=DIRECTION('center_axis',(0.,0.,1.));
#3892=DIRECTION('ref_axis',(1.,0.,0.));
#3893=DIRECTION('center_axis',(0.,0.,-1.));
#3894=DIRECTION('ref_axis',(-1.,0.,0.));
#3895=DIRECTION('center_axis',(0.,0.,-1.));
#3896=DIRECTION('ref_axis',(1.,0.,0.));
#3897=DIRECTION('',(0.,0.,-1.));
#3898=DIRECTION('center_axis',(0.,0.,-1.));
#3899=DIRECTION('ref_axis',(-0.910133813078678,0.414314424430126,0.));
#3900=DIRECTION('',(0.,0.,-1.));
#3901=DIRECTION('',(0.,0.,-1.));
#3902=DIRECTION('center_axis',(0.,0.,-1.));
#3903=DIRECTION('ref_axis',(0.420170526554448,0.907445165624324,0.));
#3904=DIRECTION('',(0.,0.,-1.));
#3905=DIRECTION('',(0.,0.,-1.));
#3906=DIRECTION('center_axis',(-0.585599510961435,-0.810600526006323,0.));
#3907=DIRECTION('ref_axis',(-0.810600526006323,0.585599510961435,0.));
#3908=DIRECTION('',(0.,0.,-1.));
#3909=DIRECTION('',(0.,0.,-1.));
#3910=DIRECTION('',(0.,0.,-1.));
#3911=DIRECTION('center_axis',(0.807427569024365,0.589966711585836,0.));
#3912=DIRECTION('ref_axis',(0.589966711585836,-0.807427569024365,0.));
#3913=DIRECTION('',(0.,0.,-1.));
#3914=DIRECTION('',(0.,0.,-1.));
#3915=DIRECTION('center_axis',(0.,0.,-1.));
#3916=DIRECTION('ref_axis',(-0.344555201586545,0.938766058749279,0.));
#3917=DIRECTION('',(0.,0.,-1.));
#3918=DIRECTION('',(0.,0.,-1.));
#3919=DIRECTION('center_axis',(0.159099743512101,-0.98726251403281,0.));
#3920=DIRECTION('ref_axis',(-0.98726251403281,-0.159099743512101,0.));
#3921=DIRECTION('',(0.,0.,-1.));
#3922=DIRECTION('',(0.,0.,-1.));
#3923=DIRECTION('',(0.,0.,-1.));
#3924=DIRECTION('',(0.,0.,-1.));
#3925=DIRECTION('center_axis',(0.153768046937424,0.98810697181077,0.));
#3926=DIRECTION('ref_axis',(0.98810697181077,-0.153768046937424,0.));
#3927=DIRECTION('',(0.,0.,-1.));
#3928=DIRECTION('',(0.,0.,-1.));
#3929=DIRECTION('center_axis',(0.,0.,-1.));
#3930=DIRECTION('ref_axis',(-0.939589581894328,0.342303107779701,0.));
#3931=DIRECTION('',(0.,0.,-1.));
#3932=DIRECTION('',(0.,0.,-1.));
#3933=DIRECTION('',(0.,0.,-1.));
#3934=DIRECTION('center_axis',(0.810600526006322,-0.585599510961436,0.));
#3935=DIRECTION('ref_axis',(-0.585599510961436,-0.810600526006322,0.));
#3936=DIRECTION('',(0.,0.,-1.));
#3937=DIRECTION('',(0.,0.,-1.));
#3938=DIRECTION('',(0.,0.,-1.));
#3939=DIRECTION('',(0.,0.,-1.));
#3940=DIRECTION('center_axis',(-0.589966711585854,0.807427569024351,0.));
#3941=DIRECTION('ref_axis',(0.807427569024351,0.589966711585854,0.));
#3942=DIRECTION('',(0.,0.,-1.));
#3943=DIRECTION('',(0.,0.,-1.));
#3944=DIRECTION('center_axis',(0.,0.,-1.));
#3945=DIRECTION('ref_axis',(-0.938766058749281,-0.344555201586539,0.));
#3946=DIRECTION('',(0.,0.,-1.));
#3947=DIRECTION('',(0.,0.,-1.));
#3948=DIRECTION('center_axis',(0.987262514032809,0.159099743512105,0.));
#3949=DIRECTION('ref_axis',(0.159099743512105,-0.987262514032809,0.));
#3950=DIRECTION('',(0.,0.,-1.));
#3951=DIRECTION('',(0.,0.,-1.));
#3952=DIRECTION('',(0.,0.,-1.));
#3953=DIRECTION('',(0.,0.,-1.));
#3954=DIRECTION('center_axis',(-0.988106971810768,0.153768046937441,0.));
#3955=DIRECTION('ref_axis',(0.153768046937441,0.988106971810768,0.));
#3956=DIRECTION('',(0.,0.,-1.));
#3957=DIRECTION('',(0.,0.,-1.));
#3958=DIRECTION('center_axis',(0.,0.,-1.));
#3959=DIRECTION('ref_axis',(-0.420170526554454,-0.907445165624322,0.));
#3960=DIRECTION('',(0.,0.,-1.));
#3961=DIRECTION('',(0.,0.,-1.));
#3962=DIRECTION('center_axis',(0.585599510961438,0.810600526006321,0.));
#3963=DIRECTION('ref_axis',(0.810600526006321,-0.585599510961438,0.));
#3964=DIRECTION('',(0.,0.,-1.));
#3965=DIRECTION('',(0.,0.,-1.));
#3966=DIRECTION('center_axis',(-0.807427569024362,-0.589966711585839,0.));
#3967=DIRECTION('ref_axis',(-0.589966711585839,0.807427569024362,0.));
#3968=DIRECTION('',(0.,0.,-1.));
#3969=DIRECTION('',(0.,0.,-1.));
#3970=DIRECTION('',(0.,0.,-1.));
#3971=DIRECTION('center_axis',(0.,0.,-1.));
#3972=DIRECTION('ref_axis',(0.344555201586535,-0.938766058749283,0.));
#3973=DIRECTION('',(0.,0.,-1.));
#3974=DIRECTION('',(0.,0.,-1.));
#3975=DIRECTION('center_axis',(-0.159099743512088,0.987262514032812,0.));
#3976=DIRECTION('ref_axis',(0.987262514032812,0.159099743512088,0.));
#3977=DIRECTION('',(0.,0.,-1.));
#3978=DIRECTION('',(0.,0.,-1.));
#3979=DIRECTION('',(0.,0.,-1.));
#3980=DIRECTION('',(0.,0.,-1.));
#3981=DIRECTION('center_axis',(-0.15376804693743,-0.988106971810769,0.));
#3982=DIRECTION('ref_axis',(-0.988106971810769,0.15376804693743,0.));
#3983=DIRECTION('',(0.,0.,-1.));
#3984=DIRECTION('',(0.,0.,-1.));
#3985=DIRECTION('center_axis',(0.,0.,-1.));
#3986=DIRECTION('ref_axis',(0.907445165624324,-0.42017052655445,0.));
#3987=DIRECTION('',(0.,0.,-1.));
#3988=DIRECTION('',(0.,0.,-1.));
#3989=DIRECTION('center_axis',(-0.810600526006318,0.585599510961442,0.));
#3990=DIRECTION('ref_axis',(0.585599510961442,0.810600526006318,0.));
#3991=DIRECTION('',(0.,0.,-1.));
#3992=DIRECTION('',(0.,0.,-1.));
#3993=DIRECTION('',(0.,0.,-1.));
#3994=DIRECTION('',(0.,0.,-1.));
#3995=DIRECTION('center_axis',(0.589966711585842,-0.80742756902436,0.));
#3996=DIRECTION('ref_axis',(-0.80742756902436,-0.589966711585842,0.));
#3997=DIRECTION('',(0.,0.,-1.));
#3998=DIRECTION('',(0.,0.,-1.));
#3999=DIRECTION('center_axis',(0.,0.,-1.));
#4000=DIRECTION('ref_axis',(0.938766058749279,0.344555201586546,0.));
#4001=DIRECTION('',(0.,0.,-1.));
#4002=DIRECTION('',(0.,0.,-1.));
#4003=DIRECTION('center_axis',(-0.98726251403281,-0.159099743512101,0.));
#4004=DIRECTION('ref_axis',(-0.159099743512101,0.98726251403281,0.));
#4005=DIRECTION('',(0.,0.,-1.));
#4006=DIRECTION('',(0.,0.,-1.));
#4007=DIRECTION('',(0.,0.,-1.));
#4008=DIRECTION('',(0.,0.,-1.));
#4009=DIRECTION('center_axis',(0.98810697181077,-0.153768046937425,0.));
#4010=DIRECTION('ref_axis',(-0.153768046937425,-0.98810697181077,0.));
#4011=DIRECTION('',(0.,0.,-1.));
#4012=CARTESIAN_POINT('',(0.,0.,0.));
#4013=CARTESIAN_POINT('Origin',(0.124185025718742,0.302112980872047,-0.25));
#4014=CARTESIAN_POINT('',(0.369833788580898,0.394649110596022,-0.2));
#4015=CARTESIAN_POINT('',(0.362729932367772,0.411669256419391,-0.2));
#4016=CARTESIAN_POINT('Ctrl Pts',(0.362729932367772,0.411669256419391,-0.2));
#4017=CARTESIAN_POINT('Ctrl Pts',(0.363346912624225,0.409282466349092,-0.2));
#4018=CARTESIAN_POINT('Ctrl Pts',(0.364099643807738,0.406931186000665,-0.200004808134954));
#4019=CARTESIAN_POINT('Ctrl Pts',(0.366177318248175,0.401524151682219,-0.200008055111216));
#4020=CARTESIAN_POINT('Ctrl Pts',(0.367605370494704,0.398518712328108,-0.2000023124712));
#4021=CARTESIAN_POINT('Ctrl Pts',(0.369446406888688,0.395305082425575,-0.200000135306309));
#4022=CARTESIAN_POINT('Ctrl Pts',(0.369638684797694,0.394976196179828,-0.2));
#4023=CARTESIAN_POINT('Ctrl Pts',(0.369833788580898,0.394649110596022,-0.2));
#4024=CARTESIAN_POINT('',(0.386685025718742,0.302112980872047,-0.2));
#4025=CARTESIAN_POINT('Origin',(0.124185025718742,0.302112980872047,-0.2));
#4026=CARTESIAN_POINT('',(0.336685025718742,0.302112980872047,-0.25));
#4027=CARTESIAN_POINT('Origin',(0.386685025718742,0.302112980872047,-0.25));
#4028=CARTESIAN_POINT('Origin',(0.124185025718742,0.302112980872047,-0.25));
#4029=CARTESIAN_POINT('',(0.370329732188852,0.210904245124076,-0.2));
#4030=CARTESIAN_POINT('Origin',(0.124185025718742,0.302112980872047,-0.2));
#4031=CARTESIAN_POINT('',(0.363317856561238,0.193845999694709,-0.2));
#4032=CARTESIAN_POINT('Ctrl Pts',(0.370329732188852,0.210904245124076,-0.2));
#4033=CARTESIAN_POINT('Ctrl Pts',(0.3690540352311,0.20873909684789,-0.2));
#4034=CARTESIAN_POINT('Ctrl Pts',(0.367904224209972,0.206500375436862,-0.200004959620356));
#4035=CARTESIAN_POINT('Ctrl Pts',(0.365535129677203,0.201142643722217,-0.200008008663646));
#4036=CARTESIAN_POINT('Ctrl Pts',(0.364422013199526,0.197987931769518,-0.200001935351393));
#4037=CARTESIAN_POINT('Ctrl Pts',(0.363474649896613,0.194456985219565,-0.200000092870191));
#4038=CARTESIAN_POINT('Ctrl Pts',(0.36339513147461,0.194151739864301,-0.2));
#4039=CARTESIAN_POINT('Ctrl Pts',(0.363317856561238,0.193845999694709,-0.2));
#4040=CARTESIAN_POINT('',(0.233741301266087,0.0635680742230176,-0.2));
#4041=CARTESIAN_POINT('Origin',(0.124185025718742,0.302112980872047,-0.2));
#4042=CARTESIAN_POINT('',(0.216721155442713,0.0564642180098899,-0.2));
#4043=CARTESIAN_POINT('Ctrl Pts',(0.233741301266087,0.0635680742230176,
-0.2));
#4044=CARTESIAN_POINT('Ctrl Pts',(0.231354511195788,0.0629510939665646,
-0.2));
#4045=CARTESIAN_POINT('Ctrl Pts',(0.22900323084736,0.0621983627830519,-0.200004808134954));
#4046=CARTESIAN_POINT('Ctrl Pts',(0.223596196528913,0.0601206883426152,
-0.200008055111216));
#4047=CARTESIAN_POINT('Ctrl Pts',(0.220590757174803,0.058692636096086,-0.2000023124712));
#4048=CARTESIAN_POINT('Ctrl Pts',(0.217377127272268,0.0568515997021014,
-0.200000135306309));
#4049=CARTESIAN_POINT('Ctrl Pts',(0.21704824102652,0.0566593217930944,-0.2));
#4050=CARTESIAN_POINT('Ctrl Pts',(0.216721155442713,0.0564642180098901,
-0.2));
#4051=CARTESIAN_POINT('',(0.0329762899707711,0.0559682744019369,-0.2));
#4052=CARTESIAN_POINT('Origin',(0.124185025718742,0.302112980872047,-0.2));
#4053=CARTESIAN_POINT('',(0.015918044541404,0.062980150029551,-0.2));
#4054=CARTESIAN_POINT('Ctrl Pts',(0.032976289970771,0.0559682744019369,
-0.2));
#4055=CARTESIAN_POINT('Ctrl Pts',(0.0308111416945854,0.0572439713596895,
-0.2));
#4056=CARTESIAN_POINT('Ctrl Pts',(0.0285724202835575,0.0583937823808175,
-0.200004959620356));
#4057=CARTESIAN_POINT('Ctrl Pts',(0.0232146885689122,0.0607628769135857,
-0.200008008663646));
#4058=CARTESIAN_POINT('Ctrl Pts',(0.0200599766162135,0.0618759933912637,
-0.200001935351393));
#4059=CARTESIAN_POINT('Ctrl Pts',(0.0165290300662599,0.0628233566941767,
-0.200000092870191));
#4060=CARTESIAN_POINT('Ctrl Pts',(0.0162237847109962,0.0629028751161794,
-0.2));
#4061=CARTESIAN_POINT('Ctrl Pts',(0.0159180445414043,0.062980150029551,
-0.2));
#4062=CARTESIAN_POINT('',(-0.114359880930289,0.192556705324707,-0.2));
#4063=CARTESIAN_POINT('Origin',(0.124185025718742,0.302112980872047,-0.2));
#4064=CARTESIAN_POINT('',(-0.121463737143414,0.209576851148074,-0.2));
#4065=CARTESIAN_POINT('Ctrl Pts',(-0.114359880930289,0.192556705324707,
-0.2));
#4066=CARTESIAN_POINT('Ctrl Pts',(-0.114976861186742,0.194943495395005,
-0.2));
#4067=CARTESIAN_POINT('Ctrl Pts',(-0.115729592370255,0.197294775743432,
-0.200004808134954));
#4068=CARTESIAN_POINT('Ctrl Pts',(-0.117807266810692,0.202701810061879,
-0.200008055111216));
#4069=CARTESIAN_POINT('Ctrl Pts',(-0.119235319057221,0.205707249415989,
-0.2000023124712));
#4070=CARTESIAN_POINT('Ctrl Pts',(-0.121076355451205,0.208920879318522,
-0.200000135306309));
#4071=CARTESIAN_POINT('Ctrl Pts',(-0.121268633360211,0.209249765564268,
-0.2));
#4072=CARTESIAN_POINT('Ctrl Pts',(-0.121463737143414,0.209576851148074,
-0.2));
#4073=CARTESIAN_POINT('',(-0.121959680751366,0.393321716620024,-0.2));
#4074=CARTESIAN_POINT('Origin',(0.124185025718742,0.302112980872047,-0.2));
#4075=CARTESIAN_POINT('',(-0.114947805123754,0.410379962049385,-0.2));
#4076=CARTESIAN_POINT('Ctrl Pts',(-0.121959680751366,0.393321716620024,
-0.2));
#4077=CARTESIAN_POINT('Ctrl Pts',(-0.120683983793614,0.395486864896209,
-0.2));
#4078=CARTESIAN_POINT('Ctrl Pts',(-0.119534172772486,0.397725586307236,
-0.200004959620356));
#4079=CARTESIAN_POINT('Ctrl Pts',(-0.117165078239719,0.403083318021881,
-0.200008008663646));
#4080=CARTESIAN_POINT('Ctrl Pts',(-0.116051961762041,0.40623802997458,-0.200001935351393));
#4081=CARTESIAN_POINT('Ctrl Pts',(-0.115104598459128,0.409768976524532,
-0.200000092870191));
#4082=CARTESIAN_POINT('Ctrl Pts',(-0.115025080037126,0.410074221879794,
-0.2));
#4083=CARTESIAN_POINT('Ctrl Pts',(-0.114947805123754,0.410379962049385,
-0.2));
#4084=CARTESIAN_POINT('',(0.0146287501714039,0.54065788752108,-0.2));
#4085=CARTESIAN_POINT('Origin',(0.124185025718742,0.302112980872047,-0.2));
#4086=CARTESIAN_POINT('',(0.0316488959947681,0.547761743734203,-0.2));
#4087=CARTESIAN_POINT('Ctrl Pts',(0.0146287501714039,0.54065788752108,-0.2));
#4088=CARTESIAN_POINT('Ctrl Pts',(0.0170155402417025,0.541274867777533,
-0.2));
#4089=CARTESIAN_POINT('Ctrl Pts',(0.0193668205901289,0.542027598961045,
-0.200004808134954));
#4090=CARTESIAN_POINT('Ctrl Pts',(0.024773854908575,0.544105273401482,-0.200008055111216));
#4091=CARTESIAN_POINT('Ctrl Pts',(0.0277792942626857,0.545533325648011,
-0.2000023124712));
#4092=CARTESIAN_POINT('Ctrl Pts',(0.0309929241652178,0.547374362041995,
-0.200000135306309));
#4093=CARTESIAN_POINT('Ctrl Pts',(0.0313218104109631,0.547566639951001,
-0.2));
#4094=CARTESIAN_POINT('Ctrl Pts',(0.0316488959947678,0.547761743734203,
-0.2));
#4095=CARTESIAN_POINT('',(0.215393761466716,0.548257687342157,-0.2));
#4096=CARTESIAN_POINT('Origin',(0.124185025718742,0.302112980872047,-0.2));
#4097=CARTESIAN_POINT('',(0.232452006896076,0.541245811714545,-0.2));
#4098=CARTESIAN_POINT('Ctrl Pts',(0.215393761466716,0.548257687342157,-0.2));
#4099=CARTESIAN_POINT('Ctrl Pts',(0.217558909742901,0.546981990384404,-0.2));
#4100=CARTESIAN_POINT('Ctrl Pts',(0.219797631153928,0.545832179363277,-0.200004959620356));
#4101=CARTESIAN_POINT('Ctrl Pts',(0.225155362868573,0.543463084830509,-0.200008008663646));
#4102=CARTESIAN_POINT('Ctrl Pts',(0.228310074821272,0.542349968352831,-0.200001935351393));
#4103=CARTESIAN_POINT('Ctrl Pts',(0.231841021371224,0.541402605049919,-0.200000092870191));
#4104=CARTESIAN_POINT('Ctrl Pts',(0.232146266726486,0.541323086627916,-0.2));
#4105=CARTESIAN_POINT('Ctrl Pts',(0.232452006896076,0.541245811714545,-0.2));
#4106=CARTESIAN_POINT('Origin',(0.124185025718742,0.302112980872047,-0.2));
#4107=CARTESIAN_POINT('Origin',(0.124185025718742,0.302112980872047,-0.2));
#4108=CARTESIAN_POINT('',(0.367497995573529,0.150315600234955,-0.2));
#4109=CARTESIAN_POINT('Origin',(0.42629800659079,0.177927955153305,-0.2));
#4110=CARTESIAN_POINT('',(0.384005415119409,0.122463739057971,-0.2));
#4111=CARTESIAN_POINT('Origin',(0.413195803657168,0.164339692725192,-0.2));
#4112=CARTESIAN_POINT('',(0.389091938100869,0.115502331227575,-0.2));
#4113=CARTESIAN_POINT('',(0.296000336994553,0.242907358836361,-0.2));
#4114=CARTESIAN_POINT('',(0.41080714963894,0.0481246510611692,-0.2));
#4115=CARTESIAN_POINT('Ctrl Pts',(0.410807149638939,0.0481246510611692,
-0.2));
#4116=CARTESIAN_POINT('Ctrl Pts',(0.41081032776267,0.0485708352477926,-0.2));
#4117=CARTESIAN_POINT('Ctrl Pts',(0.410811153289945,0.0490164941228817,
-0.2));
#4118=CARTESIAN_POINT('Ctrl Pts',(0.410809196680919,0.0494615774643926,
-0.2));
#4119=CARTESIAN_POINT('Ctrl Pts',(0.410730706218293,0.0673163440136048,
-0.2));
#4120=CARTESIAN_POINT('Ctrl Pts',(0.406178395778615,0.0859284388932217,
-0.2));
#4121=CARTESIAN_POINT('Ctrl Pts',(0.397429391375504,0.102249473891318,-0.2));
#4122=CARTESIAN_POINT('Ctrl Pts',(0.394958889313385,0.106858129774993,-0.2));
#4123=CARTESIAN_POINT('Ctrl Pts',(0.392153928927057,0.111283966551495,-0.2));
#4124=CARTESIAN_POINT('Ctrl Pts',(0.389091938100868,0.115502331227575,-0.2));
#4125=CARTESIAN_POINT('',(0.379716880451113,0.016866096896641,-0.2));
#4126=CARTESIAN_POINT('Ctrl Pts',(0.379716880451113,0.016866096896641,-0.2));
#4127=CARTESIAN_POINT('Ctrl Pts',(0.383382334880461,0.0169227560077607,
-0.2));
#4128=CARTESIAN_POINT('Ctrl Pts',(0.387213666489724,0.0176309162673981,
-0.2));
#4129=CARTESIAN_POINT('Ctrl Pts',(0.390782511588214,0.019026495540396,-0.2));
#4130=CARTESIAN_POINT('Ctrl Pts',(0.394907444770193,0.0206395303156252,
-0.2));
#4131=CARTESIAN_POINT('Ctrl Pts',(0.39868158048186,0.0231711476465902,-0.2));
#4132=CARTESIAN_POINT('Ctrl Pts',(0.401643072644047,0.0261486697323688,
-0.2));
#4133=CARTESIAN_POINT('Ctrl Pts',(0.404604564806235,0.0291261918181475,
-0.2));
#4134=CARTESIAN_POINT('Ctrl Pts',(0.407115771949104,0.0329139385581143,
-0.2));
#4135=CARTESIAN_POINT('Ctrl Pts',(0.408706516267162,0.037047519022609,-0.2));
#4136=CARTESIAN_POINT('Ctrl Pts',(0.410082810091085,0.0406238456512137,
-0.2));
#4137=CARTESIAN_POINT('Ctrl Pts',(0.410770277979183,0.0444589441840162,
-0.2));
#4138=CARTESIAN_POINT('Ctrl Pts',(0.41080714963894,0.0481246510611692,-0.2));
#4139=CARTESIAN_POINT('',(0.312222960290005,0.0382172780825983,-0.2));
#4140=CARTESIAN_POINT('Ctrl Pts',(0.312222960290005,0.0382172780825983,
-0.2));
#4141=CARTESIAN_POINT('Ctrl Pts',(0.31645779255083,0.0351781031809626,-0.2));
#4142=CARTESIAN_POINT('Ctrl Pts',(0.320898706403626,0.0323970749371007,
-0.2));
#4143=CARTESIAN_POINT('Ctrl Pts',(0.325520631247996,0.0299514870269945,
-0.2));
#4144=CARTESIAN_POINT('Ctrl Pts',(0.341888656773777,0.0212907132831466,
-0.2));
#4145=CARTESIAN_POINT('Ctrl Pts',(0.360525054470506,0.0168389398122247,
-0.2));
#4146=CARTESIAN_POINT('Ctrl Pts',(0.378379984577186,0.0168568329723627,
-0.2));
#4147=CARTESIAN_POINT('Ctrl Pts',(0.378825071995855,0.016857279012779,-0.2));
#4148=CARTESIAN_POINT('Ctrl Pts',(0.379270719921363,0.016860510255769,-0.2));
#4149=CARTESIAN_POINT('Ctrl Pts',(0.379716880451113,0.0168660968966409,
-0.2));
#4150=CARTESIAN_POINT('',(0.305234196138835,0.0432661483187347,-0.2));
#4151=CARTESIAN_POINT('',(0.187811649821153,0.128095337905203,-0.2));
#4152=CARTESIAN_POINT('',(0.277293631449623,0.0596229791833503,-0.2));
#4153=CARTESIAN_POINT('Origin',(0.264072302403289,0.0138343008927377,-0.2));
#4154=CARTESIAN_POINT('Origin',(0.249999089370299,0.000674769605392313,
-0.2));
#4155=CARTESIAN_POINT('Origin',(0.124185025718742,0.302112980872047,-0.2));
#4156=CARTESIAN_POINT('',(0.190969255516885,0.0277923313506022,-0.2));
#4157=CARTESIAN_POINT('Origin',(0.249999089370299,0.000674769605392313,
-0.2));
#4158=CARTESIAN_POINT('',(0.188896319438855,0.022727772722246,-0.2));
#4159=CARTESIAN_POINT('Origin',(0.255351431599852,-0.00151595699563848,
-0.2));
#4160=CARTESIAN_POINT('',(0.180874587832727,-0.00863897548544894,-0.2));
#4161=CARTESIAN_POINT('Origin',(0.231126080324565,0.000331073640079131,
-0.2));
#4162=CARTESIAN_POINT('',(0.1795488440421,-0.0171581490617786,-0.2));
#4163=CARTESIAN_POINT('',(0.203812100607743,0.138756512331443,-0.2));
#4164=CARTESIAN_POINT('',(0.147260602829286,-0.0801563369415326,-0.2));
#4165=CARTESIAN_POINT('Ctrl Pts',(0.147260602829286,-0.0801563369415326,
-0.2));
#4166=CARTESIAN_POINT('Ctrl Pts',(0.147578349966147,-0.079843084350354,
-0.2));
#4167=CARTESIAN_POINT('Ctrl Pts',(0.147894062114753,-0.0795285396736166,
-0.2));
#4168=CARTESIAN_POINT('Ctrl Pts',(0.148207400032218,-0.0792124346931309,
-0.2));
#4169=CARTESIAN_POINT('Ctrl Pts',(0.160777125397287,-0.0665317070512991,
-0.2));
#4170=CARTESIAN_POINT('Ctrl Pts',(0.170718894316789,-0.0501519989678716,
-0.2));
#4171=CARTESIAN_POINT('Ctrl Pts',(0.176073128497855,-0.032424804102664,
-0.2));
#4172=CARTESIAN_POINT('Ctrl Pts',(0.177585031564298,-0.027419083514103,
-0.2));
#4173=CARTESIAN_POINT('Ctrl Pts',(0.178731164251255,-0.0223061378068813,
-0.2));
#4174=CARTESIAN_POINT('Ctrl Pts',(0.1795488440421,-0.0171581490617786,-0.2));
#4175=CARTESIAN_POINT('',(0.103173327037836,-0.0802753323897307,-0.2));
#4176=CARTESIAN_POINT('Ctrl Pts',(0.103173327037836,-0.0802753323897307,
-0.2));
#4177=CARTESIAN_POINT('Ctrl Pts',(0.105805258762647,-0.0828271360311636,
-0.2));
#4178=CARTESIAN_POINT('Ctrl Pts',(0.109015164246287,-0.0850355516712912,
-0.2));
#4179=CARTESIAN_POINT('Ctrl Pts',(0.112525542384053,-0.0865722826738173,
-0.2));
#4180=CARTESIAN_POINT('Ctrl Pts',(0.116582898436826,-0.0883484630708814,
-0.2));
#4181=CARTESIAN_POINT('Ctrl Pts',(0.121041739173759,-0.0892270562436249,
-0.2));
#4182=CARTESIAN_POINT('Ctrl Pts',(0.125241256422059,-0.0892157213759515,
-0.2));
#4183=CARTESIAN_POINT('Ctrl Pts',(0.129440773670359,-0.0892043865082782,
-0.2));
#4184=CARTESIAN_POINT('Ctrl Pts',(0.133894806675293,-0.0883017367027171,
-0.2));
#4185=CARTESIAN_POINT('Ctrl Pts',(0.137942515546751,-0.0865036800201258,
-0.2));
#4186=CARTESIAN_POINT('Ctrl Pts',(0.141444547053376,-0.0849480219051027,
-0.2));
#4187=CARTESIAN_POINT('Ctrl Pts',(0.144642484437962,-0.0827223109315618,
-0.2));
#4188=CARTESIAN_POINT('Ctrl Pts',(0.147260602829286,-0.080156336941532,
-0.2));
#4189=CARTESIAN_POINT('',(0.0705454834059867,-0.0174523587520144,-0.2));
#4190=CARTESIAN_POINT('Ctrl Pts',(0.0705454834059867,-0.0174523587520144,
-0.2));
#4191=CARTESIAN_POINT('Ctrl Pts',(0.0713909408326452,-0.0225958585429901,
-0.2));
#4192=CARTESIAN_POINT('Ctrl Pts',(0.0725646572027162,-0.0277025427728731,
-0.2));
#4193=CARTESIAN_POINT('Ctrl Pts',(0.0741035598070809,-0.0327000289676857,
-0.2));
#4194=CARTESIAN_POINT('Ctrl Pts',(0.0795534098063979,-0.0503980626561971,
-0.2));
#4195=CARTESIAN_POINT('Ctrl Pts',(0.0895834537850495,-0.0667238650540391,
-0.2));
#4196=CARTESIAN_POINT('Ctrl Pts',(0.102221448315965,-0.0793365548352135,
-0.2));
#4197=CARTESIAN_POINT('Ctrl Pts',(0.10253648804613,-0.0796509637689721,
-0.2));
#4198=CARTESIAN_POINT('Ctrl Pts',(0.102853893550108,-0.0799637996052906,
-0.2));
#4199=CARTESIAN_POINT('Ctrl Pts',(0.103173327037837,-0.0802753323897301,
-0.2));
#4200=CARTESIAN_POINT('',(0.069173771263884,-0.00894046584730598,-0.2));
#4201=CARTESIAN_POINT('',(0.0461267876976097,0.134073108117269,-0.2));
#4202=CARTESIAN_POINT('',(0.0609828345250516,0.0223825229377084,-0.2));
#4203=CARTESIAN_POINT('Origin',(0.019256458177774,-0.000646070558475534,
-0.2));
#4204=CARTESIAN_POINT('Origin',(-2.73184799366426E-17,-3.16894367265055E-16,
-0.2));
#4205=CARTESIAN_POINT('Origin',(0.124185025718742,0.302112980872047,-0.2));
#4206=CARTESIAN_POINT('',(0.403570233868543,0.366824274592162,-0.2));
#4207=CARTESIAN_POINT('Origin',(0.425623236985397,0.427927044523606,-0.2));
#4208=CARTESIAN_POINT('',(0.434936982076238,0.358802542986033,-0.2));
#4209=CARTESIAN_POINT('Origin',(0.425966932950805,0.409054035478453,-0.2));
#4210=CARTESIAN_POINT('',(0.443456155652568,0.357476799195407,-0.2));
#4211=CARTESIAN_POINT('',(0.287541494259347,0.38174005576105,-0.2));
#4212=CARTESIAN_POINT('',(0.506454343532322,0.325188557982594,-0.2));
#4213=CARTESIAN_POINT('Ctrl Pts',(0.506454343532322,0.325188557982594,-0.2));
#4214=CARTESIAN_POINT('Ctrl Pts',(0.506141090941143,0.325506305119454,-0.2));
#4215=CARTESIAN_POINT('Ctrl Pts',(0.505826546264406,0.32582201726806,-0.2));
#4216=CARTESIAN_POINT('Ctrl Pts',(0.50551044128392,0.326135355185525,-0.2));
#4217=CARTESIAN_POINT('Ctrl Pts',(0.492829713642088,0.338705080550595,-0.2));
#4218=CARTESIAN_POINT('Ctrl Pts',(0.476450005558661,0.348646849470096,-0.2));
#4219=CARTESIAN_POINT('Ctrl Pts',(0.458722810693453,0.354001083651162,-0.2));
#4220=CARTESIAN_POINT('Ctrl Pts',(0.453717090104892,0.355512986717605,-0.2));
#4221=CARTESIAN_POINT('Ctrl Pts',(0.448604144397671,0.356659119404562,-0.2));
#4222=CARTESIAN_POINT('Ctrl Pts',(0.443456155652568,0.357476799195407,-0.2));
#4223=CARTESIAN_POINT('',(0.50657333898052,0.281101282191141,-0.2));
#4224=CARTESIAN_POINT('Ctrl Pts',(0.50657333898052,0.281101282191141,-0.2));
#4225=CARTESIAN_POINT('Ctrl Pts',(0.509125142621953,0.283733213915952,-0.2));
#4226=CARTESIAN_POINT('Ctrl Pts',(0.511333558262081,0.286943119399593,-0.2));
#4227=CARTESIAN_POINT('Ctrl Pts',(0.512870289264608,0.29045349753736,-0.2));
#4228=CARTESIAN_POINT('Ctrl Pts',(0.514646469661672,0.294510853590133,-0.2));
#4229=CARTESIAN_POINT('Ctrl Pts',(0.515525062834415,0.298969694327066,-0.2));
#4230=CARTESIAN_POINT('Ctrl Pts',(0.515513727966742,0.303169211575366,-0.2));
#4231=CARTESIAN_POINT('Ctrl Pts',(0.515502393099069,0.307368728823666,-0.2));
#4232=CARTESIAN_POINT('Ctrl Pts',(0.514599743293508,0.311822761828601,-0.2));
#4233=CARTESIAN_POINT('Ctrl Pts',(0.512801686610916,0.315870470700058,-0.2));
#4234=CARTESIAN_POINT('Ctrl Pts',(0.511246028495893,0.319372502206684,-0.2));
#4235=CARTESIAN_POINT('Ctrl Pts',(0.509020317522352,0.322570439591269,-0.2));
#4236=CARTESIAN_POINT('Ctrl Pts',(0.506454343532322,0.325188557982594,-0.2));
#4237=CARTESIAN_POINT('',(0.443750365342804,0.248473438559291,-0.2));
#4238=CARTESIAN_POINT('Ctrl Pts',(0.443750365342804,0.248473438559291,-0.2));
#4239=CARTESIAN_POINT('Ctrl Pts',(0.44889386513378,0.24931889598595,-0.2));
#4240=CARTESIAN_POINT('Ctrl Pts',(0.454000549363662,0.250492612356021,-0.2));
#4241=CARTESIAN_POINT('Ctrl Pts',(0.458998035558475,0.252031514960386,-0.2));
#4242=CARTESIAN_POINT('Ctrl Pts',(0.476696069246986,0.257481364959702,-0.2));
#4243=CARTESIAN_POINT('Ctrl Pts',(0.493021871644829,0.267511408938354,-0.2));
#4244=CARTESIAN_POINT('Ctrl Pts',(0.505634561426003,0.280149403469269,-0.2));
#4245=CARTESIAN_POINT('Ctrl Pts',(0.505948970359761,0.280464443199434,-0.2));
#4246=CARTESIAN_POINT('Ctrl Pts',(0.50626180619608,0.280781848703412,-0.2));
#4247=CARTESIAN_POINT('Ctrl Pts',(0.50657333898052,0.281101282191141,-0.2));
#4248=CARTESIAN_POINT('',(0.435238472438095,0.247101726417189,-0.2));
#4249=CARTESIAN_POINT('',(0.29222489847352,0.224054742850914,-0.2));
#4250=CARTESIAN_POINT('',(0.403915483653081,0.238910789678356,-0.2));
#4251=CARTESIAN_POINT('Origin',(0.426944077149431,0.197184413330324,-0.2));
#4252=CARTESIAN_POINT('Origin',(0.42629800659079,0.177927955153305,-0.2));
#4253=CARTESIAN_POINT('Origin',(0.124185025718742,0.302112980872047,-0.2));
#4254=CARTESIAN_POINT('',(-0.0276123549183502,0.0588000110172603,-0.2));
#4255=CARTESIAN_POINT('Origin',(-2.73184799366426E-17,-3.16894367265055E-16,
-0.2));
#4256=CARTESIAN_POINT('',(-0.0554642160953343,0.0422925914713802,-0.2));
#4257=CARTESIAN_POINT('Origin',(-0.0135882624252739,0.0131022029297493,
-0.2));
#4258=CARTESIAN_POINT('',(-0.0624256239257302,0.0372060684899204,-0.2));
#4259=CARTESIAN_POINT('',(0.0649794036830556,0.130297669596237,-0.2));
#4260=CARTESIAN_POINT('',(-0.129803304092136,0.0154908569518491,-0.2));
#4261=CARTESIAN_POINT('Ctrl Pts',(-0.129803304092136,0.0154908569518491,
-0.2));
#4262=CARTESIAN_POINT('Ctrl Pts',(-0.129357119905512,0.0154876788281189,
-0.2));
#4263=CARTESIAN_POINT('Ctrl Pts',(-0.128911461030423,0.0154868533008442,
-0.2));
#4264=CARTESIAN_POINT('Ctrl Pts',(-0.128466377688912,0.0154888099098699,
-0.2));
#4265=CARTESIAN_POINT('Ctrl Pts',(-0.1106116111397,0.0155673003724957,-0.2));
#4266=CARTESIAN_POINT('Ctrl Pts',(-0.091999516260083,0.0201196108121742,
-0.2));
#4267=CARTESIAN_POINT('Ctrl Pts',(-0.0756784812619869,0.0288686152152854,
-0.2));
#4268=CARTESIAN_POINT('Ctrl Pts',(-0.0710698253783117,0.0313391172774034,
-0.2));
#4269=CARTESIAN_POINT('Ctrl Pts',(-0.0666439886018096,0.0341440776637316,
-0.2));
#4270=CARTESIAN_POINT('Ctrl Pts',(-0.0624256239257302,0.0372060684899204,
-0.2));
#4271=CARTESIAN_POINT('',(-0.161061858256665,0.0465811261396777,-0.2));
#4272=CARTESIAN_POINT('Ctrl Pts',(-0.161061858256665,0.0465811261396777,
-0.2));
#4273=CARTESIAN_POINT('Ctrl Pts',(-0.161005199145545,0.0429156717103288,
-0.2));
#4274=CARTESIAN_POINT('Ctrl Pts',(-0.160297038885908,0.0390843401010647,
-0.2));
#4275=CARTESIAN_POINT('Ctrl Pts',(-0.15890145961291,0.035515495002574,-0.2));
#4276=CARTESIAN_POINT('Ctrl Pts',(-0.15728842483768,0.0313905618205952,
-0.2));
#4277=CARTESIAN_POINT('Ctrl Pts',(-0.154756807506715,0.0276164261089277,
-0.2));
#4278=CARTESIAN_POINT('Ctrl Pts',(-0.151779285420937,0.0246549339467404,
-0.2));
#4279=CARTESIAN_POINT('Ctrl Pts',(-0.148801763335158,0.0216934417845531,
-0.2));
#4280=CARTESIAN_POINT('Ctrl Pts',(-0.145014016595191,0.0191822346416843,
-0.2));
#4281=CARTESIAN_POINT('Ctrl Pts',(-0.140880436130696,0.0175914903236258,
-0.2));
#4282=CARTESIAN_POINT('Ctrl Pts',(-0.137304109502091,0.0162151964997025,
-0.2));
#4283=CARTESIAN_POINT('Ctrl Pts',(-0.133469010969289,0.0155277286116043,
-0.2));
#4284=CARTESIAN_POINT('Ctrl Pts',(-0.129803304092136,0.0154908569518482,
-0.2));
#4285=CARTESIAN_POINT('',(-0.139710677070708,0.114075046300786,-0.2));
#4286=CARTESIAN_POINT('Ctrl Pts',(-0.139710677070708,0.114075046300785,
-0.2));
#4287=CARTESIAN_POINT('Ctrl Pts',(-0.142749851972344,0.10984021403996,-0.2));
#4288=CARTESIAN_POINT('Ctrl Pts',(-0.145530880216206,0.105399300187165,
-0.2));
#4289=CARTESIAN_POINT('Ctrl Pts',(-0.147976468126312,0.100777375342795,
-0.2));
#4290=CARTESIAN_POINT('Ctrl Pts',(-0.15663724187016,0.084409349817014,-0.2));
#4291=CARTESIAN_POINT('Ctrl Pts',(-0.161089015341082,0.0657729521202845,
-0.2));
#4292=CARTESIAN_POINT('Ctrl Pts',(-0.161071122180944,0.047918022013605,
-0.2));
#4293=CARTESIAN_POINT('Ctrl Pts',(-0.161070676140528,0.0474729345949361,
-0.2));
#4294=CARTESIAN_POINT('Ctrl Pts',(-0.161067444897538,0.047027286669428,
-0.2));
#4295=CARTESIAN_POINT('Ctrl Pts',(-0.161061858256666,0.0465811261396777,
-0.2));
#4296=CARTESIAN_POINT('',(-0.134661806834572,0.121063810451955,-0.2));
#4297=CARTESIAN_POINT('',(-0.0498326172481026,0.238486356769637,-0.2));
#4298=CARTESIAN_POINT('',(-0.118304975969956,0.149004375141167,-0.2));
#4299=CARTESIAN_POINT('Origin',(-0.164093654260925,0.162225704187713,-0.2));
#4300=CARTESIAN_POINT('Origin',(-0.177253185547914,0.176298917220492,-0.2));
#4301=CARTESIAN_POINT('Origin',(0.124185025718742,0.302112980872047,-0.2));
#4302=CARTESIAN_POINT('',(0.275982406355834,0.545425950726835,-0.2));
#4303=CARTESIAN_POINT('Origin',(0.248370051437484,0.604225961744095,-0.2));
#4304=CARTESIAN_POINT('',(0.303834267532818,0.561933370272715,-0.2));
#4305=CARTESIAN_POINT('Origin',(0.261958313864789,0.591123758811697,-0.2));
#4306=CARTESIAN_POINT('',(0.310795675363214,0.567019893254175,-0.2));
#4307=CARTESIAN_POINT('',(0.183390647754429,0.473928292147856,-0.2));
#4308=CARTESIAN_POINT('',(0.378173355529619,0.588735104792246,-0.2));
#4309=CARTESIAN_POINT('Ctrl Pts',(0.378173355529619,0.588735104792246,-0.2));
#4310=CARTESIAN_POINT('Ctrl Pts',(0.377727171342996,0.588738282915977,-0.2));
#4311=CARTESIAN_POINT('Ctrl Pts',(0.377281512467907,0.588739108443251,-0.2));
#4312=CARTESIAN_POINT('Ctrl Pts',(0.376836429126396,0.588737151834225,-0.2));
#4313=CARTESIAN_POINT('Ctrl Pts',(0.358981662577184,0.5886586613716,-0.2));
#4314=CARTESIAN_POINT('Ctrl Pts',(0.340369567697567,0.584106350931921,-0.2));
#4315=CARTESIAN_POINT('Ctrl Pts',(0.324048532699471,0.57535734652881,-0.2));
#4316=CARTESIAN_POINT('Ctrl Pts',(0.319439876815795,0.572886844466692,-0.2));
#4317=CARTESIAN_POINT('Ctrl Pts',(0.315014040039293,0.570081884080364,-0.2));
#4318=CARTESIAN_POINT('Ctrl Pts',(0.310795675363214,0.567019893254175,-0.2));
#4319=CARTESIAN_POINT('',(0.409431909694148,0.55764483560442,-0.2));
#4320=CARTESIAN_POINT('Ctrl Pts',(0.409431909694148,0.55764483560442,-0.2));
#4321=CARTESIAN_POINT('Ctrl Pts',(0.409375250583028,0.561310290033768,-0.2));
#4322=CARTESIAN_POINT('Ctrl Pts',(0.408667090323391,0.565141621643031,-0.2));
#4323=CARTESIAN_POINT('Ctrl Pts',(0.407271511050393,0.568710466741521,-0.2));
#4324=CARTESIAN_POINT('Ctrl Pts',(0.405658476275163,0.5728353999235,-0.2));
#4325=CARTESIAN_POINT('Ctrl Pts',(0.403126858944198,0.576609535635167,-0.2));
#4326=CARTESIAN_POINT('Ctrl Pts',(0.40014933685842,0.579571027797354,-0.2));
#4327=CARTESIAN_POINT('Ctrl Pts',(0.397171814772641,0.582532519959541,-0.2));
#4328=CARTESIAN_POINT('Ctrl Pts',(0.393384068032674,0.58504372710241,-0.2));
#4329=CARTESIAN_POINT('Ctrl Pts',(0.38925048756818,0.586634471420469,-0.2));
#4330=CARTESIAN_POINT('Ctrl Pts',(0.385674160939575,0.588010765244392,-0.2));
#4331=CARTESIAN_POINT('Ctrl Pts',(0.381839062406772,0.58869823313249,-0.2));
#4332=CARTESIAN_POINT('Ctrl Pts',(0.378173355529619,0.588735104792246,-0.2));
#4333=CARTESIAN_POINT('',(0.388080728508191,0.490150915443312,-0.2));
#4334=CARTESIAN_POINT('Ctrl Pts',(0.388080728508191,0.490150915443312,-0.2));
#4335=CARTESIAN_POINT('Ctrl Pts',(0.391119903409826,0.494385747704137,-0.2));
#4336=CARTESIAN_POINT('Ctrl Pts',(0.393900931653688,0.498826661556933,-0.2));
#4337=CARTESIAN_POINT('Ctrl Pts',(0.396346519563794,0.503448586401303,-0.2));
#4338=CARTESIAN_POINT('Ctrl Pts',(0.405007293307642,0.519816611927084,-0.2));
#4339=CARTESIAN_POINT('Ctrl Pts',(0.409459066778564,0.538453009623813,-0.2));
#4340=CARTESIAN_POINT('Ctrl Pts',(0.409441173618426,0.556307939730493,-0.2));
#4341=CARTESIAN_POINT('Ctrl Pts',(0.40944072757801,0.556753027149162,-0.2));
#4342=CARTESIAN_POINT('Ctrl Pts',(0.40943749633502,0.55719867507467,-0.2));
#4343=CARTESIAN_POINT('Ctrl Pts',(0.409431909694148,0.55764483560442,-0.2));
#4344=CARTESIAN_POINT('',(0.383031858272054,0.483162151292142,-0.2));
#4345=CARTESIAN_POINT('',(0.298202668685586,0.36573960497446,-0.2));
#4346=CARTESIAN_POINT('',(0.366675027407439,0.45522158660293,-0.2));
#4347=CARTESIAN_POINT('Origin',(0.412463705699253,0.442000257555798,-0.2));
#4348=CARTESIAN_POINT('',(0.364586905878088,0.45016327002898,-0.2));
#4349=CARTESIAN_POINT('Origin',(0.431044156628105,0.473565008424018,-0.2));
#4350=CARTESIAN_POINT('Origin',(0.425623236985397,0.427927044523606,-0.2));
#4351=CARTESIAN_POINT('Origin',(0.124185025718742,0.302112980872047,-0.2));
#4352=CARTESIAN_POINT('',(-0.15520018243106,0.237401687151935,-0.2));
#4353=CARTESIAN_POINT('Origin',(-0.177253185547914,0.176298917220492,-0.2));
#4354=CARTESIAN_POINT('',(-0.186566930638755,0.245423418758064,-0.2));
#4355=CARTESIAN_POINT('Origin',(-0.177596881513056,0.195171926267535,-0.2));
#4356=CARTESIAN_POINT('',(-0.195086104215085,0.246749162548691,-0.2));
#4357=CARTESIAN_POINT('',(-0.0391714428218635,0.222485905983047,-0.2));
#4358=CARTESIAN_POINT('',(-0.258084292094839,0.279037403761504,-0.2));
#4359=CARTESIAN_POINT('Ctrl Pts',(-0.258084292094838,0.279037403761504,
-0.2));
#4360=CARTESIAN_POINT('Ctrl Pts',(-0.25777103950366,0.278719656624644,-0.2));
#4361=CARTESIAN_POINT('Ctrl Pts',(-0.257456494826923,0.278403944476038,
-0.2));
#4362=CARTESIAN_POINT('Ctrl Pts',(-0.257140389846437,0.278090606558573,
-0.2));
#4363=CARTESIAN_POINT('Ctrl Pts',(-0.244459662204605,0.265520881193503,
-0.2));
#4364=CARTESIAN_POINT('Ctrl Pts',(-0.228079954121178,0.255579112274002,
-0.2));
#4365=CARTESIAN_POINT('Ctrl Pts',(-0.21035275925597,0.250224878092936,-0.2));
#4366=CARTESIAN_POINT('Ctrl Pts',(-0.205347038667409,0.248712975026493,
-0.2));
#4367=CARTESIAN_POINT('Ctrl Pts',(-0.200234092960187,0.247566842339535,
-0.2));
#4368=CARTESIAN_POINT('Ctrl Pts',(-0.195086104215085,0.246749162548691,
-0.2));
#4369=CARTESIAN_POINT('',(-0.258203287543011,0.323124679552983,-0.2));
#4370=CARTESIAN_POINT('Ctrl Pts',(-0.258203287543011,0.323124679552983,
-0.2));
#4371=CARTESIAN_POINT('Ctrl Pts',(-0.260755091184455,0.320492747828167,
-0.2));
#4372=CARTESIAN_POINT('Ctrl Pts',(-0.262963506824592,0.317282842344516,
-0.2));
#4373=CARTESIAN_POINT('Ctrl Pts',(-0.264500237827124,0.313772464206738,
-0.2));
#4374=CARTESIAN_POINT('Ctrl Pts',(-0.266276418224188,0.309715108153965,
-0.2));
#4375=CARTESIAN_POINT('Ctrl Pts',(-0.267155011396932,0.305256267417032,
-0.2));
#4376=CARTESIAN_POINT('Ctrl Pts',(-0.267143676529258,0.301056750168732,
-0.2));
#4377=CARTESIAN_POINT('Ctrl Pts',(-0.267132341661585,0.296857232920432,
-0.2));
#4378=CARTESIAN_POINT('Ctrl Pts',(-0.266229691856024,0.292403199915497,
-0.2));
#4379=CARTESIAN_POINT('Ctrl Pts',(-0.264431635173433,0.28835549104404,-0.2));
#4380=CARTESIAN_POINT('Ctrl Pts',(-0.262875977058409,0.284853459537414,
-0.2));
#4381=CARTESIAN_POINT('Ctrl Pts',(-0.260650266084868,0.281655522152829,
-0.2));
#4382=CARTESIAN_POINT('Ctrl Pts',(-0.258084292094839,0.279037403761504,
-0.2));
#4383=CARTESIAN_POINT('',(-0.19538031390532,0.355752523184806,-0.2));
#4384=CARTESIAN_POINT('Ctrl Pts',(-0.19538031390532,0.355752523184806,-0.2));
#4385=CARTESIAN_POINT('Ctrl Pts',(-0.200523813696295,0.354907065758148,
-0.2));
#4386=CARTESIAN_POINT('Ctrl Pts',(-0.205630497926178,0.353733349388077,
-0.2));
#4387=CARTESIAN_POINT('Ctrl Pts',(-0.210627984120991,0.352194446783712,
-0.2));
#4388=CARTESIAN_POINT('Ctrl Pts',(-0.228326017809502,0.346744596784395,
-0.2));
#4389=CARTESIAN_POINT('Ctrl Pts',(-0.244651820207345,0.336714552805744,
-0.2));
#4390=CARTESIAN_POINT('Ctrl Pts',(-0.257264509988519,0.324076558274829,
-0.2));
#4391=CARTESIAN_POINT('Ctrl Pts',(-0.257578918922278,0.323761518544664,
-0.2));
#4392=CARTESIAN_POINT('Ctrl Pts',(-0.257891754758596,0.323444113040686,
-0.2));
#4393=CARTESIAN_POINT('Ctrl Pts',(-0.258203287543036,0.323124679552957,
-0.2));
#4394=CARTESIAN_POINT('',(-0.186868421000611,0.357124235326909,-0.2));
#4395=CARTESIAN_POINT('',(-0.0438548470360355,0.380171218893181,-0.2));
#4396=CARTESIAN_POINT('',(-0.155545432215597,0.365315172065741,-0.2));
#4397=CARTESIAN_POINT('Origin',(-0.178574025711754,0.407041548412972,-0.2));
#4398=CARTESIAN_POINT('Origin',(-0.177927955153305,0.426298006590793,-0.2));
#4399=CARTESIAN_POINT('Origin',(0.124185025718742,0.302112980872047,-0.2));
#4400=CARTESIAN_POINT('',(0.0594737319986305,0.58149818902185,-0.2));
#4401=CARTESIAN_POINT('Origin',(-0.0016290379328128,0.603551192138704,-0.2));
#4402=CARTESIAN_POINT('',(0.0674954636047593,0.612864937229545,-0.2));
#4403=CARTESIAN_POINT('Origin',(0.0172439711125308,0.603894888104026,-0.2));
#4404=CARTESIAN_POINT('',(0.0688212073953862,0.621384110805874,-0.2));
#4405=CARTESIAN_POINT('',(0.0445579508297405,0.465469449412654,-0.2));
#4406=CARTESIAN_POINT('',(0.1011094486082,0.684382298685628,-0.2));
#4407=CARTESIAN_POINT('Ctrl Pts',(0.1011094486082,0.684382298685628,-0.2));
#4408=CARTESIAN_POINT('Ctrl Pts',(0.100791701471339,0.68406904609445,-0.2));
#4409=CARTESIAN_POINT('Ctrl Pts',(0.100475989322734,0.683754501417712,-0.2));
#4410=CARTESIAN_POINT('Ctrl Pts',(0.100162651405268,0.683438396437226,-0.2));
#4411=CARTESIAN_POINT('Ctrl Pts',(0.0875929260401988,0.670757668795395,
-0.2));
#4412=CARTESIAN_POINT('Ctrl Pts',(0.0776511571206971,0.654377960711967,
-0.2));
#4413=CARTESIAN_POINT('Ctrl Pts',(0.0722969229396309,0.63665076584676,-0.2));
#4414=CARTESIAN_POINT('Ctrl Pts',(0.0707850198731879,0.631645045258199,
-0.2));
#4415=CARTESIAN_POINT('Ctrl Pts',(0.0696388871862307,0.626532099550977,
-0.2));
#4416=CARTESIAN_POINT('Ctrl Pts',(0.0688212073953862,0.621384110805874,
-0.2));
#4417=CARTESIAN_POINT('',(0.145196724399646,0.684501294133824,-0.2));
#4418=CARTESIAN_POINT('Ctrl Pts',(0.145196724399646,0.684501294133824,-0.2));
#4419=CARTESIAN_POINT('Ctrl Pts',(0.142564792674835,0.687053097775258,-0.2));
#4420=CARTESIAN_POINT('Ctrl Pts',(0.139354887191194,0.689261513415386,-0.2));
#4421=CARTESIAN_POINT('Ctrl Pts',(0.135844509053428,0.690798244417912,-0.2));
#4422=CARTESIAN_POINT('Ctrl Pts',(0.131787153000655,0.692574424814976,-0.2));
#4423=CARTESIAN_POINT('Ctrl Pts',(0.127328312263722,0.693453017987719,-0.2));
#4424=CARTESIAN_POINT('Ctrl Pts',(0.123128795015422,0.693441683120046,-0.2));
#4425=CARTESIAN_POINT('Ctrl Pts',(0.118929277767122,0.693430348252373,-0.2));
#4426=CARTESIAN_POINT('Ctrl Pts',(0.114475244762188,0.692527698446812,-0.2));
#4427=CARTESIAN_POINT('Ctrl Pts',(0.110427535890731,0.69072964176422,-0.2));
#4428=CARTESIAN_POINT('Ctrl Pts',(0.106925504384107,0.689173983649198,-0.2));
#4429=CARTESIAN_POINT('Ctrl Pts',(0.103727566999522,0.686948272675658,-0.2));
#4430=CARTESIAN_POINT('Ctrl Pts',(0.101109448608199,0.684382298685629,-0.2));
#4431=CARTESIAN_POINT('',(0.177824568031497,0.62167832049611,-0.2));
#4432=CARTESIAN_POINT('Ctrl Pts',(0.177824568031497,0.62167832049611,-0.2));
#4433=CARTESIAN_POINT('Ctrl Pts',(0.176979110604839,0.626821820287086,-0.2));
#4434=CARTESIAN_POINT('Ctrl Pts',(0.175805394234768,0.631928504516968,-0.2));
#4435=CARTESIAN_POINT('Ctrl Pts',(0.174266491630403,0.636925990711781,-0.2));
#4436=CARTESIAN_POINT('Ctrl Pts',(0.168816641631086,0.654624024400292,-0.2));
#4437=CARTESIAN_POINT('Ctrl Pts',(0.158786597652434,0.670949826798134,-0.2));
#4438=CARTESIAN_POINT('Ctrl Pts',(0.146148603121519,0.683562516579309,-0.2));
#4439=CARTESIAN_POINT('Ctrl Pts',(0.145833563391354,0.683876925513067,-0.2));
#4440=CARTESIAN_POINT('Ctrl Pts',(0.145516157887376,0.684189761349386,-0.2));
#4441=CARTESIAN_POINT('Ctrl Pts',(0.145196724399647,0.684501294133825,-0.2));
#4442=CARTESIAN_POINT('',(0.1791962801736,0.613166427591401,-0.2));
#4443=CARTESIAN_POINT('',(0.202243263739875,0.470152853626826,-0.2));
#4444=CARTESIAN_POINT('',(0.187387216912432,0.581843438806387,-0.2));
#4445=CARTESIAN_POINT('Origin',(0.229113593257213,0.604872032302176,-0.2));
#4446=CARTESIAN_POINT('Origin',(0.248370051437484,0.604225961744095,-0.2));
#4447=CARTESIAN_POINT('Origin',(0.124185025718742,0.302112980872047,-0.2));
#4448=CARTESIAN_POINT('',(0.336685025718742,0.302112980872047,-0.65));
#4449=CARTESIAN_POINT('',(0.336685025718742,0.302112980872047,-0.2));
#4450=CARTESIAN_POINT('',(-0.0883149742812579,0.302112980872047,-0.65));
#4451=CARTESIAN_POINT('Origin',(0.124185025718742,0.302112980872047,-0.65));
#4452=CARTESIAN_POINT('Origin',(0.124185025718742,0.302112980872047,-0.65));
#4453=CARTESIAN_POINT('Origin',(0.124185025718742,0.302112980872047,-0.65));
#4454=CARTESIAN_POINT('',(0.370329732188852,0.210904245124076,-0.7));
#4455=CARTESIAN_POINT('',(0.363317856561238,0.193845999694709,-0.7));
#4456=CARTESIAN_POINT('Ctrl Pts',(0.363317856561238,0.193845999694709,-0.7));
#4457=CARTESIAN_POINT('Ctrl Pts',(0.36393365054573,0.196282404331577,-0.7));
#4458=CARTESIAN_POINT('Ctrl Pts',(0.364690681018353,0.198682580117644,-0.699995040379644));
#4459=CARTESIAN_POINT('Ctrl Pts',(0.366774442090684,0.204157599553658,-0.699991991336354));
#4460=CARTESIAN_POINT('Ctrl Pts',(0.368201756507157,0.207183158899285,-0.699998064648607));
#4461=CARTESIAN_POINT('Ctrl Pts',(0.370011505148579,0.210359617717089,-0.699999907129809));
#4462=CARTESIAN_POINT('Ctrl Pts',(0.37016964720202,0.210632544442204,-0.7));
#4463=CARTESIAN_POINT('Ctrl Pts',(0.370329732188852,0.210904245124075,-0.7));
#4464=CARTESIAN_POINT('',(0.369833788580898,0.394649110596022,-0.7));
#4465=CARTESIAN_POINT('Origin',(0.124185025718742,0.302112980872047,-0.7));
#4466=CARTESIAN_POINT('',(0.362729932367772,0.411669256419391,-0.7));
#4467=CARTESIAN_POINT('Ctrl Pts',(0.369833788580898,0.394649110596022,-0.7));
#4468=CARTESIAN_POINT('Ctrl Pts',(0.368570896723946,0.396766310547414,-0.7));
#4469=CARTESIAN_POINT('Ctrl Pts',(0.367428720042142,0.398955044414075,-0.699995191865046));
#4470=CARTESIAN_POINT('Ctrl Pts',(0.365045971818419,0.404234747256438,-0.699991944888784));
#4471=CARTESIAN_POINT('Ctrl Pts',(0.363913684048434,0.407363632574886,-0.6999976875288));
#4472=CARTESIAN_POINT('Ctrl Pts',(0.36292383405045,0.410932530042721,-0.699999864693691));
#4473=CARTESIAN_POINT('Ctrl Pts',(0.362825249462054,0.411300521939185,-0.7));
#4474=CARTESIAN_POINT('Ctrl Pts',(0.362729932367772,0.41166925641939,-0.7));
#4475=CARTESIAN_POINT('',(0.232452006896076,0.541245811714545,-0.7));
#4476=CARTESIAN_POINT('Origin',(0.124185025718742,0.302112980872047,-0.7));
#4477=CARTESIAN_POINT('',(0.215393761466716,0.548257687342157,-0.7));
#4478=CARTESIAN_POINT('Ctrl Pts',(0.232452006896076,0.541245811714545,-0.7));
#4479=CARTESIAN_POINT('Ctrl Pts',(0.230015602259209,0.541861605699036,-0.7));
#4480=CARTESIAN_POINT('Ctrl Pts',(0.227615426473143,0.54261863617166,-0.699995040379644));
#4481=CARTESIAN_POINT('Ctrl Pts',(0.222140407037129,0.544702397243991,-0.699991991336354));
#4482=CARTESIAN_POINT('Ctrl Pts',(0.219114847691502,0.546129711660464,-0.699998064648607));
#4483=CARTESIAN_POINT('Ctrl Pts',(0.215938388873699,0.547939460301885,-0.699999907129809));
#4484=CARTESIAN_POINT('Ctrl Pts',(0.215665462148587,0.548097602355325,-0.7));
#4485=CARTESIAN_POINT('Ctrl Pts',(0.215393761466716,0.548257687342156,-0.7));
#4486=CARTESIAN_POINT('',(0.0316488959947681,0.547761743734203,-0.7));
#4487=CARTESIAN_POINT('Origin',(0.124185025718742,0.302112980872047,-0.7));
#4488=CARTESIAN_POINT('',(0.0146287501714039,0.54065788752108,-0.7));
#4489=CARTESIAN_POINT('Ctrl Pts',(0.0316488959947681,0.547761743734203,
-0.7));
#4490=CARTESIAN_POINT('Ctrl Pts',(0.0295316960433763,0.546498851877251,
-0.7));
#4491=CARTESIAN_POINT('Ctrl Pts',(0.0273429621767144,0.545356675195448,
-0.699995191865046));
#4492=CARTESIAN_POINT('Ctrl Pts',(0.0220632593343513,0.542973926971725,
-0.699991944888784));
#4493=CARTESIAN_POINT('Ctrl Pts',(0.0189343740159042,0.54184163920174,-0.6999976875288));
#4494=CARTESIAN_POINT('Ctrl Pts',(0.015365476548071,0.540851789203757,-0.69999986469369));
#4495=CARTESIAN_POINT('Ctrl Pts',(0.0149974846516075,0.540753204615361,
-0.7));
#4496=CARTESIAN_POINT('Ctrl Pts',(0.0146287501714042,0.54065788752108,-0.7));
#4497=CARTESIAN_POINT('',(-0.114947805123754,0.410379962049385,-0.7));
#4498=CARTESIAN_POINT('Origin',(0.124185025718742,0.302112980872047,-0.7));
#4499=CARTESIAN_POINT('',(-0.121959680751366,0.393321716620024,-0.7));
#4500=CARTESIAN_POINT('Ctrl Pts',(-0.114947805123754,0.410379962049385,
-0.7));
#4501=CARTESIAN_POINT('Ctrl Pts',(-0.115563599108245,0.407943557412518,
-0.7));
#4502=CARTESIAN_POINT('Ctrl Pts',(-0.116320629580869,0.405543381626452,
-0.699995040379644));
#4503=CARTESIAN_POINT('Ctrl Pts',(-0.118404390653201,0.400068362190437,
-0.699991991336354));
#4504=CARTESIAN_POINT('Ctrl Pts',(-0.119831705069673,0.39704280284481,-0.699998064648607));
#4505=CARTESIAN_POINT('Ctrl Pts',(-0.121641453711095,0.393866344027007,
-0.699999907129809));
#4506=CARTESIAN_POINT('Ctrl Pts',(-0.121799595764535,0.393593417301895,
-0.7));
#4507=CARTESIAN_POINT('Ctrl Pts',(-0.121959680751366,0.393321716620024,
-0.7));
#4508=CARTESIAN_POINT('',(-0.138314974281258,0.302112980872047,-0.7));
#4509=CARTESIAN_POINT('Origin',(0.124185025718742,0.302112980872047,-0.7));
#4510=CARTESIAN_POINT('Origin',(-0.138314974281258,0.302112980872047,-0.65));
#4511=CARTESIAN_POINT('',(-0.121463737143414,0.209576851148074,-0.7));
#4512=CARTESIAN_POINT('Origin',(0.124185025718742,0.302112980872047,-0.7));
#4513=CARTESIAN_POINT('',(-0.114359880930289,0.192556705324707,-0.7));
#4514=CARTESIAN_POINT('Ctrl Pts',(-0.121463737143414,0.209576851148074,
-0.7));
#4515=CARTESIAN_POINT('Ctrl Pts',(-0.120200845286462,0.207459651196682,
-0.7));
#4516=CARTESIAN_POINT('Ctrl Pts',(-0.119058668604658,0.205270917330021,
-0.699995191865046));
#4517=CARTESIAN_POINT('Ctrl Pts',(-0.116675920380936,0.199991214487659,
-0.699991944888784));
#4518=CARTESIAN_POINT('Ctrl Pts',(-0.115543632610951,0.196862329169211,
-0.6999976875288));
#4519=CARTESIAN_POINT('Ctrl Pts',(-0.114553782612967,0.193293431701376,
-0.69999986469369));
#4520=CARTESIAN_POINT('Ctrl Pts',(-0.114455198024571,0.192925439804911,
-0.7));
#4521=CARTESIAN_POINT('Ctrl Pts',(-0.11435988093029,0.192556705324707,-0.7));
#4522=CARTESIAN_POINT('',(0.015918044541404,0.062980150029551,-0.7));
#4523=CARTESIAN_POINT('Origin',(0.124185025718742,0.302112980872047,-0.7));
#4524=CARTESIAN_POINT('',(0.0329762899707711,0.0559682744019369,-0.7));
#4525=CARTESIAN_POINT('Ctrl Pts',(0.015918044541404,0.062980150029551,-0.7));
#4526=CARTESIAN_POINT('Ctrl Pts',(0.0183544491782723,0.0623643560450598,
-0.7));
#4527=CARTESIAN_POINT('Ctrl Pts',(0.0207546249643392,0.0616073255724362,
-0.699995040379644));
#4528=CARTESIAN_POINT('Ctrl Pts',(0.0262296444003533,0.0595235645001049,
-0.699991991336354));
#4529=CARTESIAN_POINT('Ctrl Pts',(0.0292552037459801,0.0580962500836323,
-0.699998064648607));
#4530=CARTESIAN_POINT('Ctrl Pts',(0.0324316625637848,0.0562865014422098,
-0.699999907129809));
#4531=CARTESIAN_POINT('Ctrl Pts',(0.032704589288899,0.0561283593887694,
-0.7));
#4532=CARTESIAN_POINT('Ctrl Pts',(0.0329762899707709,0.055968274401937,
-0.7));
#4533=CARTESIAN_POINT('',(0.216721155442713,0.0564642180098899,-0.7));
#4534=CARTESIAN_POINT('Origin',(0.124185025718742,0.302112980872047,-0.7));
#4535=CARTESIAN_POINT('',(0.233741301266087,0.0635680742230176,-0.7));
#4536=CARTESIAN_POINT('Ctrl Pts',(0.216721155442713,0.0564642180098899,
-0.7));
#4537=CARTESIAN_POINT('Ctrl Pts',(0.218838355394105,0.0577271098668424,
-0.7));
#4538=CARTESIAN_POINT('Ctrl Pts',(0.221027089260767,0.0588692865486467,
-0.699995191865046));
#4539=CARTESIAN_POINT('Ctrl Pts',(0.22630679210313,0.0612520347723698,-0.699991944888784));
#4540=CARTESIAN_POINT('Ctrl Pts',(0.229435677421577,0.062384322542355,-0.6999976875288));
#4541=CARTESIAN_POINT('Ctrl Pts',(0.233004574889414,0.0633741725403394,
-0.69999986469369));
#4542=CARTESIAN_POINT('Ctrl Pts',(0.23337256678588,0.0634727571287361,-0.7));
#4543=CARTESIAN_POINT('Ctrl Pts',(0.233741301266086,0.0635680742230175,
-0.7));
#4544=CARTESIAN_POINT('Origin',(0.124185025718742,0.302112980872047,-0.7));
#4545=CARTESIAN_POINT('Origin',(0.124185025718742,0.302112980872047,-0.7));
#4546=CARTESIAN_POINT('',(0.364586905878088,0.45016327002898,-0.7));
#4547=CARTESIAN_POINT('Origin',(0.425623236985397,0.427927044523606,-0.7));
#4548=CARTESIAN_POINT('',(0.366675027407439,0.45522158660293,-0.7));
#4549=CARTESIAN_POINT('Origin',(0.431044156628105,0.473565008424018,-0.7));
#4550=CARTESIAN_POINT('',(0.383031858272054,0.483162151292142,-0.7));
#4551=CARTESIAN_POINT('Origin',(0.412463705699253,0.442000257555798,-0.7));
#4552=CARTESIAN_POINT('',(0.388080728508191,0.490150915443312,-0.7));
#4553=CARTESIAN_POINT('',(0.298202668685586,0.36573960497446,-0.7));
#4554=CARTESIAN_POINT('',(0.409431909694148,0.55764483560442,-0.7));
#4555=CARTESIAN_POINT('Ctrl Pts',(0.409431909694148,0.55764483560442,-0.7));
#4556=CARTESIAN_POINT('Ctrl Pts',(0.40943749633502,0.55719867507467,-0.7));
#4557=CARTESIAN_POINT('Ctrl Pts',(0.40944072757801,0.556753027149162,-0.7));
#4558=CARTESIAN_POINT('Ctrl Pts',(0.409441173618426,0.556307939730493,-0.7));
#4559=CARTESIAN_POINT('Ctrl Pts',(0.409459066778564,0.538453009623813,-0.7));
#4560=CARTESIAN_POINT('Ctrl Pts',(0.405007293307642,0.519816611927084,-0.7));
#4561=CARTESIAN_POINT('Ctrl Pts',(0.396346519563794,0.503448586401303,-0.7));
#4562=CARTESIAN_POINT('Ctrl Pts',(0.393900931653688,0.498826661556933,-0.7));
#4563=CARTESIAN_POINT('Ctrl Pts',(0.391119903409826,0.494385747704137,-0.7));
#4564=CARTESIAN_POINT('Ctrl Pts',(0.388080728508191,0.490150915443312,-0.7));
#4565=CARTESIAN_POINT('',(0.378173355529619,0.588735104792246,-0.7));
#4566=CARTESIAN_POINT('Ctrl Pts',(0.378173355529619,0.588735104792246,-0.7));
#4567=CARTESIAN_POINT('Ctrl Pts',(0.381839062406772,0.58869823313249,-0.7));
#4568=CARTESIAN_POINT('Ctrl Pts',(0.385674160939575,0.588010765244392,-0.7));
#4569=CARTESIAN_POINT('Ctrl Pts',(0.38925048756818,0.586634471420469,-0.7));
#4570=CARTESIAN_POINT('Ctrl Pts',(0.393384068032674,0.58504372710241,-0.7));
#4571=CARTESIAN_POINT('Ctrl Pts',(0.397171814772641,0.582532519959541,-0.7));
#4572=CARTESIAN_POINT('Ctrl Pts',(0.40014933685842,0.579571027797354,-0.7));
#4573=CARTESIAN_POINT('Ctrl Pts',(0.403126858944198,0.576609535635167,-0.7));
#4574=CARTESIAN_POINT('Ctrl Pts',(0.405658476275163,0.5728353999235,-0.7));
#4575=CARTESIAN_POINT('Ctrl Pts',(0.407271511050393,0.568710466741521,-0.7));
#4576=CARTESIAN_POINT('Ctrl Pts',(0.408667090323391,0.565141621643031,-0.7));
#4577=CARTESIAN_POINT('Ctrl Pts',(0.409375250583028,0.561310290033768,-0.7));
#4578=CARTESIAN_POINT('Ctrl Pts',(0.409431909694148,0.55764483560442,-0.7));
#4579=CARTESIAN_POINT('',(0.310795675363214,0.567019893254175,-0.7));
#4580=CARTESIAN_POINT('Ctrl Pts',(0.310795675363214,0.567019893254175,-0.7));
#4581=CARTESIAN_POINT('Ctrl Pts',(0.315014040039293,0.570081884080364,-0.7));
#4582=CARTESIAN_POINT('Ctrl Pts',(0.319439876815795,0.572886844466692,-0.7));
#4583=CARTESIAN_POINT('Ctrl Pts',(0.324048532699471,0.57535734652881,-0.7));
#4584=CARTESIAN_POINT('Ctrl Pts',(0.340369567697567,0.584106350931921,-0.7));
#4585=CARTESIAN_POINT('Ctrl Pts',(0.358981662577184,0.5886586613716,-0.7));
#4586=CARTESIAN_POINT('Ctrl Pts',(0.376836429126396,0.588737151834225,-0.7));
#4587=CARTESIAN_POINT('Ctrl Pts',(0.377281512467907,0.588739108443251,-0.7));
#4588=CARTESIAN_POINT('Ctrl Pts',(0.377727171342996,0.588738282915977,-0.7));
#4589=CARTESIAN_POINT('Ctrl Pts',(0.378173355529619,0.588735104792246,-0.7));
#4590=CARTESIAN_POINT('',(0.303834267532818,0.561933370272715,-0.7));
#4591=CARTESIAN_POINT('',(0.183390647754429,0.473928292147856,-0.7));
#4592=CARTESIAN_POINT('',(0.275982406355834,0.545425950726835,-0.7));
#4593=CARTESIAN_POINT('Origin',(0.261958313864789,0.591123758811697,-0.7));
#4594=CARTESIAN_POINT('Origin',(0.248370051437484,0.604225961744095,-0.7));
#4595=CARTESIAN_POINT('Origin',(0.124185025718742,0.302112980872047,-0.7));
#4596=CARTESIAN_POINT('',(0.187387216912432,0.581843438806387,-0.7));
#4597=CARTESIAN_POINT('Origin',(0.248370051437484,0.604225961744095,-0.7));
#4598=CARTESIAN_POINT('',(0.1791962801736,0.613166427591401,-0.7));
#4599=CARTESIAN_POINT('Origin',(0.229113593257213,0.604872032302176,-0.7));
#4600=CARTESIAN_POINT('',(0.177824568031497,0.62167832049611,-0.7));
#4601=CARTESIAN_POINT('',(0.202243263739875,0.470152853626826,-0.7));
#4602=CARTESIAN_POINT('',(0.145196724399646,0.684501294133824,-0.7));
#4603=CARTESIAN_POINT('Ctrl Pts',(0.145196724399647,0.684501294133825,-0.7));
#4604=CARTESIAN_POINT('Ctrl Pts',(0.145516157887376,0.684189761349386,-0.7));
#4605=CARTESIAN_POINT('Ctrl Pts',(0.145833563391354,0.683876925513067,-0.7));
#4606=CARTESIAN_POINT('Ctrl Pts',(0.146148603121519,0.683562516579309,-0.7));
#4607=CARTESIAN_POINT('Ctrl Pts',(0.158786597652434,0.670949826798134,-0.7));
#4608=CARTESIAN_POINT('Ctrl Pts',(0.168816641631086,0.654624024400292,-0.7));
#4609=CARTESIAN_POINT('Ctrl Pts',(0.174266491630403,0.636925990711781,-0.7));
#4610=CARTESIAN_POINT('Ctrl Pts',(0.175805394234768,0.631928504516968,-0.7));
#4611=CARTESIAN_POINT('Ctrl Pts',(0.176979110604839,0.626821820287086,-0.7));
#4612=CARTESIAN_POINT('Ctrl Pts',(0.177824568031497,0.62167832049611,-0.7));
#4613=CARTESIAN_POINT('',(0.1011094486082,0.684382298685628,-0.7));
#4614=CARTESIAN_POINT('Ctrl Pts',(0.101109448608199,0.684382298685629,-0.7));
#4615=CARTESIAN_POINT('Ctrl Pts',(0.103727566999522,0.686948272675658,-0.7));
#4616=CARTESIAN_POINT('Ctrl Pts',(0.106925504384107,0.689173983649198,-0.7));
#4617=CARTESIAN_POINT('Ctrl Pts',(0.110427535890731,0.69072964176422,-0.7));
#4618=CARTESIAN_POINT('Ctrl Pts',(0.114475244762188,0.692527698446812,-0.7));
#4619=CARTESIAN_POINT('Ctrl Pts',(0.118929277767122,0.693430348252373,-0.7));
#4620=CARTESIAN_POINT('Ctrl Pts',(0.123128795015422,0.693441683120046,-0.7));
#4621=CARTESIAN_POINT('Ctrl Pts',(0.127328312263722,0.693453017987719,-0.7));
#4622=CARTESIAN_POINT('Ctrl Pts',(0.131787153000655,0.692574424814976,-0.7));
#4623=CARTESIAN_POINT('Ctrl Pts',(0.135844509053428,0.690798244417912,-0.7));
#4624=CARTESIAN_POINT('Ctrl Pts',(0.139354887191194,0.689261513415386,-0.7));
#4625=CARTESIAN_POINT('Ctrl Pts',(0.142564792674835,0.687053097775258,-0.7));
#4626=CARTESIAN_POINT('Ctrl Pts',(0.145196724399646,0.684501294133824,-0.7));
#4627=CARTESIAN_POINT('',(0.0688212073953862,0.621384110805874,-0.7));
#4628=CARTESIAN_POINT('Ctrl Pts',(0.0688212073953862,0.621384110805874,
-0.7));
#4629=CARTESIAN_POINT('Ctrl Pts',(0.0696388871862307,0.626532099550977,
-0.7));
#4630=CARTESIAN_POINT('Ctrl Pts',(0.0707850198731879,0.631645045258199,
-0.7));
#4631=CARTESIAN_POINT('Ctrl Pts',(0.0722969229396309,0.63665076584676,-0.7));
#4632=CARTESIAN_POINT('Ctrl Pts',(0.0776511571206971,0.654377960711967,
-0.7));
#4633=CARTESIAN_POINT('Ctrl Pts',(0.0875929260401988,0.670757668795395,
-0.7));
#4634=CARTESIAN_POINT('Ctrl Pts',(0.100162651405268,0.683438396437226,-0.7));
#4635=CARTESIAN_POINT('Ctrl Pts',(0.100475989322734,0.683754501417712,-0.7));
#4636=CARTESIAN_POINT('Ctrl Pts',(0.100791701471339,0.68406904609445,-0.7));
#4637=CARTESIAN_POINT('Ctrl Pts',(0.1011094486082,0.684382298685628,-0.7));
#4638=CARTESIAN_POINT('',(0.0674954636047593,0.612864937229545,-0.7));
#4639=CARTESIAN_POINT('',(0.0445579508297405,0.465469449412654,-0.7));
#4640=CARTESIAN_POINT('',(0.0594737319986305,0.58149818902185,-0.7));
#4641=CARTESIAN_POINT('Origin',(0.0172439711125308,0.603894888104026,-0.7));
#4642=CARTESIAN_POINT('Origin',(-0.0016290379328128,0.603551192138704,-0.7));
#4643=CARTESIAN_POINT('Origin',(0.124185025718742,0.302112980872047,-0.7));
#4644=CARTESIAN_POINT('',(0.403915483653081,0.238910789678356,-0.7));
#4645=CARTESIAN_POINT('Origin',(0.42629800659079,0.177927955153305,-0.7));
#4646=CARTESIAN_POINT('',(0.435238472438095,0.247101726417189,-0.7));
#4647=CARTESIAN_POINT('Origin',(0.426944077149431,0.197184413330324,-0.7));
#4648=CARTESIAN_POINT('',(0.443750365342804,0.248473438559291,-0.7));
#4649=CARTESIAN_POINT('',(0.29222489847352,0.224054742850914,-0.7));
#4650=CARTESIAN_POINT('',(0.50657333898052,0.281101282191141,-0.7));
#4651=CARTESIAN_POINT('Ctrl Pts',(0.50657333898052,0.281101282191141,-0.7));
#4652=CARTESIAN_POINT('Ctrl Pts',(0.50626180619608,0.280781848703412,-0.7));
#4653=CARTESIAN_POINT('Ctrl Pts',(0.505948970359761,0.280464443199434,-0.7));
#4654=CARTESIAN_POINT('Ctrl Pts',(0.505634561426003,0.280149403469269,-0.7));
#4655=CARTESIAN_POINT('Ctrl Pts',(0.493021871644829,0.267511408938354,-0.7));
#4656=CARTESIAN_POINT('Ctrl Pts',(0.476696069246986,0.257481364959702,-0.7));
#4657=CARTESIAN_POINT('Ctrl Pts',(0.458998035558475,0.252031514960386,-0.7));
#4658=CARTESIAN_POINT('Ctrl Pts',(0.454000549363662,0.250492612356021,-0.7));
#4659=CARTESIAN_POINT('Ctrl Pts',(0.44889386513378,0.24931889598595,-0.7));
#4660=CARTESIAN_POINT('Ctrl Pts',(0.443750365342804,0.248473438559291,-0.7));
#4661=CARTESIAN_POINT('',(0.506454343532322,0.325188557982594,-0.7));
#4662=CARTESIAN_POINT('Ctrl Pts',(0.506454343532322,0.325188557982594,-0.7));
#4663=CARTESIAN_POINT('Ctrl Pts',(0.509020317522352,0.322570439591269,-0.7));
#4664=CARTESIAN_POINT('Ctrl Pts',(0.511246028495893,0.319372502206684,-0.7));
#4665=CARTESIAN_POINT('Ctrl Pts',(0.512801686610916,0.315870470700058,-0.7));
#4666=CARTESIAN_POINT('Ctrl Pts',(0.514599743293508,0.311822761828601,-0.7));
#4667=CARTESIAN_POINT('Ctrl Pts',(0.515502393099069,0.307368728823666,-0.7));
#4668=CARTESIAN_POINT('Ctrl Pts',(0.515513727966742,0.303169211575366,-0.7));
#4669=CARTESIAN_POINT('Ctrl Pts',(0.515525062834415,0.298969694327066,-0.7));
#4670=CARTESIAN_POINT('Ctrl Pts',(0.514646469661672,0.294510853590133,-0.7));
#4671=CARTESIAN_POINT('Ctrl Pts',(0.512870289264608,0.29045349753736,-0.7));
#4672=CARTESIAN_POINT('Ctrl Pts',(0.511333558262081,0.286943119399593,-0.7));
#4673=CARTESIAN_POINT('Ctrl Pts',(0.509125142621953,0.283733213915952,-0.7));
#4674=CARTESIAN_POINT('Ctrl Pts',(0.50657333898052,0.281101282191141,-0.7));
#4675=CARTESIAN_POINT('',(0.443456155652568,0.357476799195407,-0.7));
#4676=CARTESIAN_POINT('Ctrl Pts',(0.443456155652568,0.357476799195407,-0.7));
#4677=CARTESIAN_POINT('Ctrl Pts',(0.448604144397671,0.356659119404562,-0.7));
#4678=CARTESIAN_POINT('Ctrl Pts',(0.453717090104892,0.355512986717605,-0.7));
#4679=CARTESIAN_POINT('Ctrl Pts',(0.458722810693453,0.354001083651162,-0.7));
#4680=CARTESIAN_POINT('Ctrl Pts',(0.476450005558661,0.348646849470096,-0.7));
#4681=CARTESIAN_POINT('Ctrl Pts',(0.492829713642088,0.338705080550595,-0.7));
#4682=CARTESIAN_POINT('Ctrl Pts',(0.50551044128392,0.326135355185525,-0.7));
#4683=CARTESIAN_POINT('Ctrl Pts',(0.505826546264406,0.32582201726806,-0.7));
#4684=CARTESIAN_POINT('Ctrl Pts',(0.506141090941143,0.325506305119454,-0.7));
#4685=CARTESIAN_POINT('Ctrl Pts',(0.506454343532322,0.325188557982594,-0.7));
#4686=CARTESIAN_POINT('',(0.434936982076238,0.358802542986033,-0.7));
#4687=CARTESIAN_POINT('',(0.287541494259347,0.38174005576105,-0.7));
#4688=CARTESIAN_POINT('',(0.403570233868543,0.366824274592162,-0.7));
#4689=CARTESIAN_POINT('Origin',(0.425966932950805,0.409054035478453,-0.7));
#4690=CARTESIAN_POINT('Origin',(0.425623236985397,0.427927044523606,-0.7));
#4691=CARTESIAN_POINT('Origin',(0.124185025718742,0.302112980872047,-0.7));
#4692=CARTESIAN_POINT('',(-0.0289235800121377,0.544602982560746,-0.7));
#4693=CARTESIAN_POINT('Origin',(-0.0016290379328128,0.603551192138704,-0.7));
#4694=CARTESIAN_POINT('',(-0.0568641447013497,0.560959813425362,-0.7));
#4695=CARTESIAN_POINT('Origin',(-0.015702250967607,0.590391660849006,-0.7));
#4696=CARTESIAN_POINT('',(-0.0638529088525195,0.566008683661498,-0.7));
#4697=CARTESIAN_POINT('',(0.0605584016163321,0.476130623838893,-0.7));
#4698=CARTESIAN_POINT('',(-0.131346829013591,0.587359864847457,-0.7));
#4699=CARTESIAN_POINT('Ctrl Pts',(-0.131346829013627,0.587359864847456,
-0.7));
#4700=CARTESIAN_POINT('Ctrl Pts',(-0.130900668483877,0.587365451488328,
-0.7));
#4701=CARTESIAN_POINT('Ctrl Pts',(-0.130455020558369,0.587368682731318,
-0.7));
#4702=CARTESIAN_POINT('Ctrl Pts',(-0.1300099331397,0.587369128771734,-0.7));
#4703=CARTESIAN_POINT('Ctrl Pts',(-0.11215500303302,0.587387021931872,-0.7));
#4704=CARTESIAN_POINT('Ctrl Pts',(-0.0935186053362909,0.58293524846095,
-0.7));
#4705=CARTESIAN_POINT('Ctrl Pts',(-0.0771505798105101,0.574274474717102,
-0.7));
#4706=CARTESIAN_POINT('Ctrl Pts',(-0.0725286549661401,0.571828886806996,
-0.7));
#4707=CARTESIAN_POINT('Ctrl Pts',(-0.0680877411133446,0.569047858563134,
-0.7));
#4708=CARTESIAN_POINT('Ctrl Pts',(-0.0638529088525195,0.566008683661498,
-0.7));
#4709=CARTESIAN_POINT('',(-0.162437098201454,0.556101310682928,-0.7));
#4710=CARTESIAN_POINT('Ctrl Pts',(-0.162437098201454,0.556101310682928,
-0.7));
#4711=CARTESIAN_POINT('Ctrl Pts',(-0.162400226541698,0.559767017560081,
-0.7));
#4712=CARTESIAN_POINT('Ctrl Pts',(-0.1617127586536,0.563602116092884,-0.7));
#4713=CARTESIAN_POINT('Ctrl Pts',(-0.160336464829677,0.567178442721488,
-0.7));
#4714=CARTESIAN_POINT('Ctrl Pts',(-0.158745720511618,0.571312023185983,
-0.7));
#4715=CARTESIAN_POINT('Ctrl Pts',(-0.156234513368749,0.57509976992595,-0.7));
#4716=CARTESIAN_POINT('Ctrl Pts',(-0.153273021206562,0.578077292011729,
-0.7));
#4717=CARTESIAN_POINT('Ctrl Pts',(-0.150311529044375,0.581054814097507,
-0.7));
#4718=CARTESIAN_POINT('Ctrl Pts',(-0.146537393332707,0.583586431428472,
-0.7));
#4719=CARTESIAN_POINT('Ctrl Pts',(-0.142412460150729,0.585199466203701,
-0.7));
#4720=CARTESIAN_POINT('Ctrl Pts',(-0.138843615052227,0.586595045476704,
-0.7));
#4721=CARTESIAN_POINT('Ctrl Pts',(-0.13501228344295,0.587303205736341,-0.7));
#4722=CARTESIAN_POINT('Ctrl Pts',(-0.131346829013591,0.587359864847457,
-0.7));
#4723=CARTESIAN_POINT('',(-0.140721886663384,0.488723630516523,-0.7));
#4724=CARTESIAN_POINT('Ctrl Pts',(-0.140721886663384,0.488723630516523,
-0.7));
#4725=CARTESIAN_POINT('Ctrl Pts',(-0.143783877489572,0.492941995192602,
-0.7));
#4726=CARTESIAN_POINT('Ctrl Pts',(-0.1465888378759,0.497367831969104,-0.7));
#4727=CARTESIAN_POINT('Ctrl Pts',(-0.149059339938018,0.501976487852779,
-0.7));
#4728=CARTESIAN_POINT('Ctrl Pts',(-0.157808344341129,0.518297522850875,
-0.7));
#4729=CARTESIAN_POINT('Ctrl Pts',(-0.162360654780808,0.536909617730493,
-0.7));
#4730=CARTESIAN_POINT('Ctrl Pts',(-0.162439145243433,0.554764384279705,
-0.7));
#4731=CARTESIAN_POINT('Ctrl Pts',(-0.162441101852459,0.555209467621216,
-0.7));
#4732=CARTESIAN_POINT('Ctrl Pts',(-0.162440276325184,0.555655126496305,
-0.7));
#4733=CARTESIAN_POINT('Ctrl Pts',(-0.162437098201454,0.556101310682928,
-0.7));
#4734=CARTESIAN_POINT('',(-0.135635363681924,0.481762222686127,-0.7));
#4735=CARTESIAN_POINT('',(-0.0476302855570669,0.361318602907736,-0.7));
#4736=CARTESIAN_POINT('',(-0.119127944136044,0.453910361509142,-0.7));
#4737=CARTESIAN_POINT('Origin',(-0.164825752222802,0.439886269016597,-0.7));
#4738=CARTESIAN_POINT('',(-0.114399830249591,0.43986490697316,-0.7));
#4739=CARTESIAN_POINT('Origin',(-0.18378206073658,0.425868767582159,-0.7));
#4740=CARTESIAN_POINT('Origin',(-0.177927955153305,0.426298006590793,-0.7));
#4741=CARTESIAN_POINT('Origin',(0.124185025718742,0.302112980872047,-0.7));
#4742=CARTESIAN_POINT('',(0.277293631449623,0.0596229791833503,-0.7));
#4743=CARTESIAN_POINT('Origin',(0.249999089370299,0.000674769605392313,
-0.7));
#4744=CARTESIAN_POINT('',(0.305234196138835,0.0432661483187347,-0.7));
#4745=CARTESIAN_POINT('Origin',(0.264072302403289,0.0138343008927377,-0.7));
#4746=CARTESIAN_POINT('',(0.312222960290005,0.0382172780825983,-0.7));
#4747=CARTESIAN_POINT('',(0.187811649821153,0.128095337905203,-0.7));
#4748=CARTESIAN_POINT('',(0.379716880451113,0.016866096896641,-0.7));
#4749=CARTESIAN_POINT('Ctrl Pts',(0.379716880451113,0.0168660968966409,
-0.7));
#4750=CARTESIAN_POINT('Ctrl Pts',(0.379270719921363,0.016860510255769,-0.7));
#4751=CARTESIAN_POINT('Ctrl Pts',(0.378825071995855,0.016857279012779,-0.7));
#4752=CARTESIAN_POINT('Ctrl Pts',(0.378379984577186,0.0168568329723627,
-0.7));
#4753=CARTESIAN_POINT('Ctrl Pts',(0.360525054470506,0.0168389398122247,
-0.7));
#4754=CARTESIAN_POINT('Ctrl Pts',(0.341888656773777,0.0212907132831466,
-0.7));
#4755=CARTESIAN_POINT('Ctrl Pts',(0.325520631247996,0.0299514870269945,
-0.7));
#4756=CARTESIAN_POINT('Ctrl Pts',(0.320898706403626,0.0323970749371007,
-0.7));
#4757=CARTESIAN_POINT('Ctrl Pts',(0.31645779255083,0.0351781031809626,-0.7));
#4758=CARTESIAN_POINT('Ctrl Pts',(0.312222960290005,0.0382172780825983,
-0.7));
#4759=CARTESIAN_POINT('',(0.41080714963894,0.0481246510611692,-0.7));
#4760=CARTESIAN_POINT('Ctrl Pts',(0.41080714963894,0.0481246510611692,-0.7));
#4761=CARTESIAN_POINT('Ctrl Pts',(0.410770277979183,0.0444589441840162,
-0.7));
#4762=CARTESIAN_POINT('Ctrl Pts',(0.410082810091085,0.0406238456512137,
-0.7));
#4763=CARTESIAN_POINT('Ctrl Pts',(0.408706516267162,0.037047519022609,-0.7));
#4764=CARTESIAN_POINT('Ctrl Pts',(0.407115771949104,0.0329139385581143,
-0.7));
#4765=CARTESIAN_POINT('Ctrl Pts',(0.404604564806235,0.0291261918181475,
-0.7));
#4766=CARTESIAN_POINT('Ctrl Pts',(0.401643072644047,0.0261486697323688,
-0.7));
#4767=CARTESIAN_POINT('Ctrl Pts',(0.39868158048186,0.0231711476465902,-0.7));
#4768=CARTESIAN_POINT('Ctrl Pts',(0.394907444770193,0.0206395303156252,
-0.7));
#4769=CARTESIAN_POINT('Ctrl Pts',(0.390782511588214,0.019026495540396,-0.7));
#4770=CARTESIAN_POINT('Ctrl Pts',(0.387213666489724,0.0176309162673981,
-0.7));
#4771=CARTESIAN_POINT('Ctrl Pts',(0.383382334880461,0.0169227560077607,
-0.7));
#4772=CARTESIAN_POINT('Ctrl Pts',(0.379716880451113,0.016866096896641,-0.7));
#4773=CARTESIAN_POINT('',(0.389091938100869,0.115502331227575,-0.7));
#4774=CARTESIAN_POINT('Ctrl Pts',(0.389091938100868,0.115502331227575,-0.7));
#4775=CARTESIAN_POINT('Ctrl Pts',(0.392153928927057,0.111283966551495,-0.7));
#4776=CARTESIAN_POINT('Ctrl Pts',(0.394958889313385,0.106858129774993,-0.7));
#4777=CARTESIAN_POINT('Ctrl Pts',(0.397429391375504,0.102249473891318,-0.7));
#4778=CARTESIAN_POINT('Ctrl Pts',(0.406178395778615,0.0859284388932217,
-0.7));
#4779=CARTESIAN_POINT('Ctrl Pts',(0.410730706218293,0.0673163440136048,
-0.7));
#4780=CARTESIAN_POINT('Ctrl Pts',(0.410809196680919,0.0494615774643926,
-0.7));
#4781=CARTESIAN_POINT('Ctrl Pts',(0.410811153289945,0.0490164941228817,
-0.7));
#4782=CARTESIAN_POINT('Ctrl Pts',(0.41081032776267,0.0485708352477926,-0.7));
#4783=CARTESIAN_POINT('Ctrl Pts',(0.410807149638939,0.0481246510611692,
-0.7));
#4784=CARTESIAN_POINT('',(0.384005415119409,0.122463739057971,-0.7));
#4785=CARTESIAN_POINT('',(0.296000336994553,0.242907358836361,-0.7));
#4786=CARTESIAN_POINT('',(0.367497995573529,0.150315600234955,-0.7));
#4787=CARTESIAN_POINT('Origin',(0.413195803657168,0.164339692725192,-0.7));
#4788=CARTESIAN_POINT('Origin',(0.42629800659079,0.177927955153305,-0.7));
#4789=CARTESIAN_POINT('Origin',(0.124185025718742,0.302112980872047,-0.7));
#4790=CARTESIAN_POINT('',(-0.155545432215597,0.365315172065741,-0.7));
#4791=CARTESIAN_POINT('Origin',(-0.177927955153305,0.426298006590793,-0.7));
#4792=CARTESIAN_POINT('',(-0.186868421000611,0.357124235326909,-0.7));
#4793=CARTESIAN_POINT('Origin',(-0.178574025711754,0.407041548412972,-0.7));
#4794=CARTESIAN_POINT('',(-0.19538031390532,0.355752523184806,-0.7));
#4795=CARTESIAN_POINT('',(-0.0438548470360355,0.380171218893181,-0.7));
#4796=CARTESIAN_POINT('',(-0.258203287543011,0.323124679552983,-0.7));
#4797=CARTESIAN_POINT('Ctrl Pts',(-0.258203287543036,0.323124679552957,
-0.7));
#4798=CARTESIAN_POINT('Ctrl Pts',(-0.257891754758596,0.323444113040686,
-0.7));
#4799=CARTESIAN_POINT('Ctrl Pts',(-0.257578918922278,0.323761518544664,
-0.7));
#4800=CARTESIAN_POINT('Ctrl Pts',(-0.257264509988519,0.324076558274829,
-0.7));
#4801=CARTESIAN_POINT('Ctrl Pts',(-0.244651820207344,0.336714552805744,
-0.7));
#4802=CARTESIAN_POINT('Ctrl Pts',(-0.228326017809502,0.346744596784395,
-0.7));
#4803=CARTESIAN_POINT('Ctrl Pts',(-0.210627984120991,0.352194446783712,
-0.7));
#4804=CARTESIAN_POINT('Ctrl Pts',(-0.205630497926178,0.353733349388077,
-0.7));
#4805=CARTESIAN_POINT('Ctrl Pts',(-0.200523813696295,0.354907065758148,
-0.7));
#4806=CARTESIAN_POINT('Ctrl Pts',(-0.19538031390532,0.355752523184806,-0.7));
#4807=CARTESIAN_POINT('',(-0.258084292094838,0.279037403761504,-0.7));
#4808=CARTESIAN_POINT('Ctrl Pts',(-0.258084292094839,0.279037403761504,
-0.7));
#4809=CARTESIAN_POINT('Ctrl Pts',(-0.260650266084868,0.281655522152829,
-0.7));
#4810=CARTESIAN_POINT('Ctrl Pts',(-0.262875977058409,0.284853459537414,
-0.7));
#4811=CARTESIAN_POINT('Ctrl Pts',(-0.264431635173433,0.28835549104404,-0.7));
#4812=CARTESIAN_POINT('Ctrl Pts',(-0.266229691856024,0.292403199915497,
-0.7));
#4813=CARTESIAN_POINT('Ctrl Pts',(-0.267132341661585,0.296857232920432,
-0.7));
#4814=CARTESIAN_POINT('Ctrl Pts',(-0.267143676529258,0.301056750168732,
-0.7));
#4815=CARTESIAN_POINT('Ctrl Pts',(-0.267155011396932,0.305256267417032,
-0.7));
#4816=CARTESIAN_POINT('Ctrl Pts',(-0.266276418224188,0.309715108153965,
-0.7));
#4817=CARTESIAN_POINT('Ctrl Pts',(-0.264500237827124,0.313772464206738,
-0.7));
#4818=CARTESIAN_POINT('Ctrl Pts',(-0.262963506824592,0.317282842344516,
-0.7));
#4819=CARTESIAN_POINT('Ctrl Pts',(-0.260755091184455,0.320492747828167,
-0.7));
#4820=CARTESIAN_POINT('Ctrl Pts',(-0.258203287543011,0.323124679552983,
-0.7));
#4821=CARTESIAN_POINT('',(-0.195086104215085,0.246749162548691,-0.7));
#4822=CARTESIAN_POINT('Ctrl Pts',(-0.195086104215085,0.246749162548691,
-0.7));
#4823=CARTESIAN_POINT('Ctrl Pts',(-0.200234092960187,0.247566842339535,
-0.7));
#4824=CARTESIAN_POINT('Ctrl Pts',(-0.205347038667409,0.248712975026493,
-0.7));
#4825=CARTESIAN_POINT('Ctrl Pts',(-0.21035275925597,0.250224878092936,-0.7));
#4826=CARTESIAN_POINT('Ctrl Pts',(-0.228079954121178,0.255579112274002,
-0.7));
#4827=CARTESIAN_POINT('Ctrl Pts',(-0.244459662204605,0.265520881193503,
-0.7));
#4828=CARTESIAN_POINT('Ctrl Pts',(-0.257140389846437,0.278090606558573,
-0.7));
#4829=CARTESIAN_POINT('Ctrl Pts',(-0.257456494826923,0.278403944476038,
-0.7));
#4830=CARTESIAN_POINT('Ctrl Pts',(-0.25777103950366,0.278719656624644,-0.7));
#4831=CARTESIAN_POINT('Ctrl Pts',(-0.258084292094838,0.279037403761504,
-0.7));
#4832=CARTESIAN_POINT('',(-0.186566930638755,0.245423418758064,-0.7));
#4833=CARTESIAN_POINT('',(-0.0391714428218635,0.222485905983047,-0.7));
#4834=CARTESIAN_POINT('',(-0.15520018243106,0.237401687151935,-0.7));
#4835=CARTESIAN_POINT('Origin',(-0.177596881513056,0.195171926267535,-0.7));
#4836=CARTESIAN_POINT('Origin',(-0.177253185547914,0.176298917220492,-0.7));
#4837=CARTESIAN_POINT('Origin',(0.124185025718742,0.302112980872047,-0.7));
#4838=CARTESIAN_POINT('',(0.0609828345250516,0.0223825229377084,-0.7));
#4839=CARTESIAN_POINT('Origin',(-2.73184799366426E-17,-3.16894367265055E-16,
-0.7));
#4840=CARTESIAN_POINT('',(0.069173771263884,-0.00894046584730598,-0.7));
#4841=CARTESIAN_POINT('Origin',(0.019256458177774,-0.000646070558475534,
-0.7));
#4842=CARTESIAN_POINT('',(0.0705454834059867,-0.0174523587520144,-0.7));
#4843=CARTESIAN_POINT('',(0.0461267876976097,0.134073108117269,-0.7));
#4844=CARTESIAN_POINT('',(0.103173327037836,-0.0802753323897307,-0.7));
#4845=CARTESIAN_POINT('Ctrl Pts',(0.103173327037837,-0.0802753323897301,
-0.7));
#4846=CARTESIAN_POINT('Ctrl Pts',(0.102853893550108,-0.0799637996052906,
-0.7));
#4847=CARTESIAN_POINT('Ctrl Pts',(0.10253648804613,-0.0796509637689721,
-0.7));
#4848=CARTESIAN_POINT('Ctrl Pts',(0.102221448315965,-0.0793365548352135,
-0.7));
#4849=CARTESIAN_POINT('Ctrl Pts',(0.0895834537850495,-0.0667238650540391,
-0.7));
#4850=CARTESIAN_POINT('Ctrl Pts',(0.0795534098063979,-0.0503980626561971,
-0.7));
#4851=CARTESIAN_POINT('Ctrl Pts',(0.0741035598070809,-0.0327000289676857,
-0.7));
#4852=CARTESIAN_POINT('Ctrl Pts',(0.0725646572027162,-0.0277025427728731,
-0.7));
#4853=CARTESIAN_POINT('Ctrl Pts',(0.0713909408326452,-0.0225958585429901,
-0.7));
#4854=CARTESIAN_POINT('Ctrl Pts',(0.0705454834059867,-0.0174523587520144,
-0.7));
#4855=CARTESIAN_POINT('',(0.147260602829286,-0.0801563369415326,-0.7));
#4856=CARTESIAN_POINT('Ctrl Pts',(0.147260602829286,-0.080156336941532,
-0.7));
#4857=CARTESIAN_POINT('Ctrl Pts',(0.144642484437962,-0.0827223109315618,
-0.7));
#4858=CARTESIAN_POINT('Ctrl Pts',(0.141444547053376,-0.0849480219051027,
-0.7));
#4859=CARTESIAN_POINT('Ctrl Pts',(0.137942515546751,-0.0865036800201258,
-0.7));
#4860=CARTESIAN_POINT('Ctrl Pts',(0.133894806675293,-0.0883017367027171,
-0.7));
#4861=CARTESIAN_POINT('Ctrl Pts',(0.129440773670359,-0.0892043865082782,
-0.7));
#4862=CARTESIAN_POINT('Ctrl Pts',(0.125241256422059,-0.0892157213759515,
-0.7));
#4863=CARTESIAN_POINT('Ctrl Pts',(0.121041739173759,-0.0892270562436249,
-0.7));
#4864=CARTESIAN_POINT('Ctrl Pts',(0.116582898436826,-0.0883484630708814,
-0.7));
#4865=CARTESIAN_POINT('Ctrl Pts',(0.112525542384053,-0.0865722826738173,
-0.7));
#4866=CARTESIAN_POINT('Ctrl Pts',(0.109015164246287,-0.0850355516712912,
-0.7));
#4867=CARTESIAN_POINT('Ctrl Pts',(0.105805258762647,-0.0828271360311636,
-0.7));
#4868=CARTESIAN_POINT('Ctrl Pts',(0.103173327037836,-0.0802753323897307,
-0.7));
#4869=CARTESIAN_POINT('',(0.1795488440421,-0.0171581490617786,-0.7));
#4870=CARTESIAN_POINT('Ctrl Pts',(0.1795488440421,-0.0171581490617786,-0.7));
#4871=CARTESIAN_POINT('Ctrl Pts',(0.178731164251255,-0.0223061378068813,
-0.7));
#4872=CARTESIAN_POINT('Ctrl Pts',(0.177585031564298,-0.027419083514103,
-0.7));
#4873=CARTESIAN_POINT('Ctrl Pts',(0.176073128497855,-0.032424804102664,
-0.7));
#4874=CARTESIAN_POINT('Ctrl Pts',(0.170718894316789,-0.0501519989678716,
-0.7));
#4875=CARTESIAN_POINT('Ctrl Pts',(0.160777125397287,-0.0665317070512991,
-0.7));
#4876=CARTESIAN_POINT('Ctrl Pts',(0.148207400032218,-0.0792124346931309,
-0.7));
#4877=CARTESIAN_POINT('Ctrl Pts',(0.147894062114753,-0.0795285396736166,
-0.7));
#4878=CARTESIAN_POINT('Ctrl Pts',(0.147578349966147,-0.079843084350354,
-0.7));
#4879=CARTESIAN_POINT('Ctrl Pts',(0.147260602829286,-0.0801563369415326,
-0.7));
#4880=CARTESIAN_POINT('',(0.180874587832727,-0.00863897548544894,-0.7));
#4881=CARTESIAN_POINT('',(0.203812100607743,0.138756512331443,-0.7));
#4882=CARTESIAN_POINT('',(0.188896319438855,0.022727772722246,-0.7));
#4883=CARTESIAN_POINT('Origin',(0.231126080324565,0.000331073640079131,
-0.7));
#4884=CARTESIAN_POINT('',(0.190969255516885,0.0277923313506022,-0.7));
#4885=CARTESIAN_POINT('Origin',(0.255351431599852,-0.00151595699563848,
-0.7));
#4886=CARTESIAN_POINT('Origin',(0.249999089370299,0.000674769605392313,
-0.7));
#4887=CARTESIAN_POINT('Origin',(0.124185025718742,0.302112980872047,-0.2));
#4888=CARTESIAN_POINT('',(-0.114399830249591,0.43986490697316,-0.2));
#4889=CARTESIAN_POINT('Origin',(-0.177927955153305,0.426298006590793,-0.2));
#4890=CARTESIAN_POINT('',(-0.119127944136044,0.453910361509142,-0.2));
#4891=CARTESIAN_POINT('Origin',(-0.18378206073658,0.425868767582159,-0.2));
#4892=CARTESIAN_POINT('',(-0.135635363681924,0.481762222686127,-0.2));
#4893=CARTESIAN_POINT('Origin',(-0.164825752222802,0.439886269016597,-0.2));
#4894=CARTESIAN_POINT('',(-0.140721886663384,0.488723630516523,-0.2));
#4895=CARTESIAN_POINT('',(-0.0476302855570669,0.361318602907736,-0.2));
#4896=CARTESIAN_POINT('',(-0.162437098201454,0.556101310682928,-0.2));
#4897=CARTESIAN_POINT('Ctrl Pts',(-0.162437098201454,0.556101310682928,
-0.2));
#4898=CARTESIAN_POINT('Ctrl Pts',(-0.162440276325184,0.555655126496305,
-0.2));
#4899=CARTESIAN_POINT('Ctrl Pts',(-0.162441101852459,0.555209467621216,
-0.2));
#4900=CARTESIAN_POINT('Ctrl Pts',(-0.162439145243433,0.554764384279705,
-0.2));
#4901=CARTESIAN_POINT('Ctrl Pts',(-0.162360654780808,0.536909617730493,
-0.2));
#4902=CARTESIAN_POINT('Ctrl Pts',(-0.157808344341129,0.518297522850875,
-0.2));
#4903=CARTESIAN_POINT('Ctrl Pts',(-0.149059339938018,0.501976487852779,
-0.2));
#4904=CARTESIAN_POINT('Ctrl Pts',(-0.1465888378759,0.497367831969104,-0.2));
#4905=CARTESIAN_POINT('Ctrl Pts',(-0.143783877489572,0.492941995192602,
-0.2));
#4906=CARTESIAN_POINT('Ctrl Pts',(-0.140721886663384,0.488723630516523,
-0.2));
#4907=CARTESIAN_POINT('',(-0.131346829013591,0.587359864847457,-0.2));
#4908=CARTESIAN_POINT('Ctrl Pts',(-0.131346829013591,0.587359864847457,
-0.2));
#4909=CARTESIAN_POINT('Ctrl Pts',(-0.13501228344295,0.587303205736341,-0.2));
#4910=CARTESIAN_POINT('Ctrl Pts',(-0.138843615052227,0.586595045476704,
-0.2));
#4911=CARTESIAN_POINT('Ctrl Pts',(-0.142412460150729,0.585199466203701,
-0.2));
#4912=CARTESIAN_POINT('Ctrl Pts',(-0.146537393332707,0.583586431428472,
-0.2));
#4913=CARTESIAN_POINT('Ctrl Pts',(-0.150311529044375,0.581054814097507,
-0.2));
#4914=CARTESIAN_POINT('Ctrl Pts',(-0.153273021206562,0.578077292011729,
-0.2));
#4915=CARTESIAN_POINT('Ctrl Pts',(-0.156234513368749,0.57509976992595,-0.2));
#4916=CARTESIAN_POINT('Ctrl Pts',(-0.158745720511618,0.571312023185983,
-0.2));
#4917=CARTESIAN_POINT('Ctrl Pts',(-0.160336464829677,0.567178442721488,
-0.2));
#4918=CARTESIAN_POINT('Ctrl Pts',(-0.1617127586536,0.563602116092884,-0.2));
#4919=CARTESIAN_POINT('Ctrl Pts',(-0.162400226541698,0.559767017560081,
-0.2));
#4920=CARTESIAN_POINT('Ctrl Pts',(-0.162437098201454,0.556101310682928,
-0.2));
#4921=CARTESIAN_POINT('',(-0.0638529088525195,0.566008683661498,-0.2));
#4922=CARTESIAN_POINT('Ctrl Pts',(-0.0638529088525195,0.566008683661498,
-0.2));
#4923=CARTESIAN_POINT('Ctrl Pts',(-0.0680877411133446,0.569047858563134,
-0.2));
#4924=CARTESIAN_POINT('Ctrl Pts',(-0.0725286549661401,0.571828886806996,
-0.2));
#4925=CARTESIAN_POINT('Ctrl Pts',(-0.0771505798105101,0.574274474717102,
-0.2));
#4926=CARTESIAN_POINT('Ctrl Pts',(-0.0935186053362909,0.58293524846095,
-0.2));
#4927=CARTESIAN_POINT('Ctrl Pts',(-0.11215500303302,0.587387021931872,-0.2));
#4928=CARTESIAN_POINT('Ctrl Pts',(-0.1300099331397,0.587369128771734,-0.2));
#4929=CARTESIAN_POINT('Ctrl Pts',(-0.130455020558369,0.587368682731318,
-0.2));
#4930=CARTESIAN_POINT('Ctrl Pts',(-0.130900668483877,0.587365451488328,
-0.2));
#4931=CARTESIAN_POINT('Ctrl Pts',(-0.131346829013627,0.587359864847456,
-0.2));
#4932=CARTESIAN_POINT('',(-0.0568641447013497,0.560959813425362,-0.2));
#4933=CARTESIAN_POINT('',(0.0605584016163321,0.476130623838893,-0.2));
#4934=CARTESIAN_POINT('',(-0.0289235800121377,0.544602982560746,-0.2));
#4935=CARTESIAN_POINT('Origin',(-0.015702250967607,0.590391660849006,-0.2));
#4936=CARTESIAN_POINT('Origin',(-0.0016290379328128,0.603551192138704,-0.2));
#4937=CARTESIAN_POINT('Origin',(0.124185025718742,0.302112980872047,-0.7));
#4938=CARTESIAN_POINT('',(-0.118304975969956,0.149004375141167,-0.7));
#4939=CARTESIAN_POINT('Origin',(-0.177253185547914,0.176298917220492,-0.7));
#4940=CARTESIAN_POINT('',(-0.134661806834572,0.121063810451955,-0.7));
#4941=CARTESIAN_POINT('Origin',(-0.164093654260925,0.162225704187713,-0.7));
#4942=CARTESIAN_POINT('',(-0.139710677070708,0.114075046300786,-0.7));
#4943=CARTESIAN_POINT('',(-0.0498326172481026,0.238486356769637,-0.7));
#4944=CARTESIAN_POINT('',(-0.161061858256665,0.0465811261396777,-0.7));
#4945=CARTESIAN_POINT('Ctrl Pts',(-0.161061858256666,0.0465811261396777,
-0.7));
#4946=CARTESIAN_POINT('Ctrl Pts',(-0.161067444897538,0.047027286669428,
-0.7));
#4947=CARTESIAN_POINT('Ctrl Pts',(-0.161070676140528,0.0474729345949361,
-0.7));
#4948=CARTESIAN_POINT('Ctrl Pts',(-0.161071122180944,0.047918022013605,
-0.7));
#4949=CARTESIAN_POINT('Ctrl Pts',(-0.161089015341082,0.0657729521202845,
-0.7));
#4950=CARTESIAN_POINT('Ctrl Pts',(-0.15663724187016,0.084409349817014,-0.7));
#4951=CARTESIAN_POINT('Ctrl Pts',(-0.147976468126312,0.100777375342795,
-0.7));
#4952=CARTESIAN_POINT('Ctrl Pts',(-0.145530880216206,0.105399300187165,
-0.7));
#4953=CARTESIAN_POINT('Ctrl Pts',(-0.142749851972344,0.10984021403996,-0.7));
#4954=CARTESIAN_POINT('Ctrl Pts',(-0.139710677070708,0.114075046300785,
-0.7));
#4955=CARTESIAN_POINT('',(-0.129803304092136,0.0154908569518491,-0.7));
#4956=CARTESIAN_POINT('Ctrl Pts',(-0.129803304092136,0.0154908569518482,
-0.7));
#4957=CARTESIAN_POINT('Ctrl Pts',(-0.133469010969289,0.0155277286116043,
-0.7));
#4958=CARTESIAN_POINT('Ctrl Pts',(-0.137304109502091,0.0162151964997025,
-0.7));
#4959=CARTESIAN_POINT('Ctrl Pts',(-0.140880436130696,0.0175914903236258,
-0.7));
#4960=CARTESIAN_POINT('Ctrl Pts',(-0.145014016595191,0.0191822346416843,
-0.7));
#4961=CARTESIAN_POINT('Ctrl Pts',(-0.148801763335158,0.0216934417845531,
-0.7));
#4962=CARTESIAN_POINT('Ctrl Pts',(-0.151779285420937,0.0246549339467404,
-0.7));
#4963=CARTESIAN_POINT('Ctrl Pts',(-0.154756807506715,0.0276164261089277,
-0.7));
#4964=CARTESIAN_POINT('Ctrl Pts',(-0.15728842483768,0.0313905618205952,
-0.7));
#4965=CARTESIAN_POINT('Ctrl Pts',(-0.15890145961291,0.035515495002574,-0.7));
#4966=CARTESIAN_POINT('Ctrl Pts',(-0.160297038885908,0.0390843401010647,
-0.7));
#4967=CARTESIAN_POINT('Ctrl Pts',(-0.161005199145545,0.0429156717103288,
-0.7));
#4968=CARTESIAN_POINT('Ctrl Pts',(-0.161061858256665,0.0465811261396777,
-0.7));
#4969=CARTESIAN_POINT('',(-0.0624256239257302,0.0372060684899204,-0.7));
#4970=CARTESIAN_POINT('Ctrl Pts',(-0.0624256239257302,0.0372060684899204,
-0.7));
#4971=CARTESIAN_POINT('Ctrl Pts',(-0.0666439886018096,0.0341440776637316,
-0.7));
#4972=CARTESIAN_POINT('Ctrl Pts',(-0.0710698253783117,0.0313391172774034,
-0.7));
#4973=CARTESIAN_POINT('Ctrl Pts',(-0.0756784812619869,0.0288686152152854,
-0.7));
#4974=CARTESIAN_POINT('Ctrl Pts',(-0.091999516260083,0.0201196108121742,
-0.7));
#4975=CARTESIAN_POINT('Ctrl Pts',(-0.1106116111397,0.0155673003724957,-0.7));
#4976=CARTESIAN_POINT('Ctrl Pts',(-0.128466377688912,0.0154888099098699,
-0.7));
#4977=CARTESIAN_POINT('Ctrl Pts',(-0.128911461030423,0.0154868533008442,
-0.7));
#4978=CARTESIAN_POINT('Ctrl Pts',(-0.129357119905512,0.0154876788281189,
-0.7));
#4979=CARTESIAN_POINT('Ctrl Pts',(-0.129803304092136,0.0154908569518491,
-0.7));
#4980=CARTESIAN_POINT('',(-0.0554642160953343,0.0422925914713802,-0.7));
#4981=CARTESIAN_POINT('',(0.0649794036830556,0.130297669596237,-0.7));
#4982=CARTESIAN_POINT('',(-0.0276123549183502,0.0588000110172603,-0.7));
#4983=CARTESIAN_POINT('Origin',(-0.0135882624252739,0.0131022029297493,
-0.7));
#4984=CARTESIAN_POINT('Origin',(-2.73184799366426E-17,-3.16894367265055E-16,
-0.7));
#4985=CARTESIAN_POINT('Ctrl Pts',(-0.131346829013627,0.587359864847456,
0.));
#4986=CARTESIAN_POINT('Ctrl Pts',(-0.131346829013627,0.587359864847456,
-0.9));
#4987=CARTESIAN_POINT('Ctrl Pts',(-0.130900668483877,0.587365451488328,
0.));
#4988=CARTESIAN_POINT('Ctrl Pts',(-0.130900668483877,0.587365451488328,
-0.9));
#4989=CARTESIAN_POINT('Ctrl Pts',(-0.130455020558369,0.587368682731318,
0.));
#4990=CARTESIAN_POINT('Ctrl Pts',(-0.130455020558369,0.587368682731318,
-0.9));
#4991=CARTESIAN_POINT('Ctrl Pts',(-0.11215500303302,0.587387021931872,0.));
#4992=CARTESIAN_POINT('Ctrl Pts',(-0.11215500303302,0.587387021931872,-0.9));
#4993=CARTESIAN_POINT('Ctrl Pts',(-0.0935186053362909,0.58293524846095,
0.));
#4994=CARTESIAN_POINT('Ctrl Pts',(-0.0935186053362909,0.58293524846095,
-0.9));
#4995=CARTESIAN_POINT('Ctrl Pts',(-0.0725286549661401,0.571828886806996,
0.));
#4996=CARTESIAN_POINT('Ctrl Pts',(-0.0725286549661401,0.571828886806996,
-0.9));
#4997=CARTESIAN_POINT('Ctrl Pts',(-0.0680877411133446,0.569047858563134,
0.));
#4998=CARTESIAN_POINT('Ctrl Pts',(-0.0680877411133446,0.569047858563134,
-0.9));
#4999=CARTESIAN_POINT('Ctrl Pts',(-0.0638529088525195,0.566008683661498,
0.));
#5000=CARTESIAN_POINT('Ctrl Pts',(-0.0638529088525195,0.566008683661498,
-0.9));
#5001=CARTESIAN_POINT('',(-0.0638529088525194,0.566008683661498,-0.9));
#5002=CARTESIAN_POINT('',(-0.0638529088525195,0.566008683661498,0.));
#5003=CARTESIAN_POINT('',(-0.131346829013591,0.587359864847457,-0.9));
#5004=CARTESIAN_POINT('Ctrl Pts',(-0.131346829013627,0.587359864847456,
-0.9));
#5005=CARTESIAN_POINT('Ctrl Pts',(-0.130900668483877,0.587365451488328,
-0.9));
#5006=CARTESIAN_POINT('Ctrl Pts',(-0.130455020558369,0.587368682731318,
-0.9));
#5007=CARTESIAN_POINT('Ctrl Pts',(-0.11215500303302,0.587387021931872,-0.9));
#5008=CARTESIAN_POINT('Ctrl Pts',(-0.0935186053362909,0.58293524846095,
-0.9));
#5009=CARTESIAN_POINT('Ctrl Pts',(-0.0725286549661401,0.571828886806996,
-0.9));
#5010=CARTESIAN_POINT('Ctrl Pts',(-0.0680877411133446,0.569047858563134,
-0.9));
#5011=CARTESIAN_POINT('Ctrl Pts',(-0.0638529088525195,0.566008683661498,
-0.9));
#5012=CARTESIAN_POINT('',(-0.131346829013591,0.587359864847457,0.));
#5013=CARTESIAN_POINT('Ctrl Pts',(-0.131346829013627,0.587359864847456,
0.));
#5014=CARTESIAN_POINT('Ctrl Pts',(-0.131346829013627,0.587359864847456,
-0.9));
#5015=CARTESIAN_POINT('Ctrl Pts',(-0.130900668483877,0.587365451488328,
0.));
#5016=CARTESIAN_POINT('Ctrl Pts',(-0.130900668483877,0.587365451488328,
-0.9));
#5017=CARTESIAN_POINT('Ctrl Pts',(-0.130455020558369,0.587368682731318,
0.));
#5018=CARTESIAN_POINT('Ctrl Pts',(-0.130455020558369,0.587368682731318,
-0.9));
#5019=CARTESIAN_POINT('Ctrl Pts',(-0.11215500303302,0.587387021931872,0.));
#5020=CARTESIAN_POINT('Ctrl Pts',(-0.11215500303302,0.587387021931872,-0.9));
#5021=CARTESIAN_POINT('Ctrl Pts',(-0.0935186053362909,0.58293524846095,
0.));
#5022=CARTESIAN_POINT('Ctrl Pts',(-0.0935186053362909,0.58293524846095,
-0.9));
#5023=CARTESIAN_POINT('Ctrl Pts',(-0.0725286549661401,0.571828886806996,
0.));
#5024=CARTESIAN_POINT('Ctrl Pts',(-0.0725286549661401,0.571828886806996,
-0.9));
#5025=CARTESIAN_POINT('Ctrl Pts',(-0.0680877411133446,0.569047858563134,
0.));
#5026=CARTESIAN_POINT('Ctrl Pts',(-0.0680877411133446,0.569047858563134,
-0.9));
#5027=CARTESIAN_POINT('Ctrl Pts',(-0.0638529088525195,0.566008683661498,
0.));
#5028=CARTESIAN_POINT('Ctrl Pts',(-0.0638529088525195,0.566008683661498,
-0.9));
#5029=CARTESIAN_POINT('',(-0.131346829013591,0.587359864847457,0.));
#5030=CARTESIAN_POINT('',(-0.131346829013591,0.587359864847457,0.));
#5031=CARTESIAN_POINT('',(-0.0638529088525195,0.566008683661498,0.));
#5032=CARTESIAN_POINT('Ctrl Pts',(-0.0638529088525195,0.566008683661498,
0.));
#5033=CARTESIAN_POINT('Ctrl Pts',(-0.0680877411133446,0.569047858563134,
0.));
#5034=CARTESIAN_POINT('Ctrl Pts',(-0.0725286549661401,0.571828886806996,
0.));
#5035=CARTESIAN_POINT('Ctrl Pts',(-0.0935186053362909,0.58293524846095,
0.));
#5036=CARTESIAN_POINT('Ctrl Pts',(-0.11215500303302,0.587387021931872,0.));
#5037=CARTESIAN_POINT('Ctrl Pts',(-0.130455020558369,0.587368682731318,
0.));
#5038=CARTESIAN_POINT('Ctrl Pts',(-0.130900668483877,0.587365451488328,
0.));
#5039=CARTESIAN_POINT('Ctrl Pts',(-0.131346829013627,0.587359864847456,
0.));
#5040=CARTESIAN_POINT('',(-0.0638529088525195,0.566008683661498,0.));
#5041=CARTESIAN_POINT('Origin',(-0.0638529088525195,0.566008683661498,0.));
#5042=CARTESIAN_POINT('',(-0.0568641447013497,0.560959813425362,-0.9));
#5043=CARTESIAN_POINT('',(-0.0568641447013497,0.560959813425362,0.));
#5044=CARTESIAN_POINT('',(-0.0568641447013497,0.560959813425362,-0.9));
#5045=CARTESIAN_POINT('Ctrl Pts',(-0.162437098201454,0.556101310682928,
0.));
#5046=CARTESIAN_POINT('Ctrl Pts',(-0.162437098201454,0.556101310682928,
-0.9));
#5047=CARTESIAN_POINT('Ctrl Pts',(-0.162400226541698,0.559767017560081,
0.));
#5048=CARTESIAN_POINT('Ctrl Pts',(-0.162400226541698,0.559767017560081,
-0.9));
#5049=CARTESIAN_POINT('Ctrl Pts',(-0.1617127586536,0.563602116092884,0.));
#5050=CARTESIAN_POINT('Ctrl Pts',(-0.1617127586536,0.563602116092884,-0.9));
#5051=CARTESIAN_POINT('Ctrl Pts',(-0.158745720511618,0.571312023185983,
0.));
#5052=CARTESIAN_POINT('Ctrl Pts',(-0.158745720511618,0.571312023185983,
-0.9));
#5053=CARTESIAN_POINT('Ctrl Pts',(-0.156234513368749,0.57509976992595,0.));
#5054=CARTESIAN_POINT('Ctrl Pts',(-0.156234513368749,0.57509976992595,-0.9));
#5055=CARTESIAN_POINT('Ctrl Pts',(-0.150311529044375,0.581054814097507,
0.));
#5056=CARTESIAN_POINT('Ctrl Pts',(-0.150311529044375,0.581054814097507,
-0.9));
#5057=CARTESIAN_POINT('Ctrl Pts',(-0.146537393332707,0.583586431428472,
0.));
#5058=CARTESIAN_POINT('Ctrl Pts',(-0.146537393332707,0.583586431428472,
-0.9));
#5059=CARTESIAN_POINT('Ctrl Pts',(-0.138843615052227,0.586595045476704,
0.));
#5060=CARTESIAN_POINT('Ctrl Pts',(-0.138843615052227,0.586595045476704,
-0.9));
#5061=CARTESIAN_POINT('Ctrl Pts',(-0.13501228344295,0.587303205736341,0.));
#5062=CARTESIAN_POINT('Ctrl Pts',(-0.13501228344295,0.587303205736341,-0.9));
#5063=CARTESIAN_POINT('Ctrl Pts',(-0.131346829013591,0.587359864847457,
0.));
#5064=CARTESIAN_POINT('Ctrl Pts',(-0.131346829013591,0.587359864847457,
-0.9));
#5065=CARTESIAN_POINT('',(-0.162437098201454,0.556101310682928,0.));
#5066=CARTESIAN_POINT('',(-0.162437098201454,0.556101310682928,0.));
#5067=CARTESIAN_POINT('Ctrl Pts',(-0.131346829013591,0.587359864847457,
0.));
#5068=CARTESIAN_POINT('Ctrl Pts',(-0.13501228344295,0.587303205736341,0.));
#5069=CARTESIAN_POINT('Ctrl Pts',(-0.138843615052227,0.586595045476704,
0.));
#5070=CARTESIAN_POINT('Ctrl Pts',(-0.146537393332707,0.583586431428472,
0.));
#5071=CARTESIAN_POINT('Ctrl Pts',(-0.150311529044375,0.581054814097507,
0.));
#5072=CARTESIAN_POINT('Ctrl Pts',(-0.156234513368749,0.57509976992595,0.));
#5073=CARTESIAN_POINT('Ctrl Pts',(-0.158745720511618,0.571312023185983,
0.));
#5074=CARTESIAN_POINT('Ctrl Pts',(-0.1617127586536,0.563602116092884,0.));
#5075=CARTESIAN_POINT('Ctrl Pts',(-0.162400226541698,0.559767017560081,
0.));
#5076=CARTESIAN_POINT('Ctrl Pts',(-0.162437098201454,0.556101310682928,
0.));
#5077=CARTESIAN_POINT('Ctrl Pts',(-0.0289235800121376,0.544602982560746,
-0.7));
#5078=CARTESIAN_POINT('Ctrl Pts',(-0.0437922170680256,0.551538832543524,
-0.7));
#5079=CARTESIAN_POINT('Ctrl Pts',(-0.0568641447013499,0.560959813425362,
-0.7));
#5080=CARTESIAN_POINT('Ctrl Pts',(-0.0289235800121376,0.544602982560746,
-0.9));
#5081=CARTESIAN_POINT('Ctrl Pts',(-0.0437922170680256,0.551538832543524,
-0.9));
#5082=CARTESIAN_POINT('Ctrl Pts',(-0.0568641447013499,0.560959813425362,
-0.9));
#5083=CARTESIAN_POINT('',(-0.0289235800121377,0.544602982560746,-0.9));
#5084=CARTESIAN_POINT('',(-0.0289235800121377,0.544602982560746,0.));
#5085=CARTESIAN_POINT('Origin',(-0.015702250967607,0.590391660849006,-0.9));
#5086=CARTESIAN_POINT('Ctrl Pts',(-0.140721886663384,0.488723630516523,
0.));
#5087=CARTESIAN_POINT('Ctrl Pts',(-0.140721886663384,0.488723630516523,
-0.9));
#5088=CARTESIAN_POINT('Ctrl Pts',(-0.143783877489572,0.492941995192602,
0.));
#5089=CARTESIAN_POINT('Ctrl Pts',(-0.143783877489572,0.492941995192602,
-0.9));
#5090=CARTESIAN_POINT('Ctrl Pts',(-0.1465888378759,0.497367831969104,0.));
#5091=CARTESIAN_POINT('Ctrl Pts',(-0.1465888378759,0.497367831969104,-0.9));
#5092=CARTESIAN_POINT('Ctrl Pts',(-0.157808344341129,0.518297522850875,
0.));
#5093=CARTESIAN_POINT('Ctrl Pts',(-0.157808344341129,0.518297522850875,
-0.9));
#5094=CARTESIAN_POINT('Ctrl Pts',(-0.162360654780808,0.536909617730493,
0.));
#5095=CARTESIAN_POINT('Ctrl Pts',(-0.162360654780808,0.536909617730493,
-0.9));
#5096=CARTESIAN_POINT('Ctrl Pts',(-0.162441101852459,0.555209467621216,
0.));
#5097=CARTESIAN_POINT('Ctrl Pts',(-0.162441101852459,0.555209467621216,
-0.9));
#5098=CARTESIAN_POINT('Ctrl Pts',(-0.162440276325184,0.555655126496305,
0.));
#5099=CARTESIAN_POINT('Ctrl Pts',(-0.162440276325184,0.555655126496305,
-0.9));
#5100=CARTESIAN_POINT('Ctrl Pts',(-0.162437098201454,0.556101310682928,
0.));
#5101=CARTESIAN_POINT('Ctrl Pts',(-0.162437098201454,0.556101310682928,
-0.9));
#5102=CARTESIAN_POINT('',(-0.140721886663384,0.488723630516523,0.));
#5103=CARTESIAN_POINT('',(-0.140721886663384,0.488723630516523,0.));
#5104=CARTESIAN_POINT('Ctrl Pts',(-0.162437098201454,0.556101310682928,
0.));
#5105=CARTESIAN_POINT('Ctrl Pts',(-0.162440276325184,0.555655126496305,
0.));
#5106=CARTESIAN_POINT('Ctrl Pts',(-0.162441101852459,0.555209467621216,
0.));
#5107=CARTESIAN_POINT('Ctrl Pts',(-0.162360654780808,0.536909617730493,
0.));
#5108=CARTESIAN_POINT('Ctrl Pts',(-0.157808344341129,0.518297522850875,
0.));
#5109=CARTESIAN_POINT('Ctrl Pts',(-0.1465888378759,0.497367831969104,0.));
#5110=CARTESIAN_POINT('Ctrl Pts',(-0.143783877489572,0.492941995192602,
0.));
#5111=CARTESIAN_POINT('Ctrl Pts',(-0.140721886663384,0.488723630516523,
0.));
#5112=CARTESIAN_POINT('Origin',(-0.0016290379328128,0.603551192138704,0.));
#5113=CARTESIAN_POINT('',(0.0594737319986305,0.58149818902185,-0.9));
#5114=CARTESIAN_POINT('',(0.0594737319986305,0.58149818902185,0.));
#5115=CARTESIAN_POINT('Origin',(-0.0016290379328128,0.603551192138704,-0.9));
#5116=CARTESIAN_POINT('Origin',(-0.135635363681924,0.481762222686127,0.));
#5117=CARTESIAN_POINT('',(-0.135635363681924,0.481762222686127,0.));
#5118=CARTESIAN_POINT('',(-0.135635363681924,0.481762222686127,0.));
#5119=CARTESIAN_POINT('',(-0.140721886663384,0.488723630516523,0.));
#5120=CARTESIAN_POINT('Ctrl Pts',(0.0674954636047593,0.612864937229545,
-0.7));
#5121=CARTESIAN_POINT('Ctrl Pts',(0.0650027117351548,0.596961159707336,
-0.7));
#5122=CARTESIAN_POINT('Ctrl Pts',(0.0594737319986303,0.58149818902185,-0.7));
#5123=CARTESIAN_POINT('Ctrl Pts',(0.0674954636047593,0.612864937229545,
-0.9));
#5124=CARTESIAN_POINT('Ctrl Pts',(0.0650027117351548,0.596961159707336,
-0.9));
#5125=CARTESIAN_POINT('Ctrl Pts',(0.0594737319986303,0.58149818902185,-0.9));
#5126=CARTESIAN_POINT('',(0.0674954636047593,0.612864937229545,-0.9));
#5127=CARTESIAN_POINT('',(0.0674954636047593,0.612864937229545,0.));
#5128=CARTESIAN_POINT('Origin',(0.0172439711125308,0.603894888104026,-0.9));
#5129=CARTESIAN_POINT('Ctrl Pts',(-0.135635363681924,0.481762222686127,
0.));
#5130=CARTESIAN_POINT('Ctrl Pts',(-0.1261523365003,0.468753912002877,0.));
#5131=CARTESIAN_POINT('Ctrl Pts',(-0.119127944136044,0.453910361509142,
0.));
#5132=CARTESIAN_POINT('Ctrl Pts',(-0.135635363681924,0.481762222686127,
-0.2));
#5133=CARTESIAN_POINT('Ctrl Pts',(-0.1261523365003,0.468753912002877,-0.2));
#5134=CARTESIAN_POINT('Ctrl Pts',(-0.119127944136044,0.453910361509142,
-0.2));
#5135=CARTESIAN_POINT('',(-0.119127944136044,0.453910361509142,0.));
#5136=CARTESIAN_POINT('',(-0.119127944136044,0.453910361509142,0.));
#5137=CARTESIAN_POINT('Origin',(-0.164825752222802,0.439886269016597,0.));
#5138=CARTESIAN_POINT('Origin',(0.0674954636047593,0.612864937229545,0.));
#5139=CARTESIAN_POINT('',(0.0688212073953862,0.621384110805874,-0.9));
#5140=CARTESIAN_POINT('',(0.0688212073953862,0.621384110805874,0.));
#5141=CARTESIAN_POINT('',(0.0688212073953862,0.621384110805874,-0.9));
#5142=CARTESIAN_POINT('Ctrl Pts',(-0.119127944136044,0.453910361509142,
0.));
#5143=CARTESIAN_POINT('Ctrl Pts',(-0.115951133952303,0.447142537517169,
0.));
#5144=CARTESIAN_POINT('Ctrl Pts',(-0.114399830249591,0.43986490697316,0.));
#5145=CARTESIAN_POINT('Ctrl Pts',(-0.119127944136044,0.453910361509142,
-0.2));
#5146=CARTESIAN_POINT('Ctrl Pts',(-0.115951133952303,0.447142537517169,
-0.2));
#5147=CARTESIAN_POINT('Ctrl Pts',(-0.114399830249591,0.43986490697316,-0.2));
#5148=CARTESIAN_POINT('',(-0.114399830249591,0.43986490697316,0.));
#5149=CARTESIAN_POINT('',(-0.114399830249591,0.43986490697316,0.));
#5150=CARTESIAN_POINT('Origin',(-0.18378206073658,0.425868767582159,0.));
#5151=CARTESIAN_POINT('Ctrl Pts',(0.0688212073953862,0.621384110805874,
0.));
#5152=CARTESIAN_POINT('Ctrl Pts',(0.0688212073953862,0.621384110805874,
-0.9));
#5153=CARTESIAN_POINT('Ctrl Pts',(0.0696388871862307,0.626532099550977,
0.));
#5154=CARTESIAN_POINT('Ctrl Pts',(0.0696388871862307,0.626532099550977,
-0.9));
#5155=CARTESIAN_POINT('Ctrl Pts',(0.0707850198731879,0.631645045258199,
0.));
#5156=CARTESIAN_POINT('Ctrl Pts',(0.0707850198731879,0.631645045258199,
-0.9));
#5157=CARTESIAN_POINT('Ctrl Pts',(0.0776511571206971,0.654377960711967,
0.));
#5158=CARTESIAN_POINT('Ctrl Pts',(0.0776511571206971,0.654377960711967,
-0.9));
#5159=CARTESIAN_POINT('Ctrl Pts',(0.0875929260401988,0.670757668795395,
0.));
#5160=CARTESIAN_POINT('Ctrl Pts',(0.0875929260401988,0.670757668795395,
-0.9));
#5161=CARTESIAN_POINT('Ctrl Pts',(0.100475989322734,0.683754501417712,0.));
#5162=CARTESIAN_POINT('Ctrl Pts',(0.100475989322734,0.683754501417712,-0.9));
#5163=CARTESIAN_POINT('Ctrl Pts',(0.100791701471339,0.68406904609445,0.));
#5164=CARTESIAN_POINT('Ctrl Pts',(0.100791701471339,0.68406904609445,-0.9));
#5165=CARTESIAN_POINT('Ctrl Pts',(0.1011094486082,0.684382298685628,0.));
#5166=CARTESIAN_POINT('Ctrl Pts',(0.1011094486082,0.684382298685628,-0.9));
#5167=CARTESIAN_POINT('',(0.1011094486082,0.684382298685628,-0.9));
#5168=CARTESIAN_POINT('',(0.1011094486082,0.684382298685628,0.));
#5169=CARTESIAN_POINT('Ctrl Pts',(0.0688212073953862,0.621384110805874,
-0.9));
#5170=CARTESIAN_POINT('Ctrl Pts',(0.0696388871862307,0.626532099550977,
-0.9));
#5171=CARTESIAN_POINT('Ctrl Pts',(0.0707850198731879,0.631645045258199,
-0.9));
#5172=CARTESIAN_POINT('Ctrl Pts',(0.0776511571206971,0.654377960711967,
-0.9));
#5173=CARTESIAN_POINT('Ctrl Pts',(0.0875929260401988,0.670757668795395,
-0.9));
#5174=CARTESIAN_POINT('Ctrl Pts',(0.100475989322734,0.683754501417712,-0.9));
#5175=CARTESIAN_POINT('Ctrl Pts',(0.100791701471339,0.68406904609445,-0.9));
#5176=CARTESIAN_POINT('Ctrl Pts',(0.1011094486082,0.684382298685628,-0.9));
#5177=CARTESIAN_POINT('Origin',(-0.177927955153305,0.426298006590793,0.));
#5178=CARTESIAN_POINT('',(-0.155545432215597,0.365315172065741,0.));
#5179=CARTESIAN_POINT('',(-0.155545432215597,0.365315172065741,0.));
#5180=CARTESIAN_POINT('Origin',(-0.177927955153305,0.426298006590793,0.));
#5181=CARTESIAN_POINT('Ctrl Pts',(0.101109448608199,0.684382298685629,0.));
#5182=CARTESIAN_POINT('Ctrl Pts',(0.101109448608199,0.684382298685629,-0.9));
#5183=CARTESIAN_POINT('Ctrl Pts',(0.103727566999522,0.686948272675658,0.));
#5184=CARTESIAN_POINT('Ctrl Pts',(0.103727566999522,0.686948272675658,-0.9));
#5185=CARTESIAN_POINT('Ctrl Pts',(0.106925504384107,0.689173983649198,0.));
#5186=CARTESIAN_POINT('Ctrl Pts',(0.106925504384107,0.689173983649198,-0.9));
#5187=CARTESIAN_POINT('Ctrl Pts',(0.114475244762188,0.692527698446812,0.));
#5188=CARTESIAN_POINT('Ctrl Pts',(0.114475244762188,0.692527698446812,-0.9));
#5189=CARTESIAN_POINT('Ctrl Pts',(0.118929277767122,0.693430348252373,0.));
#5190=CARTESIAN_POINT('Ctrl Pts',(0.118929277767122,0.693430348252373,-0.9));
#5191=CARTESIAN_POINT('Ctrl Pts',(0.127328312263722,0.693453017987719,0.));
#5192=CARTESIAN_POINT('Ctrl Pts',(0.127328312263722,0.693453017987719,-0.9));
#5193=CARTESIAN_POINT('Ctrl Pts',(0.131787153000655,0.692574424814976,0.));
#5194=CARTESIAN_POINT('Ctrl Pts',(0.131787153000655,0.692574424814976,-0.9));
#5195=CARTESIAN_POINT('Ctrl Pts',(0.139354887191194,0.689261513415386,0.));
#5196=CARTESIAN_POINT('Ctrl Pts',(0.139354887191194,0.689261513415386,-0.9));
#5197=CARTESIAN_POINT('Ctrl Pts',(0.142564792674835,0.687053097775258,0.));
#5198=CARTESIAN_POINT('Ctrl Pts',(0.142564792674835,0.687053097775258,-0.9));
#5199=CARTESIAN_POINT('Ctrl Pts',(0.145196724399646,0.684501294133824,0.));
#5200=CARTESIAN_POINT('Ctrl Pts',(0.145196724399646,0.684501294133824,-0.9));
#5201=CARTESIAN_POINT('',(0.145196724399646,0.684501294133824,-0.9));
#5202=CARTESIAN_POINT('',(0.145196724399646,0.684501294133824,0.));
#5203=CARTESIAN_POINT('Ctrl Pts',(0.101109448608199,0.684382298685629,-0.9));
#5204=CARTESIAN_POINT('Ctrl Pts',(0.103727566999522,0.686948272675658,-0.9));
#5205=CARTESIAN_POINT('Ctrl Pts',(0.106925504384107,0.689173983649198,-0.9));
#5206=CARTESIAN_POINT('Ctrl Pts',(0.114475244762188,0.692527698446812,-0.9));
#5207=CARTESIAN_POINT('Ctrl Pts',(0.118929277767122,0.693430348252373,-0.9));
#5208=CARTESIAN_POINT('Ctrl Pts',(0.127328312263722,0.693453017987719,-0.9));
#5209=CARTESIAN_POINT('Ctrl Pts',(0.131787153000655,0.692574424814976,-0.9));
#5210=CARTESIAN_POINT('Ctrl Pts',(0.139354887191194,0.689261513415386,-0.9));
#5211=CARTESIAN_POINT('Ctrl Pts',(0.142564792674835,0.687053097775258,-0.9));
#5212=CARTESIAN_POINT('Ctrl Pts',(0.145196724399646,0.684501294133824,-0.9));
#5213=CARTESIAN_POINT('Ctrl Pts',(-0.155545432215597,0.365315172065741,
0.));
#5214=CARTESIAN_POINT('Ctrl Pts',(-0.170963532860933,0.359705844532636,
0.));
#5215=CARTESIAN_POINT('Ctrl Pts',(-0.186868421000611,0.357124235326909,
0.));
#5216=CARTESIAN_POINT('Ctrl Pts',(-0.155545432215597,0.365315172065741,
-0.2));
#5217=CARTESIAN_POINT('Ctrl Pts',(-0.170963532860933,0.359705844532636,
-0.2));
#5218=CARTESIAN_POINT('Ctrl Pts',(-0.186868421000611,0.357124235326909,
-0.2));
#5219=CARTESIAN_POINT('',(-0.186868421000611,0.357124235326909,0.));
#5220=CARTESIAN_POINT('',(-0.186868421000611,0.357124235326909,0.));
#5221=CARTESIAN_POINT('Origin',(-0.178574025711754,0.407041548412972,0.));
#5222=CARTESIAN_POINT('Ctrl Pts',(0.145196724399647,0.684501294133825,0.));
#5223=CARTESIAN_POINT('Ctrl Pts',(0.145196724399647,0.684501294133825,-0.9));
#5224=CARTESIAN_POINT('Ctrl Pts',(0.145516157887376,0.684189761349386,0.));
#5225=CARTESIAN_POINT('Ctrl Pts',(0.145516157887376,0.684189761349386,-0.9));
#5226=CARTESIAN_POINT('Ctrl Pts',(0.145833563391354,0.683876925513067,0.));
#5227=CARTESIAN_POINT('Ctrl Pts',(0.145833563391354,0.683876925513067,-0.9));
#5228=CARTESIAN_POINT('Ctrl Pts',(0.158786597652434,0.670949826798134,0.));
#5229=CARTESIAN_POINT('Ctrl Pts',(0.158786597652434,0.670949826798134,-0.9));
#5230=CARTESIAN_POINT('Ctrl Pts',(0.168816641631086,0.654624024400292,0.));
#5231=CARTESIAN_POINT('Ctrl Pts',(0.168816641631086,0.654624024400292,-0.9));
#5232=CARTESIAN_POINT('Ctrl Pts',(0.175805394234768,0.631928504516968,0.));
#5233=CARTESIAN_POINT('Ctrl Pts',(0.175805394234768,0.631928504516968,-0.9));
#5234=CARTESIAN_POINT('Ctrl Pts',(0.176979110604839,0.626821820287086,0.));
#5235=CARTESIAN_POINT('Ctrl Pts',(0.176979110604839,0.626821820287086,-0.9));
#5236=CARTESIAN_POINT('Ctrl Pts',(0.177824568031497,0.62167832049611,0.));
#5237=CARTESIAN_POINT('Ctrl Pts',(0.177824568031497,0.62167832049611,-0.9));
#5238=CARTESIAN_POINT('',(0.177824568031497,0.62167832049611,-0.9));
#5239=CARTESIAN_POINT('',(0.177824568031497,0.62167832049611,0.));
#5240=CARTESIAN_POINT('Ctrl Pts',(0.145196724399647,0.684501294133825,-0.9));
#5241=CARTESIAN_POINT('Ctrl Pts',(0.145516157887376,0.684189761349386,-0.9));
#5242=CARTESIAN_POINT('Ctrl Pts',(0.145833563391354,0.683876925513067,-0.9));
#5243=CARTESIAN_POINT('Ctrl Pts',(0.158786597652434,0.670949826798134,-0.9));
#5244=CARTESIAN_POINT('Ctrl Pts',(0.168816641631086,0.654624024400292,-0.9));
#5245=CARTESIAN_POINT('Ctrl Pts',(0.175805394234768,0.631928504516968,-0.9));
#5246=CARTESIAN_POINT('Ctrl Pts',(0.176979110604839,0.626821820287086,-0.9));
#5247=CARTESIAN_POINT('Ctrl Pts',(0.177824568031497,0.62167832049611,-0.9));
#5248=CARTESIAN_POINT('Origin',(-0.19538031390532,0.355752523184806,0.));
#5249=CARTESIAN_POINT('',(-0.19538031390532,0.355752523184806,0.));
#5250=CARTESIAN_POINT('',(-0.19538031390532,0.355752523184806,0.));
#5251=CARTESIAN_POINT('',(-0.186868421000611,0.357124235326909,0.));
#5252=CARTESIAN_POINT('Origin',(0.177824568031497,0.62167832049611,0.));
#5253=CARTESIAN_POINT('',(0.1791962801736,0.613166427591401,-0.9));
#5254=CARTESIAN_POINT('',(0.1791962801736,0.613166427591401,0.));
#5255=CARTESIAN_POINT('',(0.1791962801736,0.613166427591401,-0.9));
#5256=CARTESIAN_POINT('Ctrl Pts',(-0.258203287543036,0.323124679552957,
0.));
#5257=CARTESIAN_POINT('Ctrl Pts',(-0.258203287543036,0.323124679552957,
-0.9));
#5258=CARTESIAN_POINT('Ctrl Pts',(-0.257891754758596,0.323444113040686,
0.));
#5259=CARTESIAN_POINT('Ctrl Pts',(-0.257891754758596,0.323444113040686,
-0.9));
#5260=CARTESIAN_POINT('Ctrl Pts',(-0.257578918922278,0.323761518544664,
0.));
#5261=CARTESIAN_POINT('Ctrl Pts',(-0.257578918922278,0.323761518544664,
-0.9));
#5262=CARTESIAN_POINT('Ctrl Pts',(-0.244651820207344,0.336714552805744,
0.));
#5263=CARTESIAN_POINT('Ctrl Pts',(-0.244651820207344,0.336714552805744,
-0.9));
#5264=CARTESIAN_POINT('Ctrl Pts',(-0.228326017809502,0.346744596784395,
0.));
#5265=CARTESIAN_POINT('Ctrl Pts',(-0.228326017809502,0.346744596784395,
-0.9));
#5266=CARTESIAN_POINT('Ctrl Pts',(-0.205630497926178,0.353733349388077,
0.));
#5267=CARTESIAN_POINT('Ctrl Pts',(-0.205630497926178,0.353733349388077,
-0.9));
#5268=CARTESIAN_POINT('Ctrl Pts',(-0.200523813696295,0.354907065758148,
0.));
#5269=CARTESIAN_POINT('Ctrl Pts',(-0.200523813696295,0.354907065758148,
-0.9));
#5270=CARTESIAN_POINT('Ctrl Pts',(-0.19538031390532,0.355752523184806,0.));
#5271=CARTESIAN_POINT('Ctrl Pts',(-0.19538031390532,0.355752523184806,-0.9));
#5272=CARTESIAN_POINT('',(-0.258203287543011,0.323124679552983,0.));
#5273=CARTESIAN_POINT('',(-0.258203287543011,0.323124679552983,0.));
#5274=CARTESIAN_POINT('Ctrl Pts',(-0.19538031390532,0.355752523184806,0.));
#5275=CARTESIAN_POINT('Ctrl Pts',(-0.200523813696295,0.354907065758148,
0.));
#5276=CARTESIAN_POINT('Ctrl Pts',(-0.205630497926178,0.353733349388077,
0.));
#5277=CARTESIAN_POINT('Ctrl Pts',(-0.228326017809502,0.346744596784395,
0.));
#5278=CARTESIAN_POINT('Ctrl Pts',(-0.244651820207344,0.336714552805744,
0.));
#5279=CARTESIAN_POINT('Ctrl Pts',(-0.257578918922278,0.323761518544664,
0.));
#5280=CARTESIAN_POINT('Ctrl Pts',(-0.257891754758596,0.323444113040686,
0.));
#5281=CARTESIAN_POINT('Ctrl Pts',(-0.258203287543036,0.323124679552957,
0.));
#5282=CARTESIAN_POINT('Ctrl Pts',(0.187387216912432,0.581843438806387,-0.7));
#5283=CARTESIAN_POINT('Ctrl Pts',(0.181777889379327,0.597261539451723,-0.7));
#5284=CARTESIAN_POINT('Ctrl Pts',(0.1791962801736,0.613166427591401,-0.7));
#5285=CARTESIAN_POINT('Ctrl Pts',(0.187387216912432,0.581843438806387,-0.9));
#5286=CARTESIAN_POINT('Ctrl Pts',(0.181777889379327,0.597261539451723,-0.9));
#5287=CARTESIAN_POINT('Ctrl Pts',(0.1791962801736,0.613166427591401,-0.9));
#5288=CARTESIAN_POINT('',(0.187387216912432,0.581843438806387,-0.9));
#5289=CARTESIAN_POINT('',(0.187387216912432,0.581843438806387,0.));
#5290=CARTESIAN_POINT('Origin',(0.229113593257213,0.604872032302176,-0.9));
#5291=CARTESIAN_POINT('Ctrl Pts',(-0.258084292094839,0.279037403761504,
0.));
#5292=CARTESIAN_POINT('Ctrl Pts',(-0.258084292094839,0.279037403761504,
-0.9));
#5293=CARTESIAN_POINT('Ctrl Pts',(-0.260650266084868,0.281655522152829,
0.));
#5294=CARTESIAN_POINT('Ctrl Pts',(-0.260650266084868,0.281655522152829,
-0.9));
#5295=CARTESIAN_POINT('Ctrl Pts',(-0.262875977058409,0.284853459537414,
0.));
#5296=CARTESIAN_POINT('Ctrl Pts',(-0.262875977058409,0.284853459537414,
-0.9));
#5297=CARTESIAN_POINT('Ctrl Pts',(-0.266229691856024,0.292403199915497,
0.));
#5298=CARTESIAN_POINT('Ctrl Pts',(-0.266229691856024,0.292403199915497,
-0.9));
#5299=CARTESIAN_POINT('Ctrl Pts',(-0.267132341661585,0.296857232920432,
0.));
#5300=CARTESIAN_POINT('Ctrl Pts',(-0.267132341661585,0.296857232920432,
-0.9));
#5301=CARTESIAN_POINT('Ctrl Pts',(-0.267155011396932,0.305256267417032,
0.));
#5302=CARTESIAN_POINT('Ctrl Pts',(-0.267155011396932,0.305256267417032,
-0.9));
#5303=CARTESIAN_POINT('Ctrl Pts',(-0.266276418224188,0.309715108153965,
0.));
#5304=CARTESIAN_POINT('Ctrl Pts',(-0.266276418224188,0.309715108153965,
-0.9));
#5305=CARTESIAN_POINT('Ctrl Pts',(-0.262963506824592,0.317282842344516,
0.));
#5306=CARTESIAN_POINT('Ctrl Pts',(-0.262963506824592,0.317282842344516,
-0.9));
#5307=CARTESIAN_POINT('Ctrl Pts',(-0.260755091184455,0.320492747828167,
0.));
#5308=CARTESIAN_POINT('Ctrl Pts',(-0.260755091184455,0.320492747828167,
-0.9));
#5309=CARTESIAN_POINT('Ctrl Pts',(-0.258203287543011,0.323124679552983,
0.));
#5310=CARTESIAN_POINT('Ctrl Pts',(-0.258203287543011,0.323124679552983,
-0.9));
#5311=CARTESIAN_POINT('',(-0.258084292094839,0.279037403761504,0.));
#5312=CARTESIAN_POINT('',(-0.258084292094839,0.279037403761504,0.));
#5313=CARTESIAN_POINT('Ctrl Pts',(-0.258203287543011,0.323124679552983,
0.));
#5314=CARTESIAN_POINT('Ctrl Pts',(-0.260755091184455,0.320492747828167,
0.));
#5315=CARTESIAN_POINT('Ctrl Pts',(-0.262963506824592,0.317282842344516,
0.));
#5316=CARTESIAN_POINT('Ctrl Pts',(-0.266276418224188,0.309715108153965,
0.));
#5317=CARTESIAN_POINT('Ctrl Pts',(-0.267155011396932,0.305256267417032,
0.));
#5318=CARTESIAN_POINT('Ctrl Pts',(-0.267132341661585,0.296857232920432,
0.));
#5319=CARTESIAN_POINT('Ctrl Pts',(-0.266229691856024,0.292403199915497,
0.));
#5320=CARTESIAN_POINT('Ctrl Pts',(-0.262875977058409,0.284853459537414,
0.));
#5321=CARTESIAN_POINT('Ctrl Pts',(-0.260650266084868,0.281655522152829,
0.));
#5322=CARTESIAN_POINT('Ctrl Pts',(-0.258084292094839,0.279037403761504,
0.));
#5323=CARTESIAN_POINT('Origin',(0.248370051437484,0.604225961744095,0.));
#5324=CARTESIAN_POINT('',(0.275982406355834,0.545425950726835,-0.9));
#5325=CARTESIAN_POINT('',(0.275982406355834,0.545425950726835,0.));
#5326=CARTESIAN_POINT('Origin',(0.248370051437484,0.604225961744095,-0.9));
#5327=CARTESIAN_POINT('Ctrl Pts',(-0.195086104215085,0.246749162548691,
0.));
#5328=CARTESIAN_POINT('Ctrl Pts',(-0.195086104215085,0.246749162548691,
-0.9));
#5329=CARTESIAN_POINT('Ctrl Pts',(-0.200234092960187,0.247566842339535,
0.));
#5330=CARTESIAN_POINT('Ctrl Pts',(-0.200234092960187,0.247566842339535,
-0.9));
#5331=CARTESIAN_POINT('Ctrl Pts',(-0.205347038667409,0.248712975026493,
0.));
#5332=CARTESIAN_POINT('Ctrl Pts',(-0.205347038667409,0.248712975026493,
-0.9));
#5333=CARTESIAN_POINT('Ctrl Pts',(-0.228079954121178,0.255579112274002,
0.));
#5334=CARTESIAN_POINT('Ctrl Pts',(-0.228079954121178,0.255579112274002,
-0.9));
#5335=CARTESIAN_POINT('Ctrl Pts',(-0.244459662204605,0.265520881193503,
0.));
#5336=CARTESIAN_POINT('Ctrl Pts',(-0.244459662204605,0.265520881193503,
-0.9));
#5337=CARTESIAN_POINT('Ctrl Pts',(-0.257456494826923,0.278403944476038,
0.));
#5338=CARTESIAN_POINT('Ctrl Pts',(-0.257456494826923,0.278403944476038,
-0.9));
#5339=CARTESIAN_POINT('Ctrl Pts',(-0.25777103950366,0.278719656624644,0.));
#5340=CARTESIAN_POINT('Ctrl Pts',(-0.25777103950366,0.278719656624644,-0.9));
#5341=CARTESIAN_POINT('Ctrl Pts',(-0.258084292094838,0.279037403761504,
0.));
#5342=CARTESIAN_POINT('Ctrl Pts',(-0.258084292094838,0.279037403761504,
-0.9));
#5343=CARTESIAN_POINT('',(-0.195086104215085,0.246749162548691,0.));
#5344=CARTESIAN_POINT('',(-0.195086104215085,0.246749162548691,0.));
#5345=CARTESIAN_POINT('Ctrl Pts',(-0.258084292094838,0.279037403761504,
0.));
#5346=CARTESIAN_POINT('Ctrl Pts',(-0.25777103950366,0.278719656624644,0.));
#5347=CARTESIAN_POINT('Ctrl Pts',(-0.257456494826923,0.278403944476038,
0.));
#5348=CARTESIAN_POINT('Ctrl Pts',(-0.244459662204605,0.265520881193503,
0.));
#5349=CARTESIAN_POINT('Ctrl Pts',(-0.228079954121178,0.255579112274002,
0.));
#5350=CARTESIAN_POINT('Ctrl Pts',(-0.205347038667409,0.248712975026493,
0.));
#5351=CARTESIAN_POINT('Ctrl Pts',(-0.200234092960187,0.247566842339535,
0.));
#5352=CARTESIAN_POINT('Ctrl Pts',(-0.195086104215085,0.246749162548691,
0.));
#5353=CARTESIAN_POINT('Ctrl Pts',(0.303834267532818,0.561933370272715,-0.7));
#5354=CARTESIAN_POINT('Ctrl Pts',(0.290825956849567,0.55245034309109,-0.7));
#5355=CARTESIAN_POINT('Ctrl Pts',(0.275982406355834,0.545425950726835,-0.7));
#5356=CARTESIAN_POINT('Ctrl Pts',(0.303834267532818,0.561933370272715,-0.9));
#5357=CARTESIAN_POINT('Ctrl Pts',(0.290825956849567,0.55245034309109,-0.9));
#5358=CARTESIAN_POINT('Ctrl Pts',(0.275982406355834,0.545425950726835,-0.9));
#5359=CARTESIAN_POINT('',(0.303834267532818,0.561933370272715,-0.9));
#5360=CARTESIAN_POINT('',(0.303834267532818,0.561933370272715,0.));
#5361=CARTESIAN_POINT('Origin',(0.261958313864789,0.591123758811697,-0.9));
#5362=CARTESIAN_POINT('Origin',(-0.186566930638755,0.245423418758064,0.));
#5363=CARTESIAN_POINT('',(-0.186566930638755,0.245423418758064,0.));
#5364=CARTESIAN_POINT('',(-0.186566930638755,0.245423418758064,0.));
#5365=CARTESIAN_POINT('',(-0.195086104215085,0.246749162548691,0.));
#5366=CARTESIAN_POINT('Origin',(0.303834267532818,0.561933370272715,0.));
#5367=CARTESIAN_POINT('',(0.310795675363214,0.567019893254175,-0.9));
#5368=CARTESIAN_POINT('',(0.310795675363214,0.567019893254175,0.));
#5369=CARTESIAN_POINT('',(0.310795675363214,0.567019893254175,-0.9));
#5370=CARTESIAN_POINT('Ctrl Pts',(-0.186566930638755,0.245423418758064,
0.));
#5371=CARTESIAN_POINT('Ctrl Pts',(-0.170663153116545,0.24293066688846,0.));
#5372=CARTESIAN_POINT('Ctrl Pts',(-0.15520018243106,0.237401687151935,0.));
#5373=CARTESIAN_POINT('Ctrl Pts',(-0.186566930638755,0.245423418758064,
-0.2));
#5374=CARTESIAN_POINT('Ctrl Pts',(-0.170663153116545,0.24293066688846,-0.2));
#5375=CARTESIAN_POINT('Ctrl Pts',(-0.15520018243106,0.237401687151935,-0.2));
#5376=CARTESIAN_POINT('',(-0.15520018243106,0.237401687151935,0.));
#5377=CARTESIAN_POINT('',(-0.15520018243106,0.237401687151935,0.));
#5378=CARTESIAN_POINT('Origin',(-0.177596881513056,0.195171926267535,0.));
#5379=CARTESIAN_POINT('Ctrl Pts',(0.310795675363214,0.567019893254175,0.));
#5380=CARTESIAN_POINT('Ctrl Pts',(0.310795675363214,0.567019893254175,-0.9));
#5381=CARTESIAN_POINT('Ctrl Pts',(0.315014040039293,0.570081884080364,0.));
#5382=CARTESIAN_POINT('Ctrl Pts',(0.315014040039293,0.570081884080364,-0.9));
#5383=CARTESIAN_POINT('Ctrl Pts',(0.319439876815795,0.572886844466692,0.));
#5384=CARTESIAN_POINT('Ctrl Pts',(0.319439876815795,0.572886844466692,-0.9));
#5385=CARTESIAN_POINT('Ctrl Pts',(0.340369567697567,0.584106350931921,0.));
#5386=CARTESIAN_POINT('Ctrl Pts',(0.340369567697567,0.584106350931921,-0.9));
#5387=CARTESIAN_POINT('Ctrl Pts',(0.358981662577184,0.5886586613716,0.));
#5388=CARTESIAN_POINT('Ctrl Pts',(0.358981662577184,0.5886586613716,-0.9));
#5389=CARTESIAN_POINT('Ctrl Pts',(0.377281512467907,0.588739108443251,0.));
#5390=CARTESIAN_POINT('Ctrl Pts',(0.377281512467907,0.588739108443251,-0.9));
#5391=CARTESIAN_POINT('Ctrl Pts',(0.377727171342996,0.588738282915977,0.));
#5392=CARTESIAN_POINT('Ctrl Pts',(0.377727171342996,0.588738282915977,-0.9));
#5393=CARTESIAN_POINT('Ctrl Pts',(0.378173355529619,0.588735104792246,0.));
#5394=CARTESIAN_POINT('Ctrl Pts',(0.378173355529619,0.588735104792246,-0.9));
#5395=CARTESIAN_POINT('',(0.378173355529619,0.588735104792246,-0.9));
#5396=CARTESIAN_POINT('',(0.378173355529619,0.588735104792246,0.));
#5397=CARTESIAN_POINT('Ctrl Pts',(0.310795675363214,0.567019893254175,-0.9));
#5398=CARTESIAN_POINT('Ctrl Pts',(0.315014040039293,0.570081884080364,-0.9));
#5399=CARTESIAN_POINT('Ctrl Pts',(0.319439876815795,0.572886844466692,-0.9));
#5400=CARTESIAN_POINT('Ctrl Pts',(0.340369567697567,0.584106350931921,-0.9));
#5401=CARTESIAN_POINT('Ctrl Pts',(0.358981662577184,0.5886586613716,-0.9));
#5402=CARTESIAN_POINT('Ctrl Pts',(0.377281512467907,0.588739108443251,-0.9));
#5403=CARTESIAN_POINT('Ctrl Pts',(0.377727171342996,0.588738282915977,-0.9));
#5404=CARTESIAN_POINT('Ctrl Pts',(0.378173355529619,0.588735104792246,-0.9));
#5405=CARTESIAN_POINT('Origin',(-0.177253185547914,0.176298917220492,0.));
#5406=CARTESIAN_POINT('',(-0.118304975969956,0.149004375141167,0.));
#5407=CARTESIAN_POINT('',(-0.118304975969956,0.149004375141167,0.));
#5408=CARTESIAN_POINT('Origin',(-0.177253185547914,0.176298917220492,0.));
#5409=CARTESIAN_POINT('Ctrl Pts',(0.378173355529619,0.588735104792246,0.));
#5410=CARTESIAN_POINT('Ctrl Pts',(0.378173355529619,0.588735104792246,-0.9));
#5411=CARTESIAN_POINT('Ctrl Pts',(0.381839062406772,0.58869823313249,0.));
#5412=CARTESIAN_POINT('Ctrl Pts',(0.381839062406772,0.58869823313249,-0.9));
#5413=CARTESIAN_POINT('Ctrl Pts',(0.385674160939575,0.588010765244392,0.));
#5414=CARTESIAN_POINT('Ctrl Pts',(0.385674160939575,0.588010765244392,-0.9));
#5415=CARTESIAN_POINT('Ctrl Pts',(0.393384068032674,0.58504372710241,0.));
#5416=CARTESIAN_POINT('Ctrl Pts',(0.393384068032674,0.58504372710241,-0.9));
#5417=CARTESIAN_POINT('Ctrl Pts',(0.397171814772641,0.582532519959541,0.));
#5418=CARTESIAN_POINT('Ctrl Pts',(0.397171814772641,0.582532519959541,-0.9));
#5419=CARTESIAN_POINT('Ctrl Pts',(0.403126858944198,0.576609535635167,0.));
#5420=CARTESIAN_POINT('Ctrl Pts',(0.403126858944198,0.576609535635167,-0.9));
#5421=CARTESIAN_POINT('Ctrl Pts',(0.405658476275163,0.5728353999235,0.));
#5422=CARTESIAN_POINT('Ctrl Pts',(0.405658476275163,0.5728353999235,-0.9));
#5423=CARTESIAN_POINT('Ctrl Pts',(0.408667090323391,0.565141621643031,0.));
#5424=CARTESIAN_POINT('Ctrl Pts',(0.408667090323391,0.565141621643031,-0.9));
#5425=CARTESIAN_POINT('Ctrl Pts',(0.409375250583028,0.561310290033768,0.));
#5426=CARTESIAN_POINT('Ctrl Pts',(0.409375250583028,0.561310290033768,-0.9));
#5427=CARTESIAN_POINT('Ctrl Pts',(0.409431909694148,0.55764483560442,0.));
#5428=CARTESIAN_POINT('Ctrl Pts',(0.409431909694148,0.55764483560442,-0.9));
#5429=CARTESIAN_POINT('',(0.409431909694148,0.55764483560442,-0.9));
#5430=CARTESIAN_POINT('',(0.409431909694148,0.55764483560442,0.));
#5431=CARTESIAN_POINT('Ctrl Pts',(0.378173355529619,0.588735104792246,-0.9));
#5432=CARTESIAN_POINT('Ctrl Pts',(0.381839062406772,0.58869823313249,-0.9));
#5433=CARTESIAN_POINT('Ctrl Pts',(0.385674160939575,0.588010765244392,-0.9));
#5434=CARTESIAN_POINT('Ctrl Pts',(0.393384068032674,0.58504372710241,-0.9));
#5435=CARTESIAN_POINT('Ctrl Pts',(0.397171814772641,0.582532519959541,-0.9));
#5436=CARTESIAN_POINT('Ctrl Pts',(0.403126858944198,0.576609535635167,-0.9));
#5437=CARTESIAN_POINT('Ctrl Pts',(0.405658476275163,0.5728353999235,-0.9));
#5438=CARTESIAN_POINT('Ctrl Pts',(0.408667090323391,0.565141621643031,-0.9));
#5439=CARTESIAN_POINT('Ctrl Pts',(0.409375250583028,0.561310290033768,-0.9));
#5440=CARTESIAN_POINT('Ctrl Pts',(0.409431909694148,0.55764483560442,-0.9));
#5441=CARTESIAN_POINT('Ctrl Pts',(-0.118304975969956,0.149004375141167,
0.));
#5442=CARTESIAN_POINT('Ctrl Pts',(-0.125240825952735,0.134135738085279,
0.));
#5443=CARTESIAN_POINT('Ctrl Pts',(-0.134661806834572,0.121063810451955,
0.));
#5444=CARTESIAN_POINT('Ctrl Pts',(-0.118304975969956,0.149004375141167,
-0.2));
#5445=CARTESIAN_POINT('Ctrl Pts',(-0.125240825952735,0.134135738085279,
-0.2));
#5446=CARTESIAN_POINT('Ctrl Pts',(-0.134661806834572,0.121063810451955,
-0.2));
#5447=CARTESIAN_POINT('',(-0.134661806834572,0.121063810451955,0.));
#5448=CARTESIAN_POINT('',(-0.134661806834572,0.121063810451955,0.));
#5449=CARTESIAN_POINT('Origin',(-0.164093654260925,0.162225704187713,0.));
#5450=CARTESIAN_POINT('Ctrl Pts',(0.409431909694148,0.55764483560442,0.));
#5451=CARTESIAN_POINT('Ctrl Pts',(0.409431909694148,0.55764483560442,-0.9));
#5452=CARTESIAN_POINT('Ctrl Pts',(0.40943749633502,0.55719867507467,0.));
#5453=CARTESIAN_POINT('Ctrl Pts',(0.40943749633502,0.55719867507467,-0.9));
#5454=CARTESIAN_POINT('Ctrl Pts',(0.40944072757801,0.556753027149162,0.));
#5455=CARTESIAN_POINT('Ctrl Pts',(0.40944072757801,0.556753027149162,-0.9));
#5456=CARTESIAN_POINT('Ctrl Pts',(0.409459066778564,0.538453009623813,0.));
#5457=CARTESIAN_POINT('Ctrl Pts',(0.409459066778564,0.538453009623813,-0.9));
#5458=CARTESIAN_POINT('Ctrl Pts',(0.405007293307642,0.519816611927084,0.));
#5459=CARTESIAN_POINT('Ctrl Pts',(0.405007293307642,0.519816611927084,-0.9));
#5460=CARTESIAN_POINT('Ctrl Pts',(0.393900931653688,0.498826661556933,0.));
#5461=CARTESIAN_POINT('Ctrl Pts',(0.393900931653688,0.498826661556933,-0.9));
#5462=CARTESIAN_POINT('Ctrl Pts',(0.391119903409826,0.494385747704137,0.));
#5463=CARTESIAN_POINT('Ctrl Pts',(0.391119903409826,0.494385747704137,-0.9));
#5464=CARTESIAN_POINT('Ctrl Pts',(0.388080728508191,0.490150915443312,0.));
#5465=CARTESIAN_POINT('Ctrl Pts',(0.388080728508191,0.490150915443312,-0.9));
#5466=CARTESIAN_POINT('',(0.388080728508191,0.490150915443312,-0.9));
#5467=CARTESIAN_POINT('',(0.388080728508191,0.490150915443312,0.));
#5468=CARTESIAN_POINT('Ctrl Pts',(0.409431909694148,0.55764483560442,-0.9));
#5469=CARTESIAN_POINT('Ctrl Pts',(0.40943749633502,0.55719867507467,-0.9));
#5470=CARTESIAN_POINT('Ctrl Pts',(0.40944072757801,0.556753027149162,-0.9));
#5471=CARTESIAN_POINT('Ctrl Pts',(0.409459066778564,0.538453009623813,-0.9));
#5472=CARTESIAN_POINT('Ctrl Pts',(0.405007293307642,0.519816611927084,-0.9));
#5473=CARTESIAN_POINT('Ctrl Pts',(0.393900931653688,0.498826661556933,-0.9));
#5474=CARTESIAN_POINT('Ctrl Pts',(0.391119903409826,0.494385747704137,-0.9));
#5475=CARTESIAN_POINT('Ctrl Pts',(0.388080728508191,0.490150915443312,-0.9));
#5476=CARTESIAN_POINT('Origin',(-0.139710677070708,0.114075046300786,0.));
#5477=CARTESIAN_POINT('',(-0.139710677070708,0.114075046300786,0.));
#5478=CARTESIAN_POINT('',(-0.139710677070708,0.114075046300786,0.));
#5479=CARTESIAN_POINT('',(-0.134661806834572,0.121063810451955,0.));
#5480=CARTESIAN_POINT('Origin',(0.388080728508191,0.490150915443312,0.));
#5481=CARTESIAN_POINT('',(0.383031858272054,0.483162151292142,-0.9));
#5482=CARTESIAN_POINT('',(0.383031858272054,0.483162151292142,0.));
#5483=CARTESIAN_POINT('',(0.383031858272054,0.483162151292142,-0.9));
#5484=CARTESIAN_POINT('Ctrl Pts',(-0.161061858256666,0.0465811261396777,
0.));
#5485=CARTESIAN_POINT('Ctrl Pts',(-0.161061858256666,0.0465811261396777,
-0.9));
#5486=CARTESIAN_POINT('Ctrl Pts',(-0.161067444897538,0.047027286669428,
0.));
#5487=CARTESIAN_POINT('Ctrl Pts',(-0.161067444897538,0.047027286669428,
-0.9));
#5488=CARTESIAN_POINT('Ctrl Pts',(-0.161070676140528,0.0474729345949361,
0.));
#5489=CARTESIAN_POINT('Ctrl Pts',(-0.161070676140528,0.0474729345949361,
-0.9));
#5490=CARTESIAN_POINT('Ctrl Pts',(-0.161089015341082,0.0657729521202845,
0.));
#5491=CARTESIAN_POINT('Ctrl Pts',(-0.161089015341082,0.0657729521202845,
-0.9));
#5492=CARTESIAN_POINT('Ctrl Pts',(-0.15663724187016,0.084409349817014,0.));
#5493=CARTESIAN_POINT('Ctrl Pts',(-0.15663724187016,0.084409349817014,-0.9));
#5494=CARTESIAN_POINT('Ctrl Pts',(-0.145530880216206,0.105399300187165,
0.));
#5495=CARTESIAN_POINT('Ctrl Pts',(-0.145530880216206,0.105399300187165,
-0.9));
#5496=CARTESIAN_POINT('Ctrl Pts',(-0.142749851972344,0.10984021403996,0.));
#5497=CARTESIAN_POINT('Ctrl Pts',(-0.142749851972344,0.10984021403996,-0.9));
#5498=CARTESIAN_POINT('Ctrl Pts',(-0.139710677070708,0.114075046300786,
0.));
#5499=CARTESIAN_POINT('Ctrl Pts',(-0.139710677070708,0.114075046300786,
-0.9));
#5500=CARTESIAN_POINT('',(-0.161061858256665,0.0465811261396777,0.));
#5501=CARTESIAN_POINT('',(-0.161061858256665,0.0465811261396777,0.));
#5502=CARTESIAN_POINT('Ctrl Pts',(-0.139710677070708,0.114075046300786,
0.));
#5503=CARTESIAN_POINT('Ctrl Pts',(-0.142749851972344,0.10984021403996,0.));
#5504=CARTESIAN_POINT('Ctrl Pts',(-0.145530880216206,0.105399300187165,
0.));
#5505=CARTESIAN_POINT('Ctrl Pts',(-0.15663724187016,0.084409349817014,0.));
#5506=CARTESIAN_POINT('Ctrl Pts',(-0.161089015341082,0.0657729521202845,
0.));
#5507=CARTESIAN_POINT('Ctrl Pts',(-0.161070676140528,0.0474729345949361,
0.));
#5508=CARTESIAN_POINT('Ctrl Pts',(-0.161067444897538,0.047027286669428,
0.));
#5509=CARTESIAN_POINT('Ctrl Pts',(-0.161061858256666,0.0465811261396777,
0.));
#5510=CARTESIAN_POINT('Ctrl Pts',(0.366675027407439,0.45522158660293,-0.7));
#5511=CARTESIAN_POINT('Ctrl Pts',(0.373610877390217,0.470090223658818,-0.7));
#5512=CARTESIAN_POINT('Ctrl Pts',(0.383031858272054,0.483162151292142,-0.7));
#5513=CARTESIAN_POINT('Ctrl Pts',(0.366675027407439,0.45522158660293,-0.9));
#5514=CARTESIAN_POINT('Ctrl Pts',(0.373610877390217,0.470090223658818,-0.9));
#5515=CARTESIAN_POINT('Ctrl Pts',(0.383031858272054,0.483162151292142,-0.9));
#5516=CARTESIAN_POINT('',(0.366675027407439,0.45522158660293,-0.9));
#5517=CARTESIAN_POINT('',(0.366675027407439,0.45522158660293,0.));
#5518=CARTESIAN_POINT('Origin',(0.412463705699253,0.442000257555798,-0.9));
#5519=CARTESIAN_POINT('Ctrl Pts',(-0.129803304092136,0.0154908569518482,
0.));
#5520=CARTESIAN_POINT('Ctrl Pts',(-0.129803304092136,0.0154908569518482,
-0.9));
#5521=CARTESIAN_POINT('Ctrl Pts',(-0.133469010969289,0.0155277286116043,
0.));
#5522=CARTESIAN_POINT('Ctrl Pts',(-0.133469010969289,0.0155277286116043,
-0.9));
#5523=CARTESIAN_POINT('Ctrl Pts',(-0.137304109502091,0.0162151964997025,
0.));
#5524=CARTESIAN_POINT('Ctrl Pts',(-0.137304109502091,0.0162151964997025,
-0.9));
#5525=CARTESIAN_POINT('Ctrl Pts',(-0.145014016595191,0.0191822346416843,
0.));
#5526=CARTESIAN_POINT('Ctrl Pts',(-0.145014016595191,0.0191822346416843,
-0.9));
#5527=CARTESIAN_POINT('Ctrl Pts',(-0.148801763335158,0.0216934417845531,
0.));
#5528=CARTESIAN_POINT('Ctrl Pts',(-0.148801763335158,0.0216934417845531,
-0.9));
#5529=CARTESIAN_POINT('Ctrl Pts',(-0.154756807506715,0.0276164261089277,
0.));
#5530=CARTESIAN_POINT('Ctrl Pts',(-0.154756807506715,0.0276164261089277,
-0.9));
#5531=CARTESIAN_POINT('Ctrl Pts',(-0.15728842483768,0.0313905618205952,
0.));
#5532=CARTESIAN_POINT('Ctrl Pts',(-0.15728842483768,0.0313905618205952,
-0.9));
#5533=CARTESIAN_POINT('Ctrl Pts',(-0.160297038885908,0.0390843401010647,
0.));
#5534=CARTESIAN_POINT('Ctrl Pts',(-0.160297038885908,0.0390843401010647,
-0.9));
#5535=CARTESIAN_POINT('Ctrl Pts',(-0.161005199145545,0.0429156717103288,
0.));
#5536=CARTESIAN_POINT('Ctrl Pts',(-0.161005199145545,0.0429156717103288,
-0.9));
#5537=CARTESIAN_POINT('Ctrl Pts',(-0.161061858256665,0.0465811261396777,
0.));
#5538=CARTESIAN_POINT('Ctrl Pts',(-0.161061858256665,0.0465811261396777,
-0.9));
#5539=CARTESIAN_POINT('',(-0.129803304092136,0.0154908569518491,0.));
#5540=CARTESIAN_POINT('',(-0.129803304092136,0.0154908569518491,0.));
#5541=CARTESIAN_POINT('Ctrl Pts',(-0.161061858256665,0.0465811261396777,
0.));
#5542=CARTESIAN_POINT('Ctrl Pts',(-0.161005199145545,0.0429156717103288,
0.));
#5543=CARTESIAN_POINT('Ctrl Pts',(-0.160297038885908,0.0390843401010647,
0.));
#5544=CARTESIAN_POINT('Ctrl Pts',(-0.15728842483768,0.0313905618205952,
0.));
#5545=CARTESIAN_POINT('Ctrl Pts',(-0.154756807506715,0.0276164261089277,
0.));
#5546=CARTESIAN_POINT('Ctrl Pts',(-0.148801763335158,0.0216934417845531,
0.));
#5547=CARTESIAN_POINT('Ctrl Pts',(-0.145014016595191,0.0191822346416843,
0.));
#5548=CARTESIAN_POINT('Ctrl Pts',(-0.137304109502091,0.0162151964997025,
0.));
#5549=CARTESIAN_POINT('Ctrl Pts',(-0.133469010969289,0.0155277286116043,
0.));
#5550=CARTESIAN_POINT('Ctrl Pts',(-0.129803304092136,0.0154908569518482,
0.));
#5551=CARTESIAN_POINT('Ctrl Pts',(0.364586905878088,0.45016327002898,-0.7));
#5552=CARTESIAN_POINT('Ctrl Pts',(0.365500982927161,0.452650952040035,-0.7));
#5553=CARTESIAN_POINT('Ctrl Pts',(0.366675027407439,0.45522158660293,-0.7));
#5554=CARTESIAN_POINT('Ctrl Pts',(0.364586905878088,0.45016327002898,-0.9));
#5555=CARTESIAN_POINT('Ctrl Pts',(0.365500982927161,0.452650952040035,-0.9));
#5556=CARTESIAN_POINT('Ctrl Pts',(0.366675027407439,0.45522158660293,-0.9));
#5557=CARTESIAN_POINT('',(0.364586905878088,0.45016327002898,-0.9));
#5558=CARTESIAN_POINT('',(0.364586905878088,0.45016327002898,0.));
#5559=CARTESIAN_POINT('Origin',(0.431044156628105,0.473565008424018,-0.9));
#5560=CARTESIAN_POINT('Ctrl Pts',(-0.0624256239257302,0.0372060684899204,
0.));
#5561=CARTESIAN_POINT('Ctrl Pts',(-0.0624256239257302,0.0372060684899204,
-0.9));
#5562=CARTESIAN_POINT('Ctrl Pts',(-0.0666439886018096,0.0341440776637316,
0.));
#5563=CARTESIAN_POINT('Ctrl Pts',(-0.0666439886018096,0.0341440776637316,
-0.9));
#5564=CARTESIAN_POINT('Ctrl Pts',(-0.0710698253783117,0.0313391172774034,
0.));
#5565=CARTESIAN_POINT('Ctrl Pts',(-0.0710698253783117,0.0313391172774034,
-0.9));
#5566=CARTESIAN_POINT('Ctrl Pts',(-0.091999516260083,0.0201196108121742,
0.));
#5567=CARTESIAN_POINT('Ctrl Pts',(-0.091999516260083,0.0201196108121742,
-0.9));
#5568=CARTESIAN_POINT('Ctrl Pts',(-0.1106116111397,0.0155673003724957,0.));
#5569=CARTESIAN_POINT('Ctrl Pts',(-0.1106116111397,0.0155673003724957,-0.9));
#5570=CARTESIAN_POINT('Ctrl Pts',(-0.128911461030423,0.0154868533008442,
0.));
#5571=CARTESIAN_POINT('Ctrl Pts',(-0.128911461030423,0.0154868533008442,
-0.9));
#5572=CARTESIAN_POINT('Ctrl Pts',(-0.129357119905512,0.0154876788281189,
0.));
#5573=CARTESIAN_POINT('Ctrl Pts',(-0.129357119905512,0.0154876788281189,
-0.9));
#5574=CARTESIAN_POINT('Ctrl Pts',(-0.129803304092136,0.0154908569518491,
0.));
#5575=CARTESIAN_POINT('Ctrl Pts',(-0.129803304092136,0.0154908569518491,
-0.9));
#5576=CARTESIAN_POINT('',(-0.0624256239257302,0.0372060684899204,0.));
#5577=CARTESIAN_POINT('',(-0.0624256239257302,0.0372060684899204,0.));
#5578=CARTESIAN_POINT('Ctrl Pts',(-0.129803304092136,0.0154908569518491,
0.));
#5579=CARTESIAN_POINT('Ctrl Pts',(-0.129357119905512,0.0154876788281189,
0.));
#5580=CARTESIAN_POINT('Ctrl Pts',(-0.128911461030423,0.0154868533008442,
0.));
#5581=CARTESIAN_POINT('Ctrl Pts',(-0.1106116111397,0.0155673003724957,0.));
#5582=CARTESIAN_POINT('Ctrl Pts',(-0.091999516260083,0.0201196108121742,
0.));
#5583=CARTESIAN_POINT('Ctrl Pts',(-0.0710698253783117,0.0313391172774034,
0.));
#5584=CARTESIAN_POINT('Ctrl Pts',(-0.0666439886018096,0.0341440776637316,
0.));
#5585=CARTESIAN_POINT('Ctrl Pts',(-0.0624256239257302,0.0372060684899204,
0.));
#5586=CARTESIAN_POINT('Origin',(0.425623236985397,0.427927044523606,0.));
#5587=CARTESIAN_POINT('',(0.403570233868543,0.366824274592162,-0.9));
#5588=CARTESIAN_POINT('',(0.403570233868543,0.366824274592162,0.));
#5589=CARTESIAN_POINT('Origin',(0.425623236985397,0.427927044523606,-0.9));
#5590=CARTESIAN_POINT('Origin',(-0.0554642160953343,0.0422925914713802,
0.));
#5591=CARTESIAN_POINT('',(-0.0554642160953343,0.0422925914713802,0.));
#5592=CARTESIAN_POINT('',(-0.0554642160953343,0.0422925914713802,0.));
#5593=CARTESIAN_POINT('',(-0.0624256239257302,0.0372060684899204,0.));
#5594=CARTESIAN_POINT('Ctrl Pts',(0.434936982076238,0.358802542986033,-0.7));
#5595=CARTESIAN_POINT('Ctrl Pts',(0.419033204554028,0.361295294855638,-0.7));
#5596=CARTESIAN_POINT('Ctrl Pts',(0.403570233868543,0.366824274592162,-0.7));
#5597=CARTESIAN_POINT('Ctrl Pts',(0.434936982076238,0.358802542986033,-0.9));
#5598=CARTESIAN_POINT('Ctrl Pts',(0.419033204554028,0.361295294855638,-0.9));
#5599=CARTESIAN_POINT('Ctrl Pts',(0.403570233868543,0.366824274592162,-0.9));
#5600=CARTESIAN_POINT('',(0.434936982076238,0.358802542986033,-0.9));
#5601=CARTESIAN_POINT('',(0.434936982076238,0.358802542986033,0.));
#5602=CARTESIAN_POINT('Origin',(0.425966932950805,0.409054035478453,-0.9));
#5603=CARTESIAN_POINT('Ctrl Pts',(-0.0554642160953343,0.0422925914713802,
0.));
#5604=CARTESIAN_POINT('Ctrl Pts',(-0.0424559054120843,0.0517756186530043,
0.));
#5605=CARTESIAN_POINT('Ctrl Pts',(-0.0276123549183502,0.0588000110172603,
0.));
#5606=CARTESIAN_POINT('Ctrl Pts',(-0.0554642160953343,0.0422925914713802,
-0.2));
#5607=CARTESIAN_POINT('Ctrl Pts',(-0.0424559054120843,0.0517756186530043,
-0.2));
#5608=CARTESIAN_POINT('Ctrl Pts',(-0.0276123549183502,0.0588000110172603,
-0.2));
#5609=CARTESIAN_POINT('',(-0.0276123549183502,0.0588000110172603,0.));
#5610=CARTESIAN_POINT('',(-0.0276123549183502,0.0588000110172603,0.));
#5611=CARTESIAN_POINT('Origin',(-0.0135882624252739,0.0131022029297493,
0.));
#5612=CARTESIAN_POINT('Origin',(0.434936982076238,0.358802542986033,0.));
#5613=CARTESIAN_POINT('',(0.443456155652568,0.357476799195407,-0.9));
#5614=CARTESIAN_POINT('',(0.443456155652568,0.357476799195407,0.));
#5615=CARTESIAN_POINT('',(0.443456155652568,0.357476799195407,-0.9));
#5616=CARTESIAN_POINT('Origin',(-2.73184799366426E-17,-3.16894367265055E-16,
0.));
#5617=CARTESIAN_POINT('',(0.0609828345250516,0.0223825229377084,0.));
#5618=CARTESIAN_POINT('',(0.0609828345250516,0.0223825229377084,0.));
#5619=CARTESIAN_POINT('Origin',(-2.73184799366426E-17,-3.16894367265055E-16,
0.));
#5620=CARTESIAN_POINT('Ctrl Pts',(0.443456155652568,0.357476799195407,0.));
#5621=CARTESIAN_POINT('Ctrl Pts',(0.443456155652568,0.357476799195407,-0.9));
#5622=CARTESIAN_POINT('Ctrl Pts',(0.448604144397671,0.356659119404562,0.));
#5623=CARTESIAN_POINT('Ctrl Pts',(0.448604144397671,0.356659119404562,-0.9));
#5624=CARTESIAN_POINT('Ctrl Pts',(0.453717090104892,0.355512986717605,0.));
#5625=CARTESIAN_POINT('Ctrl Pts',(0.453717090104892,0.355512986717605,-0.9));
#5626=CARTESIAN_POINT('Ctrl Pts',(0.476450005558661,0.348646849470096,0.));
#5627=CARTESIAN_POINT('Ctrl Pts',(0.476450005558661,0.348646849470096,-0.9));
#5628=CARTESIAN_POINT('Ctrl Pts',(0.492829713642088,0.338705080550595,0.));
#5629=CARTESIAN_POINT('Ctrl Pts',(0.492829713642088,0.338705080550595,-0.9));
#5630=CARTESIAN_POINT('Ctrl Pts',(0.505826546264406,0.32582201726806,0.));
#5631=CARTESIAN_POINT('Ctrl Pts',(0.505826546264406,0.32582201726806,-0.9));
#5632=CARTESIAN_POINT('Ctrl Pts',(0.506141090941143,0.325506305119454,0.));
#5633=CARTESIAN_POINT('Ctrl Pts',(0.506141090941143,0.325506305119454,-0.9));
#5634=CARTESIAN_POINT('Ctrl Pts',(0.506454343532322,0.325188557982594,0.));
#5635=CARTESIAN_POINT('Ctrl Pts',(0.506454343532322,0.325188557982594,-0.9));
#5636=CARTESIAN_POINT('',(0.506454343532322,0.325188557982594,-0.9));
#5637=CARTESIAN_POINT('',(0.506454343532322,0.325188557982594,0.));
#5638=CARTESIAN_POINT('Ctrl Pts',(0.443456155652568,0.357476799195407,-0.9));
#5639=CARTESIAN_POINT('Ctrl Pts',(0.448604144397671,0.356659119404562,-0.9));
#5640=CARTESIAN_POINT('Ctrl Pts',(0.453717090104892,0.355512986717605,-0.9));
#5641=CARTESIAN_POINT('Ctrl Pts',(0.476450005558661,0.348646849470096,-0.9));
#5642=CARTESIAN_POINT('Ctrl Pts',(0.492829713642088,0.338705080550595,-0.9));
#5643=CARTESIAN_POINT('Ctrl Pts',(0.505826546264406,0.32582201726806,-0.9));
#5644=CARTESIAN_POINT('Ctrl Pts',(0.506141090941143,0.325506305119454,-0.9));
#5645=CARTESIAN_POINT('Ctrl Pts',(0.506454343532322,0.325188557982594,-0.9));
#5646=CARTESIAN_POINT('Ctrl Pts',(0.0609828345250516,0.0223825229377084,
0.));
#5647=CARTESIAN_POINT('Ctrl Pts',(0.0665921620581563,0.00696442229237261,
0.));
#5648=CARTESIAN_POINT('Ctrl Pts',(0.069173771263884,-0.00894046584730603,
0.));
#5649=CARTESIAN_POINT('Ctrl Pts',(0.0609828345250516,0.0223825229377084,
-0.2));
#5650=CARTESIAN_POINT('Ctrl Pts',(0.0665921620581563,0.00696442229237261,
-0.2));
#5651=CARTESIAN_POINT('Ctrl Pts',(0.069173771263884,-0.00894046584730603,
-0.2));
#5652=CARTESIAN_POINT('',(0.069173771263884,-0.00894046584730598,0.));
#5653=CARTESIAN_POINT('',(0.069173771263884,-0.00894046584730598,0.));
#5654=CARTESIAN_POINT('Origin',(0.019256458177774,-0.000646070558475534,
0.));
#5655=CARTESIAN_POINT('Ctrl Pts',(0.506454343532322,0.325188557982594,0.));
#5656=CARTESIAN_POINT('Ctrl Pts',(0.506454343532322,0.325188557982594,-0.9));
#5657=CARTESIAN_POINT('Ctrl Pts',(0.509020317522352,0.322570439591269,0.));
#5658=CARTESIAN_POINT('Ctrl Pts',(0.509020317522352,0.322570439591269,-0.9));
#5659=CARTESIAN_POINT('Ctrl Pts',(0.511246028495893,0.319372502206684,0.));
#5660=CARTESIAN_POINT('Ctrl Pts',(0.511246028495893,0.319372502206684,-0.9));
#5661=CARTESIAN_POINT('Ctrl Pts',(0.514599743293508,0.311822761828601,0.));
#5662=CARTESIAN_POINT('Ctrl Pts',(0.514599743293508,0.311822761828601,-0.9));
#5663=CARTESIAN_POINT('Ctrl Pts',(0.515502393099069,0.307368728823666,0.));
#5664=CARTESIAN_POINT('Ctrl Pts',(0.515502393099069,0.307368728823666,-0.9));
#5665=CARTESIAN_POINT('Ctrl Pts',(0.515525062834415,0.298969694327066,0.));
#5666=CARTESIAN_POINT('Ctrl Pts',(0.515525062834415,0.298969694327066,-0.9));
#5667=CARTESIAN_POINT('Ctrl Pts',(0.514646469661672,0.294510853590133,0.));
#5668=CARTESIAN_POINT('Ctrl Pts',(0.514646469661672,0.294510853590133,-0.9));
#5669=CARTESIAN_POINT('Ctrl Pts',(0.511333558262081,0.286943119399593,0.));
#5670=CARTESIAN_POINT('Ctrl Pts',(0.511333558262081,0.286943119399593,-0.9));
#5671=CARTESIAN_POINT('Ctrl Pts',(0.509125142621953,0.283733213915952,0.));
#5672=CARTESIAN_POINT('Ctrl Pts',(0.509125142621953,0.283733213915952,-0.9));
#5673=CARTESIAN_POINT('Ctrl Pts',(0.50657333898052,0.281101282191141,0.));
#5674=CARTESIAN_POINT('Ctrl Pts',(0.50657333898052,0.281101282191141,-0.9));
#5675=CARTESIAN_POINT('',(0.50657333898052,0.281101282191141,-0.9));
#5676=CARTESIAN_POINT('',(0.50657333898052,0.281101282191141,0.));
#5677=CARTESIAN_POINT('Ctrl Pts',(0.506454343532322,0.325188557982594,-0.9));
#5678=CARTESIAN_POINT('Ctrl Pts',(0.509020317522352,0.322570439591269,-0.9));
#5679=CARTESIAN_POINT('Ctrl Pts',(0.511246028495893,0.319372502206684,-0.9));
#5680=CARTESIAN_POINT('Ctrl Pts',(0.514599743293508,0.311822761828601,-0.9));
#5681=CARTESIAN_POINT('Ctrl Pts',(0.515502393099069,0.307368728823666,-0.9));
#5682=CARTESIAN_POINT('Ctrl Pts',(0.515525062834415,0.298969694327066,-0.9));
#5683=CARTESIAN_POINT('Ctrl Pts',(0.514646469661672,0.294510853590133,-0.9));
#5684=CARTESIAN_POINT('Ctrl Pts',(0.511333558262081,0.286943119399593,-0.9));
#5685=CARTESIAN_POINT('Ctrl Pts',(0.509125142621953,0.283733213915952,-0.9));
#5686=CARTESIAN_POINT('Ctrl Pts',(0.50657333898052,0.281101282191141,-0.9));
#5687=CARTESIAN_POINT('Origin',(0.0705454834059867,-0.0174523587520144,
0.));
#5688=CARTESIAN_POINT('',(0.0705454834059867,-0.0174523587520144,0.));
#5689=CARTESIAN_POINT('',(0.0705454834059867,-0.0174523587520144,0.));
#5690=CARTESIAN_POINT('',(0.069173771263884,-0.00894046584730598,0.));
#5691=CARTESIAN_POINT('Ctrl Pts',(0.50657333898052,0.281101282191141,0.));
#5692=CARTESIAN_POINT('Ctrl Pts',(0.50657333898052,0.281101282191141,-0.9));
#5693=CARTESIAN_POINT('Ctrl Pts',(0.50626180619608,0.280781848703412,0.));
#5694=CARTESIAN_POINT('Ctrl Pts',(0.50626180619608,0.280781848703412,-0.9));
#5695=CARTESIAN_POINT('Ctrl Pts',(0.505948970359761,0.280464443199434,0.));
#5696=CARTESIAN_POINT('Ctrl Pts',(0.505948970359761,0.280464443199434,-0.9));
#5697=CARTESIAN_POINT('Ctrl Pts',(0.493021871644829,0.267511408938354,0.));
#5698=CARTESIAN_POINT('Ctrl Pts',(0.493021871644829,0.267511408938354,-0.9));
#5699=CARTESIAN_POINT('Ctrl Pts',(0.476696069246986,0.257481364959702,0.));
#5700=CARTESIAN_POINT('Ctrl Pts',(0.476696069246986,0.257481364959702,-0.9));
#5701=CARTESIAN_POINT('Ctrl Pts',(0.454000549363662,0.250492612356021,0.));
#5702=CARTESIAN_POINT('Ctrl Pts',(0.454000549363662,0.250492612356021,-0.9));
#5703=CARTESIAN_POINT('Ctrl Pts',(0.44889386513378,0.24931889598595,0.));
#5704=CARTESIAN_POINT('Ctrl Pts',(0.44889386513378,0.24931889598595,-0.9));
#5705=CARTESIAN_POINT('Ctrl Pts',(0.443750365342804,0.248473438559291,0.));
#5706=CARTESIAN_POINT('Ctrl Pts',(0.443750365342804,0.248473438559291,-0.9));
#5707=CARTESIAN_POINT('',(0.443750365342804,0.248473438559291,-0.9));
#5708=CARTESIAN_POINT('',(0.443750365342804,0.248473438559291,0.));
#5709=CARTESIAN_POINT('Ctrl Pts',(0.50657333898052,0.281101282191141,-0.9));
#5710=CARTESIAN_POINT('Ctrl Pts',(0.50626180619608,0.280781848703412,-0.9));
#5711=CARTESIAN_POINT('Ctrl Pts',(0.505948970359761,0.280464443199434,-0.9));
#5712=CARTESIAN_POINT('Ctrl Pts',(0.493021871644829,0.267511408938354,-0.9));
#5713=CARTESIAN_POINT('Ctrl Pts',(0.476696069246986,0.257481364959702,-0.9));
#5714=CARTESIAN_POINT('Ctrl Pts',(0.454000549363662,0.250492612356021,-0.9));
#5715=CARTESIAN_POINT('Ctrl Pts',(0.44889386513378,0.24931889598595,-0.9));
#5716=CARTESIAN_POINT('Ctrl Pts',(0.443750365342804,0.248473438559291,-0.9));
#5717=CARTESIAN_POINT('Ctrl Pts',(0.103173327037837,-0.0802753323897302,
0.));
#5718=CARTESIAN_POINT('Ctrl Pts',(0.103173327037837,-0.0802753323897302,
-0.9));
#5719=CARTESIAN_POINT('Ctrl Pts',(0.102853893550108,-0.0799637996052906,
0.));
#5720=CARTESIAN_POINT('Ctrl Pts',(0.102853893550108,-0.0799637996052906,
-0.9));
#5721=CARTESIAN_POINT('Ctrl Pts',(0.10253648804613,-0.0796509637689721,
0.));
#5722=CARTESIAN_POINT('Ctrl Pts',(0.10253648804613,-0.0796509637689721,
-0.9));
#5723=CARTESIAN_POINT('Ctrl Pts',(0.0895834537850495,-0.0667238650540391,
0.));
#5724=CARTESIAN_POINT('Ctrl Pts',(0.0895834537850495,-0.0667238650540391,
-0.9));
#5725=CARTESIAN_POINT('Ctrl Pts',(0.0795534098063979,-0.0503980626561971,
0.));
#5726=CARTESIAN_POINT('Ctrl Pts',(0.0795534098063979,-0.0503980626561971,
-0.9));
#5727=CARTESIAN_POINT('Ctrl Pts',(0.0725646572027162,-0.0277025427728731,
0.));
#5728=CARTESIAN_POINT('Ctrl Pts',(0.0725646572027162,-0.0277025427728731,
-0.9));
#5729=CARTESIAN_POINT('Ctrl Pts',(0.0713909408326452,-0.0225958585429901,
0.));
#5730=CARTESIAN_POINT('Ctrl Pts',(0.0713909408326452,-0.0225958585429901,
-0.9));
#5731=CARTESIAN_POINT('Ctrl Pts',(0.0705454834059867,-0.0174523587520144,
0.));
#5732=CARTESIAN_POINT('Ctrl Pts',(0.0705454834059867,-0.0174523587520144,
-0.9));
#5733=CARTESIAN_POINT('',(0.103173327037836,-0.0802753323897307,0.));
#5734=CARTESIAN_POINT('',(0.103173327037836,-0.0802753323897307,0.));
#5735=CARTESIAN_POINT('Ctrl Pts',(0.0705454834059867,-0.0174523587520144,
0.));
#5736=CARTESIAN_POINT('Ctrl Pts',(0.0713909408326452,-0.0225958585429901,
0.));
#5737=CARTESIAN_POINT('Ctrl Pts',(0.0725646572027162,-0.0277025427728731,
0.));
#5738=CARTESIAN_POINT('Ctrl Pts',(0.0795534098063979,-0.0503980626561971,
0.));
#5739=CARTESIAN_POINT('Ctrl Pts',(0.0895834537850495,-0.0667238650540391,
0.));
#5740=CARTESIAN_POINT('Ctrl Pts',(0.10253648804613,-0.0796509637689721,
0.));
#5741=CARTESIAN_POINT('Ctrl Pts',(0.102853893550108,-0.0799637996052906,
0.));
#5742=CARTESIAN_POINT('Ctrl Pts',(0.103173327037837,-0.0802753323897302,
0.));
#5743=CARTESIAN_POINT('Origin',(0.443750365342804,0.248473438559291,0.));
#5744=CARTESIAN_POINT('',(0.435238472438095,0.247101726417189,-0.9));
#5745=CARTESIAN_POINT('',(0.435238472438095,0.247101726417189,0.));
#5746=CARTESIAN_POINT('',(0.435238472438095,0.247101726417189,-0.9));
#5747=CARTESIAN_POINT('Ctrl Pts',(0.147260602829286,-0.080156336941532,
0.));
#5748=CARTESIAN_POINT('Ctrl Pts',(0.147260602829286,-0.080156336941532,
-0.9));
#5749=CARTESIAN_POINT('Ctrl Pts',(0.144642484437962,-0.0827223109315618,
0.));
#5750=CARTESIAN_POINT('Ctrl Pts',(0.144642484437962,-0.0827223109315618,
-0.9));
#5751=CARTESIAN_POINT('Ctrl Pts',(0.141444547053376,-0.0849480219051027,
0.));
#5752=CARTESIAN_POINT('Ctrl Pts',(0.141444547053376,-0.0849480219051027,
-0.9));
#5753=CARTESIAN_POINT('Ctrl Pts',(0.133894806675293,-0.0883017367027171,
0.));
#5754=CARTESIAN_POINT('Ctrl Pts',(0.133894806675293,-0.0883017367027171,
-0.9));
#5755=CARTESIAN_POINT('Ctrl Pts',(0.129440773670359,-0.0892043865082782,
0.));
#5756=CARTESIAN_POINT('Ctrl Pts',(0.129440773670359,-0.0892043865082782,
-0.9));
#5757=CARTESIAN_POINT('Ctrl Pts',(0.121041739173759,-0.0892270562436249,
0.));
#5758=CARTESIAN_POINT('Ctrl Pts',(0.121041739173759,-0.0892270562436249,
-0.9));
#5759=CARTESIAN_POINT('Ctrl Pts',(0.116582898436826,-0.0883484630708814,
0.));
#5760=CARTESIAN_POINT('Ctrl Pts',(0.116582898436826,-0.0883484630708814,
-0.9));
#5761=CARTESIAN_POINT('Ctrl Pts',(0.109015164246287,-0.0850355516712912,
0.));
#5762=CARTESIAN_POINT('Ctrl Pts',(0.109015164246287,-0.0850355516712912,
-0.9));
#5763=CARTESIAN_POINT('Ctrl Pts',(0.105805258762647,-0.0828271360311636,
0.));
#5764=CARTESIAN_POINT('Ctrl Pts',(0.105805258762647,-0.0828271360311636,
-0.9));
#5765=CARTESIAN_POINT('Ctrl Pts',(0.103173327037836,-0.0802753323897307,
0.));
#5766=CARTESIAN_POINT('Ctrl Pts',(0.103173327037836,-0.0802753323897307,
-0.9));
#5767=CARTESIAN_POINT('',(0.147260602829286,-0.0801563369415326,0.));
#5768=CARTESIAN_POINT('',(0.147260602829286,-0.0801563369415326,0.));
#5769=CARTESIAN_POINT('Ctrl Pts',(0.103173327037836,-0.0802753323897307,
0.));
#5770=CARTESIAN_POINT('Ctrl Pts',(0.105805258762647,-0.0828271360311636,
0.));
#5771=CARTESIAN_POINT('Ctrl Pts',(0.109015164246287,-0.0850355516712912,
0.));
#5772=CARTESIAN_POINT('Ctrl Pts',(0.116582898436826,-0.0883484630708814,
0.));
#5773=CARTESIAN_POINT('Ctrl Pts',(0.121041739173759,-0.0892270562436249,
0.));
#5774=CARTESIAN_POINT('Ctrl Pts',(0.129440773670359,-0.0892043865082782,
0.));
#5775=CARTESIAN_POINT('Ctrl Pts',(0.133894806675293,-0.0883017367027171,
0.));
#5776=CARTESIAN_POINT('Ctrl Pts',(0.141444547053376,-0.0849480219051027,
0.));
#5777=CARTESIAN_POINT('Ctrl Pts',(0.144642484437962,-0.0827223109315618,
0.));
#5778=CARTESIAN_POINT('Ctrl Pts',(0.147260602829286,-0.080156336941532,
0.));
#5779=CARTESIAN_POINT('Ctrl Pts',(0.403915483653081,0.238910789678356,-0.7));
#5780=CARTESIAN_POINT('Ctrl Pts',(0.419333584298415,0.244520117211461,-0.7));
#5781=CARTESIAN_POINT('Ctrl Pts',(0.435238472438095,0.247101726417189,-0.7));
#5782=CARTESIAN_POINT('Ctrl Pts',(0.403915483653081,0.238910789678356,-0.9));
#5783=CARTESIAN_POINT('Ctrl Pts',(0.419333584298415,0.244520117211461,-0.9));
#5784=CARTESIAN_POINT('Ctrl Pts',(0.435238472438095,0.247101726417189,-0.9));
#5785=CARTESIAN_POINT('',(0.403915483653081,0.238910789678356,-0.9));
#5786=CARTESIAN_POINT('',(0.403915483653081,0.238910789678356,0.));
#5787=CARTESIAN_POINT('Origin',(0.426944077149431,0.197184413330324,-0.9));
#5788=CARTESIAN_POINT('Ctrl Pts',(0.1795488440421,-0.0171581490617786,0.));
#5789=CARTESIAN_POINT('Ctrl Pts',(0.1795488440421,-0.0171581490617786,-0.9));
#5790=CARTESIAN_POINT('Ctrl Pts',(0.178731164251255,-0.0223061378068813,
0.));
#5791=CARTESIAN_POINT('Ctrl Pts',(0.178731164251255,-0.0223061378068813,
-0.9));
#5792=CARTESIAN_POINT('Ctrl Pts',(0.177585031564298,-0.027419083514103,
0.));
#5793=CARTESIAN_POINT('Ctrl Pts',(0.177585031564298,-0.027419083514103,
-0.9));
#5794=CARTESIAN_POINT('Ctrl Pts',(0.170718894316789,-0.0501519989678716,
0.));
#5795=CARTESIAN_POINT('Ctrl Pts',(0.170718894316789,-0.0501519989678716,
-0.9));
#5796=CARTESIAN_POINT('Ctrl Pts',(0.160777125397287,-0.0665317070512991,
0.));
#5797=CARTESIAN_POINT('Ctrl Pts',(0.160777125397287,-0.0665317070512991,
-0.9));
#5798=CARTESIAN_POINT('Ctrl Pts',(0.147894062114753,-0.0795285396736166,
0.));
#5799=CARTESIAN_POINT('Ctrl Pts',(0.147894062114753,-0.0795285396736166,
-0.9));
#5800=CARTESIAN_POINT('Ctrl Pts',(0.147578349966147,-0.079843084350354,
0.));
#5801=CARTESIAN_POINT('Ctrl Pts',(0.147578349966147,-0.079843084350354,
-0.9));
#5802=CARTESIAN_POINT('Ctrl Pts',(0.147260602829286,-0.0801563369415326,
0.));
#5803=CARTESIAN_POINT('Ctrl Pts',(0.147260602829286,-0.0801563369415326,
-0.9));
#5804=CARTESIAN_POINT('',(0.1795488440421,-0.0171581490617786,0.));
#5805=CARTESIAN_POINT('',(0.1795488440421,-0.0171581490617786,0.));
#5806=CARTESIAN_POINT('Ctrl Pts',(0.147260602829286,-0.0801563369415326,
0.));
#5807=CARTESIAN_POINT('Ctrl Pts',(0.147578349966147,-0.079843084350354,
0.));
#5808=CARTESIAN_POINT('Ctrl Pts',(0.147894062114753,-0.0795285396736166,
0.));
#5809=CARTESIAN_POINT('Ctrl Pts',(0.160777125397287,-0.0665317070512991,
0.));
#5810=CARTESIAN_POINT('Ctrl Pts',(0.170718894316789,-0.0501519989678716,
0.));
#5811=CARTESIAN_POINT('Ctrl Pts',(0.177585031564298,-0.027419083514103,
0.));
#5812=CARTESIAN_POINT('Ctrl Pts',(0.178731164251255,-0.0223061378068813,
0.));
#5813=CARTESIAN_POINT('Ctrl Pts',(0.1795488440421,-0.0171581490617786,0.));
#5814=CARTESIAN_POINT('Origin',(0.42629800659079,0.177927955153305,0.));
#5815=CARTESIAN_POINT('',(0.367497995573529,0.150315600234955,-0.9));
#5816=CARTESIAN_POINT('',(0.367497995573529,0.150315600234955,0.));
#5817=CARTESIAN_POINT('Origin',(0.42629800659079,0.177927955153305,-0.9));
#5818=CARTESIAN_POINT('Origin',(0.180874587832727,-0.00863897548544894,
0.));
#5819=CARTESIAN_POINT('',(0.180874587832727,-0.00863897548544894,0.));
#5820=CARTESIAN_POINT('',(0.180874587832727,-0.00863897548544894,0.));
#5821=CARTESIAN_POINT('',(0.1795488440421,-0.0171581490617786,0.));
#5822=CARTESIAN_POINT('Ctrl Pts',(0.384005415119409,0.122463739057971,-0.7));
#5823=CARTESIAN_POINT('Ctrl Pts',(0.374522387937784,0.135472049741219,-0.7));
#5824=CARTESIAN_POINT('Ctrl Pts',(0.367497995573529,0.150315600234955,-0.7));
#5825=CARTESIAN_POINT('Ctrl Pts',(0.384005415119409,0.122463739057971,-0.9));
#5826=CARTESIAN_POINT('Ctrl Pts',(0.374522387937784,0.135472049741219,-0.9));
#5827=CARTESIAN_POINT('Ctrl Pts',(0.367497995573529,0.150315600234955,-0.9));
#5828=CARTESIAN_POINT('',(0.384005415119409,0.122463739057971,-0.9));
#5829=CARTESIAN_POINT('',(0.384005415119409,0.122463739057971,0.));
#5830=CARTESIAN_POINT('Origin',(0.413195803657168,0.164339692725192,-0.9));
#5831=CARTESIAN_POINT('Ctrl Pts',(0.180874587832727,-0.00863897548544895,
0.));
#5832=CARTESIAN_POINT('Ctrl Pts',(0.183367339702331,0.00726480203676104,
0.));
#5833=CARTESIAN_POINT('Ctrl Pts',(0.188896319438855,0.022727772722246,0.));
#5834=CARTESIAN_POINT('Ctrl Pts',(0.180874587832727,-0.00863897548544895,
-0.2));
#5835=CARTESIAN_POINT('Ctrl Pts',(0.183367339702331,0.00726480203676104,
-0.2));
#5836=CARTESIAN_POINT('Ctrl Pts',(0.188896319438855,0.022727772722246,-0.2));
#5837=CARTESIAN_POINT('',(0.188896319438855,0.022727772722246,0.));
#5838=CARTESIAN_POINT('',(0.188896319438855,0.022727772722246,0.));
#5839=CARTESIAN_POINT('Origin',(0.231126080324565,0.000331073640079131,
0.));
#5840=CARTESIAN_POINT('Origin',(0.384005415119409,0.122463739057971,0.));
#5841=CARTESIAN_POINT('',(0.389091938100869,0.115502331227575,-0.9));
#5842=CARTESIAN_POINT('',(0.389091938100869,0.115502331227575,0.));
#5843=CARTESIAN_POINT('',(0.389091938100869,0.115502331227575,-0.9));
#5844=CARTESIAN_POINT('Origin',(0.255351431599852,-0.00151595699563848,
0.));
#5845=CARTESIAN_POINT('',(0.190969255516885,0.0277923313506022,0.));
#5846=CARTESIAN_POINT('',(0.190969255516885,0.0277923313506022,0.));
#5847=CARTESIAN_POINT('Origin',(0.255351431599852,-0.00151595699563848,
0.));
#5848=CARTESIAN_POINT('Ctrl Pts',(0.389091938100868,0.115502331227575,0.));
#5849=CARTESIAN_POINT('Ctrl Pts',(0.389091938100868,0.115502331227575,-0.9));
#5850=CARTESIAN_POINT('Ctrl Pts',(0.392153928927057,0.111283966551495,0.));
#5851=CARTESIAN_POINT('Ctrl Pts',(0.392153928927057,0.111283966551495,-0.9));
#5852=CARTESIAN_POINT('Ctrl Pts',(0.394958889313385,0.106858129774993,0.));
#5853=CARTESIAN_POINT('Ctrl Pts',(0.394958889313385,0.106858129774993,-0.9));
#5854=CARTESIAN_POINT('Ctrl Pts',(0.406178395778615,0.0859284388932217,
0.));
#5855=CARTESIAN_POINT('Ctrl Pts',(0.406178395778615,0.0859284388932217,
-0.9));
#5856=CARTESIAN_POINT('Ctrl Pts',(0.410730706218293,0.0673163440136048,
0.));
#5857=CARTESIAN_POINT('Ctrl Pts',(0.410730706218293,0.0673163440136048,
-0.9));
#5858=CARTESIAN_POINT('Ctrl Pts',(0.410811153289945,0.0490164941228817,
0.));
#5859=CARTESIAN_POINT('Ctrl Pts',(0.410811153289945,0.0490164941228817,
-0.9));
#5860=CARTESIAN_POINT('Ctrl Pts',(0.41081032776267,0.0485708352477926,0.));
#5861=CARTESIAN_POINT('Ctrl Pts',(0.41081032776267,0.0485708352477926,-0.9));
#5862=CARTESIAN_POINT('Ctrl Pts',(0.410807149638939,0.0481246510611692,
0.));
#5863=CARTESIAN_POINT('Ctrl Pts',(0.410807149638939,0.0481246510611692,
-0.9));
#5864=CARTESIAN_POINT('',(0.41080714963894,0.0481246510611692,-0.9));
#5865=CARTESIAN_POINT('',(0.41080714963894,0.0481246510611692,0.));
#5866=CARTESIAN_POINT('Ctrl Pts',(0.389091938100868,0.115502331227575,-0.9));
#5867=CARTESIAN_POINT('Ctrl Pts',(0.392153928927057,0.111283966551495,-0.9));
#5868=CARTESIAN_POINT('Ctrl Pts',(0.394958889313385,0.106858129774993,-0.9));
#5869=CARTESIAN_POINT('Ctrl Pts',(0.406178395778615,0.0859284388932217,
-0.9));
#5870=CARTESIAN_POINT('Ctrl Pts',(0.410730706218293,0.0673163440136048,
-0.9));
#5871=CARTESIAN_POINT('Ctrl Pts',(0.410811153289945,0.0490164941228817,
-0.9));
#5872=CARTESIAN_POINT('Ctrl Pts',(0.41081032776267,0.0485708352477926,-0.9));
#5873=CARTESIAN_POINT('Ctrl Pts',(0.410807149638939,0.0481246510611692,
-0.9));
#5874=CARTESIAN_POINT('Origin',(0.249999089370299,0.000674769605392313,
0.));
#5875=CARTESIAN_POINT('',(0.277293631449623,0.0596229791833503,0.));
#5876=CARTESIAN_POINT('',(0.277293631449623,0.0596229791833503,0.));
#5877=CARTESIAN_POINT('Origin',(0.249999089370299,0.000674769605392313,
0.));
#5878=CARTESIAN_POINT('Ctrl Pts',(0.41080714963894,0.0481246510611692,0.));
#5879=CARTESIAN_POINT('Ctrl Pts',(0.41080714963894,0.0481246510611692,-0.9));
#5880=CARTESIAN_POINT('Ctrl Pts',(0.410770277979183,0.0444589441840162,
0.));
#5881=CARTESIAN_POINT('Ctrl Pts',(0.410770277979183,0.0444589441840162,
-0.9));
#5882=CARTESIAN_POINT('Ctrl Pts',(0.410082810091085,0.0406238456512137,
0.));
#5883=CARTESIAN_POINT('Ctrl Pts',(0.410082810091085,0.0406238456512137,
-0.9));
#5884=CARTESIAN_POINT('Ctrl Pts',(0.407115771949104,0.0329139385581143,
0.));
#5885=CARTESIAN_POINT('Ctrl Pts',(0.407115771949104,0.0329139385581143,
-0.9));
#5886=CARTESIAN_POINT('Ctrl Pts',(0.404604564806235,0.0291261918181475,
0.));
#5887=CARTESIAN_POINT('Ctrl Pts',(0.404604564806235,0.0291261918181475,
-0.9));
#5888=CARTESIAN_POINT('Ctrl Pts',(0.39868158048186,0.0231711476465902,0.));
#5889=CARTESIAN_POINT('Ctrl Pts',(0.39868158048186,0.0231711476465902,-0.9));
#5890=CARTESIAN_POINT('Ctrl Pts',(0.394907444770193,0.0206395303156252,
0.));
#5891=CARTESIAN_POINT('Ctrl Pts',(0.394907444770193,0.0206395303156252,
-0.9));
#5892=CARTESIAN_POINT('Ctrl Pts',(0.387213666489724,0.0176309162673981,
0.));
#5893=CARTESIAN_POINT('Ctrl Pts',(0.387213666489724,0.0176309162673981,
-0.9));
#5894=CARTESIAN_POINT('Ctrl Pts',(0.383382334880461,0.0169227560077607,
0.));
#5895=CARTESIAN_POINT('Ctrl Pts',(0.383382334880461,0.0169227560077607,
-0.9));
#5896=CARTESIAN_POINT('Ctrl Pts',(0.379716880451113,0.016866096896641,0.));
#5897=CARTESIAN_POINT('Ctrl Pts',(0.379716880451113,0.016866096896641,-0.9));
#5898=CARTESIAN_POINT('',(0.379716880451113,0.016866096896641,-0.9));
#5899=CARTESIAN_POINT('',(0.379716880451113,0.016866096896641,0.));
#5900=CARTESIAN_POINT('Ctrl Pts',(0.41080714963894,0.0481246510611692,-0.9));
#5901=CARTESIAN_POINT('Ctrl Pts',(0.410770277979183,0.0444589441840162,
-0.9));
#5902=CARTESIAN_POINT('Ctrl Pts',(0.410082810091085,0.0406238456512137,
-0.9));
#5903=CARTESIAN_POINT('Ctrl Pts',(0.407115771949104,0.0329139385581143,
-0.9));
#5904=CARTESIAN_POINT('Ctrl Pts',(0.404604564806235,0.0291261918181475,
-0.9));
#5905=CARTESIAN_POINT('Ctrl Pts',(0.39868158048186,0.0231711476465902,-0.9));
#5906=CARTESIAN_POINT('Ctrl Pts',(0.394907444770193,0.0206395303156252,
-0.9));
#5907=CARTESIAN_POINT('Ctrl Pts',(0.387213666489724,0.0176309162673981,
-0.9));
#5908=CARTESIAN_POINT('Ctrl Pts',(0.383382334880461,0.0169227560077607,
-0.9));
#5909=CARTESIAN_POINT('Ctrl Pts',(0.379716880451113,0.016866096896641,-0.9));
#5910=CARTESIAN_POINT('Ctrl Pts',(0.277293631449623,0.0596229791833503,
0.));
#5911=CARTESIAN_POINT('Ctrl Pts',(0.292162268505513,0.0526871292005708,
0.));
#5912=CARTESIAN_POINT('Ctrl Pts',(0.305234196138835,0.0432661483187347,
0.));
#5913=CARTESIAN_POINT('Ctrl Pts',(0.277293631449623,0.0596229791833503,
-0.2));
#5914=CARTESIAN_POINT('Ctrl Pts',(0.292162268505513,0.0526871292005708,
-0.2));
#5915=CARTESIAN_POINT('Ctrl Pts',(0.305234196138835,0.0432661483187347,
-0.2));
#5916=CARTESIAN_POINT('',(0.305234196138835,0.0432661483187347,0.));
#5917=CARTESIAN_POINT('',(0.305234196138835,0.0432661483187347,0.));
#5918=CARTESIAN_POINT('Origin',(0.264072302403289,0.0138343008927377,0.));
#5919=CARTESIAN_POINT('Ctrl Pts',(0.379716880451113,0.0168660968966409,
0.));
#5920=CARTESIAN_POINT('Ctrl Pts',(0.379716880451113,0.0168660968966409,
-0.9));
#5921=CARTESIAN_POINT('Ctrl Pts',(0.379270719921363,0.016860510255769,0.));
#5922=CARTESIAN_POINT('Ctrl Pts',(0.379270719921363,0.016860510255769,-0.9));
#5923=CARTESIAN_POINT('Ctrl Pts',(0.378825071995855,0.016857279012779,0.));
#5924=CARTESIAN_POINT('Ctrl Pts',(0.378825071995855,0.016857279012779,-0.9));
#5925=CARTESIAN_POINT('Ctrl Pts',(0.360525054470506,0.0168389398122247,
0.));
#5926=CARTESIAN_POINT('Ctrl Pts',(0.360525054470506,0.0168389398122247,
-0.9));
#5927=CARTESIAN_POINT('Ctrl Pts',(0.341888656773777,0.0212907132831466,
0.));
#5928=CARTESIAN_POINT('Ctrl Pts',(0.341888656773777,0.0212907132831466,
-0.9));
#5929=CARTESIAN_POINT('Ctrl Pts',(0.320898706403626,0.0323970749371007,
0.));
#5930=CARTESIAN_POINT('Ctrl Pts',(0.320898706403626,0.0323970749371007,
-0.9));
#5931=CARTESIAN_POINT('Ctrl Pts',(0.31645779255083,0.0351781031809626,0.));
#5932=CARTESIAN_POINT('Ctrl Pts',(0.31645779255083,0.0351781031809626,-0.9));
#5933=CARTESIAN_POINT('Ctrl Pts',(0.312222960290005,0.0382172780825983,
0.));
#5934=CARTESIAN_POINT('Ctrl Pts',(0.312222960290005,0.0382172780825983,
-0.9));
#5935=CARTESIAN_POINT('',(0.312222960290005,0.0382172780825983,-0.9));
#5936=CARTESIAN_POINT('',(0.312222960290005,0.0382172780825983,0.));
#5937=CARTESIAN_POINT('Ctrl Pts',(0.379716880451113,0.0168660968966409,
-0.9));
#5938=CARTESIAN_POINT('Ctrl Pts',(0.379270719921363,0.016860510255769,-0.9));
#5939=CARTESIAN_POINT('Ctrl Pts',(0.378825071995855,0.016857279012779,-0.9));
#5940=CARTESIAN_POINT('Ctrl Pts',(0.360525054470506,0.0168389398122247,
-0.9));
#5941=CARTESIAN_POINT('Ctrl Pts',(0.341888656773777,0.0212907132831466,
-0.9));
#5942=CARTESIAN_POINT('Ctrl Pts',(0.320898706403626,0.0323970749371007,
-0.9));
#5943=CARTESIAN_POINT('Ctrl Pts',(0.31645779255083,0.0351781031809626,-0.9));
#5944=CARTESIAN_POINT('Ctrl Pts',(0.312222960290005,0.0382172780825983,
-0.9));
#5945=CARTESIAN_POINT('Origin',(0.312222960290005,0.0382172780825983,0.));
#5946=CARTESIAN_POINT('',(0.312222960290005,0.0382172780825983,0.));
#5947=CARTESIAN_POINT('',(0.312222960290005,0.0382172780825983,0.));
#5948=CARTESIAN_POINT('',(0.305234196138835,0.0432661483187347,0.));
#5949=CARTESIAN_POINT('Origin',(0.124185025718742,0.302112980872047,-0.9625));
#5950=CARTESIAN_POINT('',(-0.0258149742812579,0.302112980872047,-0.9625));
#5951=CARTESIAN_POINT('Origin',(0.124185025718742,0.302112980872047,-0.9625));
#5952=CARTESIAN_POINT('',(-0.0883149742812579,0.302112980872047,-0.9));
#5953=CARTESIAN_POINT('Origin',(-0.0883149742812579,0.302112980872047,-0.9625));
#5954=CARTESIAN_POINT('Origin',(0.124185025718742,0.302112980872047,-0.9));
#5955=CARTESIAN_POINT('Origin',(0.124185025718742,0.302112980872047,0.));
#5956=CARTESIAN_POINT('',(-0.0258149742812579,0.302112980872047,-1.));
#5957=CARTESIAN_POINT('',(-0.0258149742812579,0.302112980872047,0.));
#5958=CARTESIAN_POINT('Origin',(0.124185025718742,0.302112980872047,-1.));
#5959=CARTESIAN_POINT('Origin',(0.124185025718742,0.302112980872047,-0.9));
#5960=CARTESIAN_POINT('',(0.188896319438855,0.022727772722246,-0.9));
#5961=CARTESIAN_POINT('',(0.180874587832727,-0.00863897548544894,-0.9));
#5962=CARTESIAN_POINT('Origin',(0.231126080324565,0.000331073640079131,
-0.9));
#5963=CARTESIAN_POINT('',(0.1795488440421,-0.0171581490617786,-0.9));
#5964=CARTESIAN_POINT('',(0.1795488440421,-0.0171581490617786,-0.9));
#5965=CARTESIAN_POINT('',(0.147260602829286,-0.0801563369415326,-0.9));
#5966=CARTESIAN_POINT('Ctrl Pts',(0.1795488440421,-0.0171581490617786,-0.9));
#5967=CARTESIAN_POINT('Ctrl Pts',(0.178731164251255,-0.0223061378068813,
-0.9));
#5968=CARTESIAN_POINT('Ctrl Pts',(0.177585031564298,-0.027419083514103,
-0.9));
#5969=CARTESIAN_POINT('Ctrl Pts',(0.170718894316789,-0.0501519989678716,
-0.9));
#5970=CARTESIAN_POINT('Ctrl Pts',(0.160777125397287,-0.0665317070512991,
-0.9));
#5971=CARTESIAN_POINT('Ctrl Pts',(0.147894062114753,-0.0795285396736166,
-0.9));
#5972=CARTESIAN_POINT('Ctrl Pts',(0.147578349966147,-0.079843084350354,
-0.9));
#5973=CARTESIAN_POINT('Ctrl Pts',(0.147260602829286,-0.0801563369415326,
-0.9));
#5974=CARTESIAN_POINT('',(0.103173327037836,-0.0802753323897307,-0.9));
#5975=CARTESIAN_POINT('Ctrl Pts',(0.147260602829286,-0.080156336941532,
-0.9));
#5976=CARTESIAN_POINT('Ctrl Pts',(0.144642484437962,-0.0827223109315618,
-0.9));
#5977=CARTESIAN_POINT('Ctrl Pts',(0.141444547053376,-0.0849480219051027,
-0.9));
#5978=CARTESIAN_POINT('Ctrl Pts',(0.133894806675293,-0.0883017367027171,
-0.9));
#5979=CARTESIAN_POINT('Ctrl Pts',(0.129440773670359,-0.0892043865082782,
-0.9));
#5980=CARTESIAN_POINT('Ctrl Pts',(0.121041739173759,-0.0892270562436249,
-0.9));
#5981=CARTESIAN_POINT('Ctrl Pts',(0.116582898436826,-0.0883484630708814,
-0.9));
#5982=CARTESIAN_POINT('Ctrl Pts',(0.109015164246287,-0.0850355516712912,
-0.9));
#5983=CARTESIAN_POINT('Ctrl Pts',(0.105805258762647,-0.0828271360311636,
-0.9));
#5984=CARTESIAN_POINT('Ctrl Pts',(0.103173327037836,-0.0802753323897307,
-0.9));
#5985=CARTESIAN_POINT('',(0.0705454834059867,-0.0174523587520144,-0.9));
#5986=CARTESIAN_POINT('Ctrl Pts',(0.103173327037837,-0.0802753323897302,
-0.9));
#5987=CARTESIAN_POINT('Ctrl Pts',(0.102853893550108,-0.0799637996052906,
-0.9));
#5988=CARTESIAN_POINT('Ctrl Pts',(0.10253648804613,-0.0796509637689721,
-0.9));
#5989=CARTESIAN_POINT('Ctrl Pts',(0.0895834537850495,-0.0667238650540391,
-0.9));
#5990=CARTESIAN_POINT('Ctrl Pts',(0.0795534098063979,-0.0503980626561971,
-0.9));
#5991=CARTESIAN_POINT('Ctrl Pts',(0.0725646572027162,-0.0277025427728731,
-0.9));
#5992=CARTESIAN_POINT('Ctrl Pts',(0.0713909408326452,-0.0225958585429901,
-0.9));
#5993=CARTESIAN_POINT('Ctrl Pts',(0.0705454834059867,-0.0174523587520144,
-0.9));
#5994=CARTESIAN_POINT('',(0.069173771263884,-0.00894046584730598,-0.9));
#5995=CARTESIAN_POINT('',(0.069173771263884,-0.00894046584730598,-0.9));
#5996=CARTESIAN_POINT('',(0.0609828345250516,0.0223825229377084,-0.9));
#5997=CARTESIAN_POINT('Origin',(0.019256458177774,-0.000646070558475534,
-0.9));
#5998=CARTESIAN_POINT('',(-0.0276123549183502,0.0588000110172603,-0.9));
#5999=CARTESIAN_POINT('Origin',(-2.73184799366426E-17,-3.16894367265055E-16,
-0.9));
#6000=CARTESIAN_POINT('',(-0.0554642160953342,0.0422925914713802,-0.9));
#6001=CARTESIAN_POINT('Origin',(-0.0135882624252739,0.0131022029297493,
-0.9));
#6002=CARTESIAN_POINT('',(-0.0624256239257302,0.0372060684899204,-0.9));
#6003=CARTESIAN_POINT('',(-0.0624256239257302,0.0372060684899204,-0.9));
#6004=CARTESIAN_POINT('',(-0.129803304092136,0.0154908569518491,-0.9));
#6005=CARTESIAN_POINT('Ctrl Pts',(-0.0624256239257302,0.0372060684899204,
-0.9));
#6006=CARTESIAN_POINT('Ctrl Pts',(-0.0666439886018096,0.0341440776637316,
-0.9));
#6007=CARTESIAN_POINT('Ctrl Pts',(-0.0710698253783117,0.0313391172774034,
-0.9));
#6008=CARTESIAN_POINT('Ctrl Pts',(-0.091999516260083,0.0201196108121742,
-0.9));
#6009=CARTESIAN_POINT('Ctrl Pts',(-0.1106116111397,0.0155673003724957,-0.9));
#6010=CARTESIAN_POINT('Ctrl Pts',(-0.128911461030423,0.0154868533008442,
-0.9));
#6011=CARTESIAN_POINT('Ctrl Pts',(-0.129357119905512,0.0154876788281189,
-0.9));
#6012=CARTESIAN_POINT('Ctrl Pts',(-0.129803304092136,0.0154908569518491,
-0.9));
#6013=CARTESIAN_POINT('',(-0.161061858256665,0.0465811261396777,-0.9));
#6014=CARTESIAN_POINT('Ctrl Pts',(-0.129803304092136,0.0154908569518482,
-0.9));
#6015=CARTESIAN_POINT('Ctrl Pts',(-0.133469010969289,0.0155277286116043,
-0.9));
#6016=CARTESIAN_POINT('Ctrl Pts',(-0.137304109502091,0.0162151964997025,
-0.9));
#6017=CARTESIAN_POINT('Ctrl Pts',(-0.145014016595191,0.0191822346416843,
-0.9));
#6018=CARTESIAN_POINT('Ctrl Pts',(-0.148801763335158,0.0216934417845531,
-0.9));
#6019=CARTESIAN_POINT('Ctrl Pts',(-0.154756807506715,0.0276164261089277,
-0.9));
#6020=CARTESIAN_POINT('Ctrl Pts',(-0.15728842483768,0.0313905618205952,
-0.9));
#6021=CARTESIAN_POINT('Ctrl Pts',(-0.160297038885908,0.0390843401010647,
-0.9));
#6022=CARTESIAN_POINT('Ctrl Pts',(-0.161005199145545,0.0429156717103288,
-0.9));
#6023=CARTESIAN_POINT('Ctrl Pts',(-0.161061858256665,0.0465811261396777,
-0.9));
#6024=CARTESIAN_POINT('',(-0.139710677070708,0.114075046300786,-0.9));
#6025=CARTESIAN_POINT('Ctrl Pts',(-0.161061858256666,0.0465811261396777,
-0.9));
#6026=CARTESIAN_POINT('Ctrl Pts',(-0.161067444897538,0.047027286669428,
-0.9));
#6027=CARTESIAN_POINT('Ctrl Pts',(-0.161070676140528,0.0474729345949361,
-0.9));
#6028=CARTESIAN_POINT('Ctrl Pts',(-0.161089015341082,0.0657729521202845,
-0.9));
#6029=CARTESIAN_POINT('Ctrl Pts',(-0.15663724187016,0.084409349817014,-0.9));
#6030=CARTESIAN_POINT('Ctrl Pts',(-0.145530880216206,0.105399300187165,
-0.9));
#6031=CARTESIAN_POINT('Ctrl Pts',(-0.142749851972344,0.10984021403996,-0.9));
#6032=CARTESIAN_POINT('Ctrl Pts',(-0.139710677070708,0.114075046300786,
-0.9));
#6033=CARTESIAN_POINT('',(-0.134661806834572,0.121063810451955,-0.9));
#6034=CARTESIAN_POINT('',(-0.134661806834572,0.121063810451955,-0.9));
#6035=CARTESIAN_POINT('',(-0.118304975969956,0.149004375141167,-0.9));
#6036=CARTESIAN_POINT('Origin',(-0.164093654260925,0.162225704187713,-0.9));
#6037=CARTESIAN_POINT('',(-0.15520018243106,0.237401687151935,-0.9));
#6038=CARTESIAN_POINT('Origin',(-0.177253185547914,0.176298917220492,-0.9));
#6039=CARTESIAN_POINT('',(-0.186566930638755,0.245423418758064,-0.9));
#6040=CARTESIAN_POINT('Origin',(-0.177596881513056,0.195171926267535,-0.9));
#6041=CARTESIAN_POINT('',(-0.195086104215085,0.246749162548691,-0.9));
#6042=CARTESIAN_POINT('',(-0.195086104215085,0.246749162548691,-0.9));
#6043=CARTESIAN_POINT('',(-0.258084292094838,0.279037403761504,-0.9));
#6044=CARTESIAN_POINT('Ctrl Pts',(-0.195086104215085,0.246749162548691,
-0.9));
#6045=CARTESIAN_POINT('Ctrl Pts',(-0.200234092960187,0.247566842339535,
-0.9));
#6046=CARTESIAN_POINT('Ctrl Pts',(-0.205347038667409,0.248712975026493,
-0.9));
#6047=CARTESIAN_POINT('Ctrl Pts',(-0.228079954121178,0.255579112274002,
-0.9));
#6048=CARTESIAN_POINT('Ctrl Pts',(-0.244459662204605,0.265520881193503,
-0.9));
#6049=CARTESIAN_POINT('Ctrl Pts',(-0.257456494826923,0.278403944476038,
-0.9));
#6050=CARTESIAN_POINT('Ctrl Pts',(-0.25777103950366,0.278719656624644,-0.9));
#6051=CARTESIAN_POINT('Ctrl Pts',(-0.258084292094838,0.279037403761504,
-0.9));
#6052=CARTESIAN_POINT('',(-0.258203287543011,0.323124679552983,-0.9));
#6053=CARTESIAN_POINT('Ctrl Pts',(-0.258084292094839,0.279037403761504,
-0.9));
#6054=CARTESIAN_POINT('Ctrl Pts',(-0.260650266084868,0.281655522152829,
-0.9));
#6055=CARTESIAN_POINT('Ctrl Pts',(-0.262875977058409,0.284853459537414,
-0.9));
#6056=CARTESIAN_POINT('Ctrl Pts',(-0.266229691856024,0.292403199915497,
-0.9));
#6057=CARTESIAN_POINT('Ctrl Pts',(-0.267132341661585,0.296857232920432,
-0.9));
#6058=CARTESIAN_POINT('Ctrl Pts',(-0.267155011396932,0.305256267417032,
-0.9));
#6059=CARTESIAN_POINT('Ctrl Pts',(-0.266276418224188,0.309715108153965,
-0.9));
#6060=CARTESIAN_POINT('Ctrl Pts',(-0.262963506824592,0.317282842344516,
-0.9));
#6061=CARTESIAN_POINT('Ctrl Pts',(-0.260755091184455,0.320492747828167,
-0.9));
#6062=CARTESIAN_POINT('Ctrl Pts',(-0.258203287543011,0.323124679552983,
-0.9));
#6063=CARTESIAN_POINT('',(-0.19538031390532,0.355752523184806,-0.9));
#6064=CARTESIAN_POINT('Ctrl Pts',(-0.258203287543036,0.323124679552957,
-0.9));
#6065=CARTESIAN_POINT('Ctrl Pts',(-0.257891754758596,0.323444113040686,
-0.9));
#6066=CARTESIAN_POINT('Ctrl Pts',(-0.257578918922278,0.323761518544664,
-0.9));
#6067=CARTESIAN_POINT('Ctrl Pts',(-0.244651820207344,0.336714552805744,
-0.9));
#6068=CARTESIAN_POINT('Ctrl Pts',(-0.228326017809502,0.346744596784395,
-0.9));
#6069=CARTESIAN_POINT('Ctrl Pts',(-0.205630497926178,0.353733349388077,
-0.9));
#6070=CARTESIAN_POINT('Ctrl Pts',(-0.200523813696295,0.354907065758148,
-0.9));
#6071=CARTESIAN_POINT('Ctrl Pts',(-0.19538031390532,0.355752523184806,-0.9));
#6072=CARTESIAN_POINT('',(-0.186868421000611,0.357124235326909,-0.9));
#6073=CARTESIAN_POINT('',(-0.186868421000611,0.357124235326909,-0.9));
#6074=CARTESIAN_POINT('',(-0.155545432215597,0.365315172065741,-0.9));
#6075=CARTESIAN_POINT('Origin',(-0.178574025711754,0.407041548412972,-0.9));
#6076=CARTESIAN_POINT('',(-0.114399830249591,0.43986490697316,-0.9));
#6077=CARTESIAN_POINT('Origin',(-0.177927955153305,0.426298006590793,-0.9));
#6078=CARTESIAN_POINT('',(-0.119127944136044,0.453910361509142,-0.9));
#6079=CARTESIAN_POINT('Origin',(-0.18378206073658,0.425868767582159,-0.9));
#6080=CARTESIAN_POINT('',(-0.135635363681924,0.481762222686127,-0.9));
#6081=CARTESIAN_POINT('Origin',(-0.164825752222802,0.439886269016597,-0.9));
#6082=CARTESIAN_POINT('',(-0.140721886663384,0.488723630516523,-0.9));
#6083=CARTESIAN_POINT('',(-0.140721886663384,0.488723630516523,-0.9));
#6084=CARTESIAN_POINT('',(-0.162437098201454,0.556101310682928,-0.9));
#6085=CARTESIAN_POINT('Ctrl Pts',(-0.140721886663384,0.488723630516523,
-0.9));
#6086=CARTESIAN_POINT('Ctrl Pts',(-0.143783877489572,0.492941995192602,
-0.9));
#6087=CARTESIAN_POINT('Ctrl Pts',(-0.1465888378759,0.497367831969104,-0.9));
#6088=CARTESIAN_POINT('Ctrl Pts',(-0.157808344341129,0.518297522850875,
-0.9));
#6089=CARTESIAN_POINT('Ctrl Pts',(-0.162360654780808,0.536909617730493,
-0.9));
#6090=CARTESIAN_POINT('Ctrl Pts',(-0.162441101852459,0.555209467621216,
-0.9));
#6091=CARTESIAN_POINT('Ctrl Pts',(-0.162440276325184,0.555655126496305,
-0.9));
#6092=CARTESIAN_POINT('Ctrl Pts',(-0.162437098201454,0.556101310682928,
-0.9));
#6093=CARTESIAN_POINT('Ctrl Pts',(-0.162437098201454,0.556101310682928,
-0.9));
#6094=CARTESIAN_POINT('Ctrl Pts',(-0.162400226541698,0.559767017560081,
-0.9));
#6095=CARTESIAN_POINT('Ctrl Pts',(-0.1617127586536,0.563602116092884,-0.9));
#6096=CARTESIAN_POINT('Ctrl Pts',(-0.158745720511618,0.571312023185983,
-0.9));
#6097=CARTESIAN_POINT('Ctrl Pts',(-0.156234513368749,0.57509976992595,-0.9));
#6098=CARTESIAN_POINT('Ctrl Pts',(-0.150311529044375,0.581054814097507,
-0.9));
#6099=CARTESIAN_POINT('Ctrl Pts',(-0.146537393332707,0.583586431428472,
-0.9));
#6100=CARTESIAN_POINT('Ctrl Pts',(-0.138843615052227,0.586595045476704,
-0.9));
#6101=CARTESIAN_POINT('Ctrl Pts',(-0.13501228344295,0.587303205736341,-0.9));
#6102=CARTESIAN_POINT('Ctrl Pts',(-0.131346829013591,0.587359864847457,
-0.9));
#6103=CARTESIAN_POINT('',(0.305234196138835,0.0432661483187347,-0.9));
#6104=CARTESIAN_POINT('',(0.305234196138835,0.0432661483187347,-0.9));
#6105=CARTESIAN_POINT('',(0.277293631449623,0.0596229791833503,-0.9));
#6106=CARTESIAN_POINT('Origin',(0.264072302403289,0.0138343008927377,-0.9));
#6107=CARTESIAN_POINT('',(0.190969255516885,0.0277923313506022,-0.9));
#6108=CARTESIAN_POINT('Origin',(0.249999089370299,0.000674769605392313,
-0.9));
#6109=CARTESIAN_POINT('Origin',(0.255351431599852,-0.00151595699563848,
-0.9));
#6110=CARTESIAN_POINT('Origin',(0.124185025718742,0.302112980872047,0.0625));
#6111=CARTESIAN_POINT('',(-0.0258149742812579,0.302112980872047,0.0625));
#6112=CARTESIAN_POINT('',(0.274185025718742,0.302112980872047,0.0625));
#6113=CARTESIAN_POINT('Origin',(0.124185025718742,0.302112980872047,0.0625));
#6114=CARTESIAN_POINT('',(0.336685025718742,0.302112980872047,0.));
#6115=CARTESIAN_POINT('Origin',(0.336685025718742,0.302112980872047,0.0625));
#6116=CARTESIAN_POINT('Origin',(0.124185025718742,0.302112980872047,0.));
#6117=CARTESIAN_POINT('Origin',(0.124185025718742,0.302112980872047,0.0625));
#6118=CARTESIAN_POINT('Origin',(0.124185025718742,0.302112980872047,0.));
#6119=CARTESIAN_POINT('',(-0.0258149742812579,0.302112980872047,0.2));
#6120=CARTESIAN_POINT('Origin',(0.124185025718742,0.302112980872047,0.2));
#6121=CARTESIAN_POINT('',(-0.0258149742812579,0.302112980872047,0.));
#6122=CARTESIAN_POINT('Origin',(0.124185025718742,0.302112980872047,0.));
#6123=CARTESIAN_POINT('',(0.379716880451113,0.016866096896641,0.));
#6124=CARTESIAN_POINT('Ctrl Pts',(0.312222960290005,0.0382172780825983,
0.));
#6125=CARTESIAN_POINT('Ctrl Pts',(0.31645779255083,0.0351781031809626,0.));
#6126=CARTESIAN_POINT('Ctrl Pts',(0.320898706403626,0.0323970749371007,
0.));
#6127=CARTESIAN_POINT('Ctrl Pts',(0.341888656773777,0.0212907132831466,
0.));
#6128=CARTESIAN_POINT('Ctrl Pts',(0.360525054470506,0.0168389398122247,
0.));
#6129=CARTESIAN_POINT('Ctrl Pts',(0.378825071995855,0.016857279012779,0.));
#6130=CARTESIAN_POINT('Ctrl Pts',(0.379270719921363,0.016860510255769,0.));
#6131=CARTESIAN_POINT('Ctrl Pts',(0.379716880451113,0.0168660968966409,
0.));
#6132=CARTESIAN_POINT('',(0.41080714963894,0.0481246510611692,0.));
#6133=CARTESIAN_POINT('Ctrl Pts',(0.379716880451113,0.016866096896641,0.));
#6134=CARTESIAN_POINT('Ctrl Pts',(0.383382334880461,0.0169227560077607,
0.));
#6135=CARTESIAN_POINT('Ctrl Pts',(0.387213666489724,0.0176309162673981,
0.));
#6136=CARTESIAN_POINT('Ctrl Pts',(0.394907444770193,0.0206395303156252,
0.));
#6137=CARTESIAN_POINT('Ctrl Pts',(0.39868158048186,0.0231711476465902,0.));
#6138=CARTESIAN_POINT('Ctrl Pts',(0.404604564806235,0.0291261918181475,
0.));
#6139=CARTESIAN_POINT('Ctrl Pts',(0.407115771949104,0.0329139385581143,
0.));
#6140=CARTESIAN_POINT('Ctrl Pts',(0.410082810091085,0.0406238456512137,
0.));
#6141=CARTESIAN_POINT('Ctrl Pts',(0.410770277979183,0.0444589441840162,
0.));
#6142=CARTESIAN_POINT('Ctrl Pts',(0.41080714963894,0.0481246510611692,0.));
#6143=CARTESIAN_POINT('',(0.389091938100869,0.115502331227575,0.));
#6144=CARTESIAN_POINT('Ctrl Pts',(0.410807149638939,0.0481246510611692,
0.));
#6145=CARTESIAN_POINT('Ctrl Pts',(0.41081032776267,0.0485708352477926,0.));
#6146=CARTESIAN_POINT('Ctrl Pts',(0.410811153289945,0.0490164941228817,
0.));
#6147=CARTESIAN_POINT('Ctrl Pts',(0.410730706218293,0.0673163440136048,
0.));
#6148=CARTESIAN_POINT('Ctrl Pts',(0.406178395778615,0.0859284388932217,
0.));
#6149=CARTESIAN_POINT('Ctrl Pts',(0.394958889313385,0.106858129774993,0.));
#6150=CARTESIAN_POINT('Ctrl Pts',(0.392153928927057,0.111283966551495,0.));
#6151=CARTESIAN_POINT('Ctrl Pts',(0.389091938100868,0.115502331227575,0.));
#6152=CARTESIAN_POINT('',(0.384005415119409,0.122463739057971,0.));
#6153=CARTESIAN_POINT('',(0.389091938100869,0.115502331227575,0.));
#6154=CARTESIAN_POINT('',(0.367497995573529,0.150315600234955,0.));
#6155=CARTESIAN_POINT('Origin',(0.413195803657168,0.164339692725192,0.));
#6156=CARTESIAN_POINT('',(0.403915483653081,0.238910789678356,0.));
#6157=CARTESIAN_POINT('Origin',(0.42629800659079,0.177927955153305,0.));
#6158=CARTESIAN_POINT('',(0.435238472438095,0.247101726417189,0.));
#6159=CARTESIAN_POINT('Origin',(0.426944077149431,0.197184413330324,0.));
#6160=CARTESIAN_POINT('',(0.443750365342804,0.248473438559291,0.));
#6161=CARTESIAN_POINT('',(0.435238472438095,0.247101726417189,0.));
#6162=CARTESIAN_POINT('',(0.50657333898052,0.281101282191141,0.));
#6163=CARTESIAN_POINT('Ctrl Pts',(0.443750365342804,0.248473438559291,0.));
#6164=CARTESIAN_POINT('Ctrl Pts',(0.44889386513378,0.24931889598595,0.));
#6165=CARTESIAN_POINT('Ctrl Pts',(0.454000549363662,0.250492612356021,0.));
#6166=CARTESIAN_POINT('Ctrl Pts',(0.476696069246986,0.257481364959702,0.));
#6167=CARTESIAN_POINT('Ctrl Pts',(0.493021871644829,0.267511408938354,0.));
#6168=CARTESIAN_POINT('Ctrl Pts',(0.505948970359761,0.280464443199434,0.));
#6169=CARTESIAN_POINT('Ctrl Pts',(0.50626180619608,0.280781848703412,0.));
#6170=CARTESIAN_POINT('Ctrl Pts',(0.50657333898052,0.281101282191141,0.));
#6171=CARTESIAN_POINT('',(0.506454343532322,0.325188557982594,0.));
#6172=CARTESIAN_POINT('Ctrl Pts',(0.50657333898052,0.281101282191141,0.));
#6173=CARTESIAN_POINT('Ctrl Pts',(0.509125142621953,0.283733213915952,0.));
#6174=CARTESIAN_POINT('Ctrl Pts',(0.511333558262081,0.286943119399593,0.));
#6175=CARTESIAN_POINT('Ctrl Pts',(0.514646469661672,0.294510853590133,0.));
#6176=CARTESIAN_POINT('Ctrl Pts',(0.515525062834415,0.298969694327066,0.));
#6177=CARTESIAN_POINT('Ctrl Pts',(0.515502393099069,0.307368728823666,0.));
#6178=CARTESIAN_POINT('Ctrl Pts',(0.514599743293508,0.311822761828601,0.));
#6179=CARTESIAN_POINT('Ctrl Pts',(0.511246028495893,0.319372502206684,0.));
#6180=CARTESIAN_POINT('Ctrl Pts',(0.509020317522352,0.322570439591269,0.));
#6181=CARTESIAN_POINT('Ctrl Pts',(0.506454343532322,0.325188557982594,0.));
#6182=CARTESIAN_POINT('',(0.443456155652568,0.357476799195407,0.));
#6183=CARTESIAN_POINT('Ctrl Pts',(0.506454343532322,0.325188557982594,0.));
#6184=CARTESIAN_POINT('Ctrl Pts',(0.506141090941143,0.325506305119454,0.));
#6185=CARTESIAN_POINT('Ctrl Pts',(0.505826546264406,0.32582201726806,0.));
#6186=CARTESIAN_POINT('Ctrl Pts',(0.492829713642088,0.338705080550595,0.));
#6187=CARTESIAN_POINT('Ctrl Pts',(0.476450005558661,0.348646849470096,0.));
#6188=CARTESIAN_POINT('Ctrl Pts',(0.453717090104892,0.355512986717605,0.));
#6189=CARTESIAN_POINT('Ctrl Pts',(0.448604144397671,0.356659119404562,0.));
#6190=CARTESIAN_POINT('Ctrl Pts',(0.443456155652568,0.357476799195407,0.));
#6191=CARTESIAN_POINT('',(0.434936982076238,0.358802542986033,0.));
#6192=CARTESIAN_POINT('',(0.443456155652568,0.357476799195407,0.));
#6193=CARTESIAN_POINT('',(0.403570233868543,0.366824274592162,0.));
#6194=CARTESIAN_POINT('Origin',(0.425966932950805,0.409054035478453,0.));
#6195=CARTESIAN_POINT('',(0.364586905878088,0.45016327002898,0.));
#6196=CARTESIAN_POINT('Origin',(0.425623236985397,0.427927044523606,0.));
#6197=CARTESIAN_POINT('',(0.366675027407439,0.45522158660293,0.));
#6198=CARTESIAN_POINT('Origin',(0.431044156628105,0.473565008424018,0.));
#6199=CARTESIAN_POINT('',(0.383031858272054,0.483162151292142,0.));
#6200=CARTESIAN_POINT('Origin',(0.412463705699253,0.442000257555798,0.));
#6201=CARTESIAN_POINT('',(0.388080728508191,0.490150915443312,0.));
#6202=CARTESIAN_POINT('',(0.383031858272054,0.483162151292142,0.));
#6203=CARTESIAN_POINT('',(0.409431909694148,0.55764483560442,0.));
#6204=CARTESIAN_POINT('Ctrl Pts',(0.388080728508191,0.490150915443312,0.));
#6205=CARTESIAN_POINT('Ctrl Pts',(0.391119903409826,0.494385747704137,0.));
#6206=CARTESIAN_POINT('Ctrl Pts',(0.393900931653688,0.498826661556933,0.));
#6207=CARTESIAN_POINT('Ctrl Pts',(0.405007293307642,0.519816611927084,0.));
#6208=CARTESIAN_POINT('Ctrl Pts',(0.409459066778564,0.538453009623813,0.));
#6209=CARTESIAN_POINT('Ctrl Pts',(0.40944072757801,0.556753027149162,0.));
#6210=CARTESIAN_POINT('Ctrl Pts',(0.40943749633502,0.55719867507467,0.));
#6211=CARTESIAN_POINT('Ctrl Pts',(0.409431909694148,0.55764483560442,0.));
#6212=CARTESIAN_POINT('',(0.378173355529619,0.588735104792246,0.));
#6213=CARTESIAN_POINT('Ctrl Pts',(0.409431909694148,0.55764483560442,0.));
#6214=CARTESIAN_POINT('Ctrl Pts',(0.409375250583028,0.561310290033768,0.));
#6215=CARTESIAN_POINT('Ctrl Pts',(0.408667090323391,0.565141621643031,0.));
#6216=CARTESIAN_POINT('Ctrl Pts',(0.405658476275163,0.5728353999235,0.));
#6217=CARTESIAN_POINT('Ctrl Pts',(0.403126858944198,0.576609535635167,0.));
#6218=CARTESIAN_POINT('Ctrl Pts',(0.397171814772641,0.582532519959541,0.));
#6219=CARTESIAN_POINT('Ctrl Pts',(0.393384068032674,0.58504372710241,0.));
#6220=CARTESIAN_POINT('Ctrl Pts',(0.385674160939575,0.588010765244392,0.));
#6221=CARTESIAN_POINT('Ctrl Pts',(0.381839062406772,0.58869823313249,0.));
#6222=CARTESIAN_POINT('Ctrl Pts',(0.378173355529619,0.588735104792246,0.));
#6223=CARTESIAN_POINT('',(0.310795675363214,0.567019893254175,0.));
#6224=CARTESIAN_POINT('Ctrl Pts',(0.378173355529619,0.588735104792246,0.));
#6225=CARTESIAN_POINT('Ctrl Pts',(0.377727171342996,0.588738282915977,0.));
#6226=CARTESIAN_POINT('Ctrl Pts',(0.377281512467907,0.588739108443251,0.));
#6227=CARTESIAN_POINT('Ctrl Pts',(0.358981662577184,0.5886586613716,0.));
#6228=CARTESIAN_POINT('Ctrl Pts',(0.340369567697567,0.584106350931921,0.));
#6229=CARTESIAN_POINT('Ctrl Pts',(0.319439876815795,0.572886844466692,0.));
#6230=CARTESIAN_POINT('Ctrl Pts',(0.315014040039293,0.570081884080364,0.));
#6231=CARTESIAN_POINT('Ctrl Pts',(0.310795675363214,0.567019893254175,0.));
#6232=CARTESIAN_POINT('',(0.303834267532818,0.561933370272715,0.));
#6233=CARTESIAN_POINT('',(0.310795675363214,0.567019893254175,0.));
#6234=CARTESIAN_POINT('',(0.275982406355834,0.545425950726835,0.));
#6235=CARTESIAN_POINT('Origin',(0.261958313864789,0.591123758811697,0.));
#6236=CARTESIAN_POINT('',(0.187387216912432,0.581843438806387,0.));
#6237=CARTESIAN_POINT('Origin',(0.248370051437484,0.604225961744095,0.));
#6238=CARTESIAN_POINT('',(0.1791962801736,0.613166427591401,0.));
#6239=CARTESIAN_POINT('Origin',(0.229113593257213,0.604872032302176,0.));
#6240=CARTESIAN_POINT('',(0.177824568031497,0.62167832049611,0.));
#6241=CARTESIAN_POINT('',(0.1791962801736,0.613166427591401,0.));
#6242=CARTESIAN_POINT('',(0.145196724399646,0.684501294133824,0.));
#6243=CARTESIAN_POINT('Ctrl Pts',(0.177824568031497,0.62167832049611,0.));
#6244=CARTESIAN_POINT('Ctrl Pts',(0.176979110604839,0.626821820287086,0.));
#6245=CARTESIAN_POINT('Ctrl Pts',(0.175805394234768,0.631928504516968,0.));
#6246=CARTESIAN_POINT('Ctrl Pts',(0.168816641631086,0.654624024400292,0.));
#6247=CARTESIAN_POINT('Ctrl Pts',(0.158786597652434,0.670949826798134,0.));
#6248=CARTESIAN_POINT('Ctrl Pts',(0.145833563391354,0.683876925513067,0.));
#6249=CARTESIAN_POINT('Ctrl Pts',(0.145516157887376,0.684189761349386,0.));
#6250=CARTESIAN_POINT('Ctrl Pts',(0.145196724399647,0.684501294133825,0.));
#6251=CARTESIAN_POINT('',(0.1011094486082,0.684382298685628,0.));
#6252=CARTESIAN_POINT('Ctrl Pts',(0.145196724399646,0.684501294133824,0.));
#6253=CARTESIAN_POINT('Ctrl Pts',(0.142564792674835,0.687053097775258,0.));
#6254=CARTESIAN_POINT('Ctrl Pts',(0.139354887191194,0.689261513415386,0.));
#6255=CARTESIAN_POINT('Ctrl Pts',(0.131787153000655,0.692574424814976,0.));
#6256=CARTESIAN_POINT('Ctrl Pts',(0.127328312263722,0.693453017987719,0.));
#6257=CARTESIAN_POINT('Ctrl Pts',(0.118929277767122,0.693430348252373,0.));
#6258=CARTESIAN_POINT('Ctrl Pts',(0.114475244762188,0.692527698446812,0.));
#6259=CARTESIAN_POINT('Ctrl Pts',(0.106925504384107,0.689173983649198,0.));
#6260=CARTESIAN_POINT('Ctrl Pts',(0.103727566999522,0.686948272675658,0.));
#6261=CARTESIAN_POINT('Ctrl Pts',(0.101109448608199,0.684382298685629,0.));
#6262=CARTESIAN_POINT('',(0.0688212073953862,0.621384110805874,0.));
#6263=CARTESIAN_POINT('Ctrl Pts',(0.1011094486082,0.684382298685628,0.));
#6264=CARTESIAN_POINT('Ctrl Pts',(0.100791701471339,0.68406904609445,0.));
#6265=CARTESIAN_POINT('Ctrl Pts',(0.100475989322734,0.683754501417712,0.));
#6266=CARTESIAN_POINT('Ctrl Pts',(0.0875929260401988,0.670757668795395,
0.));
#6267=CARTESIAN_POINT('Ctrl Pts',(0.0776511571206971,0.654377960711967,
0.));
#6268=CARTESIAN_POINT('Ctrl Pts',(0.0707850198731879,0.631645045258199,
0.));
#6269=CARTESIAN_POINT('Ctrl Pts',(0.0696388871862307,0.626532099550977,
0.));
#6270=CARTESIAN_POINT('Ctrl Pts',(0.0688212073953862,0.621384110805874,
0.));
#6271=CARTESIAN_POINT('',(0.0674954636047593,0.612864937229545,0.));
#6272=CARTESIAN_POINT('',(0.0688212073953862,0.621384110805874,0.));
#6273=CARTESIAN_POINT('',(0.0594737319986305,0.58149818902185,0.));
#6274=CARTESIAN_POINT('Origin',(0.0172439711125308,0.603894888104026,0.));
#6275=CARTESIAN_POINT('',(-0.0289235800121377,0.544602982560746,0.));
#6276=CARTESIAN_POINT('Origin',(-0.0016290379328128,0.603551192138704,0.));
#6277=CARTESIAN_POINT('',(-0.0568641447013497,0.560959813425362,0.));
#6278=CARTESIAN_POINT('Origin',(-0.015702250967607,0.590391660849006,0.));
#6279=CARTESIAN_POINT('',(-0.0568641447013497,0.560959813425362,0.));
#6280=CARTESIAN_POINT('Origin',(0.124185025718742,0.302112980872047,-1.));
#6281=CARTESIAN_POINT('',(0.0291850257187421,0.302112980872047,-1.));
#6282=CARTESIAN_POINT('Origin',(0.124185025718742,0.302112980872047,-1.));
#6283=CARTESIAN_POINT('Origin',(0.124185025718742,0.302112980872047,0.2));
#6284=CARTESIAN_POINT('',(0.0291850257187421,0.302112980872047,0.2));
#6285=CARTESIAN_POINT('Origin',(0.124185025718742,0.302112980872047,0.2));
#6286=CARTESIAN_POINT('Origin',(0.124185025718742,0.302112980872047,0.));
#6287=CARTESIAN_POINT('',(0.0291850257187421,0.302112980872047,0.));
#6288=CARTESIAN_POINT('Origin',(0.255351431599852,-0.00151595699563848,
0.));
#6289=CARTESIAN_POINT('',(0.188896319438855,0.022727772722246,0.));
#6290=CARTESIAN_POINT('',(0.190969255516885,0.0277923313506022,0.));
#6291=CARTESIAN_POINT('Origin',(0.249999089370299,0.000674769605392313,
0.));
#6292=CARTESIAN_POINT('',(0.277293631449623,0.0596229791833503,0.));
#6293=CARTESIAN_POINT('Ctrl Pts',(0.277293631449623,0.0596229791833503,
-0.7));
#6294=CARTESIAN_POINT('Ctrl Pts',(0.292162268505513,0.0526871292005708,
-0.7));
#6295=CARTESIAN_POINT('Ctrl Pts',(0.305234196138835,0.0432661483187347,
-0.7));
#6296=CARTESIAN_POINT('Ctrl Pts',(0.277293631449623,0.0596229791833503,
-0.9));
#6297=CARTESIAN_POINT('Ctrl Pts',(0.292162268505513,0.0526871292005708,
-0.9));
#6298=CARTESIAN_POINT('Ctrl Pts',(0.305234196138835,0.0432661483187347,
-0.9));
#6299=CARTESIAN_POINT('',(0.305234196138835,0.0432661483187347,0.));
#6300=CARTESIAN_POINT('Origin',(0.312222960290005,0.0382172780825983,0.));
#6301=CARTESIAN_POINT('Ctrl Pts',(0.379716880451113,0.0168660968966409,
0.));
#6302=CARTESIAN_POINT('Ctrl Pts',(0.379716880451113,0.0168660968966409,
-0.9));
#6303=CARTESIAN_POINT('Ctrl Pts',(0.379270719921363,0.016860510255769,0.));
#6304=CARTESIAN_POINT('Ctrl Pts',(0.379270719921363,0.016860510255769,-0.9));
#6305=CARTESIAN_POINT('Ctrl Pts',(0.378825071995855,0.016857279012779,0.));
#6306=CARTESIAN_POINT('Ctrl Pts',(0.378825071995855,0.016857279012779,-0.9));
#6307=CARTESIAN_POINT('Ctrl Pts',(0.360525054470506,0.0168389398122247,
0.));
#6308=CARTESIAN_POINT('Ctrl Pts',(0.360525054470506,0.0168389398122247,
-0.9));
#6309=CARTESIAN_POINT('Ctrl Pts',(0.341888656773777,0.0212907132831466,
0.));
#6310=CARTESIAN_POINT('Ctrl Pts',(0.341888656773777,0.0212907132831466,
-0.9));
#6311=CARTESIAN_POINT('Ctrl Pts',(0.320898706403626,0.0323970749371007,
0.));
#6312=CARTESIAN_POINT('Ctrl Pts',(0.320898706403626,0.0323970749371007,
-0.9));
#6313=CARTESIAN_POINT('Ctrl Pts',(0.31645779255083,0.0351781031809626,0.));
#6314=CARTESIAN_POINT('Ctrl Pts',(0.31645779255083,0.0351781031809626,-0.9));
#6315=CARTESIAN_POINT('Ctrl Pts',(0.312222960290005,0.0382172780825983,
0.));
#6316=CARTESIAN_POINT('Ctrl Pts',(0.312222960290005,0.0382172780825983,
-0.9));
#6317=CARTESIAN_POINT('',(0.379716880451113,0.016866096896641,0.));
#6318=CARTESIAN_POINT('Ctrl Pts',(0.41080714963894,0.0481246510611692,0.));
#6319=CARTESIAN_POINT('Ctrl Pts',(0.41080714963894,0.0481246510611692,-0.9));
#6320=CARTESIAN_POINT('Ctrl Pts',(0.410770277979183,0.0444589441840162,
0.));
#6321=CARTESIAN_POINT('Ctrl Pts',(0.410770277979183,0.0444589441840162,
-0.9));
#6322=CARTESIAN_POINT('Ctrl Pts',(0.410082810091085,0.0406238456512137,
0.));
#6323=CARTESIAN_POINT('Ctrl Pts',(0.410082810091085,0.0406238456512137,
-0.9));
#6324=CARTESIAN_POINT('Ctrl Pts',(0.407115771949104,0.0329139385581143,
0.));
#6325=CARTESIAN_POINT('Ctrl Pts',(0.407115771949104,0.0329139385581143,
-0.9));
#6326=CARTESIAN_POINT('Ctrl Pts',(0.404604564806235,0.0291261918181475,
0.));
#6327=CARTESIAN_POINT('Ctrl Pts',(0.404604564806235,0.0291261918181475,
-0.9));
#6328=CARTESIAN_POINT('Ctrl Pts',(0.39868158048186,0.0231711476465902,0.));
#6329=CARTESIAN_POINT('Ctrl Pts',(0.39868158048186,0.0231711476465902,-0.9));
#6330=CARTESIAN_POINT('Ctrl Pts',(0.394907444770193,0.0206395303156252,
0.));
#6331=CARTESIAN_POINT('Ctrl Pts',(0.394907444770193,0.0206395303156252,
-0.9));
#6332=CARTESIAN_POINT('Ctrl Pts',(0.387213666489724,0.0176309162673981,
0.));
#6333=CARTESIAN_POINT('Ctrl Pts',(0.387213666489724,0.0176309162673981,
-0.9));
#6334=CARTESIAN_POINT('Ctrl Pts',(0.383382334880461,0.0169227560077607,
0.));
#6335=CARTESIAN_POINT('Ctrl Pts',(0.383382334880461,0.0169227560077607,
-0.9));
#6336=CARTESIAN_POINT('Ctrl Pts',(0.379716880451113,0.016866096896641,0.));
#6337=CARTESIAN_POINT('Ctrl Pts',(0.379716880451113,0.016866096896641,-0.9));
#6338=CARTESIAN_POINT('',(0.41080714963894,0.0481246510611692,0.));
#6339=CARTESIAN_POINT('Ctrl Pts',(0.389091938100868,0.115502331227575,0.));
#6340=CARTESIAN_POINT('Ctrl Pts',(0.389091938100868,0.115502331227575,-0.9));
#6341=CARTESIAN_POINT('Ctrl Pts',(0.392153928927057,0.111283966551495,0.));
#6342=CARTESIAN_POINT('Ctrl Pts',(0.392153928927057,0.111283966551495,-0.9));
#6343=CARTESIAN_POINT('Ctrl Pts',(0.394958889313385,0.106858129774993,0.));
#6344=CARTESIAN_POINT('Ctrl Pts',(0.394958889313385,0.106858129774993,-0.9));
#6345=CARTESIAN_POINT('Ctrl Pts',(0.406178395778615,0.0859284388932217,
0.));
#6346=CARTESIAN_POINT('Ctrl Pts',(0.406178395778615,0.0859284388932217,
-0.9));
#6347=CARTESIAN_POINT('Ctrl Pts',(0.410730706218293,0.0673163440136048,
0.));
#6348=CARTESIAN_POINT('Ctrl Pts',(0.410730706218293,0.0673163440136048,
-0.9));
#6349=CARTESIAN_POINT('Ctrl Pts',(0.410811153289945,0.0490164941228817,
0.));
#6350=CARTESIAN_POINT('Ctrl Pts',(0.410811153289945,0.0490164941228817,
-0.9));
#6351=CARTESIAN_POINT('Ctrl Pts',(0.41081032776267,0.0485708352477926,0.));
#6352=CARTESIAN_POINT('Ctrl Pts',(0.41081032776267,0.0485708352477926,-0.9));
#6353=CARTESIAN_POINT('Ctrl Pts',(0.410807149638939,0.0481246510611692,
0.));
#6354=CARTESIAN_POINT('Ctrl Pts',(0.410807149638939,0.0481246510611692,
-0.9));
#6355=CARTESIAN_POINT('',(0.389091938100869,0.115502331227575,0.));
#6356=CARTESIAN_POINT('Origin',(0.384005415119409,0.122463739057971,0.));
#6357=CARTESIAN_POINT('',(0.384005415119409,0.122463739057971,0.));
#6358=CARTESIAN_POINT('Ctrl Pts',(0.384005415119409,0.122463739057971,0.));
#6359=CARTESIAN_POINT('Ctrl Pts',(0.374522387937784,0.135472049741219,0.));
#6360=CARTESIAN_POINT('Ctrl Pts',(0.367497995573529,0.150315600234955,0.));
#6361=CARTESIAN_POINT('Ctrl Pts',(0.384005415119409,0.122463739057971,-0.2));
#6362=CARTESIAN_POINT('Ctrl Pts',(0.374522387937784,0.135472049741219,-0.2));
#6363=CARTESIAN_POINT('Ctrl Pts',(0.367497995573529,0.150315600234955,-0.2));
#6364=CARTESIAN_POINT('',(0.367497995573529,0.150315600234955,0.));
#6365=CARTESIAN_POINT('Origin',(0.42629800659079,0.177927955153305,0.));
#6366=CARTESIAN_POINT('',(0.403915483653081,0.238910789678356,0.));
#6367=CARTESIAN_POINT('Ctrl Pts',(0.403915483653081,0.238910789678356,0.));
#6368=CARTESIAN_POINT('Ctrl Pts',(0.419333584298415,0.244520117211461,0.));
#6369=CARTESIAN_POINT('Ctrl Pts',(0.435238472438095,0.247101726417189,0.));
#6370=CARTESIAN_POINT('Ctrl Pts',(0.403915483653081,0.238910789678356,-0.2));
#6371=CARTESIAN_POINT('Ctrl Pts',(0.419333584298415,0.244520117211461,-0.2));
#6372=CARTESIAN_POINT('Ctrl Pts',(0.435238472438095,0.247101726417189,-0.2));
#6373=CARTESIAN_POINT('',(0.435238472438095,0.247101726417189,0.));
#6374=CARTESIAN_POINT('Origin',(0.443750365342804,0.248473438559291,0.));
#6375=CARTESIAN_POINT('',(0.443750365342804,0.248473438559291,0.));
#6376=CARTESIAN_POINT('Ctrl Pts',(0.50657333898052,0.281101282191141,0.));
#6377=CARTESIAN_POINT('Ctrl Pts',(0.50657333898052,0.281101282191141,-0.9));
#6378=CARTESIAN_POINT('Ctrl Pts',(0.50626180619608,0.280781848703412,0.));
#6379=CARTESIAN_POINT('Ctrl Pts',(0.50626180619608,0.280781848703412,-0.9));
#6380=CARTESIAN_POINT('Ctrl Pts',(0.505948970359761,0.280464443199434,0.));
#6381=CARTESIAN_POINT('Ctrl Pts',(0.505948970359761,0.280464443199434,-0.9));
#6382=CARTESIAN_POINT('Ctrl Pts',(0.493021871644829,0.267511408938354,0.));
#6383=CARTESIAN_POINT('Ctrl Pts',(0.493021871644829,0.267511408938354,-0.9));
#6384=CARTESIAN_POINT('Ctrl Pts',(0.476696069246986,0.257481364959702,0.));
#6385=CARTESIAN_POINT('Ctrl Pts',(0.476696069246986,0.257481364959702,-0.9));
#6386=CARTESIAN_POINT('Ctrl Pts',(0.454000549363662,0.250492612356021,0.));
#6387=CARTESIAN_POINT('Ctrl Pts',(0.454000549363662,0.250492612356021,-0.9));
#6388=CARTESIAN_POINT('Ctrl Pts',(0.44889386513378,0.24931889598595,0.));
#6389=CARTESIAN_POINT('Ctrl Pts',(0.44889386513378,0.24931889598595,-0.9));
#6390=CARTESIAN_POINT('Ctrl Pts',(0.443750365342804,0.248473438559291,0.));
#6391=CARTESIAN_POINT('Ctrl Pts',(0.443750365342804,0.248473438559291,-0.9));
#6392=CARTESIAN_POINT('',(0.50657333898052,0.281101282191141,0.));
#6393=CARTESIAN_POINT('Ctrl Pts',(0.506454343532322,0.325188557982594,0.));
#6394=CARTESIAN_POINT('Ctrl Pts',(0.506454343532322,0.325188557982594,-0.9));
#6395=CARTESIAN_POINT('Ctrl Pts',(0.509020317522352,0.322570439591269,0.));
#6396=CARTESIAN_POINT('Ctrl Pts',(0.509020317522352,0.322570439591269,-0.9));
#6397=CARTESIAN_POINT('Ctrl Pts',(0.511246028495893,0.319372502206684,0.));
#6398=CARTESIAN_POINT('Ctrl Pts',(0.511246028495893,0.319372502206684,-0.9));
#6399=CARTESIAN_POINT('Ctrl Pts',(0.514599743293508,0.311822761828601,0.));
#6400=CARTESIAN_POINT('Ctrl Pts',(0.514599743293508,0.311822761828601,-0.9));
#6401=CARTESIAN_POINT('Ctrl Pts',(0.515502393099069,0.307368728823666,0.));
#6402=CARTESIAN_POINT('Ctrl Pts',(0.515502393099069,0.307368728823666,-0.9));
#6403=CARTESIAN_POINT('Ctrl Pts',(0.515525062834415,0.298969694327066,0.));
#6404=CARTESIAN_POINT('Ctrl Pts',(0.515525062834415,0.298969694327066,-0.9));
#6405=CARTESIAN_POINT('Ctrl Pts',(0.514646469661672,0.294510853590133,0.));
#6406=CARTESIAN_POINT('Ctrl Pts',(0.514646469661672,0.294510853590133,-0.9));
#6407=CARTESIAN_POINT('Ctrl Pts',(0.511333558262081,0.286943119399593,0.));
#6408=CARTESIAN_POINT('Ctrl Pts',(0.511333558262081,0.286943119399593,-0.9));
#6409=CARTESIAN_POINT('Ctrl Pts',(0.509125142621953,0.283733213915952,0.));
#6410=CARTESIAN_POINT('Ctrl Pts',(0.509125142621953,0.283733213915952,-0.9));
#6411=CARTESIAN_POINT('Ctrl Pts',(0.50657333898052,0.281101282191141,0.));
#6412=CARTESIAN_POINT('Ctrl Pts',(0.50657333898052,0.281101282191141,-0.9));
#6413=CARTESIAN_POINT('',(0.506454343532322,0.325188557982594,0.));
#6414=CARTESIAN_POINT('Ctrl Pts',(0.443456155652568,0.357476799195407,0.));
#6415=CARTESIAN_POINT('Ctrl Pts',(0.443456155652568,0.357476799195407,-0.9));
#6416=CARTESIAN_POINT('Ctrl Pts',(0.448604144397671,0.356659119404562,0.));
#6417=CARTESIAN_POINT('Ctrl Pts',(0.448604144397671,0.356659119404562,-0.9));
#6418=CARTESIAN_POINT('Ctrl Pts',(0.453717090104892,0.355512986717605,0.));
#6419=CARTESIAN_POINT('Ctrl Pts',(0.453717090104892,0.355512986717605,-0.9));
#6420=CARTESIAN_POINT('Ctrl Pts',(0.476450005558661,0.348646849470096,0.));
#6421=CARTESIAN_POINT('Ctrl Pts',(0.476450005558661,0.348646849470096,-0.9));
#6422=CARTESIAN_POINT('Ctrl Pts',(0.492829713642088,0.338705080550595,0.));
#6423=CARTESIAN_POINT('Ctrl Pts',(0.492829713642088,0.338705080550595,-0.9));
#6424=CARTESIAN_POINT('Ctrl Pts',(0.505826546264406,0.32582201726806,0.));
#6425=CARTESIAN_POINT('Ctrl Pts',(0.505826546264406,0.32582201726806,-0.9));
#6426=CARTESIAN_POINT('Ctrl Pts',(0.506141090941143,0.325506305119454,0.));
#6427=CARTESIAN_POINT('Ctrl Pts',(0.506141090941143,0.325506305119454,-0.9));
#6428=CARTESIAN_POINT('Ctrl Pts',(0.506454343532322,0.325188557982594,0.));
#6429=CARTESIAN_POINT('Ctrl Pts',(0.506454343532322,0.325188557982594,-0.9));
#6430=CARTESIAN_POINT('',(0.443456155652568,0.357476799195407,0.));
#6431=CARTESIAN_POINT('Origin',(0.434936982076238,0.358802542986033,0.));
#6432=CARTESIAN_POINT('',(0.434936982076238,0.358802542986033,0.));
#6433=CARTESIAN_POINT('Ctrl Pts',(0.434936982076238,0.358802542986033,0.));
#6434=CARTESIAN_POINT('Ctrl Pts',(0.419033204554028,0.361295294855638,0.));
#6435=CARTESIAN_POINT('Ctrl Pts',(0.403570233868543,0.366824274592162,0.));
#6436=CARTESIAN_POINT('Ctrl Pts',(0.434936982076238,0.358802542986033,-0.2));
#6437=CARTESIAN_POINT('Ctrl Pts',(0.419033204554028,0.361295294855638,-0.2));
#6438=CARTESIAN_POINT('Ctrl Pts',(0.403570233868543,0.366824274592162,-0.2));
#6439=CARTESIAN_POINT('',(0.403570233868543,0.366824274592162,0.));
#6440=CARTESIAN_POINT('Origin',(0.425623236985397,0.427927044523606,0.));
#6441=CARTESIAN_POINT('',(0.364586905878088,0.45016327002898,0.));
#6442=CARTESIAN_POINT('Ctrl Pts',(0.364586905878088,0.45016327002898,0.));
#6443=CARTESIAN_POINT('Ctrl Pts',(0.365500982927161,0.452650952040035,0.));
#6444=CARTESIAN_POINT('Ctrl Pts',(0.366675027407439,0.45522158660293,0.));
#6445=CARTESIAN_POINT('Ctrl Pts',(0.364586905878088,0.45016327002898,-0.2));
#6446=CARTESIAN_POINT('Ctrl Pts',(0.365500982927161,0.452650952040035,-0.2));
#6447=CARTESIAN_POINT('Ctrl Pts',(0.366675027407439,0.45522158660293,-0.2));
#6448=CARTESIAN_POINT('',(0.366675027407439,0.45522158660293,0.));
#6449=CARTESIAN_POINT('Ctrl Pts',(0.366675027407439,0.45522158660293,0.));
#6450=CARTESIAN_POINT('Ctrl Pts',(0.373610877390217,0.470090223658818,0.));
#6451=CARTESIAN_POINT('Ctrl Pts',(0.383031858272054,0.483162151292142,0.));
#6452=CARTESIAN_POINT('Ctrl Pts',(0.366675027407439,0.45522158660293,-0.2));
#6453=CARTESIAN_POINT('Ctrl Pts',(0.373610877390217,0.470090223658818,-0.2));
#6454=CARTESIAN_POINT('Ctrl Pts',(0.383031858272054,0.483162151292142,-0.2));
#6455=CARTESIAN_POINT('',(0.383031858272054,0.483162151292142,0.));
#6456=CARTESIAN_POINT('Origin',(0.388080728508191,0.490150915443312,0.));
#6457=CARTESIAN_POINT('',(0.388080728508191,0.490150915443312,0.));
#6458=CARTESIAN_POINT('Ctrl Pts',(0.409431909694148,0.55764483560442,0.));
#6459=CARTESIAN_POINT('Ctrl Pts',(0.409431909694148,0.55764483560442,-0.9));
#6460=CARTESIAN_POINT('Ctrl Pts',(0.40943749633502,0.55719867507467,0.));
#6461=CARTESIAN_POINT('Ctrl Pts',(0.40943749633502,0.55719867507467,-0.9));
#6462=CARTESIAN_POINT('Ctrl Pts',(0.40944072757801,0.556753027149162,0.));
#6463=CARTESIAN_POINT('Ctrl Pts',(0.40944072757801,0.556753027149162,-0.9));
#6464=CARTESIAN_POINT('Ctrl Pts',(0.409459066778564,0.538453009623813,0.));
#6465=CARTESIAN_POINT('Ctrl Pts',(0.409459066778564,0.538453009623813,-0.9));
#6466=CARTESIAN_POINT('Ctrl Pts',(0.405007293307642,0.519816611927084,0.));
#6467=CARTESIAN_POINT('Ctrl Pts',(0.405007293307642,0.519816611927084,-0.9));
#6468=CARTESIAN_POINT('Ctrl Pts',(0.393900931653688,0.498826661556933,0.));
#6469=CARTESIAN_POINT('Ctrl Pts',(0.393900931653688,0.498826661556933,-0.9));
#6470=CARTESIAN_POINT('Ctrl Pts',(0.391119903409826,0.494385747704137,0.));
#6471=CARTESIAN_POINT('Ctrl Pts',(0.391119903409826,0.494385747704137,-0.9));
#6472=CARTESIAN_POINT('Ctrl Pts',(0.388080728508191,0.490150915443312,0.));
#6473=CARTESIAN_POINT('Ctrl Pts',(0.388080728508191,0.490150915443312,-0.9));
#6474=CARTESIAN_POINT('',(0.409431909694148,0.55764483560442,0.));
#6475=CARTESIAN_POINT('Ctrl Pts',(0.378173355529619,0.588735104792246,0.));
#6476=CARTESIAN_POINT('Ctrl Pts',(0.378173355529619,0.588735104792246,-0.9));
#6477=CARTESIAN_POINT('Ctrl Pts',(0.381839062406772,0.58869823313249,0.));
#6478=CARTESIAN_POINT('Ctrl Pts',(0.381839062406772,0.58869823313249,-0.9));
#6479=CARTESIAN_POINT('Ctrl Pts',(0.385674160939575,0.588010765244392,0.));
#6480=CARTESIAN_POINT('Ctrl Pts',(0.385674160939575,0.588010765244392,-0.9));
#6481=CARTESIAN_POINT('Ctrl Pts',(0.393384068032674,0.58504372710241,0.));
#6482=CARTESIAN_POINT('Ctrl Pts',(0.393384068032674,0.58504372710241,-0.9));
#6483=CARTESIAN_POINT('Ctrl Pts',(0.397171814772641,0.582532519959541,0.));
#6484=CARTESIAN_POINT('Ctrl Pts',(0.397171814772641,0.582532519959541,-0.9));
#6485=CARTESIAN_POINT('Ctrl Pts',(0.403126858944198,0.576609535635167,0.));
#6486=CARTESIAN_POINT('Ctrl Pts',(0.403126858944198,0.576609535635167,-0.9));
#6487=CARTESIAN_POINT('Ctrl Pts',(0.405658476275163,0.5728353999235,0.));
#6488=CARTESIAN_POINT('Ctrl Pts',(0.405658476275163,0.5728353999235,-0.9));
#6489=CARTESIAN_POINT('Ctrl Pts',(0.408667090323391,0.565141621643031,0.));
#6490=CARTESIAN_POINT('Ctrl Pts',(0.408667090323391,0.565141621643031,-0.9));
#6491=CARTESIAN_POINT('Ctrl Pts',(0.409375250583028,0.561310290033768,0.));
#6492=CARTESIAN_POINT('Ctrl Pts',(0.409375250583028,0.561310290033768,-0.9));
#6493=CARTESIAN_POINT('Ctrl Pts',(0.409431909694148,0.55764483560442,0.));
#6494=CARTESIAN_POINT('Ctrl Pts',(0.409431909694148,0.55764483560442,-0.9));
#6495=CARTESIAN_POINT('',(0.378173355529619,0.588735104792246,0.));
#6496=CARTESIAN_POINT('Ctrl Pts',(0.310795675363214,0.567019893254175,0.));
#6497=CARTESIAN_POINT('Ctrl Pts',(0.310795675363214,0.567019893254175,-0.9));
#6498=CARTESIAN_POINT('Ctrl Pts',(0.315014040039293,0.570081884080364,0.));
#6499=CARTESIAN_POINT('Ctrl Pts',(0.315014040039293,0.570081884080364,-0.9));
#6500=CARTESIAN_POINT('Ctrl Pts',(0.319439876815795,0.572886844466692,0.));
#6501=CARTESIAN_POINT('Ctrl Pts',(0.319439876815795,0.572886844466692,-0.9));
#6502=CARTESIAN_POINT('Ctrl Pts',(0.340369567697567,0.584106350931921,0.));
#6503=CARTESIAN_POINT('Ctrl Pts',(0.340369567697567,0.584106350931921,-0.9));
#6504=CARTESIAN_POINT('Ctrl Pts',(0.358981662577184,0.5886586613716,0.));
#6505=CARTESIAN_POINT('Ctrl Pts',(0.358981662577184,0.5886586613716,-0.9));
#6506=CARTESIAN_POINT('Ctrl Pts',(0.377281512467907,0.588739108443251,0.));
#6507=CARTESIAN_POINT('Ctrl Pts',(0.377281512467907,0.588739108443251,-0.9));
#6508=CARTESIAN_POINT('Ctrl Pts',(0.377727171342996,0.588738282915977,0.));
#6509=CARTESIAN_POINT('Ctrl Pts',(0.377727171342996,0.588738282915977,-0.9));
#6510=CARTESIAN_POINT('Ctrl Pts',(0.378173355529619,0.588735104792246,0.));
#6511=CARTESIAN_POINT('Ctrl Pts',(0.378173355529619,0.588735104792246,-0.9));
#6512=CARTESIAN_POINT('',(0.310795675363214,0.567019893254175,0.));
#6513=CARTESIAN_POINT('Origin',(0.303834267532818,0.561933370272715,0.));
#6514=CARTESIAN_POINT('',(0.303834267532818,0.561933370272715,0.));
#6515=CARTESIAN_POINT('Ctrl Pts',(0.303834267532818,0.561933370272715,0.));
#6516=CARTESIAN_POINT('Ctrl Pts',(0.290825956849567,0.55245034309109,0.));
#6517=CARTESIAN_POINT('Ctrl Pts',(0.275982406355834,0.545425950726835,0.));
#6518=CARTESIAN_POINT('Ctrl Pts',(0.303834267532818,0.561933370272715,-0.2));
#6519=CARTESIAN_POINT('Ctrl Pts',(0.290825956849567,0.55245034309109,-0.2));
#6520=CARTESIAN_POINT('Ctrl Pts',(0.275982406355834,0.545425950726835,-0.2));
#6521=CARTESIAN_POINT('',(0.275982406355834,0.545425950726835,0.));
#6522=CARTESIAN_POINT('Origin',(0.248370051437484,0.604225961744095,0.));
#6523=CARTESIAN_POINT('',(0.187387216912432,0.581843438806387,0.));
#6524=CARTESIAN_POINT('Ctrl Pts',(0.187387216912432,0.581843438806387,0.));
#6525=CARTESIAN_POINT('Ctrl Pts',(0.181777889379327,0.597261539451722,0.));
#6526=CARTESIAN_POINT('Ctrl Pts',(0.1791962801736,0.613166427591401,0.));
#6527=CARTESIAN_POINT('Ctrl Pts',(0.187387216912432,0.581843438806387,-0.2));
#6528=CARTESIAN_POINT('Ctrl Pts',(0.181777889379327,0.597261539451722,-0.2));
#6529=CARTESIAN_POINT('Ctrl Pts',(0.1791962801736,0.613166427591401,-0.2));
#6530=CARTESIAN_POINT('',(0.1791962801736,0.613166427591401,0.));
#6531=CARTESIAN_POINT('Origin',(0.177824568031497,0.62167832049611,0.));
#6532=CARTESIAN_POINT('',(0.177824568031497,0.62167832049611,0.));
#6533=CARTESIAN_POINT('Ctrl Pts',(0.145196724399647,0.684501294133825,0.));
#6534=CARTESIAN_POINT('Ctrl Pts',(0.145196724399647,0.684501294133825,-0.9));
#6535=CARTESIAN_POINT('Ctrl Pts',(0.145516157887376,0.684189761349386,0.));
#6536=CARTESIAN_POINT('Ctrl Pts',(0.145516157887376,0.684189761349386,-0.9));
#6537=CARTESIAN_POINT('Ctrl Pts',(0.145833563391354,0.683876925513067,0.));
#6538=CARTESIAN_POINT('Ctrl Pts',(0.145833563391354,0.683876925513067,-0.9));
#6539=CARTESIAN_POINT('Ctrl Pts',(0.158786597652434,0.670949826798134,0.));
#6540=CARTESIAN_POINT('Ctrl Pts',(0.158786597652434,0.670949826798134,-0.9));
#6541=CARTESIAN_POINT('Ctrl Pts',(0.168816641631086,0.654624024400292,0.));
#6542=CARTESIAN_POINT('Ctrl Pts',(0.168816641631086,0.654624024400292,-0.9));
#6543=CARTESIAN_POINT('Ctrl Pts',(0.175805394234768,0.631928504516968,0.));
#6544=CARTESIAN_POINT('Ctrl Pts',(0.175805394234768,0.631928504516968,-0.9));
#6545=CARTESIAN_POINT('Ctrl Pts',(0.176979110604839,0.626821820287086,0.));
#6546=CARTESIAN_POINT('Ctrl Pts',(0.176979110604839,0.626821820287086,-0.9));
#6547=CARTESIAN_POINT('Ctrl Pts',(0.177824568031497,0.62167832049611,0.));
#6548=CARTESIAN_POINT('Ctrl Pts',(0.177824568031497,0.62167832049611,-0.9));
#6549=CARTESIAN_POINT('',(0.145196724399646,0.684501294133824,0.));
#6550=CARTESIAN_POINT('Ctrl Pts',(0.101109448608199,0.684382298685629,0.));
#6551=CARTESIAN_POINT('Ctrl Pts',(0.101109448608199,0.684382298685629,-0.9));
#6552=CARTESIAN_POINT('Ctrl Pts',(0.103727566999522,0.686948272675658,0.));
#6553=CARTESIAN_POINT('Ctrl Pts',(0.103727566999522,0.686948272675658,-0.9));
#6554=CARTESIAN_POINT('Ctrl Pts',(0.106925504384107,0.689173983649198,0.));
#6555=CARTESIAN_POINT('Ctrl Pts',(0.106925504384107,0.689173983649198,-0.9));
#6556=CARTESIAN_POINT('Ctrl Pts',(0.114475244762188,0.692527698446812,0.));
#6557=CARTESIAN_POINT('Ctrl Pts',(0.114475244762188,0.692527698446812,-0.9));
#6558=CARTESIAN_POINT('Ctrl Pts',(0.118929277767122,0.693430348252373,0.));
#6559=CARTESIAN_POINT('Ctrl Pts',(0.118929277767122,0.693430348252373,-0.9));
#6560=CARTESIAN_POINT('Ctrl Pts',(0.127328312263722,0.693453017987719,0.));
#6561=CARTESIAN_POINT('Ctrl Pts',(0.127328312263722,0.693453017987719,-0.9));
#6562=CARTESIAN_POINT('Ctrl Pts',(0.131787153000655,0.692574424814976,0.));
#6563=CARTESIAN_POINT('Ctrl Pts',(0.131787153000655,0.692574424814976,-0.9));
#6564=CARTESIAN_POINT('Ctrl Pts',(0.139354887191194,0.689261513415386,0.));
#6565=CARTESIAN_POINT('Ctrl Pts',(0.139354887191194,0.689261513415386,-0.9));
#6566=CARTESIAN_POINT('Ctrl Pts',(0.142564792674835,0.687053097775258,0.));
#6567=CARTESIAN_POINT('Ctrl Pts',(0.142564792674835,0.687053097775258,-0.9));
#6568=CARTESIAN_POINT('Ctrl Pts',(0.145196724399646,0.684501294133824,0.));
#6569=CARTESIAN_POINT('Ctrl Pts',(0.145196724399646,0.684501294133824,-0.9));
#6570=CARTESIAN_POINT('',(0.1011094486082,0.684382298685628,0.));
#6571=CARTESIAN_POINT('Ctrl Pts',(0.0688212073953862,0.621384110805874,
0.));
#6572=CARTESIAN_POINT('Ctrl Pts',(0.0688212073953862,0.621384110805874,
-0.9));
#6573=CARTESIAN_POINT('Ctrl Pts',(0.0696388871862307,0.626532099550977,
0.));
#6574=CARTESIAN_POINT('Ctrl Pts',(0.0696388871862307,0.626532099550977,
-0.9));
#6575=CARTESIAN_POINT('Ctrl Pts',(0.0707850198731879,0.631645045258199,
0.));
#6576=CARTESIAN_POINT('Ctrl Pts',(0.0707850198731879,0.631645045258199,
-0.9));
#6577=CARTESIAN_POINT('Ctrl Pts',(0.0776511571206971,0.654377960711967,
0.));
#6578=CARTESIAN_POINT('Ctrl Pts',(0.0776511571206971,0.654377960711967,
-0.9));
#6579=CARTESIAN_POINT('Ctrl Pts',(0.0875929260401988,0.670757668795395,
0.));
#6580=CARTESIAN_POINT('Ctrl Pts',(0.0875929260401988,0.670757668795395,
-0.9));
#6581=CARTESIAN_POINT('Ctrl Pts',(0.100475989322734,0.683754501417712,0.));
#6582=CARTESIAN_POINT('Ctrl Pts',(0.100475989322734,0.683754501417712,-0.9));
#6583=CARTESIAN_POINT('Ctrl Pts',(0.100791701471339,0.68406904609445,0.));
#6584=CARTESIAN_POINT('Ctrl Pts',(0.100791701471339,0.68406904609445,-0.9));
#6585=CARTESIAN_POINT('Ctrl Pts',(0.1011094486082,0.684382298685628,0.));
#6586=CARTESIAN_POINT('Ctrl Pts',(0.1011094486082,0.684382298685628,-0.9));
#6587=CARTESIAN_POINT('',(0.0688212073953862,0.621384110805874,0.));
#6588=CARTESIAN_POINT('Origin',(0.0674954636047593,0.612864937229545,0.));
#6589=CARTESIAN_POINT('',(0.0674954636047593,0.612864937229545,0.));
#6590=CARTESIAN_POINT('Ctrl Pts',(0.0674954636047593,0.612864937229545,
0.));
#6591=CARTESIAN_POINT('Ctrl Pts',(0.0650027117351548,0.596961159707336,
0.));
#6592=CARTESIAN_POINT('Ctrl Pts',(0.0594737319986303,0.58149818902185,0.));
#6593=CARTESIAN_POINT('Ctrl Pts',(0.0674954636047593,0.612864937229545,
-0.2));
#6594=CARTESIAN_POINT('Ctrl Pts',(0.0650027117351548,0.596961159707336,
-0.2));
#6595=CARTESIAN_POINT('Ctrl Pts',(0.0594737319986303,0.58149818902185,-0.2));
#6596=CARTESIAN_POINT('',(0.0594737319986305,0.58149818902185,0.));
#6597=CARTESIAN_POINT('Origin',(-0.0016290379328128,0.603551192138704,0.));
#6598=CARTESIAN_POINT('',(-0.0289235800121377,0.544602982560746,0.));
#6599=CARTESIAN_POINT('Ctrl Pts',(-0.0289235800121376,0.544602982560746,
0.));
#6600=CARTESIAN_POINT('Ctrl Pts',(-0.0437922170680256,0.551538832543524,
0.));
#6601=CARTESIAN_POINT('Ctrl Pts',(-0.0568641447013499,0.560959813425362,
0.));
#6602=CARTESIAN_POINT('Ctrl Pts',(-0.0289235800121376,0.544602982560746,
-0.2));
#6603=CARTESIAN_POINT('Ctrl Pts',(-0.0437922170680256,0.551538832543524,
-0.2));
#6604=CARTESIAN_POINT('Ctrl Pts',(-0.0568641447013499,0.560959813425362,
-0.2));
#6605=CARTESIAN_POINT('',(-0.0568641447013497,0.560959813425362,0.));
#6606=CARTESIAN_POINT('Origin',(-0.0638529088525195,0.566008683661498,0.));
#6607=CARTESIAN_POINT('Ctrl Pts',(-0.162437098201454,0.556101310682928,
0.));
#6608=CARTESIAN_POINT('Ctrl Pts',(-0.162437098201454,0.556101310682928,
-0.9));
#6609=CARTESIAN_POINT('Ctrl Pts',(-0.162400226541698,0.559767017560081,
0.));
#6610=CARTESIAN_POINT('Ctrl Pts',(-0.162400226541698,0.559767017560081,
-0.9));
#6611=CARTESIAN_POINT('Ctrl Pts',(-0.1617127586536,0.563602116092884,0.));
#6612=CARTESIAN_POINT('Ctrl Pts',(-0.1617127586536,0.563602116092884,-0.9));
#6613=CARTESIAN_POINT('Ctrl Pts',(-0.158745720511618,0.571312023185983,
0.));
#6614=CARTESIAN_POINT('Ctrl Pts',(-0.158745720511618,0.571312023185983,
-0.9));
#6615=CARTESIAN_POINT('Ctrl Pts',(-0.156234513368749,0.57509976992595,0.));
#6616=CARTESIAN_POINT('Ctrl Pts',(-0.156234513368749,0.57509976992595,-0.9));
#6617=CARTESIAN_POINT('Ctrl Pts',(-0.150311529044375,0.581054814097507,
0.));
#6618=CARTESIAN_POINT('Ctrl Pts',(-0.150311529044375,0.581054814097507,
-0.9));
#6619=CARTESIAN_POINT('Ctrl Pts',(-0.146537393332707,0.583586431428472,
0.));
#6620=CARTESIAN_POINT('Ctrl Pts',(-0.146537393332707,0.583586431428472,
-0.9));
#6621=CARTESIAN_POINT('Ctrl Pts',(-0.138843615052227,0.586595045476704,
0.));
#6622=CARTESIAN_POINT('Ctrl Pts',(-0.138843615052227,0.586595045476704,
-0.9));
#6623=CARTESIAN_POINT('Ctrl Pts',(-0.13501228344295,0.587303205736341,0.));
#6624=CARTESIAN_POINT('Ctrl Pts',(-0.13501228344295,0.587303205736341,-0.9));
#6625=CARTESIAN_POINT('Ctrl Pts',(-0.131346829013591,0.587359864847457,
0.));
#6626=CARTESIAN_POINT('Ctrl Pts',(-0.131346829013591,0.587359864847457,
-0.9));
#6627=CARTESIAN_POINT('',(-0.162437098201454,0.556101310682928,0.));
#6628=CARTESIAN_POINT('Ctrl Pts',(-0.140721886663384,0.488723630516523,
0.));
#6629=CARTESIAN_POINT('Ctrl Pts',(-0.140721886663384,0.488723630516523,
-0.9));
#6630=CARTESIAN_POINT('Ctrl Pts',(-0.143783877489572,0.492941995192602,
0.));
#6631=CARTESIAN_POINT('Ctrl Pts',(-0.143783877489572,0.492941995192602,
-0.9));
#6632=CARTESIAN_POINT('Ctrl Pts',(-0.1465888378759,0.497367831969104,0.));
#6633=CARTESIAN_POINT('Ctrl Pts',(-0.1465888378759,0.497367831969104,-0.9));
#6634=CARTESIAN_POINT('Ctrl Pts',(-0.157808344341129,0.518297522850875,
0.));
#6635=CARTESIAN_POINT('Ctrl Pts',(-0.157808344341129,0.518297522850875,
-0.9));
#6636=CARTESIAN_POINT('Ctrl Pts',(-0.162360654780808,0.536909617730493,
0.));
#6637=CARTESIAN_POINT('Ctrl Pts',(-0.162360654780808,0.536909617730493,
-0.9));
#6638=CARTESIAN_POINT('Ctrl Pts',(-0.162441101852459,0.555209467621216,
0.));
#6639=CARTESIAN_POINT('Ctrl Pts',(-0.162441101852459,0.555209467621216,
-0.9));
#6640=CARTESIAN_POINT('Ctrl Pts',(-0.162440276325184,0.555655126496305,
0.));
#6641=CARTESIAN_POINT('Ctrl Pts',(-0.162440276325184,0.555655126496305,
-0.9));
#6642=CARTESIAN_POINT('Ctrl Pts',(-0.162437098201454,0.556101310682928,
0.));
#6643=CARTESIAN_POINT('Ctrl Pts',(-0.162437098201454,0.556101310682928,
-0.9));
#6644=CARTESIAN_POINT('',(-0.140721886663384,0.488723630516523,0.));
#6645=CARTESIAN_POINT('Origin',(-0.135635363681924,0.481762222686127,0.));
#6646=CARTESIAN_POINT('',(-0.135635363681924,0.481762222686127,0.));
#6647=CARTESIAN_POINT('Ctrl Pts',(-0.135635363681924,0.481762222686127,
-0.7));
#6648=CARTESIAN_POINT('Ctrl Pts',(-0.1261523365003,0.468753912002877,-0.7));
#6649=CARTESIAN_POINT('Ctrl Pts',(-0.119127944136044,0.453910361509142,
-0.7));
#6650=CARTESIAN_POINT('Ctrl Pts',(-0.135635363681924,0.481762222686127,
-0.9));
#6651=CARTESIAN_POINT('Ctrl Pts',(-0.1261523365003,0.468753912002877,-0.9));
#6652=CARTESIAN_POINT('Ctrl Pts',(-0.119127944136044,0.453910361509142,
-0.9));
#6653=CARTESIAN_POINT('',(-0.119127944136044,0.453910361509142,0.));
#6654=CARTESIAN_POINT('Ctrl Pts',(-0.119127944136044,0.453910361509142,
-0.7));
#6655=CARTESIAN_POINT('Ctrl Pts',(-0.115951133952303,0.447142537517169,
-0.7));
#6656=CARTESIAN_POINT('Ctrl Pts',(-0.114399830249591,0.43986490697316,-0.7));
#6657=CARTESIAN_POINT('Ctrl Pts',(-0.119127944136044,0.453910361509142,
-0.9));
#6658=CARTESIAN_POINT('Ctrl Pts',(-0.115951133952303,0.447142537517169,
-0.9));
#6659=CARTESIAN_POINT('Ctrl Pts',(-0.114399830249591,0.43986490697316,-0.9));
#6660=CARTESIAN_POINT('',(-0.114399830249591,0.43986490697316,0.));
#6661=CARTESIAN_POINT('Origin',(-0.177927955153305,0.426298006590793,0.));
#6662=CARTESIAN_POINT('',(-0.155545432215597,0.365315172065741,0.));
#6663=CARTESIAN_POINT('Ctrl Pts',(-0.155545432215597,0.365315172065741,
-0.7));
#6664=CARTESIAN_POINT('Ctrl Pts',(-0.170963532860933,0.359705844532636,
-0.7));
#6665=CARTESIAN_POINT('Ctrl Pts',(-0.186868421000611,0.357124235326909,
-0.7));
#6666=CARTESIAN_POINT('Ctrl Pts',(-0.155545432215597,0.365315172065741,
-0.9));
#6667=CARTESIAN_POINT('Ctrl Pts',(-0.170963532860933,0.359705844532636,
-0.9));
#6668=CARTESIAN_POINT('Ctrl Pts',(-0.186868421000611,0.357124235326909,
-0.9));
#6669=CARTESIAN_POINT('',(-0.186868421000611,0.357124235326909,0.));
#6670=CARTESIAN_POINT('Origin',(-0.19538031390532,0.355752523184806,0.));
#6671=CARTESIAN_POINT('',(-0.19538031390532,0.355752523184806,0.));
#6672=CARTESIAN_POINT('Ctrl Pts',(-0.258203287543036,0.323124679552957,
0.));
#6673=CARTESIAN_POINT('Ctrl Pts',(-0.258203287543036,0.323124679552957,
-0.9));
#6674=CARTESIAN_POINT('Ctrl Pts',(-0.257891754758596,0.323444113040686,
0.));
#6675=CARTESIAN_POINT('Ctrl Pts',(-0.257891754758596,0.323444113040686,
-0.9));
#6676=CARTESIAN_POINT('Ctrl Pts',(-0.257578918922278,0.323761518544664,
0.));
#6677=CARTESIAN_POINT('Ctrl Pts',(-0.257578918922278,0.323761518544664,
-0.9));
#6678=CARTESIAN_POINT('Ctrl Pts',(-0.244651820207344,0.336714552805744,
0.));
#6679=CARTESIAN_POINT('Ctrl Pts',(-0.244651820207344,0.336714552805744,
-0.9));
#6680=CARTESIAN_POINT('Ctrl Pts',(-0.228326017809502,0.346744596784395,
0.));
#6681=CARTESIAN_POINT('Ctrl Pts',(-0.228326017809502,0.346744596784395,
-0.9));
#6682=CARTESIAN_POINT('Ctrl Pts',(-0.205630497926178,0.353733349388077,
0.));
#6683=CARTESIAN_POINT('Ctrl Pts',(-0.205630497926178,0.353733349388077,
-0.9));
#6684=CARTESIAN_POINT('Ctrl Pts',(-0.200523813696295,0.354907065758148,
0.));
#6685=CARTESIAN_POINT('Ctrl Pts',(-0.200523813696295,0.354907065758148,
-0.9));
#6686=CARTESIAN_POINT('Ctrl Pts',(-0.19538031390532,0.355752523184806,0.));
#6687=CARTESIAN_POINT('Ctrl Pts',(-0.19538031390532,0.355752523184806,-0.9));
#6688=CARTESIAN_POINT('',(-0.258203287543011,0.323124679552983,0.));
#6689=CARTESIAN_POINT('Ctrl Pts',(-0.258084292094839,0.279037403761504,
0.));
#6690=CARTESIAN_POINT('Ctrl Pts',(-0.258084292094839,0.279037403761504,
-0.9));
#6691=CARTESIAN_POINT('Ctrl Pts',(-0.260650266084868,0.281655522152829,
0.));
#6692=CARTESIAN_POINT('Ctrl Pts',(-0.260650266084868,0.281655522152829,
-0.9));
#6693=CARTESIAN_POINT('Ctrl Pts',(-0.262875977058409,0.284853459537414,
0.));
#6694=CARTESIAN_POINT('Ctrl Pts',(-0.262875977058409,0.284853459537414,
-0.9));
#6695=CARTESIAN_POINT('Ctrl Pts',(-0.266229691856024,0.292403199915497,
0.));
#6696=CARTESIAN_POINT('Ctrl Pts',(-0.266229691856024,0.292403199915497,
-0.9));
#6697=CARTESIAN_POINT('Ctrl Pts',(-0.267132341661585,0.296857232920432,
0.));
#6698=CARTESIAN_POINT('Ctrl Pts',(-0.267132341661585,0.296857232920432,
-0.9));
#6699=CARTESIAN_POINT('Ctrl Pts',(-0.267155011396932,0.305256267417032,
0.));
#6700=CARTESIAN_POINT('Ctrl Pts',(-0.267155011396932,0.305256267417032,
-0.9));
#6701=CARTESIAN_POINT('Ctrl Pts',(-0.266276418224188,0.309715108153965,
0.));
#6702=CARTESIAN_POINT('Ctrl Pts',(-0.266276418224188,0.309715108153965,
-0.9));
#6703=CARTESIAN_POINT('Ctrl Pts',(-0.262963506824592,0.317282842344516,
0.));
#6704=CARTESIAN_POINT('Ctrl Pts',(-0.262963506824592,0.317282842344516,
-0.9));
#6705=CARTESIAN_POINT('Ctrl Pts',(-0.260755091184455,0.320492747828167,
0.));
#6706=CARTESIAN_POINT('Ctrl Pts',(-0.260755091184455,0.320492747828167,
-0.9));
#6707=CARTESIAN_POINT('Ctrl Pts',(-0.258203287543011,0.323124679552983,
0.));
#6708=CARTESIAN_POINT('Ctrl Pts',(-0.258203287543011,0.323124679552983,
-0.9));
#6709=CARTESIAN_POINT('',(-0.258084292094839,0.279037403761504,0.));
#6710=CARTESIAN_POINT('Ctrl Pts',(-0.195086104215085,0.246749162548691,
0.));
#6711=CARTESIAN_POINT('Ctrl Pts',(-0.195086104215085,0.246749162548691,
-0.9));
#6712=CARTESIAN_POINT('Ctrl Pts',(-0.200234092960187,0.247566842339535,
0.));
#6713=CARTESIAN_POINT('Ctrl Pts',(-0.200234092960187,0.247566842339535,
-0.9));
#6714=CARTESIAN_POINT('Ctrl Pts',(-0.205347038667409,0.248712975026493,
0.));
#6715=CARTESIAN_POINT('Ctrl Pts',(-0.205347038667409,0.248712975026493,
-0.9));
#6716=CARTESIAN_POINT('Ctrl Pts',(-0.228079954121178,0.255579112274002,
0.));
#6717=CARTESIAN_POINT('Ctrl Pts',(-0.228079954121178,0.255579112274002,
-0.9));
#6718=CARTESIAN_POINT('Ctrl Pts',(-0.244459662204605,0.265520881193503,
0.));
#6719=CARTESIAN_POINT('Ctrl Pts',(-0.244459662204605,0.265520881193503,
-0.9));
#6720=CARTESIAN_POINT('Ctrl Pts',(-0.257456494826923,0.278403944476038,
0.));
#6721=CARTESIAN_POINT('Ctrl Pts',(-0.257456494826923,0.278403944476038,
-0.9));
#6722=CARTESIAN_POINT('Ctrl Pts',(-0.25777103950366,0.278719656624644,0.));
#6723=CARTESIAN_POINT('Ctrl Pts',(-0.25777103950366,0.278719656624644,-0.9));
#6724=CARTESIAN_POINT('Ctrl Pts',(-0.258084292094838,0.279037403761504,
0.));
#6725=CARTESIAN_POINT('Ctrl Pts',(-0.258084292094838,0.279037403761504,
-0.9));
#6726=CARTESIAN_POINT('',(-0.195086104215085,0.246749162548691,0.));
#6727=CARTESIAN_POINT('Origin',(-0.186566930638755,0.245423418758064,0.));
#6728=CARTESIAN_POINT('',(-0.186566930638755,0.245423418758064,0.));
#6729=CARTESIAN_POINT('Ctrl Pts',(-0.186566930638755,0.245423418758064,
-0.7));
#6730=CARTESIAN_POINT('Ctrl Pts',(-0.170663153116545,0.24293066688846,-0.7));
#6731=CARTESIAN_POINT('Ctrl Pts',(-0.15520018243106,0.237401687151935,-0.7));
#6732=CARTESIAN_POINT('Ctrl Pts',(-0.186566930638755,0.245423418758064,
-0.9));
#6733=CARTESIAN_POINT('Ctrl Pts',(-0.170663153116545,0.24293066688846,-0.9));
#6734=CARTESIAN_POINT('Ctrl Pts',(-0.15520018243106,0.237401687151935,-0.9));
#6735=CARTESIAN_POINT('',(-0.15520018243106,0.237401687151935,0.));
#6736=CARTESIAN_POINT('Origin',(-0.177253185547914,0.176298917220492,0.));
#6737=CARTESIAN_POINT('',(-0.118304975969956,0.149004375141167,0.));
#6738=CARTESIAN_POINT('Ctrl Pts',(-0.118304975969956,0.149004375141167,
-0.7));
#6739=CARTESIAN_POINT('Ctrl Pts',(-0.125240825952735,0.134135738085279,
-0.7));
#6740=CARTESIAN_POINT('Ctrl Pts',(-0.134661806834572,0.121063810451955,
-0.7));
#6741=CARTESIAN_POINT('Ctrl Pts',(-0.118304975969956,0.149004375141167,
-0.9));
#6742=CARTESIAN_POINT('Ctrl Pts',(-0.125240825952735,0.134135738085279,
-0.9));
#6743=CARTESIAN_POINT('Ctrl Pts',(-0.134661806834572,0.121063810451955,
-0.9));
#6744=CARTESIAN_POINT('',(-0.134661806834572,0.121063810451955,0.));
#6745=CARTESIAN_POINT('Origin',(-0.139710677070708,0.114075046300786,0.));
#6746=CARTESIAN_POINT('',(-0.139710677070708,0.114075046300786,0.));
#6747=CARTESIAN_POINT('Ctrl Pts',(-0.161061858256666,0.0465811261396777,
0.));
#6748=CARTESIAN_POINT('Ctrl Pts',(-0.161061858256666,0.0465811261396777,
-0.9));
#6749=CARTESIAN_POINT('Ctrl Pts',(-0.161067444897538,0.047027286669428,
0.));
#6750=CARTESIAN_POINT('Ctrl Pts',(-0.161067444897538,0.047027286669428,
-0.9));
#6751=CARTESIAN_POINT('Ctrl Pts',(-0.161070676140528,0.0474729345949361,
0.));
#6752=CARTESIAN_POINT('Ctrl Pts',(-0.161070676140528,0.0474729345949361,
-0.9));
#6753=CARTESIAN_POINT('Ctrl Pts',(-0.161089015341082,0.0657729521202845,
0.));
#6754=CARTESIAN_POINT('Ctrl Pts',(-0.161089015341082,0.0657729521202845,
-0.9));
#6755=CARTESIAN_POINT('Ctrl Pts',(-0.15663724187016,0.084409349817014,0.));
#6756=CARTESIAN_POINT('Ctrl Pts',(-0.15663724187016,0.084409349817014,-0.9));
#6757=CARTESIAN_POINT('Ctrl Pts',(-0.145530880216206,0.105399300187165,
0.));
#6758=CARTESIAN_POINT('Ctrl Pts',(-0.145530880216206,0.105399300187165,
-0.9));
#6759=CARTESIAN_POINT('Ctrl Pts',(-0.142749851972344,0.10984021403996,0.));
#6760=CARTESIAN_POINT('Ctrl Pts',(-0.142749851972344,0.10984021403996,-0.9));
#6761=CARTESIAN_POINT('Ctrl Pts',(-0.139710677070708,0.114075046300786,
0.));
#6762=CARTESIAN_POINT('Ctrl Pts',(-0.139710677070708,0.114075046300786,
-0.9));
#6763=CARTESIAN_POINT('',(-0.161061858256665,0.0465811261396777,0.));
#6764=CARTESIAN_POINT('Ctrl Pts',(-0.129803304092136,0.0154908569518482,
0.));
#6765=CARTESIAN_POINT('Ctrl Pts',(-0.129803304092136,0.0154908569518482,
-0.9));
#6766=CARTESIAN_POINT('Ctrl Pts',(-0.133469010969289,0.0155277286116043,
0.));
#6767=CARTESIAN_POINT('Ctrl Pts',(-0.133469010969289,0.0155277286116043,
-0.9));
#6768=CARTESIAN_POINT('Ctrl Pts',(-0.137304109502091,0.0162151964997025,
0.));
#6769=CARTESIAN_POINT('Ctrl Pts',(-0.137304109502091,0.0162151964997025,
-0.9));
#6770=CARTESIAN_POINT('Ctrl Pts',(-0.145014016595191,0.0191822346416843,
0.));
#6771=CARTESIAN_POINT('Ctrl Pts',(-0.145014016595191,0.0191822346416843,
-0.9));
#6772=CARTESIAN_POINT('Ctrl Pts',(-0.148801763335158,0.0216934417845531,
0.));
#6773=CARTESIAN_POINT('Ctrl Pts',(-0.148801763335158,0.0216934417845531,
-0.9));
#6774=CARTESIAN_POINT('Ctrl Pts',(-0.154756807506715,0.0276164261089277,
0.));
#6775=CARTESIAN_POINT('Ctrl Pts',(-0.154756807506715,0.0276164261089277,
-0.9));
#6776=CARTESIAN_POINT('Ctrl Pts',(-0.15728842483768,0.0313905618205952,
0.));
#6777=CARTESIAN_POINT('Ctrl Pts',(-0.15728842483768,0.0313905618205952,
-0.9));
#6778=CARTESIAN_POINT('Ctrl Pts',(-0.160297038885908,0.0390843401010647,
0.));
#6779=CARTESIAN_POINT('Ctrl Pts',(-0.160297038885908,0.0390843401010647,
-0.9));
#6780=CARTESIAN_POINT('Ctrl Pts',(-0.161005199145545,0.0429156717103288,
0.));
#6781=CARTESIAN_POINT('Ctrl Pts',(-0.161005199145545,0.0429156717103288,
-0.9));
#6782=CARTESIAN_POINT('Ctrl Pts',(-0.161061858256665,0.0465811261396777,
0.));
#6783=CARTESIAN_POINT('Ctrl Pts',(-0.161061858256665,0.0465811261396777,
-0.9));
#6784=CARTESIAN_POINT('',(-0.129803304092136,0.0154908569518491,0.));
#6785=CARTESIAN_POINT('Ctrl Pts',(-0.0624256239257302,0.0372060684899204,
0.));
#6786=CARTESIAN_POINT('Ctrl Pts',(-0.0624256239257302,0.0372060684899204,
-0.9));
#6787=CARTESIAN_POINT('Ctrl Pts',(-0.0666439886018096,0.0341440776637316,
0.));
#6788=CARTESIAN_POINT('Ctrl Pts',(-0.0666439886018096,0.0341440776637316,
-0.9));
#6789=CARTESIAN_POINT('Ctrl Pts',(-0.0710698253783117,0.0313391172774034,
0.));
#6790=CARTESIAN_POINT('Ctrl Pts',(-0.0710698253783117,0.0313391172774034,
-0.9));
#6791=CARTESIAN_POINT('Ctrl Pts',(-0.091999516260083,0.0201196108121742,
0.));
#6792=CARTESIAN_POINT('Ctrl Pts',(-0.091999516260083,0.0201196108121742,
-0.9));
#6793=CARTESIAN_POINT('Ctrl Pts',(-0.1106116111397,0.0155673003724957,0.));
#6794=CARTESIAN_POINT('Ctrl Pts',(-0.1106116111397,0.0155673003724957,-0.9));
#6795=CARTESIAN_POINT('Ctrl Pts',(-0.128911461030423,0.0154868533008442,
0.));
#6796=CARTESIAN_POINT('Ctrl Pts',(-0.128911461030423,0.0154868533008442,
-0.9));
#6797=CARTESIAN_POINT('Ctrl Pts',(-0.129357119905512,0.0154876788281189,
0.));
#6798=CARTESIAN_POINT('Ctrl Pts',(-0.129357119905512,0.0154876788281189,
-0.9));
#6799=CARTESIAN_POINT('Ctrl Pts',(-0.129803304092136,0.0154908569518491,
0.));
#6800=CARTESIAN_POINT('Ctrl Pts',(-0.129803304092136,0.0154908569518491,
-0.9));
#6801=CARTESIAN_POINT('',(-0.0624256239257302,0.0372060684899204,0.));
#6802=CARTESIAN_POINT('Origin',(-0.0554642160953343,0.0422925914713802,
0.));
#6803=CARTESIAN_POINT('',(-0.0554642160953343,0.0422925914713802,0.));
#6804=CARTESIAN_POINT('Ctrl Pts',(-0.0554642160953343,0.0422925914713802,
-0.7));
#6805=CARTESIAN_POINT('Ctrl Pts',(-0.0424559054120843,0.0517756186530043,
-0.7));
#6806=CARTESIAN_POINT('Ctrl Pts',(-0.0276123549183502,0.0588000110172603,
-0.7));
#6807=CARTESIAN_POINT('Ctrl Pts',(-0.0554642160953343,0.0422925914713802,
-0.9));
#6808=CARTESIAN_POINT('Ctrl Pts',(-0.0424559054120843,0.0517756186530043,
-0.9));
#6809=CARTESIAN_POINT('Ctrl Pts',(-0.0276123549183502,0.0588000110172603,
-0.9));
#6810=CARTESIAN_POINT('',(-0.0276123549183502,0.0588000110172603,0.));
#6811=CARTESIAN_POINT('Origin',(-2.73184799366426E-17,-3.16894367265055E-16,
0.));
#6812=CARTESIAN_POINT('',(0.0609828345250516,0.0223825229377084,0.));
#6813=CARTESIAN_POINT('Ctrl Pts',(0.0609828345250516,0.0223825229377084,
-0.7));
#6814=CARTESIAN_POINT('Ctrl Pts',(0.0665921620581563,0.00696442229237261,
-0.7));
#6815=CARTESIAN_POINT('Ctrl Pts',(0.069173771263884,-0.00894046584730603,
-0.7));
#6816=CARTESIAN_POINT('Ctrl Pts',(0.0609828345250516,0.0223825229377084,
-0.9));
#6817=CARTESIAN_POINT('Ctrl Pts',(0.0665921620581563,0.00696442229237261,
-0.9));
#6818=CARTESIAN_POINT('Ctrl Pts',(0.069173771263884,-0.00894046584730603,
-0.9));
#6819=CARTESIAN_POINT('',(0.069173771263884,-0.00894046584730598,0.));
#6820=CARTESIAN_POINT('Origin',(0.0705454834059867,-0.0174523587520144,
0.));
#6821=CARTESIAN_POINT('',(0.0705454834059867,-0.0174523587520144,0.));
#6822=CARTESIAN_POINT('Ctrl Pts',(0.103173327037837,-0.0802753323897302,
0.));
#6823=CARTESIAN_POINT('Ctrl Pts',(0.103173327037837,-0.0802753323897302,
-0.9));
#6824=CARTESIAN_POINT('Ctrl Pts',(0.102853893550108,-0.0799637996052906,
0.));
#6825=CARTESIAN_POINT('Ctrl Pts',(0.102853893550108,-0.0799637996052906,
-0.9));
#6826=CARTESIAN_POINT('Ctrl Pts',(0.10253648804613,-0.0796509637689721,
0.));
#6827=CARTESIAN_POINT('Ctrl Pts',(0.10253648804613,-0.0796509637689721,
-0.9));
#6828=CARTESIAN_POINT('Ctrl Pts',(0.0895834537850495,-0.0667238650540391,
0.));
#6829=CARTESIAN_POINT('Ctrl Pts',(0.0895834537850495,-0.0667238650540391,
-0.9));
#6830=CARTESIAN_POINT('Ctrl Pts',(0.0795534098063979,-0.0503980626561971,
0.));
#6831=CARTESIAN_POINT('Ctrl Pts',(0.0795534098063979,-0.0503980626561971,
-0.9));
#6832=CARTESIAN_POINT('Ctrl Pts',(0.0725646572027162,-0.0277025427728731,
0.));
#6833=CARTESIAN_POINT('Ctrl Pts',(0.0725646572027162,-0.0277025427728731,
-0.9));
#6834=CARTESIAN_POINT('Ctrl Pts',(0.0713909408326452,-0.0225958585429901,
0.));
#6835=CARTESIAN_POINT('Ctrl Pts',(0.0713909408326452,-0.0225958585429901,
-0.9));
#6836=CARTESIAN_POINT('Ctrl Pts',(0.0705454834059867,-0.0174523587520144,
0.));
#6837=CARTESIAN_POINT('Ctrl Pts',(0.0705454834059867,-0.0174523587520144,
-0.9));
#6838=CARTESIAN_POINT('',(0.103173327037836,-0.0802753323897307,0.));
#6839=CARTESIAN_POINT('Ctrl Pts',(0.147260602829286,-0.080156336941532,
0.));
#6840=CARTESIAN_POINT('Ctrl Pts',(0.147260602829286,-0.080156336941532,
-0.9));
#6841=CARTESIAN_POINT('Ctrl Pts',(0.144642484437962,-0.0827223109315618,
0.));
#6842=CARTESIAN_POINT('Ctrl Pts',(0.144642484437962,-0.0827223109315618,
-0.9));
#6843=CARTESIAN_POINT('Ctrl Pts',(0.141444547053376,-0.0849480219051027,
0.));
#6844=CARTESIAN_POINT('Ctrl Pts',(0.141444547053376,-0.0849480219051027,
-0.9));
#6845=CARTESIAN_POINT('Ctrl Pts',(0.133894806675293,-0.0883017367027171,
0.));
#6846=CARTESIAN_POINT('Ctrl Pts',(0.133894806675293,-0.0883017367027171,
-0.9));
#6847=CARTESIAN_POINT('Ctrl Pts',(0.129440773670359,-0.0892043865082782,
0.));
#6848=CARTESIAN_POINT('Ctrl Pts',(0.129440773670359,-0.0892043865082782,
-0.9));
#6849=CARTESIAN_POINT('Ctrl Pts',(0.121041739173759,-0.0892270562436249,
0.));
#6850=CARTESIAN_POINT('Ctrl Pts',(0.121041739173759,-0.0892270562436249,
-0.9));
#6851=CARTESIAN_POINT('Ctrl Pts',(0.116582898436826,-0.0883484630708814,
0.));
#6852=CARTESIAN_POINT('Ctrl Pts',(0.116582898436826,-0.0883484630708814,
-0.9));
#6853=CARTESIAN_POINT('Ctrl Pts',(0.109015164246287,-0.0850355516712912,
0.));
#6854=CARTESIAN_POINT('Ctrl Pts',(0.109015164246287,-0.0850355516712912,
-0.9));
#6855=CARTESIAN_POINT('Ctrl Pts',(0.105805258762647,-0.0828271360311636,
0.));
#6856=CARTESIAN_POINT('Ctrl Pts',(0.105805258762647,-0.0828271360311636,
-0.9));
#6857=CARTESIAN_POINT('Ctrl Pts',(0.103173327037836,-0.0802753323897307,
0.));
#6858=CARTESIAN_POINT('Ctrl Pts',(0.103173327037836,-0.0802753323897307,
-0.9));
#6859=CARTESIAN_POINT('',(0.147260602829286,-0.0801563369415326,0.));
#6860=CARTESIAN_POINT('Ctrl Pts',(0.1795488440421,-0.0171581490617786,0.));
#6861=CARTESIAN_POINT('Ctrl Pts',(0.1795488440421,-0.0171581490617786,-0.9));
#6862=CARTESIAN_POINT('Ctrl Pts',(0.178731164251255,-0.0223061378068813,
0.));
#6863=CARTESIAN_POINT('Ctrl Pts',(0.178731164251255,-0.0223061378068813,
-0.9));
#6864=CARTESIAN_POINT('Ctrl Pts',(0.177585031564298,-0.027419083514103,
0.));
#6865=CARTESIAN_POINT('Ctrl Pts',(0.177585031564298,-0.027419083514103,
-0.9));
#6866=CARTESIAN_POINT('Ctrl Pts',(0.170718894316789,-0.0501519989678716,
0.));
#6867=CARTESIAN_POINT('Ctrl Pts',(0.170718894316789,-0.0501519989678716,
-0.9));
#6868=CARTESIAN_POINT('Ctrl Pts',(0.160777125397287,-0.0665317070512991,
0.));
#6869=CARTESIAN_POINT('Ctrl Pts',(0.160777125397287,-0.0665317070512991,
-0.9));
#6870=CARTESIAN_POINT('Ctrl Pts',(0.147894062114753,-0.0795285396736166,
0.));
#6871=CARTESIAN_POINT('Ctrl Pts',(0.147894062114753,-0.0795285396736166,
-0.9));
#6872=CARTESIAN_POINT('Ctrl Pts',(0.147578349966147,-0.079843084350354,
0.));
#6873=CARTESIAN_POINT('Ctrl Pts',(0.147578349966147,-0.079843084350354,
-0.9));
#6874=CARTESIAN_POINT('Ctrl Pts',(0.147260602829286,-0.0801563369415326,
0.));
#6875=CARTESIAN_POINT('Ctrl Pts',(0.147260602829286,-0.0801563369415326,
-0.9));
#6876=CARTESIAN_POINT('',(0.1795488440421,-0.0171581490617786,0.));
#6877=CARTESIAN_POINT('Origin',(0.180874587832727,-0.00863897548544894,
0.));
#6878=CARTESIAN_POINT('',(0.180874587832727,-0.00863897548544894,0.));
#6879=CARTESIAN_POINT('Ctrl Pts',(0.180874587832727,-0.00863897548544895,
-0.7));
#6880=CARTESIAN_POINT('Ctrl Pts',(0.183367339702331,0.00726480203676104,
-0.7));
#6881=CARTESIAN_POINT('Ctrl Pts',(0.188896319438855,0.022727772722246,-0.7));
#6882=CARTESIAN_POINT('Ctrl Pts',(0.180874587832727,-0.00863897548544895,
-0.9));
#6883=CARTESIAN_POINT('Ctrl Pts',(0.183367339702331,0.00726480203676104,
-0.9));
#6884=CARTESIAN_POINT('Ctrl Pts',(0.188896319438855,0.022727772722246,-0.9));
#6885=CARTESIAN_POINT('',(0.,0.,-0.9));
#6886=UNCERTAINTY_MEASURE_WITH_UNIT(LENGTH_MEASURE(0.000393700787401575),
#6892,'DISTANCE_ACCURACY_VALUE',
'Maximum model space distance between geometric entities at asserted c
onnectivities');
#6887=UNCERTAINTY_MEASURE_WITH_UNIT(LENGTH_MEASURE(0.000393700787401575),
#6892,'DISTANCE_ACCURACY_VALUE',
'Maximum model space distance between geometric entities at asserted c
onnectivities');
#6888=(
GEOMETRIC_REPRESENTATION_CONTEXT(3)
GLOBAL_UNCERTAINTY_ASSIGNED_CONTEXT((#6886))
GLOBAL_UNIT_ASSIGNED_CONTEXT((#6892,#6896,#6897))
REPRESENTATION_CONTEXT('','3D')
);
#6889=(
GEOMETRIC_REPRESENTATION_CONTEXT(3)
GLOBAL_UNCERTAINTY_ASSIGNED_CONTEXT((#6887))
GLOBAL_UNIT_ASSIGNED_CONTEXT((#6892,#6896,#6897))
REPRESENTATION_CONTEXT('','3D')
);
#6890=DIMENSIONAL_EXPONENTS(1.,0.,0.,0.,0.,0.,0.);
#6891=DIMENSIONAL_EXPONENTS(0.,1.,0.,0.,0.,0.,0.);
#6892=(
CONVERSION_BASED_UNIT('inch',#6895)
LENGTH_UNIT()
NAMED_UNIT(#6890)
);
#6893=(
LENGTH_UNIT()
NAMED_UNIT(*)
SI_UNIT(.MILLI.,.METRE.)
);
#6894=(
LENGTH_UNIT()
NAMED_UNIT(*)
SI_UNIT(.CENTI.,.METRE.)
);
#6895=LENGTH_MEASURE_WITH_UNIT(LENGTH_MEASURE(25.4),#6893);
#6896=(
NAMED_UNIT(*)
PLANE_ANGLE_UNIT()
SI_UNIT($,.RADIAN.)
);
#6897=(
NAMED_UNIT(*)
SI_UNIT($,.STERADIAN.)
SOLID_ANGLE_UNIT()
);
#6898=SHAPE_DEFINITION_REPRESENTATION(#6899,#6900);
#6899=PRODUCT_DEFINITION_SHAPE('',$,#6902);
#6900=SHAPE_REPRESENTATION('',(#3099),#6888);
#6901=PRODUCT_DEFINITION_CONTEXT('part definition',#6906,'design');
#6902=PRODUCT_DEFINITION('6PSprocketElongated','6PSprocketElongated',#6903,
#6901);
#6903=PRODUCT_DEFINITION_FORMATION('',$,#6908);
#6904=PRODUCT_RELATED_PRODUCT_CATEGORY('6PSprocketElongated',
'6PSprocketElongated',(#6908));
#6905=APPLICATION_PROTOCOL_DEFINITION('international standard',
'automotive_design',2009,#6906);
#6906=APPLICATION_CONTEXT(
'Core Data for Automotive Mechanical Design Process');
#6907=PRODUCT_CONTEXT('part definition',#6906,'mechanical');
#6908=PRODUCT('6PSprocketElongated','6PSprocketElongated',$,(#6907));
#6909=PRESENTATION_STYLE_ASSIGNMENT((#6911));
#6910=PRESENTATION_STYLE_ASSIGNMENT((#6912));
#6911=SURFACE_STYLE_USAGE(.BOTH.,#6915);
#6912=SURFACE_STYLE_USAGE(.BOTH.,#6916);
#6913=SURFACE_STYLE_RENDERING_WITH_PROPERTIES($,#6923,(#6914));
#6914=SURFACE_STYLE_TRANSPARENT(0.);
#6915=SURFACE_SIDE_STYLE('',(#6917,#6913));
#6916=SURFACE_SIDE_STYLE('',(#6918));
#6917=SURFACE_STYLE_FILL_AREA(#6919);
#6918=SURFACE_STYLE_FILL_AREA(#6920);
#6919=FILL_AREA_STYLE('',(#6921));
#6920=FILL_AREA_STYLE('',(#6922));
#6921=FILL_AREA_STYLE_COLOUR('',#6923);
#6922=FILL_AREA_STYLE_COLOUR('',#6924);
#6923=COLOUR_RGB('',0.0196078431372549,0.0196078431372549,0.0196078431372549);
#6924=COLOUR_RGB('',1.,1.,0.);
ENDSEC;
END-ISO-10303-21;
