ISO-10303-21;
HEADER;
/* Generated by software containing ST-Developer
 * from STEP Tools, Inc. (www.steptools.com) 
 */

FILE_DESCRIPTION(
/* description */ (''),
/* implementation_level */ '2;1');

FILE_NAME(
/* name */ 'DoublePod.stp',
/* time_stamp */ '2025-10-13T15:34:51-04:00',
/* author */ ('Teddy'),
/* organization */ (''),
/* preprocessor_version */ 'ST-DEVELOPER v20.1',
/* originating_system */ 'Autodesk Inventor 2026',
/* authorisation */ '');

FILE_SCHEMA (('AUTOMOTIVE_DESIGN { 1 0 10303 214 3 1 1 }'));
ENDSEC;

DATA;
#10=MECHANICAL_DESIGN_GEOMETRIC_PRESENTATION_REPRESENTATION('',(#13),#2961);
#11=SHAPE_REPRESENTATION_RELATIONSHIP('SRR','None',#2972,#12);
#12=ADVANCED_BREP_SHAPE_REPRESENTATION('',(#14),#2960);
#13=STYLED_ITEM('',(#2981),#14);
#14=MANIFOLD_SOLID_BREP('Solid1',#1505);
#15=B_SPLINE_SURFACE_WITH_KNOTS('',3,3,((#2272,#2273,#2274,#2275,#2276,
#2277,#2278),(#2279,#2280,#2281,#2282,#2283,#2284,#2285),(#2286,#2287,#2288,
#2289,#2290,#2291,#2292),(#2293,#2294,#2295,#2296,#2297,#2298,#2299)),
 .UNSPECIFIED.,.F.,.F.,.F.,(4,4),(4,2,1,4),(0.,1.),(-0.0101661035144168,
0.,0.107623860725735,0.269059651814337),.UNSPECIFIED.);
#16=B_SPLINE_SURFACE_WITH_KNOTS('',3,3,((#2335,#2336,#2337,#2338,#2339,
#2340,#2341),(#2342,#2343,#2344,#2345,#2346,#2347,#2348),(#2349,#2350,#2351,
#2352,#2353,#2354,#2355),(#2356,#2357,#2358,#2359,#2360,#2361,#2362),(#2363,
#2364,#2365,#2366,#2367,#2368,#2369)),.UNSPECIFIED.,.F.,.F.,.F.,(4,1,4),
(4,1,2,4),(0.,0.571428571428571,1.),(0.559437635922324,0.667061496648059,
0.828497287736661,0.838663391251077),.UNSPECIFIED.);
#17=FACE_BOUND('',#363,.T.);
#18=FACE_BOUND('',#364,.T.);
#19=FACE_BOUND('',#365,.T.);
#20=FACE_BOUND('',#427,.T.);
#21=FACE_BOUND('',#429,.T.);
#22=FACE_BOUND('',#437,.T.);
#23=FACE_BOUND('',#438,.T.);
#24=FACE_BOUND('',#440,.T.);
#25=FACE_BOUND('',#441,.T.);
#26=FACE_BOUND('',#442,.T.);
#27=PLANE('',#1536);
#28=PLANE('',#1562);
#29=PLANE('',#1566);
#30=PLANE('',#1572);
#31=PLANE('',#1581);
#32=PLANE('',#1590);
#33=PLANE('',#1596);
#34=PLANE('',#1600);
#35=PLANE('',#1601);
#36=PLANE('',#1606);
#37=PLANE('',#1610);
#38=PLANE('',#1611);
#39=PLANE('',#1616);
#40=PLANE('',#1621);
#41=PLANE('',#1622);
#42=PLANE('',#1630);
#43=PLANE('',#1631);
#44=PLANE('',#1634);
#45=PLANE('',#1635);
#46=PLANE('',#1636);
#47=PLANE('',#1649);
#48=PLANE('',#1671);
#49=PLANE('',#1676);
#50=PLANE('',#1693);
#51=PLANE('',#1694);
#52=LINE('',#2177,#149);
#53=LINE('',#2178,#150);
#54=LINE('',#2196,#151);
#55=LINE('',#2200,#152);
#56=LINE('',#2204,#153);
#57=LINE('',#2208,#154);
#58=LINE('',#2209,#155);
#59=LINE('',#2234,#156);
#60=LINE('',#2270,#157);
#61=LINE('',#2271,#158);
#62=LINE('',#2301,#159);
#63=LINE('',#2325,#160);
#64=LINE('',#2328,#161);
#65=LINE('',#2377,#162);
#66=LINE('',#2379,#163);
#67=LINE('',#2381,#164);
#68=LINE('',#2398,#165);
#69=LINE('',#2399,#166);
#70=LINE('',#2402,#167);
#71=LINE('',#2404,#168);
#72=LINE('',#2409,#169);
#73=LINE('',#2411,#170);
#74=LINE('',#2413,#171);
#75=LINE('',#2415,#172);
#76=LINE('',#2481,#173);
#77=LINE('',#2482,#174);
#78=LINE('',#2484,#175);
#79=LINE('',#2486,#176);
#80=LINE('',#2488,#177);
#81=LINE('',#2489,#178);
#82=LINE('',#2492,#179);
#83=LINE('',#2496,#180);
#84=LINE('',#2500,#181);
#85=LINE('',#2515,#182);
#86=LINE('',#2518,#183);
#87=LINE('',#2551,#184);
#88=LINE('',#2552,#185);
#89=LINE('',#2568,#186);
#90=LINE('',#2572,#187);
#91=LINE('',#2575,#188);
#92=LINE('',#2592,#189);
#93=LINE('',#2597,#190);
#94=LINE('',#2599,#191);
#95=LINE('',#2603,#192);
#96=LINE('',#2607,#193);
#97=LINE('',#2610,#194);
#98=LINE('',#2613,#195);
#99=LINE('',#2616,#196);
#100=LINE('',#2617,#197);
#101=LINE('',#2621,#198);
#102=LINE('',#2622,#199);
#103=LINE('',#2627,#200);
#104=LINE('',#2642,#201);
#105=LINE('',#2643,#202);
#106=LINE('',#2645,#203);
#107=LINE('',#2648,#204);
#108=LINE('',#2666,#205);
#109=LINE('',#2668,#206);
#110=LINE('',#2669,#207);
#111=LINE('',#2688,#208);
#112=LINE('',#2692,#209);
#113=LINE('',#2695,#210);
#114=LINE('',#2697,#211);
#115=LINE('',#2699,#212);
#116=LINE('',#2701,#213);
#117=LINE('',#2702,#214);
#118=LINE('',#2705,#215);
#119=LINE('',#2713,#216);
#120=LINE('',#2728,#217);
#121=LINE('',#2731,#218);
#122=LINE('',#2735,#219);
#123=LINE('',#2738,#220);
#124=LINE('',#2740,#221);
#125=LINE('',#2742,#222);
#126=LINE('',#2756,#223);
#127=LINE('',#2759,#224);
#128=LINE('',#2780,#225);
#129=LINE('',#2783,#226);
#130=LINE('',#2784,#227);
#131=LINE('',#2785,#228);
#132=LINE('',#2790,#229);
#133=LINE('',#2792,#230);
#134=LINE('',#2805,#231);
#135=LINE('',#2806,#232);
#136=LINE('',#2812,#233);
#137=LINE('',#2818,#234);
#138=LINE('',#2820,#235);
#139=LINE('',#2821,#236);
#140=LINE('',#2922,#237);
#141=LINE('',#2923,#238);
#142=LINE('',#2926,#239);
#143=LINE('',#2930,#240);
#144=LINE('',#2935,#241);
#145=LINE('',#2939,#242);
#146=LINE('',#2952,#243);
#147=LINE('',#2954,#244);
#148=LINE('',#2956,#245);
#149=VECTOR('',#1717,0.393700787401575);
#150=VECTOR('',#1718,0.393700787401575);
#151=VECTOR('',#1727,0.393700787401575);
#152=VECTOR('',#1730,0.393700787401575);
#153=VECTOR('',#1733,0.393700787401575);
#154=VECTOR('',#1736,0.393700787401575);
#155=VECTOR('',#1737,0.393700787401575);
#156=VECTOR('',#1754,0.393700787401575);
#157=VECTOR('',#1771,0.393700787401575);
#158=VECTOR('',#1772,0.393700787401575);
#159=VECTOR('',#1773,0.393700787401575);
#160=VECTOR('',#1776,0.393700787401575);
#161=VECTOR('',#1779,0.393700787401575);
#162=VECTOR('',#1788,0.393700787401575);
#163=VECTOR('',#1791,0.393700787401575);
#164=VECTOR('',#1792,0.393700787401575);
#165=VECTOR('',#1793,0.393700787401575);
#166=VECTOR('',#1794,0.393700787401575);
#167=VECTOR('',#1797,0.393700787401575);
#168=VECTOR('',#1798,0.393700787401575);
#169=VECTOR('',#1803,0.393700787401575);
#170=VECTOR('',#1806,0.393700787401575);
#171=VECTOR('',#1807,0.393700787401575);
#172=VECTOR('',#1808,0.393700787401575);
#173=VECTOR('',#1819,0.393700787401575);
#174=VECTOR('',#1820,0.393700787401575);
#175=VECTOR('',#1823,0.393700787401575);
#176=VECTOR('',#1824,0.393700787401575);
#177=VECTOR('',#1825,0.393700787401575);
#178=VECTOR('',#1826,0.393700787401575);
#179=VECTOR('',#1829,0.393700787401575);
#180=VECTOR('',#1832,0.393700787401575);
#181=VECTOR('',#1835,0.393700787401575);
#182=VECTOR('',#1840,0.393700787401575);
#183=VECTOR('',#1843,0.393700787401575);
#184=VECTOR('',#1850,0.393700787401575);
#185=VECTOR('',#1851,0.393700787401575);
#186=VECTOR('',#1854,0.393700787401575);
#187=VECTOR('',#1857,0.393700787401575);
#188=VECTOR('',#1860,0.393700787401575);
#189=VECTOR('',#1865,0.09);
#190=VECTOR('',#1874,0.393700787401575);
#191=VECTOR('',#1875,0.393700787401575);
#192=VECTOR('',#1878,0.393700787401575);
#193=VECTOR('',#1881,0.393700787401575);
#194=VECTOR('',#1884,0.393700787401575);
#195=VECTOR('',#1887,0.393700787401575);
#196=VECTOR('',#1890,0.393700787401575);
#197=VECTOR('',#1891,0.393700787401575);
#198=VECTOR('',#1896,0.393700787401575);
#199=VECTOR('',#1897,0.393700787401575);
#200=VECTOR('',#1902,0.393700787401575);
#201=VECTOR('',#1903,0.393700787401575);
#202=VECTOR('',#1904,0.393700787401575);
#203=VECTOR('',#1907,0.393700787401575);
#204=VECTOR('',#1912,0.393700787401575);
#205=VECTOR('',#1917,0.09);
#206=VECTOR('',#1920,0.393700787401575);
#207=VECTOR('',#1921,0.393700787401575);
#208=VECTOR('',#1926,0.393700787401575);
#209=VECTOR('',#1929,0.393700787401575);
#210=VECTOR('',#1932,0.393700787401575);
#211=VECTOR('',#1935,0.393700787401575);
#212=VECTOR('',#1936,0.393700787401575);
#213=VECTOR('',#1937,0.393700787401575);
#214=VECTOR('',#1938,0.393700787401575);
#215=VECTOR('',#1941,0.393700787401575);
#216=VECTOR('',#1950,0.393700787401575);
#217=VECTOR('',#1951,0.393700787401575);
#218=VECTOR('',#1954,0.393700787401575);
#219=VECTOR('',#1957,0.393700787401575);
#220=VECTOR('',#1960,0.393700787401575);
#221=VECTOR('',#1963,0.393700787401575);
#222=VECTOR('',#1964,0.393700787401575);
#223=VECTOR('',#1965,0.393700787401575);
#224=VECTOR('',#1970,0.393700787401575);
#225=VECTOR('',#1983,0.09);
#226=VECTOR('',#1988,0.393700787401575);
#227=VECTOR('',#1989,0.393700787401575);
#228=VECTOR('',#1990,0.393700787401575);
#229=VECTOR('',#1999,0.09);
#230=VECTOR('',#2002,0.393700787401575);
#231=VECTOR('',#2019,0.393700787401575);
#232=VECTOR('',#2020,0.393700787401575);
#233=VECTOR('',#2029,0.393700787401575);
#234=VECTOR('',#2036,0.393700787401575);
#235=VECTOR('',#2037,0.393700787401575);
#236=VECTOR('',#2038,0.393700787401575);
#237=VECTOR('',#2105,0.393700787401575);
#238=VECTOR('',#2106,0.393700787401575);
#239=VECTOR('',#2109,0.09);
#240=VECTOR('',#2114,0.09);
#241=VECTOR('',#2121,0.393700787401575);
#242=VECTOR('',#2126,0.393700787401575);
#243=VECTOR('',#2145,0.09);
#244=VECTOR('',#2148,0.118110236220472);
#245=VECTOR('',#2151,0.09);
#246=CYLINDRICAL_SURFACE('',#1531,0.125);
#247=CYLINDRICAL_SURFACE('',#1546,0.125);
#248=CYLINDRICAL_SURFACE('',#1555,0.025);
#249=CYLINDRICAL_SURFACE('',#1556,0.025);
#250=CYLINDRICAL_SURFACE('',#1563,0.2);
#251=CYLINDRICAL_SURFACE('',#1571,0.025);
#252=CYLINDRICAL_SURFACE('',#1573,0.2);
#253=CYLINDRICAL_SURFACE('',#1577,0.025);
#254=CYLINDRICAL_SURFACE('',#1582,0.125);
#255=CYLINDRICAL_SURFACE('',#1585,0.09);
#256=CYLINDRICAL_SURFACE('',#1594,0.125);
#257=CYLINDRICAL_SURFACE('',#1598,0.125);
#258=CYLINDRICAL_SURFACE('',#1603,0.09);
#259=CYLINDRICAL_SURFACE('',#1605,0.125);
#260=CYLINDRICAL_SURFACE('',#1607,0.125);
#261=CYLINDRICAL_SURFACE('',#1613,0.125);
#262=CYLINDRICAL_SURFACE('',#1619,0.125);
#263=CYLINDRICAL_SURFACE('',#1626,0.09);
#264=CYLINDRICAL_SURFACE('',#1629,0.125);
#265=CYLINDRICAL_SURFACE('',#1633,0.09);
#266=CYLINDRICAL_SURFACE('',#1641,0.25);
#267=CYLINDRICAL_SURFACE('',#1646,0.100116399834634);
#268=CYLINDRICAL_SURFACE('',#1650,0.0998833287223205);
#269=CYLINDRICAL_SURFACE('',#1661,0.125);
#270=CYLINDRICAL_SURFACE('',#1670,0.125);
#271=CYLINDRICAL_SURFACE('',#1681,2.38331779879789);
#272=CYLINDRICAL_SURFACE('',#1683,0.09);
#273=CYLINDRICAL_SURFACE('',#1685,0.09);
#274=CYLINDRICAL_SURFACE('',#1687,0.150000155228266);
#275=CYLINDRICAL_SURFACE('',#1689,0.150000155228266);
#276=CYLINDRICAL_SURFACE('',#1691,2.68331810925442);
#277=CYLINDRICAL_SURFACE('',#1699,0.09);
#278=CYLINDRICAL_SURFACE('',#1700,0.118110236220472);
#279=CYLINDRICAL_SURFACE('',#1701,0.09);
#280=CYLINDRICAL_SURFACE('',#1702,0.2);
#281=FACE_OUTER_BOUND('',#359,.T.);
#282=FACE_OUTER_BOUND('',#360,.T.);
#283=FACE_OUTER_BOUND('',#361,.T.);
#284=FACE_OUTER_BOUND('',#362,.T.);
#285=FACE_OUTER_BOUND('',#366,.T.);
#286=FACE_OUTER_BOUND('',#367,.T.);
#287=FACE_OUTER_BOUND('',#368,.T.);
#288=FACE_OUTER_BOUND('',#369,.T.);
#289=FACE_OUTER_BOUND('',#370,.T.);
#290=FACE_OUTER_BOUND('',#371,.T.);
#291=FACE_OUTER_BOUND('',#372,.T.);
#292=FACE_OUTER_BOUND('',#373,.T.);
#293=FACE_OUTER_BOUND('',#374,.T.);
#294=FACE_OUTER_BOUND('',#375,.T.);
#295=FACE_OUTER_BOUND('',#376,.T.);
#296=FACE_OUTER_BOUND('',#377,.T.);
#297=FACE_OUTER_BOUND('',#378,.T.);
#298=FACE_OUTER_BOUND('',#379,.T.);
#299=FACE_OUTER_BOUND('',#380,.T.);
#300=FACE_OUTER_BOUND('',#381,.T.);
#301=FACE_OUTER_BOUND('',#382,.T.);
#302=FACE_OUTER_BOUND('',#383,.T.);
#303=FACE_OUTER_BOUND('',#384,.T.);
#304=FACE_OUTER_BOUND('',#385,.T.);
#305=FACE_OUTER_BOUND('',#386,.T.);
#306=FACE_OUTER_BOUND('',#387,.T.);
#307=FACE_OUTER_BOUND('',#388,.T.);
#308=FACE_OUTER_BOUND('',#389,.T.);
#309=FACE_OUTER_BOUND('',#390,.T.);
#310=FACE_OUTER_BOUND('',#391,.T.);
#311=FACE_OUTER_BOUND('',#392,.T.);
#312=FACE_OUTER_BOUND('',#393,.T.);
#313=FACE_OUTER_BOUND('',#394,.T.);
#314=FACE_OUTER_BOUND('',#395,.T.);
#315=FACE_OUTER_BOUND('',#396,.T.);
#316=FACE_OUTER_BOUND('',#397,.T.);
#317=FACE_OUTER_BOUND('',#398,.T.);
#318=FACE_OUTER_BOUND('',#399,.T.);
#319=FACE_OUTER_BOUND('',#400,.T.);
#320=FACE_OUTER_BOUND('',#401,.T.);
#321=FACE_OUTER_BOUND('',#402,.T.);
#322=FACE_OUTER_BOUND('',#403,.T.);
#323=FACE_OUTER_BOUND('',#404,.T.);
#324=FACE_OUTER_BOUND('',#405,.T.);
#325=FACE_OUTER_BOUND('',#406,.T.);
#326=FACE_OUTER_BOUND('',#407,.T.);
#327=FACE_OUTER_BOUND('',#408,.T.);
#328=FACE_OUTER_BOUND('',#409,.T.);
#329=FACE_OUTER_BOUND('',#410,.T.);
#330=FACE_OUTER_BOUND('',#411,.T.);
#331=FACE_OUTER_BOUND('',#412,.T.);
#332=FACE_OUTER_BOUND('',#413,.T.);
#333=FACE_OUTER_BOUND('',#414,.T.);
#334=FACE_OUTER_BOUND('',#415,.T.);
#335=FACE_OUTER_BOUND('',#416,.T.);
#336=FACE_OUTER_BOUND('',#417,.T.);
#337=FACE_OUTER_BOUND('',#418,.T.);
#338=FACE_OUTER_BOUND('',#419,.T.);
#339=FACE_OUTER_BOUND('',#420,.T.);
#340=FACE_OUTER_BOUND('',#421,.T.);
#341=FACE_OUTER_BOUND('',#422,.T.);
#342=FACE_OUTER_BOUND('',#423,.T.);
#343=FACE_OUTER_BOUND('',#424,.T.);
#344=FACE_OUTER_BOUND('',#425,.T.);
#345=FACE_OUTER_BOUND('',#426,.T.);
#346=FACE_OUTER_BOUND('',#428,.T.);
#347=FACE_OUTER_BOUND('',#430,.T.);
#348=FACE_OUTER_BOUND('',#431,.T.);
#349=FACE_OUTER_BOUND('',#432,.T.);
#350=FACE_OUTER_BOUND('',#433,.T.);
#351=FACE_OUTER_BOUND('',#434,.T.);
#352=FACE_OUTER_BOUND('',#435,.T.);
#353=FACE_OUTER_BOUND('',#436,.T.);
#354=FACE_OUTER_BOUND('',#439,.T.);
#355=FACE_OUTER_BOUND('',#443,.T.);
#356=FACE_OUTER_BOUND('',#444,.T.);
#357=FACE_OUTER_BOUND('',#445,.T.);
#358=FACE_OUTER_BOUND('',#446,.T.);
#359=EDGE_LOOP('',(#953,#954,#955,#956));
#360=EDGE_LOOP('',(#957,#958,#959,#960));
#361=EDGE_LOOP('',(#961,#962,#963,#964));
#362=EDGE_LOOP('',(#965,#966,#967,#968,#969,#970,#971,#972,#973,#974,#975));
#363=EDGE_LOOP('',(#976));
#364=EDGE_LOOP('',(#977));
#365=EDGE_LOOP('',(#978));
#366=EDGE_LOOP('',(#979,#980,#981,#982));
#367=EDGE_LOOP('',(#983,#984,#985,#986));
#368=EDGE_LOOP('',(#987,#988,#989,#990));
#369=EDGE_LOOP('',(#991,#992,#993,#994));
#370=EDGE_LOOP('',(#995,#996,#997,#998));
#371=EDGE_LOOP('',(#999,#1000,#1001));
#372=EDGE_LOOP('',(#1002,#1003,#1004,#1005));
#373=EDGE_LOOP('',(#1006,#1007,#1008,#1009));
#374=EDGE_LOOP('',(#1010,#1011,#1012));
#375=EDGE_LOOP('',(#1013,#1014,#1015,#1016,#1017,#1018,#1019,#1020));
#376=EDGE_LOOP('',(#1021,#1022,#1023,#1024,#1025,#1026,#1027,#1028,#1029,
#1030));
#377=EDGE_LOOP('',(#1031,#1032,#1033,#1034,#1035,#1036,#1037,#1038));
#378=EDGE_LOOP('',(#1039,#1040,#1041,#1042));
#379=EDGE_LOOP('',(#1043,#1044,#1045,#1046));
#380=EDGE_LOOP('',(#1047,#1048,#1049,#1050,#1051,#1052,#1053));
#381=EDGE_LOOP('',(#1054,#1055,#1056,#1057,#1058,#1059,#1060,#1061));
#382=EDGE_LOOP('',(#1062,#1063,#1064,#1065));
#383=EDGE_LOOP('',(#1066,#1067,#1068,#1069));
#384=EDGE_LOOP('',(#1070,#1071,#1072,#1073,#1074,#1075,#1076));
#385=EDGE_LOOP('',(#1077,#1078,#1079,#1080,#1081,#1082));
#386=EDGE_LOOP('',(#1083,#1084,#1085,#1086,#1087,#1088,#1089,#1090));
#387=EDGE_LOOP('',(#1091,#1092,#1093,#1094,#1095,#1096,#1097,#1098,#1099,
#1100));
#388=EDGE_LOOP('',(#1101,#1102,#1103,#1104,#1105,#1106));
#389=EDGE_LOOP('',(#1107,#1108,#1109,#1110,#1111,#1112));
#390=EDGE_LOOP('',(#1113,#1114,#1115,#1116,#1117,#1118,#1119,#1120,#1121,
#1122));
#391=EDGE_LOOP('',(#1123,#1124,#1125,#1126));
#392=EDGE_LOOP('',(#1127,#1128,#1129,#1130,#1131,#1132,#1133,#1134,#1135));
#393=EDGE_LOOP('',(#1136,#1137,#1138,#1139,#1140,#1141,#1142,#1143));
#394=EDGE_LOOP('',(#1144,#1145,#1146,#1147,#1148,#1149,#1150,#1151,#1152,
#1153));
#395=EDGE_LOOP('',(#1154,#1155,#1156,#1157,#1158,#1159,#1160,#1161,#1162));
#396=EDGE_LOOP('',(#1163,#1164,#1165,#1166,#1167,#1168,#1169));
#397=EDGE_LOOP('',(#1170,#1171,#1172,#1173,#1174,#1175,#1176));
#398=EDGE_LOOP('',(#1177,#1178,#1179,#1180,#1181,#1182));
#399=EDGE_LOOP('',(#1183,#1184,#1185,#1186,#1187,#1188,#1189));
#400=EDGE_LOOP('',(#1190,#1191,#1192,#1193,#1194,#1195,#1196,#1197));
#401=EDGE_LOOP('',(#1198,#1199,#1200,#1201,#1202,#1203,#1204,#1205,#1206));
#402=EDGE_LOOP('',(#1207,#1208,#1209,#1210,#1211,#1212));
#403=EDGE_LOOP('',(#1213,#1214,#1215,#1216,#1217,#1218,#1219,#1220,#1221));
#404=EDGE_LOOP('',(#1222,#1223,#1224,#1225,#1226,#1227,#1228,#1229));
#405=EDGE_LOOP('',(#1230,#1231,#1232,#1233,#1234,#1235,#1236,#1237,#1238));
#406=EDGE_LOOP('',(#1239,#1240,#1241,#1242));
#407=EDGE_LOOP('',(#1243,#1244,#1245,#1246,#1247,#1248,#1249,#1250,#1251));
#408=EDGE_LOOP('',(#1252,#1253,#1254,#1255,#1256,#1257,#1258,#1259));
#409=EDGE_LOOP('',(#1260,#1261,#1262,#1263,#1264,#1265));
#410=EDGE_LOOP('',(#1266,#1267,#1268,#1269,#1270));
#411=EDGE_LOOP('',(#1271,#1272,#1273,#1274,#1275));
#412=EDGE_LOOP('',(#1276,#1277,#1278,#1279));
#413=EDGE_LOOP('',(#1280,#1281,#1282,#1283));
#414=EDGE_LOOP('',(#1284,#1285,#1286,#1287));
#415=EDGE_LOOP('',(#1288,#1289,#1290,#1291,#1292));
#416=EDGE_LOOP('',(#1293,#1294,#1295,#1296,#1297));
#417=EDGE_LOOP('',(#1298,#1299,#1300,#1301,#1302));
#418=EDGE_LOOP('',(#1303,#1304,#1305,#1306));
#419=EDGE_LOOP('',(#1307,#1308,#1309,#1310));
#420=EDGE_LOOP('',(#1311,#1312,#1313,#1314));
#421=EDGE_LOOP('',(#1315,#1316,#1317));
#422=EDGE_LOOP('',(#1318,#1319,#1320,#1321));
#423=EDGE_LOOP('',(#1322,#1323,#1324,#1325));
#424=EDGE_LOOP('',(#1326,#1327,#1328,#1329));
#425=EDGE_LOOP('',(#1330,#1331,#1332));
#426=EDGE_LOOP('',(#1333,#1334,#1335,#1336,#1337));
#427=EDGE_LOOP('',(#1338));
#428=EDGE_LOOP('',(#1339,#1340,#1341,#1342,#1343));
#429=EDGE_LOOP('',(#1344));
#430=EDGE_LOOP('',(#1345,#1346,#1347,#1348,#1349,#1350,#1351,#1352,#1353));
#431=EDGE_LOOP('',(#1354,#1355,#1356,#1357));
#432=EDGE_LOOP('',(#1358,#1359,#1360,#1361));
#433=EDGE_LOOP('',(#1362,#1363,#1364,#1365));
#434=EDGE_LOOP('',(#1366,#1367,#1368,#1369));
#435=EDGE_LOOP('',(#1370,#1371,#1372,#1373,#1374,#1375,#1376));
#436=EDGE_LOOP('',(#1377,#1378,#1379,#1380));
#437=EDGE_LOOP('',(#1381));
#438=EDGE_LOOP('',(#1382));
#439=EDGE_LOOP('',(#1383,#1384,#1385,#1386,#1387,#1388,#1389,#1390,#1391));
#440=EDGE_LOOP('',(#1392));
#441=EDGE_LOOP('',(#1393));
#442=EDGE_LOOP('',(#1394));
#443=EDGE_LOOP('',(#1395,#1396,#1397,#1398));
#444=EDGE_LOOP('',(#1399,#1400,#1401,#1402));
#445=EDGE_LOOP('',(#1403,#1404,#1405,#1406));
#446=EDGE_LOOP('',(#1407,#1408,#1409,#1410));
#447=B_SPLINE_CURVE_WITH_KNOTS('',3,(#2162,#2163,#2164,#2165,#2166,#2167,
#2168,#2169,#2170,#2171),.UNSPECIFIED.,.F.,.F.,(4,2,2,2,4),(0.97238705452047,
1.08405395288918,1.20892826450699,1.33903473259985,1.4663051006686),
 .UNSPECIFIED.);
#448=B_SPLINE_CURVE_WITH_KNOTS('',3,(#2182,#2183,#2184,#2185,#2186,#2187,
#2188,#2189,#2190,#2191),.UNSPECIFIED.,.F.,.F.,(4,2,2,2,4),(0.477694172514892,
0.604024865295953,0.732780595497999,0.856799376403492,0.969085276458378),
 .UNSPECIFIED.);
#449=B_SPLINE_CURVE_WITH_KNOTS('',3,(#2221,#2222,#2223,#2224,#2225,#2226,
#2227,#2228,#2229,#2230),.UNSPECIFIED.,.F.,.F.,(4,2,2,2,4),(0.970075205761422,
1.08217581732381,1.20644841499042,1.33560787279659,1.462222022111),
 .UNSPECIFIED.);
#450=B_SPLINE_CURVE_WITH_KNOTS('',3,(#2237,#2238,#2239,#2240,#2241,#2242,
#2243,#2244,#2245,#2246),.UNSPECIFIED.,.F.,.F.,(4,2,2,2,4),(0.478225392794282,
0.605199719151368,0.734876790772036,0.859477159321914,0.971340558645612),
 .UNSPECIFIED.);
#451=B_SPLINE_CURVE_WITH_KNOTS('',3,(#2260,#2261,#2262,#2263,#2264,#2265,
#2266,#2267,#2268,#2269),.UNSPECIFIED.,.F.,.F.,(4,2,2,2,4),(0.,0.0231385924698119,
0.0462771849396239,0.081800422879909,0.117323660820194),.UNSPECIFIED.);
#452=B_SPLINE_CURVE_WITH_KNOTS('',3,(#2302,#2303,#2304,#2305,#2306,#2307,
#2308),.UNSPECIFIED.,.F.,.F.,(4,2,1,4),(-0.0101661035144168,0.,0.107623860725735,
0.269059651814337),.UNSPECIFIED.);
#453=B_SPLINE_CURVE_WITH_KNOTS('',3,(#2312,#2313,#2314,#2315,#2316,#2317,
#2318,#2319,#2320,#2321,#2322,#2323),.UNSPECIFIED.,.F.,.F.,(4,2,2,2,2,4),
(0.209303516840156,0.221456859778027,0.253378114350484,0.28529936892294,
0.306693168590702,0.328086968258464),.UNSPECIFIED.);
#454=B_SPLINE_CURVE_WITH_KNOTS('',3,(#2370,#2371,#2372,#2373,#2374,#2375,
#2376),.UNSPECIFIED.,.F.,.F.,(4,1,2,4),(0.559437635922324,0.667061496648059,
0.828497287736661,0.838663391251077),.UNSPECIFIED.);
#455=B_SPLINE_CURVE_WITH_KNOTS('',3,(#2383,#2384,#2385,#2386,#2387,#2388,
#2389,#2390,#2391,#2392,#2393,#2394,#2395,#2396),.UNSPECIFIED.,.F.,.F.,
(4,2,2,2,2,2,4),(2.95751696279266,3.06364034424668,3.1697637257007,3.28361642021533,
3.39746911472996,3.70329060697678,4.00911209922359),.UNSPECIFIED.);
#456=B_SPLINE_CURVE_WITH_KNOTS('',3,(#2416,#2417,#2418,#2419,#2420,#2421,
#2422,#2423,#2424,#2425,#2426,#2427,#2428,#2429),.UNSPECIFIED.,.F.,.F.,
(4,2,2,2,2,2,4),(0.,0.305940726832771,0.611881453665543,0.725754066358365,
0.839626679051187,0.945753204376813,1.05187972970244),.UNSPECIFIED.);
#457=B_SPLINE_CURVE_WITH_KNOTS('',3,(#2437,#2438,#2439,#2440,#2441,#2442,
#2443,#2444,#2445,#2446,#2447,#2448,#2449,#2450,#2451,#2452,#2453,#2454,
#2455,#2456,#2457,#2458,#2459,#2460,#2461,#2462,#2463,#2464),
 .UNSPECIFIED.,.F.,.F.,(4,2,2,2,2,2,2,2,2,2,2,2,2,4),(0.139427593073228,
0.178926423076159,0.218425253079089,0.297422913084949,0.332648065357648,
0.367873217630347,0.386945302033185,0.389202092933856,0.390330488384191,
0.391458883834526,0.391886814688097,0.392314745541668,0.392483909470375,
0.392589371672561),.UNSPECIFIED.);
#458=B_SPLINE_CURVE_WITH_KNOTS('',3,(#2469,#2470,#2471,#2472,#2473,#2474,
#2475,#2476,#2477,#2478,#2479,#2480),.UNSPECIFIED.,.F.,.F.,(4,2,2,2,2,4),
(-0.320829129058333,-0.300513471888003,-0.280197814717672,-0.250375226453301,
-0.22055263818893,-0.200779670967854),.UNSPECIFIED.);
#459=B_SPLINE_CURVE_WITH_KNOTS('',3,(#2505,#2506,#2507,#2508,#2509,#2510,
#2511,#2512,#2513,#2514),.UNSPECIFIED.,.F.,.F.,(4,2,2,2,4),(0.452380225691758,
0.487410133867307,0.522440042042856,0.545607426841719,0.568774811640583),
 .UNSPECIFIED.);
#460=B_SPLINE_CURVE_WITH_KNOTS('',3,(#2521,#2522,#2523,#2524,#2525,#2526,
#2527,#2528,#2529,#2530,#2531,#2532,#2533,#2534,#2535,#2536,#2537,#2538,
#2539,#2540,#2541,#2542,#2543,#2544,#2545,#2546,#2547,#2548),
 .UNSPECIFIED.,.F.,.F.,(4,2,2,2,2,2,2,2,2,2,2,2,2,4),(0.392589371672561,
0.392694833874747,0.392863997803453,0.393291928657024,0.393719859510595,
0.39484825496093,0.395976650411266,0.398233441311936,0.417305525714774,
0.452530677987473,0.487755830260172,0.566753490266033,0.606252320268963,
0.645751150271893),.UNSPECIFIED.);
#461=B_SPLINE_CURVE_WITH_KNOTS('',3,(#2556,#2557,#2558,#2559,#2560,#2561,
#2562,#2563,#2564,#2565,#2566),.UNSPECIFIED.,.F.,.F.,(4,2,3,2,4),(2.44679528543783,
2.48771720239732,2.57485559595782,2.66199398951833,2.70291590647782),
 .UNSPECIFIED.);
#462=B_SPLINE_CURVE_WITH_KNOTS('',3,(#2579,#2580,#2581,#2582,#2583,#2584,
#2585,#2586,#2587,#2588),.UNSPECIFIED.,.F.,.F.,(4,2,2,2,4),(1.15936748745891,
1.20028940441841,1.28742779797891,1.37456619153941,1.41548810849891),
 .UNSPECIFIED.);
#463=B_SPLINE_CURVE_WITH_KNOTS('',3,(#2629,#2630,#2631,#2632,#2633,#2634),
 .UNSPECIFIED.,.F.,.F.,(4,2,4),(1.15936475747418,1.20027859644034,1.28741653756427),
 .UNSPECIFIED.);
#464=B_SPLINE_CURVE_WITH_KNOTS('',3,(#2636,#2637,#2638,#2639,#2640,#2641),
 .UNSPECIFIED.,.F.,.F.,(4,2,4),(1.28741653756427,1.3745544786882,1.41546831765437),
 .UNSPECIFIED.);
#465=B_SPLINE_CURVE_WITH_KNOTS('',3,(#2652,#2653,#2654,#2655,#2656,#2657),
 .UNSPECIFIED.,.F.,.F.,(4,2,4),(2.44678129503845,2.48769513400461,2.57483307512854),
 .UNSPECIFIED.);
#466=B_SPLINE_CURVE_WITH_KNOTS('',3,(#2660,#2661,#2662,#2663,#2664,#2665),
 .UNSPECIFIED.,.F.,.F.,(4,2,4),(2.57483307512854,2.66197101625247,2.70288485521864),
 .UNSPECIFIED.);
#467=B_SPLINE_CURVE_WITH_KNOTS('',3,(#2674,#2675,#2676,#2677,#2678,#2679),
 .UNSPECIFIED.,.F.,.F.,(4,2,4),(2.44679528543782,2.48771720239732,2.57485559595782),
 .UNSPECIFIED.);
#468=B_SPLINE_CURVE_WITH_KNOTS('',3,(#2681,#2682,#2683,#2684,#2685,#2686),
 .UNSPECIFIED.,.F.,.F.,(4,2,4),(2.57485559595782,2.66199398951832,2.70291590647782),
 .UNSPECIFIED.);
#469=B_SPLINE_CURVE_WITH_KNOTS('',3,(#2715,#2716,#2717,#2718,#2719,#2720),
 .UNSPECIFIED.,.F.,.F.,(4,2,4),(1.15936748745892,1.20028940441841,1.28742779797891),
 .UNSPECIFIED.);
#470=B_SPLINE_CURVE_WITH_KNOTS('',3,(#2722,#2723,#2724,#2725,#2726,#2727),
 .UNSPECIFIED.,.F.,.F.,(4,2,4),(1.28742779797891,1.37456619153941,1.41548810849891),
 .UNSPECIFIED.);
#471=B_SPLINE_CURVE_WITH_KNOTS('',3,(#2744,#2745,#2746,#2747,#2748,#2749,
#2750,#2751,#2752,#2753,#2754),.UNSPECIFIED.,.F.,.F.,(4,2,3,2,4),(2.44678129503845,
2.48769513400461,2.57483307512854,2.66197101625248,2.70288485521864),
 .UNSPECIFIED.);
#472=B_SPLINE_CURVE_WITH_KNOTS('',3,(#2768,#2769,#2770,#2771,#2772,#2773,
#2774,#2775,#2776,#2777),.UNSPECIFIED.,.F.,.F.,(4,2,2,2,4),(1.15936475747418,
1.20027859644034,1.28741653756427,1.3745544786882,1.41546831765437),
 .UNSPECIFIED.);
#473=B_SPLINE_CURVE_WITH_KNOTS('',3,(#2834,#2835,#2836,#2837,#2838,#2839,
#2840,#2841),.UNSPECIFIED.,.F.,.F.,(4,2,2,4),(1.86612016215264,2.0240443582574,
2.35033841440844,2.35106412582646),.UNSPECIFIED.);
#474=B_SPLINE_CURVE_WITH_KNOTS('',3,(#2845,#2846,#2847,#2848,#2849,#2850,
#2851,#2852,#2853,#2854,#2855,#2856),.UNSPECIFIED.,.F.,.F.,(4,2,2,2,2,4),
(4.7159223760081,4.73579046422792,4.79832355059472,5.00864033264344,5.2400226958201,
5.37890439689075),.UNSPECIFIED.);
#475=B_SPLINE_CURVE_WITH_KNOTS('',3,(#2859,#2860,#2861,#2862),
 .UNSPECIFIED.,.F.,.F.,(4,4),(0.,0.251331355125529),.UNSPECIFIED.);
#476=B_SPLINE_CURVE_WITH_KNOTS('',3,(#2865,#2866,#2867,#2868,#2869,#2870,
#2871,#2872,#2873,#2874),.UNSPECIFIED.,.F.,.F.,(4,2,2,2,4),(-0.00101701231058643,
0.,0.307324485159311,0.562057762980269,0.711150434496271),.UNSPECIFIED.);
#477=B_SPLINE_CURVE_WITH_KNOTS('',3,(#2884,#2885,#2886,#2887,#2888,#2889,
#2890,#2891,#2892,#2893,#2894,#2895),.UNSPECIFIED.,.F.,.F.,(4,2,2,2,2,4),
(3.87597764188017,3.99538801163043,4.19957511840648,4.45136767904728,4.61922648735248,
4.64599069986624),.UNSPECIFIED.);
#478=B_SPLINE_CURVE_WITH_KNOTS('',3,(#2898,#2899,#2900,#2901),
 .UNSPECIFIED.,.F.,.F.,(4,4),(5.33605899014398,5.5941740137445),
 .UNSPECIFIED.);
#479=CIRCLE('',#1528,0.125);
#480=CIRCLE('',#1529,0.125);
#481=CIRCLE('',#1530,0.25);
#482=CIRCLE('',#1532,0.125);
#483=CIRCLE('',#1534,0.125);
#484=CIRCLE('',#1535,0.25);
#485=CIRCLE('',#1537,0.2);
#486=CIRCLE('',#1538,0.25);
#487=CIRCLE('',#1539,0.25);
#488=CIRCLE('',#1540,0.09);
#489=CIRCLE('',#1541,0.118110236220472);
#490=CIRCLE('',#1542,0.09);
#491=CIRCLE('',#1544,0.125);
#492=CIRCLE('',#1545,0.125);
#493=CIRCLE('',#1547,0.125);
#494=CIRCLE('',#1549,0.125);
#495=CIRCLE('',#1551,0.025);
#496=CIRCLE('',#1552,0.2);
#497=CIRCLE('',#1553,0.025);
#498=CIRCLE('',#1554,0.225);
#499=CIRCLE('',#1557,0.025);
#500=CIRCLE('',#1559,0.0249999999999997);
#501=CIRCLE('',#1560,0.225);
#502=CIRCLE('',#1561,0.2);
#503=CIRCLE('',#1564,0.2);
#504=CIRCLE('',#1565,0.2);
#505=CIRCLE('',#1568,0.0250000000000001);
#506=CIRCLE('',#1569,0.225);
#507=CIRCLE('',#1570,0.2);
#508=CIRCLE('',#1574,0.2);
#509=CIRCLE('',#1575,0.2);
#510=CIRCLE('',#1576,0.2);
#511=CIRCLE('',#1578,0.0249999999999999);
#512=CIRCLE('',#1580,0.225);
#513=CIRCLE('',#1583,0.125);
#514=CIRCLE('',#1584,0.125);
#515=CIRCLE('',#1586,0.09);
#516=CIRCLE('',#1587,0.09);
#517=CIRCLE('',#1588,0.09);
#518=CIRCLE('',#1589,0.09);
#519=CIRCLE('',#1591,0.125);
#520=CIRCLE('',#1592,0.125);
#521=CIRCLE('',#1593,0.125);
#522=CIRCLE('',#1595,0.125);
#523=CIRCLE('',#1597,0.125);
#524=CIRCLE('',#1599,0.125);
#525=CIRCLE('',#1602,0.09);
#526=CIRCLE('',#1604,0.09);
#527=CIRCLE('',#1608,0.125);
#528=CIRCLE('',#1609,0.125);
#529=CIRCLE('',#1612,0.125);
#530=CIRCLE('',#1614,0.125);
#531=CIRCLE('',#1615,0.125);
#532=CIRCLE('',#1617,0.125);
#533=CIRCLE('',#1618,0.125);
#534=CIRCLE('',#1620,0.125);
#535=CIRCLE('',#1623,0.09);
#536=CIRCLE('',#1624,0.09);
#537=CIRCLE('',#1625,0.09);
#538=CIRCLE('',#1627,0.09);
#539=CIRCLE('',#1628,0.09);
#540=CIRCLE('',#1632,0.09);
#541=CIRCLE('',#1638,0.0998833287223205);
#542=CIRCLE('',#1639,0.25);
#543=CIRCLE('',#1640,0.34988332872232);
#544=CIRCLE('',#1642,0.25);
#545=CIRCLE('',#1644,0.350116399834634);
#546=CIRCLE('',#1645,0.100116399834634);
#547=CIRCLE('',#1647,0.100116399834634);
#548=CIRCLE('',#1648,0.100116399834634);
#549=CIRCLE('',#1651,0.0998833287223205);
#550=CIRCLE('',#1652,0.0998833287223205);
#551=CIRCLE('',#1654,0.125);
#552=CIRCLE('',#1655,0.225116399834634);
#553=CIRCLE('',#1656,0.125);
#554=CIRCLE('',#1658,0.325);
#555=CIRCLE('',#1660,0.125);
#556=CIRCLE('',#1663,0.325);
#557=CIRCLE('',#1664,0.125);
#558=CIRCLE('',#1666,0.125);
#559=CIRCLE('',#1667,0.22488332872232);
#560=CIRCLE('',#1669,0.125);
#561=CIRCLE('',#1672,2.68331810925442);
#562=CIRCLE('',#1673,0.150000155228266);
#563=CIRCLE('',#1674,2.38331779879789);
#564=CIRCLE('',#1675,0.09);
#565=CIRCLE('',#1677,2.38331779879789);
#566=CIRCLE('',#1678,0.150000155228266);
#567=CIRCLE('',#1679,2.68331810925442);
#568=CIRCLE('',#1680,0.09);
#569=CIRCLE('',#1682,2.38331779879789);
#570=CIRCLE('',#1684,0.09);
#571=CIRCLE('',#1686,0.09);
#572=CIRCLE('',#1688,0.150000155228266);
#573=CIRCLE('',#1690,0.150000155228266);
#574=CIRCLE('',#1692,2.68331810925442);
#575=CIRCLE('',#1695,0.2);
#576=CIRCLE('',#1696,0.09);
#577=CIRCLE('',#1697,0.118110236220472);
#578=CIRCLE('',#1698,0.09);
#579=VERTEX_POINT('',#2156);
#580=VERTEX_POINT('',#2157);
#581=VERTEX_POINT('',#2159);
#582=VERTEX_POINT('',#2161);
#583=VERTEX_POINT('',#2174);
#584=VERTEX_POINT('',#2175);
#585=VERTEX_POINT('',#2180);
#586=VERTEX_POINT('',#2181);
#587=VERTEX_POINT('',#2195);
#588=VERTEX_POINT('',#2197);
#589=VERTEX_POINT('',#2199);
#590=VERTEX_POINT('',#2201);
#591=VERTEX_POINT('',#2203);
#592=VERTEX_POINT('',#2205);
#593=VERTEX_POINT('',#2207);
#594=VERTEX_POINT('',#2210);
#595=VERTEX_POINT('',#2212);
#596=VERTEX_POINT('',#2214);
#597=VERTEX_POINT('',#2217);
#598=VERTEX_POINT('',#2219);
#599=VERTEX_POINT('',#2232);
#600=VERTEX_POINT('',#2236);
#601=VERTEX_POINT('',#2249);
#602=VERTEX_POINT('',#2250);
#603=VERTEX_POINT('',#2252);
#604=VERTEX_POINT('',#2254);
#605=VERTEX_POINT('',#2258);
#606=VERTEX_POINT('',#2259);
#607=VERTEX_POINT('',#2300);
#608=VERTEX_POINT('',#2310);
#609=VERTEX_POINT('',#2311);
#610=VERTEX_POINT('',#2324);
#611=VERTEX_POINT('',#2326);
#612=VERTEX_POINT('',#2330);
#613=VERTEX_POINT('',#2331);
#614=VERTEX_POINT('',#2380);
#615=VERTEX_POINT('',#2382);
#616=VERTEX_POINT('',#2397);
#617=VERTEX_POINT('',#2401);
#618=VERTEX_POINT('',#2403);
#619=VERTEX_POINT('',#2405);
#620=VERTEX_POINT('',#2407);
#621=VERTEX_POINT('',#2412);
#622=VERTEX_POINT('',#2414);
#623=VERTEX_POINT('',#2431);
#624=VERTEX_POINT('',#2432);
#625=VERTEX_POINT('',#2434);
#626=VERTEX_POINT('',#2436);
#627=VERTEX_POINT('',#2467);
#628=VERTEX_POINT('',#2468);
#629=VERTEX_POINT('',#2485);
#630=VERTEX_POINT('',#2487);
#631=VERTEX_POINT('',#2491);
#632=VERTEX_POINT('',#2493);
#633=VERTEX_POINT('',#2495);
#634=VERTEX_POINT('',#2497);
#635=VERTEX_POINT('',#2499);
#636=VERTEX_POINT('',#2503);
#637=VERTEX_POINT('',#2504);
#638=VERTEX_POINT('',#2516);
#639=VERTEX_POINT('',#2520);
#640=VERTEX_POINT('',#2554);
#641=VERTEX_POINT('',#2555);
#642=VERTEX_POINT('',#2567);
#643=VERTEX_POINT('',#2569);
#644=VERTEX_POINT('',#2571);
#645=VERTEX_POINT('',#2573);
#646=VERTEX_POINT('',#2577);
#647=VERTEX_POINT('',#2578);
#648=VERTEX_POINT('',#2589);
#649=VERTEX_POINT('',#2591);
#650=VERTEX_POINT('',#2598);
#651=VERTEX_POINT('',#2600);
#652=VERTEX_POINT('',#2602);
#653=VERTEX_POINT('',#2604);
#654=VERTEX_POINT('',#2606);
#655=VERTEX_POINT('',#2608);
#656=VERTEX_POINT('',#2612);
#657=VERTEX_POINT('',#2614);
#658=VERTEX_POINT('',#2619);
#659=VERTEX_POINT('',#2624);
#660=VERTEX_POINT('',#2626);
#661=VERTEX_POINT('',#2628);
#662=VERTEX_POINT('',#2635);
#663=VERTEX_POINT('',#2650);
#664=VERTEX_POINT('',#2651);
#665=VERTEX_POINT('',#2658);
#666=VERTEX_POINT('',#2672);
#667=VERTEX_POINT('',#2673);
#668=VERTEX_POINT('',#2680);
#669=VERTEX_POINT('',#2687);
#670=VERTEX_POINT('',#2689);
#671=VERTEX_POINT('',#2691);
#672=VERTEX_POINT('',#2693);
#673=VERTEX_POINT('',#2698);
#674=VERTEX_POINT('',#2700);
#675=VERTEX_POINT('',#2704);
#676=VERTEX_POINT('',#2708);
#677=VERTEX_POINT('',#2710);
#678=VERTEX_POINT('',#2712);
#679=VERTEX_POINT('',#2714);
#680=VERTEX_POINT('',#2721);
#681=VERTEX_POINT('',#2730);
#682=VERTEX_POINT('',#2732);
#683=VERTEX_POINT('',#2734);
#684=VERTEX_POINT('',#2736);
#685=VERTEX_POINT('',#2741);
#686=VERTEX_POINT('',#2743);
#687=VERTEX_POINT('',#2755);
#688=VERTEX_POINT('',#2761);
#689=VERTEX_POINT('',#2766);
#690=VERTEX_POINT('',#2767);
#691=VERTEX_POINT('',#2778);
#692=VERTEX_POINT('',#2796);
#693=VERTEX_POINT('',#2798);
#694=VERTEX_POINT('',#2802);
#695=VERTEX_POINT('',#2803);
#696=VERTEX_POINT('',#2811);
#697=VERTEX_POINT('',#2813);
#698=VERTEX_POINT('',#2817);
#699=VERTEX_POINT('',#2819);
#700=VERTEX_POINT('',#2823);
#701=VERTEX_POINT('',#2827);
#702=VERTEX_POINT('',#2829);
#703=VERTEX_POINT('',#2833);
#704=VERTEX_POINT('',#2844);
#705=VERTEX_POINT('',#2864);
#706=VERTEX_POINT('',#2875);
#707=VERTEX_POINT('',#2879);
#708=VERTEX_POINT('',#2883);
#709=VERTEX_POINT('',#2903);
#710=VERTEX_POINT('',#2905);
#711=VERTEX_POINT('',#2908);
#712=VERTEX_POINT('',#2911);
#713=VERTEX_POINT('',#2913);
#714=VERTEX_POINT('',#2916);
#715=VERTEX_POINT('',#2919);
#716=VERTEX_POINT('',#2920);
#717=VERTEX_POINT('',#2925);
#718=VERTEX_POINT('',#2929);
#719=VERTEX_POINT('',#2933);
#720=VERTEX_POINT('',#2937);
#721=VERTEX_POINT('',#2945);
#722=VERTEX_POINT('',#2947);
#723=VERTEX_POINT('',#2949);
#724=EDGE_CURVE('',#579,#580,#479,.T.);
#725=EDGE_CURVE('',#580,#581,#480,.T.);
#726=EDGE_CURVE('',#581,#582,#447,.T.);
#727=EDGE_CURVE('',#582,#579,#481,.T.);
#728=EDGE_CURVE('',#583,#584,#482,.T.);
#729=EDGE_CURVE('',#584,#580,#52,.T.);
#730=EDGE_CURVE('',#579,#583,#53,.T.);
#731=EDGE_CURVE('',#585,#586,#448,.T.);
#732=EDGE_CURVE('',#586,#584,#483,.T.);
#733=EDGE_CURVE('',#583,#585,#484,.T.);
#734=EDGE_CURVE('',#582,#587,#54,.T.);
#735=EDGE_CURVE('',#587,#588,#485,.T.);
#736=EDGE_CURVE('',#588,#589,#55,.T.);
#737=EDGE_CURVE('',#590,#589,#486,.T.);
#738=EDGE_CURVE('',#591,#590,#56,.T.);
#739=EDGE_CURVE('',#592,#591,#487,.T.);
#740=EDGE_CURVE('',#592,#593,#57,.T.);
#741=EDGE_CURVE('',#593,#585,#58,.T.);
#742=EDGE_CURVE('',#594,#594,#488,.T.);
#743=EDGE_CURVE('',#595,#595,#489,.T.);
#744=EDGE_CURVE('',#596,#596,#490,.T.);
#745=EDGE_CURVE('',#591,#597,#491,.T.);
#746=EDGE_CURVE('',#597,#598,#492,.T.);
#747=EDGE_CURVE('',#598,#592,#449,.T.);
#748=EDGE_CURVE('',#590,#599,#493,.T.);
#749=EDGE_CURVE('',#599,#597,#59,.T.);
#750=EDGE_CURVE('',#589,#600,#450,.T.);
#751=EDGE_CURVE('',#600,#599,#494,.T.);
#752=EDGE_CURVE('',#601,#602,#495,.T.);
#753=EDGE_CURVE('',#602,#603,#496,.T.);
#754=EDGE_CURVE('',#603,#604,#497,.T.);
#755=EDGE_CURVE('',#604,#601,#498,.T.);
#756=EDGE_CURVE('',#605,#606,#451,.T.);
#757=EDGE_CURVE('',#606,#604,#60,.T.);
#758=EDGE_CURVE('',#603,#605,#61,.T.);
#759=EDGE_CURVE('',#607,#601,#62,.T.);
#760=EDGE_CURVE('',#607,#602,#452,.T.);
#761=EDGE_CURVE('',#608,#609,#453,.F.);
#762=EDGE_CURVE('',#608,#610,#63,.T.);
#763=EDGE_CURVE('',#610,#611,#499,.T.);
#764=EDGE_CURVE('',#611,#609,#64,.T.);
#765=EDGE_CURVE('',#612,#613,#500,.T.);
#766=EDGE_CURVE('',#613,#611,#501,.T.);
#767=EDGE_CURVE('',#610,#612,#502,.T.);
#768=EDGE_CURVE('',#612,#607,#454,.T.);
#769=EDGE_CURVE('',#613,#607,#65,.T.);
#770=EDGE_CURVE('',#598,#605,#66,.T.);
#771=EDGE_CURVE('',#614,#603,#67,.T.);
#772=EDGE_CURVE('',#614,#615,#455,.F.);
#773=EDGE_CURVE('',#615,#616,#68,.T.);
#774=EDGE_CURVE('',#616,#593,#69,.T.);
#775=EDGE_CURVE('',#610,#617,#70,.T.);
#776=EDGE_CURVE('',#617,#618,#71,.T.);
#777=EDGE_CURVE('',#619,#618,#503,.T.);
#778=EDGE_CURVE('',#620,#619,#504,.T.);
#779=EDGE_CURVE('',#614,#620,#72,.T.);
#780=EDGE_CURVE('',#608,#600,#73,.T.);
#781=EDGE_CURVE('',#621,#588,#74,.T.);
#782=EDGE_CURVE('',#621,#622,#75,.T.);
#783=EDGE_CURVE('',#617,#622,#456,.T.);
#784=EDGE_CURVE('',#623,#624,#505,.T.);
#785=EDGE_CURVE('',#624,#625,#506,.T.);
#786=EDGE_CURVE('',#625,#626,#457,.T.);
#787=EDGE_CURVE('',#626,#623,#507,.T.);
#788=EDGE_CURVE('',#627,#628,#458,.T.);
#789=EDGE_CURVE('',#628,#624,#76,.T.);
#790=EDGE_CURVE('',#623,#627,#77,.T.);
#791=EDGE_CURVE('',#581,#627,#78,.T.);
#792=EDGE_CURVE('',#629,#623,#79,.T.);
#793=EDGE_CURVE('',#629,#630,#80,.T.);
#794=EDGE_CURVE('',#630,#587,#81,.T.);
#795=EDGE_CURVE('',#626,#631,#82,.T.);
#796=EDGE_CURVE('',#632,#631,#508,.T.);
#797=EDGE_CURVE('',#633,#632,#83,.T.);
#798=EDGE_CURVE('',#634,#633,#509,.T.);
#799=EDGE_CURVE('',#635,#634,#84,.T.);
#800=EDGE_CURVE('',#635,#629,#510,.T.);
#801=EDGE_CURVE('',#636,#637,#459,.F.);
#802=EDGE_CURVE('',#636,#634,#85,.T.);
#803=EDGE_CURVE('',#634,#638,#511,.T.);
#804=EDGE_CURVE('',#638,#637,#86,.T.);
#805=EDGE_CURVE('',#633,#639,#460,.T.);
#806=EDGE_CURVE('',#639,#638,#512,.T.);
#807=EDGE_CURVE('',#636,#586,#87,.T.);
#808=EDGE_CURVE('',#616,#635,#88,.T.);
#809=EDGE_CURVE('',#640,#641,#461,.T.);
#810=EDGE_CURVE('',#641,#642,#89,.T.);
#811=EDGE_CURVE('',#642,#643,#513,.T.);
#812=EDGE_CURVE('',#643,#644,#90,.T.);
#813=EDGE_CURVE('',#644,#645,#514,.T.);
#814=EDGE_CURVE('',#645,#640,#91,.T.);
#815=EDGE_CURVE('',#646,#647,#462,.T.);
#816=EDGE_CURVE('',#648,#646,#515,.T.);
#817=EDGE_CURVE('',#648,#649,#92,.T.);
#818=EDGE_CURVE('',#641,#649,#516,.T.);
#819=EDGE_CURVE('',#649,#640,#517,.T.);
#820=EDGE_CURVE('',#647,#648,#518,.T.);
#821=EDGE_CURVE('',#644,#632,#93,.T.);
#822=EDGE_CURVE('',#631,#650,#94,.T.);
#823=EDGE_CURVE('',#651,#650,#519,.T.);
#824=EDGE_CURVE('',#651,#652,#95,.T.);
#825=EDGE_CURVE('',#653,#652,#520,.T.);
#826=EDGE_CURVE('',#653,#654,#96,.T.);
#827=EDGE_CURVE('',#655,#654,#521,.T.);
#828=EDGE_CURVE('',#655,#645,#97,.T.);
#829=EDGE_CURVE('',#650,#656,#98,.T.);
#830=EDGE_CURVE('',#656,#657,#522,.T.);
#831=EDGE_CURVE('',#657,#646,#99,.T.);
#832=EDGE_CURVE('',#647,#651,#100,.T.);
#833=EDGE_CURVE('',#658,#628,#523,.T.);
#834=EDGE_CURVE('',#657,#658,#101,.T.);
#835=EDGE_CURVE('',#625,#656,#102,.T.);
#836=EDGE_CURVE('',#637,#659,#524,.T.);
#837=EDGE_CURVE('',#659,#660,#103,.T.);
#838=EDGE_CURVE('',#660,#661,#463,.T.);
#839=EDGE_CURVE('',#661,#662,#464,.T.);
#840=EDGE_CURVE('',#662,#655,#104,.T.);
#841=EDGE_CURVE('',#654,#584,#105,.T.);
#842=EDGE_CURVE('',#580,#653,#106,.T.);
#843=EDGE_CURVE('',#662,#660,#525,.T.);
#844=EDGE_CURVE('',#659,#642,#107,.T.);
#845=EDGE_CURVE('',#663,#664,#465,.T.);
#846=EDGE_CURVE('',#665,#663,#526,.T.);
#847=EDGE_CURVE('',#664,#665,#466,.T.);
#848=EDGE_CURVE('',#664,#661,#108,.T.);
#849=EDGE_CURVE('',#652,#663,#109,.T.);
#850=EDGE_CURVE('',#665,#658,#110,.T.);
#851=EDGE_CURVE('',#666,#667,#467,.T.);
#852=EDGE_CURVE('',#667,#668,#468,.T.);
#853=EDGE_CURVE('',#668,#669,#111,.T.);
#854=EDGE_CURVE('',#669,#670,#527,.T.);
#855=EDGE_CURVE('',#670,#671,#112,.T.);
#856=EDGE_CURVE('',#671,#672,#528,.T.);
#857=EDGE_CURVE('',#672,#666,#113,.T.);
#858=EDGE_CURVE('',#670,#613,#114,.T.);
#859=EDGE_CURVE('',#601,#673,#115,.T.);
#860=EDGE_CURVE('',#674,#673,#116,.T.);
#861=EDGE_CURVE('',#671,#674,#117,.T.);
#862=EDGE_CURVE('',#675,#669,#118,.T.);
#863=EDGE_CURVE('',#609,#675,#529,.T.);
#864=EDGE_CURVE('',#676,#674,#530,.T.);
#865=EDGE_CURVE('',#673,#677,#531,.T.);
#866=EDGE_CURVE('',#677,#678,#119,.T.);
#867=EDGE_CURVE('',#678,#679,#469,.T.);
#868=EDGE_CURVE('',#679,#680,#470,.T.);
#869=EDGE_CURVE('',#680,#676,#120,.T.);
#870=EDGE_CURVE('',#676,#681,#121,.T.);
#871=EDGE_CURVE('',#682,#681,#532,.T.);
#872=EDGE_CURVE('',#682,#683,#122,.T.);
#873=EDGE_CURVE('',#684,#683,#533,.T.);
#874=EDGE_CURVE('',#684,#672,#123,.T.);
#875=EDGE_CURVE('',#597,#682,#124,.T.);
#876=EDGE_CURVE('',#681,#685,#125,.T.);
#877=EDGE_CURVE('',#685,#686,#471,.T.);
#878=EDGE_CURVE('',#686,#687,#126,.T.);
#879=EDGE_CURVE('',#687,#606,#534,.T.);
#880=EDGE_CURVE('',#677,#687,#127,.T.);
#881=EDGE_CURVE('',#686,#688,#535,.T.);
#882=EDGE_CURVE('',#688,#685,#536,.T.);
#883=EDGE_CURVE('',#680,#678,#537,.T.);
#884=EDGE_CURVE('',#689,#690,#472,.T.);
#885=EDGE_CURVE('',#691,#689,#538,.T.);
#886=EDGE_CURVE('',#691,#688,#128,.T.);
#887=EDGE_CURVE('',#690,#691,#539,.T.);
#888=EDGE_CURVE('',#675,#689,#129,.T.);
#889=EDGE_CURVE('',#690,#684,#130,.T.);
#890=EDGE_CURVE('',#683,#599,#131,.T.);
#891=EDGE_CURVE('',#668,#666,#540,.T.);
#892=EDGE_CURVE('',#667,#679,#132,.T.);
#893=EDGE_CURVE('',#643,#639,#133,.T.);
#894=EDGE_CURVE('',#614,#692,#541,.T.);
#895=EDGE_CURVE('',#692,#693,#542,.T.);
#896=EDGE_CURVE('',#693,#615,#543,.T.);
#897=EDGE_CURVE('',#694,#695,#544,.T.);
#898=EDGE_CURVE('',#695,#693,#134,.T.);
#899=EDGE_CURVE('',#692,#694,#135,.T.);
#900=EDGE_CURVE('',#622,#695,#545,.T.);
#901=EDGE_CURVE('',#694,#617,#546,.T.);
#902=EDGE_CURVE('',#694,#696,#136,.T.);
#903=EDGE_CURVE('',#697,#696,#547,.T.);
#904=EDGE_CURVE('',#618,#697,#548,.T.);
#905=EDGE_CURVE('',#692,#698,#137,.T.);
#906=EDGE_CURVE('',#699,#698,#138,.T.);
#907=EDGE_CURVE('',#696,#699,#139,.T.);
#908=EDGE_CURVE('',#700,#620,#549,.T.);
#909=EDGE_CURVE('',#698,#700,#550,.T.);
#910=EDGE_CURVE('',#697,#701,#551,.T.);
#911=EDGE_CURVE('',#701,#702,#552,.T.);
#912=EDGE_CURVE('',#702,#618,#553,.T.);
#913=EDGE_CURVE('',#703,#619,#473,.T.);
#914=EDGE_CURVE('',#702,#703,#554,.T.);
#915=EDGE_CURVE('',#704,#701,#474,.T.);
#916=EDGE_CURVE('',#696,#704,#555,.T.);
#917=EDGE_CURVE('',#699,#704,#475,.T.);
#918=EDGE_CURVE('',#619,#705,#476,.T.);
#919=EDGE_CURVE('',#705,#706,#556,.T.);
#920=EDGE_CURVE('',#706,#620,#557,.T.);
#921=EDGE_CURVE('',#707,#700,#558,.T.);
#922=EDGE_CURVE('',#706,#707,#559,.T.);
#923=EDGE_CURVE('',#708,#707,#477,.F.);
#924=EDGE_CURVE('',#708,#698,#560,.T.);
#925=EDGE_CURVE('',#699,#708,#478,.F.);
#926=EDGE_CURVE('',#705,#709,#561,.T.);
#927=EDGE_CURVE('',#709,#710,#562,.T.);
#928=EDGE_CURVE('',#710,#707,#563,.T.);
#929=EDGE_CURVE('',#711,#711,#564,.T.);
#930=EDGE_CURVE('',#701,#712,#565,.T.);
#931=EDGE_CURVE('',#712,#713,#566,.T.);
#932=EDGE_CURVE('',#713,#703,#567,.T.);
#933=EDGE_CURVE('',#714,#714,#568,.T.);
#934=EDGE_CURVE('',#715,#716,#569,.T.);
#935=EDGE_CURVE('',#716,#712,#140,.T.);
#936=EDGE_CURVE('',#715,#710,#141,.T.);
#937=EDGE_CURVE('',#714,#717,#142,.T.);
#938=EDGE_CURVE('',#717,#717,#570,.T.);
#939=EDGE_CURVE('',#711,#718,#143,.T.);
#940=EDGE_CURVE('',#718,#718,#571,.T.);
#941=EDGE_CURVE('',#716,#719,#572,.T.);
#942=EDGE_CURVE('',#719,#713,#144,.T.);
#943=EDGE_CURVE('',#720,#715,#573,.T.);
#944=EDGE_CURVE('',#720,#709,#145,.T.);
#945=EDGE_CURVE('',#719,#720,#574,.T.);
#946=EDGE_CURVE('',#630,#621,#575,.T.);
#947=EDGE_CURVE('',#721,#721,#576,.T.);
#948=EDGE_CURVE('',#722,#722,#577,.T.);
#949=EDGE_CURVE('',#723,#723,#578,.T.);
#950=EDGE_CURVE('',#594,#721,#146,.T.);
#951=EDGE_CURVE('',#595,#722,#147,.T.);
#952=EDGE_CURVE('',#596,#723,#148,.T.);
#953=ORIENTED_EDGE('',*,*,#724,.T.);
#954=ORIENTED_EDGE('',*,*,#725,.T.);
#955=ORIENTED_EDGE('',*,*,#726,.T.);
#956=ORIENTED_EDGE('',*,*,#727,.T.);
#957=ORIENTED_EDGE('',*,*,#728,.T.);
#958=ORIENTED_EDGE('',*,*,#729,.T.);
#959=ORIENTED_EDGE('',*,*,#724,.F.);
#960=ORIENTED_EDGE('',*,*,#730,.T.);
#961=ORIENTED_EDGE('',*,*,#731,.T.);
#962=ORIENTED_EDGE('',*,*,#732,.T.);
#963=ORIENTED_EDGE('',*,*,#728,.F.);
#964=ORIENTED_EDGE('',*,*,#733,.T.);
#965=ORIENTED_EDGE('',*,*,#733,.F.);
#966=ORIENTED_EDGE('',*,*,#730,.F.);
#967=ORIENTED_EDGE('',*,*,#727,.F.);
#968=ORIENTED_EDGE('',*,*,#734,.T.);
#969=ORIENTED_EDGE('',*,*,#735,.T.);
#970=ORIENTED_EDGE('',*,*,#736,.T.);
#971=ORIENTED_EDGE('',*,*,#737,.F.);
#972=ORIENTED_EDGE('',*,*,#738,.F.);
#973=ORIENTED_EDGE('',*,*,#739,.F.);
#974=ORIENTED_EDGE('',*,*,#740,.T.);
#975=ORIENTED_EDGE('',*,*,#741,.T.);
#976=ORIENTED_EDGE('',*,*,#742,.T.);
#977=ORIENTED_EDGE('',*,*,#743,.T.);
#978=ORIENTED_EDGE('',*,*,#744,.T.);
#979=ORIENTED_EDGE('',*,*,#745,.T.);
#980=ORIENTED_EDGE('',*,*,#746,.T.);
#981=ORIENTED_EDGE('',*,*,#747,.T.);
#982=ORIENTED_EDGE('',*,*,#739,.T.);
#983=ORIENTED_EDGE('',*,*,#748,.T.);
#984=ORIENTED_EDGE('',*,*,#749,.T.);
#985=ORIENTED_EDGE('',*,*,#745,.F.);
#986=ORIENTED_EDGE('',*,*,#738,.T.);
#987=ORIENTED_EDGE('',*,*,#750,.T.);
#988=ORIENTED_EDGE('',*,*,#751,.T.);
#989=ORIENTED_EDGE('',*,*,#748,.F.);
#990=ORIENTED_EDGE('',*,*,#737,.T.);
#991=ORIENTED_EDGE('',*,*,#752,.T.);
#992=ORIENTED_EDGE('',*,*,#753,.T.);
#993=ORIENTED_EDGE('',*,*,#754,.T.);
#994=ORIENTED_EDGE('',*,*,#755,.T.);
#995=ORIENTED_EDGE('',*,*,#756,.T.);
#996=ORIENTED_EDGE('',*,*,#757,.T.);
#997=ORIENTED_EDGE('',*,*,#754,.F.);
#998=ORIENTED_EDGE('',*,*,#758,.T.);
#999=ORIENTED_EDGE('',*,*,#752,.F.);
#1000=ORIENTED_EDGE('',*,*,#759,.F.);
#1001=ORIENTED_EDGE('',*,*,#760,.T.);
#1002=ORIENTED_EDGE('',*,*,#761,.F.);
#1003=ORIENTED_EDGE('',*,*,#762,.T.);
#1004=ORIENTED_EDGE('',*,*,#763,.T.);
#1005=ORIENTED_EDGE('',*,*,#764,.T.);
#1006=ORIENTED_EDGE('',*,*,#765,.T.);
#1007=ORIENTED_EDGE('',*,*,#766,.T.);
#1008=ORIENTED_EDGE('',*,*,#763,.F.);
#1009=ORIENTED_EDGE('',*,*,#767,.T.);
#1010=ORIENTED_EDGE('',*,*,#765,.F.);
#1011=ORIENTED_EDGE('',*,*,#768,.T.);
#1012=ORIENTED_EDGE('',*,*,#769,.F.);
#1013=ORIENTED_EDGE('',*,*,#770,.T.);
#1014=ORIENTED_EDGE('',*,*,#758,.F.);
#1015=ORIENTED_EDGE('',*,*,#771,.F.);
#1016=ORIENTED_EDGE('',*,*,#772,.T.);
#1017=ORIENTED_EDGE('',*,*,#773,.T.);
#1018=ORIENTED_EDGE('',*,*,#774,.T.);
#1019=ORIENTED_EDGE('',*,*,#740,.F.);
#1020=ORIENTED_EDGE('',*,*,#747,.F.);
#1021=ORIENTED_EDGE('',*,*,#753,.F.);
#1022=ORIENTED_EDGE('',*,*,#760,.F.);
#1023=ORIENTED_EDGE('',*,*,#768,.F.);
#1024=ORIENTED_EDGE('',*,*,#767,.F.);
#1025=ORIENTED_EDGE('',*,*,#775,.T.);
#1026=ORIENTED_EDGE('',*,*,#776,.T.);
#1027=ORIENTED_EDGE('',*,*,#777,.F.);
#1028=ORIENTED_EDGE('',*,*,#778,.F.);
#1029=ORIENTED_EDGE('',*,*,#779,.F.);
#1030=ORIENTED_EDGE('',*,*,#771,.T.);
#1031=ORIENTED_EDGE('',*,*,#762,.F.);
#1032=ORIENTED_EDGE('',*,*,#780,.T.);
#1033=ORIENTED_EDGE('',*,*,#750,.F.);
#1034=ORIENTED_EDGE('',*,*,#736,.F.);
#1035=ORIENTED_EDGE('',*,*,#781,.F.);
#1036=ORIENTED_EDGE('',*,*,#782,.T.);
#1037=ORIENTED_EDGE('',*,*,#783,.F.);
#1038=ORIENTED_EDGE('',*,*,#775,.F.);
#1039=ORIENTED_EDGE('',*,*,#784,.T.);
#1040=ORIENTED_EDGE('',*,*,#785,.T.);
#1041=ORIENTED_EDGE('',*,*,#786,.T.);
#1042=ORIENTED_EDGE('',*,*,#787,.T.);
#1043=ORIENTED_EDGE('',*,*,#788,.T.);
#1044=ORIENTED_EDGE('',*,*,#789,.T.);
#1045=ORIENTED_EDGE('',*,*,#784,.F.);
#1046=ORIENTED_EDGE('',*,*,#790,.T.);
#1047=ORIENTED_EDGE('',*,*,#791,.T.);
#1048=ORIENTED_EDGE('',*,*,#790,.F.);
#1049=ORIENTED_EDGE('',*,*,#792,.F.);
#1050=ORIENTED_EDGE('',*,*,#793,.T.);
#1051=ORIENTED_EDGE('',*,*,#794,.T.);
#1052=ORIENTED_EDGE('',*,*,#734,.F.);
#1053=ORIENTED_EDGE('',*,*,#726,.F.);
#1054=ORIENTED_EDGE('',*,*,#787,.F.);
#1055=ORIENTED_EDGE('',*,*,#795,.T.);
#1056=ORIENTED_EDGE('',*,*,#796,.F.);
#1057=ORIENTED_EDGE('',*,*,#797,.F.);
#1058=ORIENTED_EDGE('',*,*,#798,.F.);
#1059=ORIENTED_EDGE('',*,*,#799,.F.);
#1060=ORIENTED_EDGE('',*,*,#800,.T.);
#1061=ORIENTED_EDGE('',*,*,#792,.T.);
#1062=ORIENTED_EDGE('',*,*,#801,.F.);
#1063=ORIENTED_EDGE('',*,*,#802,.T.);
#1064=ORIENTED_EDGE('',*,*,#803,.T.);
#1065=ORIENTED_EDGE('',*,*,#804,.T.);
#1066=ORIENTED_EDGE('',*,*,#805,.T.);
#1067=ORIENTED_EDGE('',*,*,#806,.T.);
#1068=ORIENTED_EDGE('',*,*,#803,.F.);
#1069=ORIENTED_EDGE('',*,*,#798,.T.);
#1070=ORIENTED_EDGE('',*,*,#802,.F.);
#1071=ORIENTED_EDGE('',*,*,#807,.T.);
#1072=ORIENTED_EDGE('',*,*,#731,.F.);
#1073=ORIENTED_EDGE('',*,*,#741,.F.);
#1074=ORIENTED_EDGE('',*,*,#774,.F.);
#1075=ORIENTED_EDGE('',*,*,#808,.T.);
#1076=ORIENTED_EDGE('',*,*,#799,.T.);
#1077=ORIENTED_EDGE('',*,*,#809,.T.);
#1078=ORIENTED_EDGE('',*,*,#810,.T.);
#1079=ORIENTED_EDGE('',*,*,#811,.T.);
#1080=ORIENTED_EDGE('',*,*,#812,.T.);
#1081=ORIENTED_EDGE('',*,*,#813,.T.);
#1082=ORIENTED_EDGE('',*,*,#814,.T.);
#1083=ORIENTED_EDGE('',*,*,#815,.F.);
#1084=ORIENTED_EDGE('',*,*,#816,.F.);
#1085=ORIENTED_EDGE('',*,*,#817,.T.);
#1086=ORIENTED_EDGE('',*,*,#818,.F.);
#1087=ORIENTED_EDGE('',*,*,#809,.F.);
#1088=ORIENTED_EDGE('',*,*,#819,.F.);
#1089=ORIENTED_EDGE('',*,*,#817,.F.);
#1090=ORIENTED_EDGE('',*,*,#820,.F.);
#1091=ORIENTED_EDGE('',*,*,#813,.F.);
#1092=ORIENTED_EDGE('',*,*,#821,.T.);
#1093=ORIENTED_EDGE('',*,*,#796,.T.);
#1094=ORIENTED_EDGE('',*,*,#822,.T.);
#1095=ORIENTED_EDGE('',*,*,#823,.F.);
#1096=ORIENTED_EDGE('',*,*,#824,.T.);
#1097=ORIENTED_EDGE('',*,*,#825,.F.);
#1098=ORIENTED_EDGE('',*,*,#826,.T.);
#1099=ORIENTED_EDGE('',*,*,#827,.F.);
#1100=ORIENTED_EDGE('',*,*,#828,.T.);
#1101=ORIENTED_EDGE('',*,*,#823,.T.);
#1102=ORIENTED_EDGE('',*,*,#829,.T.);
#1103=ORIENTED_EDGE('',*,*,#830,.T.);
#1104=ORIENTED_EDGE('',*,*,#831,.T.);
#1105=ORIENTED_EDGE('',*,*,#815,.T.);
#1106=ORIENTED_EDGE('',*,*,#832,.T.);
#1107=ORIENTED_EDGE('',*,*,#789,.F.);
#1108=ORIENTED_EDGE('',*,*,#833,.F.);
#1109=ORIENTED_EDGE('',*,*,#834,.F.);
#1110=ORIENTED_EDGE('',*,*,#830,.F.);
#1111=ORIENTED_EDGE('',*,*,#835,.F.);
#1112=ORIENTED_EDGE('',*,*,#785,.F.);
#1113=ORIENTED_EDGE('',*,*,#807,.F.);
#1114=ORIENTED_EDGE('',*,*,#801,.T.);
#1115=ORIENTED_EDGE('',*,*,#836,.T.);
#1116=ORIENTED_EDGE('',*,*,#837,.T.);
#1117=ORIENTED_EDGE('',*,*,#838,.T.);
#1118=ORIENTED_EDGE('',*,*,#839,.T.);
#1119=ORIENTED_EDGE('',*,*,#840,.T.);
#1120=ORIENTED_EDGE('',*,*,#827,.T.);
#1121=ORIENTED_EDGE('',*,*,#841,.T.);
#1122=ORIENTED_EDGE('',*,*,#732,.F.);
#1123=ORIENTED_EDGE('',*,*,#729,.F.);
#1124=ORIENTED_EDGE('',*,*,#841,.F.);
#1125=ORIENTED_EDGE('',*,*,#826,.F.);
#1126=ORIENTED_EDGE('',*,*,#842,.F.);
#1127=ORIENTED_EDGE('',*,*,#810,.F.);
#1128=ORIENTED_EDGE('',*,*,#818,.T.);
#1129=ORIENTED_EDGE('',*,*,#819,.T.);
#1130=ORIENTED_EDGE('',*,*,#814,.F.);
#1131=ORIENTED_EDGE('',*,*,#828,.F.);
#1132=ORIENTED_EDGE('',*,*,#840,.F.);
#1133=ORIENTED_EDGE('',*,*,#843,.T.);
#1134=ORIENTED_EDGE('',*,*,#837,.F.);
#1135=ORIENTED_EDGE('',*,*,#844,.T.);
#1136=ORIENTED_EDGE('',*,*,#845,.F.);
#1137=ORIENTED_EDGE('',*,*,#846,.F.);
#1138=ORIENTED_EDGE('',*,*,#847,.F.);
#1139=ORIENTED_EDGE('',*,*,#848,.T.);
#1140=ORIENTED_EDGE('',*,*,#838,.F.);
#1141=ORIENTED_EDGE('',*,*,#843,.F.);
#1142=ORIENTED_EDGE('',*,*,#839,.F.);
#1143=ORIENTED_EDGE('',*,*,#848,.F.);
#1144=ORIENTED_EDGE('',*,*,#725,.F.);
#1145=ORIENTED_EDGE('',*,*,#842,.T.);
#1146=ORIENTED_EDGE('',*,*,#825,.T.);
#1147=ORIENTED_EDGE('',*,*,#849,.T.);
#1148=ORIENTED_EDGE('',*,*,#845,.T.);
#1149=ORIENTED_EDGE('',*,*,#847,.T.);
#1150=ORIENTED_EDGE('',*,*,#850,.T.);
#1151=ORIENTED_EDGE('',*,*,#833,.T.);
#1152=ORIENTED_EDGE('',*,*,#788,.F.);
#1153=ORIENTED_EDGE('',*,*,#791,.F.);
#1154=ORIENTED_EDGE('',*,*,#832,.F.);
#1155=ORIENTED_EDGE('',*,*,#820,.T.);
#1156=ORIENTED_EDGE('',*,*,#816,.T.);
#1157=ORIENTED_EDGE('',*,*,#831,.F.);
#1158=ORIENTED_EDGE('',*,*,#834,.T.);
#1159=ORIENTED_EDGE('',*,*,#850,.F.);
#1160=ORIENTED_EDGE('',*,*,#846,.T.);
#1161=ORIENTED_EDGE('',*,*,#849,.F.);
#1162=ORIENTED_EDGE('',*,*,#824,.F.);
#1163=ORIENTED_EDGE('',*,*,#851,.T.);
#1164=ORIENTED_EDGE('',*,*,#852,.T.);
#1165=ORIENTED_EDGE('',*,*,#853,.T.);
#1166=ORIENTED_EDGE('',*,*,#854,.T.);
#1167=ORIENTED_EDGE('',*,*,#855,.T.);
#1168=ORIENTED_EDGE('',*,*,#856,.T.);
#1169=ORIENTED_EDGE('',*,*,#857,.T.);
#1170=ORIENTED_EDGE('',*,*,#855,.F.);
#1171=ORIENTED_EDGE('',*,*,#858,.T.);
#1172=ORIENTED_EDGE('',*,*,#769,.T.);
#1173=ORIENTED_EDGE('',*,*,#759,.T.);
#1174=ORIENTED_EDGE('',*,*,#859,.T.);
#1175=ORIENTED_EDGE('',*,*,#860,.F.);
#1176=ORIENTED_EDGE('',*,*,#861,.F.);
#1177=ORIENTED_EDGE('',*,*,#766,.F.);
#1178=ORIENTED_EDGE('',*,*,#858,.F.);
#1179=ORIENTED_EDGE('',*,*,#854,.F.);
#1180=ORIENTED_EDGE('',*,*,#862,.F.);
#1181=ORIENTED_EDGE('',*,*,#863,.F.);
#1182=ORIENTED_EDGE('',*,*,#764,.F.);
#1183=ORIENTED_EDGE('',*,*,#864,.T.);
#1184=ORIENTED_EDGE('',*,*,#860,.T.);
#1185=ORIENTED_EDGE('',*,*,#865,.T.);
#1186=ORIENTED_EDGE('',*,*,#866,.T.);
#1187=ORIENTED_EDGE('',*,*,#867,.T.);
#1188=ORIENTED_EDGE('',*,*,#868,.T.);
#1189=ORIENTED_EDGE('',*,*,#869,.T.);
#1190=ORIENTED_EDGE('',*,*,#856,.F.);
#1191=ORIENTED_EDGE('',*,*,#861,.T.);
#1192=ORIENTED_EDGE('',*,*,#864,.F.);
#1193=ORIENTED_EDGE('',*,*,#870,.T.);
#1194=ORIENTED_EDGE('',*,*,#871,.F.);
#1195=ORIENTED_EDGE('',*,*,#872,.T.);
#1196=ORIENTED_EDGE('',*,*,#873,.F.);
#1197=ORIENTED_EDGE('',*,*,#874,.T.);
#1198=ORIENTED_EDGE('',*,*,#746,.F.);
#1199=ORIENTED_EDGE('',*,*,#875,.T.);
#1200=ORIENTED_EDGE('',*,*,#871,.T.);
#1201=ORIENTED_EDGE('',*,*,#876,.T.);
#1202=ORIENTED_EDGE('',*,*,#877,.T.);
#1203=ORIENTED_EDGE('',*,*,#878,.T.);
#1204=ORIENTED_EDGE('',*,*,#879,.T.);
#1205=ORIENTED_EDGE('',*,*,#756,.F.);
#1206=ORIENTED_EDGE('',*,*,#770,.F.);
#1207=ORIENTED_EDGE('',*,*,#757,.F.);
#1208=ORIENTED_EDGE('',*,*,#879,.F.);
#1209=ORIENTED_EDGE('',*,*,#880,.F.);
#1210=ORIENTED_EDGE('',*,*,#865,.F.);
#1211=ORIENTED_EDGE('',*,*,#859,.F.);
#1212=ORIENTED_EDGE('',*,*,#755,.F.);
#1213=ORIENTED_EDGE('',*,*,#866,.F.);
#1214=ORIENTED_EDGE('',*,*,#880,.T.);
#1215=ORIENTED_EDGE('',*,*,#878,.F.);
#1216=ORIENTED_EDGE('',*,*,#881,.T.);
#1217=ORIENTED_EDGE('',*,*,#882,.T.);
#1218=ORIENTED_EDGE('',*,*,#876,.F.);
#1219=ORIENTED_EDGE('',*,*,#870,.F.);
#1220=ORIENTED_EDGE('',*,*,#869,.F.);
#1221=ORIENTED_EDGE('',*,*,#883,.T.);
#1222=ORIENTED_EDGE('',*,*,#884,.F.);
#1223=ORIENTED_EDGE('',*,*,#885,.F.);
#1224=ORIENTED_EDGE('',*,*,#886,.T.);
#1225=ORIENTED_EDGE('',*,*,#881,.F.);
#1226=ORIENTED_EDGE('',*,*,#877,.F.);
#1227=ORIENTED_EDGE('',*,*,#882,.F.);
#1228=ORIENTED_EDGE('',*,*,#886,.F.);
#1229=ORIENTED_EDGE('',*,*,#887,.F.);
#1230=ORIENTED_EDGE('',*,*,#780,.F.);
#1231=ORIENTED_EDGE('',*,*,#761,.T.);
#1232=ORIENTED_EDGE('',*,*,#863,.T.);
#1233=ORIENTED_EDGE('',*,*,#888,.T.);
#1234=ORIENTED_EDGE('',*,*,#884,.T.);
#1235=ORIENTED_EDGE('',*,*,#889,.T.);
#1236=ORIENTED_EDGE('',*,*,#873,.T.);
#1237=ORIENTED_EDGE('',*,*,#890,.T.);
#1238=ORIENTED_EDGE('',*,*,#751,.F.);
#1239=ORIENTED_EDGE('',*,*,#749,.F.);
#1240=ORIENTED_EDGE('',*,*,#890,.F.);
#1241=ORIENTED_EDGE('',*,*,#872,.F.);
#1242=ORIENTED_EDGE('',*,*,#875,.F.);
#1243=ORIENTED_EDGE('',*,*,#857,.F.);
#1244=ORIENTED_EDGE('',*,*,#874,.F.);
#1245=ORIENTED_EDGE('',*,*,#889,.F.);
#1246=ORIENTED_EDGE('',*,*,#887,.T.);
#1247=ORIENTED_EDGE('',*,*,#885,.T.);
#1248=ORIENTED_EDGE('',*,*,#888,.F.);
#1249=ORIENTED_EDGE('',*,*,#862,.T.);
#1250=ORIENTED_EDGE('',*,*,#853,.F.);
#1251=ORIENTED_EDGE('',*,*,#891,.T.);
#1252=ORIENTED_EDGE('',*,*,#851,.F.);
#1253=ORIENTED_EDGE('',*,*,#891,.F.);
#1254=ORIENTED_EDGE('',*,*,#852,.F.);
#1255=ORIENTED_EDGE('',*,*,#892,.T.);
#1256=ORIENTED_EDGE('',*,*,#867,.F.);
#1257=ORIENTED_EDGE('',*,*,#883,.F.);
#1258=ORIENTED_EDGE('',*,*,#868,.F.);
#1259=ORIENTED_EDGE('',*,*,#892,.F.);
#1260=ORIENTED_EDGE('',*,*,#806,.F.);
#1261=ORIENTED_EDGE('',*,*,#893,.F.);
#1262=ORIENTED_EDGE('',*,*,#811,.F.);
#1263=ORIENTED_EDGE('',*,*,#844,.F.);
#1264=ORIENTED_EDGE('',*,*,#836,.F.);
#1265=ORIENTED_EDGE('',*,*,#804,.F.);
#1266=ORIENTED_EDGE('',*,*,#812,.F.);
#1267=ORIENTED_EDGE('',*,*,#893,.T.);
#1268=ORIENTED_EDGE('',*,*,#805,.F.);
#1269=ORIENTED_EDGE('',*,*,#797,.T.);
#1270=ORIENTED_EDGE('',*,*,#821,.F.);
#1271=ORIENTED_EDGE('',*,*,#829,.F.);
#1272=ORIENTED_EDGE('',*,*,#822,.F.);
#1273=ORIENTED_EDGE('',*,*,#795,.F.);
#1274=ORIENTED_EDGE('',*,*,#786,.F.);
#1275=ORIENTED_EDGE('',*,*,#835,.T.);
#1276=ORIENTED_EDGE('',*,*,#772,.F.);
#1277=ORIENTED_EDGE('',*,*,#894,.T.);
#1278=ORIENTED_EDGE('',*,*,#895,.T.);
#1279=ORIENTED_EDGE('',*,*,#896,.T.);
#1280=ORIENTED_EDGE('',*,*,#897,.T.);
#1281=ORIENTED_EDGE('',*,*,#898,.T.);
#1282=ORIENTED_EDGE('',*,*,#895,.F.);
#1283=ORIENTED_EDGE('',*,*,#899,.T.);
#1284=ORIENTED_EDGE('',*,*,#783,.T.);
#1285=ORIENTED_EDGE('',*,*,#900,.T.);
#1286=ORIENTED_EDGE('',*,*,#897,.F.);
#1287=ORIENTED_EDGE('',*,*,#901,.T.);
#1288=ORIENTED_EDGE('',*,*,#901,.F.);
#1289=ORIENTED_EDGE('',*,*,#902,.T.);
#1290=ORIENTED_EDGE('',*,*,#903,.F.);
#1291=ORIENTED_EDGE('',*,*,#904,.F.);
#1292=ORIENTED_EDGE('',*,*,#776,.F.);
#1293=ORIENTED_EDGE('',*,*,#899,.F.);
#1294=ORIENTED_EDGE('',*,*,#905,.T.);
#1295=ORIENTED_EDGE('',*,*,#906,.F.);
#1296=ORIENTED_EDGE('',*,*,#907,.F.);
#1297=ORIENTED_EDGE('',*,*,#902,.F.);
#1298=ORIENTED_EDGE('',*,*,#894,.F.);
#1299=ORIENTED_EDGE('',*,*,#779,.T.);
#1300=ORIENTED_EDGE('',*,*,#908,.F.);
#1301=ORIENTED_EDGE('',*,*,#909,.F.);
#1302=ORIENTED_EDGE('',*,*,#905,.F.);
#1303=ORIENTED_EDGE('',*,*,#910,.T.);
#1304=ORIENTED_EDGE('',*,*,#911,.T.);
#1305=ORIENTED_EDGE('',*,*,#912,.T.);
#1306=ORIENTED_EDGE('',*,*,#904,.T.);
#1307=ORIENTED_EDGE('',*,*,#913,.T.);
#1308=ORIENTED_EDGE('',*,*,#777,.T.);
#1309=ORIENTED_EDGE('',*,*,#912,.F.);
#1310=ORIENTED_EDGE('',*,*,#914,.T.);
#1311=ORIENTED_EDGE('',*,*,#915,.T.);
#1312=ORIENTED_EDGE('',*,*,#910,.F.);
#1313=ORIENTED_EDGE('',*,*,#903,.T.);
#1314=ORIENTED_EDGE('',*,*,#916,.T.);
#1315=ORIENTED_EDGE('',*,*,#917,.T.);
#1316=ORIENTED_EDGE('',*,*,#916,.F.);
#1317=ORIENTED_EDGE('',*,*,#907,.T.);
#1318=ORIENTED_EDGE('',*,*,#918,.T.);
#1319=ORIENTED_EDGE('',*,*,#919,.T.);
#1320=ORIENTED_EDGE('',*,*,#920,.T.);
#1321=ORIENTED_EDGE('',*,*,#778,.T.);
#1322=ORIENTED_EDGE('',*,*,#921,.T.);
#1323=ORIENTED_EDGE('',*,*,#908,.T.);
#1324=ORIENTED_EDGE('',*,*,#920,.F.);
#1325=ORIENTED_EDGE('',*,*,#922,.T.);
#1326=ORIENTED_EDGE('',*,*,#923,.F.);
#1327=ORIENTED_EDGE('',*,*,#924,.T.);
#1328=ORIENTED_EDGE('',*,*,#909,.T.);
#1329=ORIENTED_EDGE('',*,*,#921,.F.);
#1330=ORIENTED_EDGE('',*,*,#925,.F.);
#1331=ORIENTED_EDGE('',*,*,#906,.T.);
#1332=ORIENTED_EDGE('',*,*,#924,.F.);
#1333=ORIENTED_EDGE('',*,*,#922,.F.);
#1334=ORIENTED_EDGE('',*,*,#919,.F.);
#1335=ORIENTED_EDGE('',*,*,#926,.T.);
#1336=ORIENTED_EDGE('',*,*,#927,.T.);
#1337=ORIENTED_EDGE('',*,*,#928,.T.);
#1338=ORIENTED_EDGE('',*,*,#929,.T.);
#1339=ORIENTED_EDGE('',*,*,#911,.F.);
#1340=ORIENTED_EDGE('',*,*,#930,.T.);
#1341=ORIENTED_EDGE('',*,*,#931,.T.);
#1342=ORIENTED_EDGE('',*,*,#932,.T.);
#1343=ORIENTED_EDGE('',*,*,#914,.F.);
#1344=ORIENTED_EDGE('',*,*,#933,.T.);
#1345=ORIENTED_EDGE('',*,*,#934,.T.);
#1346=ORIENTED_EDGE('',*,*,#935,.T.);
#1347=ORIENTED_EDGE('',*,*,#930,.F.);
#1348=ORIENTED_EDGE('',*,*,#915,.F.);
#1349=ORIENTED_EDGE('',*,*,#917,.F.);
#1350=ORIENTED_EDGE('',*,*,#925,.T.);
#1351=ORIENTED_EDGE('',*,*,#923,.T.);
#1352=ORIENTED_EDGE('',*,*,#928,.F.);
#1353=ORIENTED_EDGE('',*,*,#936,.F.);
#1354=ORIENTED_EDGE('',*,*,#933,.F.);
#1355=ORIENTED_EDGE('',*,*,#937,.T.);
#1356=ORIENTED_EDGE('',*,*,#938,.T.);
#1357=ORIENTED_EDGE('',*,*,#937,.F.);
#1358=ORIENTED_EDGE('',*,*,#929,.F.);
#1359=ORIENTED_EDGE('',*,*,#939,.T.);
#1360=ORIENTED_EDGE('',*,*,#940,.T.);
#1361=ORIENTED_EDGE('',*,*,#939,.F.);
#1362=ORIENTED_EDGE('',*,*,#941,.T.);
#1363=ORIENTED_EDGE('',*,*,#942,.T.);
#1364=ORIENTED_EDGE('',*,*,#931,.F.);
#1365=ORIENTED_EDGE('',*,*,#935,.F.);
#1366=ORIENTED_EDGE('',*,*,#943,.T.);
#1367=ORIENTED_EDGE('',*,*,#936,.T.);
#1368=ORIENTED_EDGE('',*,*,#927,.F.);
#1369=ORIENTED_EDGE('',*,*,#944,.F.);
#1370=ORIENTED_EDGE('',*,*,#932,.F.);
#1371=ORIENTED_EDGE('',*,*,#942,.F.);
#1372=ORIENTED_EDGE('',*,*,#945,.T.);
#1373=ORIENTED_EDGE('',*,*,#944,.T.);
#1374=ORIENTED_EDGE('',*,*,#926,.F.);
#1375=ORIENTED_EDGE('',*,*,#918,.F.);
#1376=ORIENTED_EDGE('',*,*,#913,.F.);
#1377=ORIENTED_EDGE('',*,*,#945,.F.);
#1378=ORIENTED_EDGE('',*,*,#941,.F.);
#1379=ORIENTED_EDGE('',*,*,#934,.F.);
#1380=ORIENTED_EDGE('',*,*,#943,.F.);
#1381=ORIENTED_EDGE('',*,*,#938,.F.);
#1382=ORIENTED_EDGE('',*,*,#940,.F.);
#1383=ORIENTED_EDGE('',*,*,#900,.F.);
#1384=ORIENTED_EDGE('',*,*,#782,.F.);
#1385=ORIENTED_EDGE('',*,*,#946,.F.);
#1386=ORIENTED_EDGE('',*,*,#793,.F.);
#1387=ORIENTED_EDGE('',*,*,#800,.F.);
#1388=ORIENTED_EDGE('',*,*,#808,.F.);
#1389=ORIENTED_EDGE('',*,*,#773,.F.);
#1390=ORIENTED_EDGE('',*,*,#896,.F.);
#1391=ORIENTED_EDGE('',*,*,#898,.F.);
#1392=ORIENTED_EDGE('',*,*,#947,.F.);
#1393=ORIENTED_EDGE('',*,*,#948,.F.);
#1394=ORIENTED_EDGE('',*,*,#949,.F.);
#1395=ORIENTED_EDGE('',*,*,#742,.F.);
#1396=ORIENTED_EDGE('',*,*,#950,.T.);
#1397=ORIENTED_EDGE('',*,*,#947,.T.);
#1398=ORIENTED_EDGE('',*,*,#950,.F.);
#1399=ORIENTED_EDGE('',*,*,#743,.F.);
#1400=ORIENTED_EDGE('',*,*,#951,.T.);
#1401=ORIENTED_EDGE('',*,*,#948,.T.);
#1402=ORIENTED_EDGE('',*,*,#951,.F.);
#1403=ORIENTED_EDGE('',*,*,#744,.F.);
#1404=ORIENTED_EDGE('',*,*,#952,.T.);
#1405=ORIENTED_EDGE('',*,*,#949,.T.);
#1406=ORIENTED_EDGE('',*,*,#952,.F.);
#1407=ORIENTED_EDGE('',*,*,#946,.T.);
#1408=ORIENTED_EDGE('',*,*,#781,.T.);
#1409=ORIENTED_EDGE('',*,*,#735,.F.);
#1410=ORIENTED_EDGE('',*,*,#794,.F.);
#1411=TOROIDAL_SURFACE('',#1527,0.25,0.125);
#1412=TOROIDAL_SURFACE('',#1533,0.25,0.125);
#1413=TOROIDAL_SURFACE('',#1543,0.25,0.125);
#1414=TOROIDAL_SURFACE('',#1548,0.25,0.125);
#1415=TOROIDAL_SURFACE('',#1550,0.225,0.025);
#1416=TOROIDAL_SURFACE('',#1558,0.225,0.025);
#1417=TOROIDAL_SURFACE('',#1567,0.225,0.025);
#1418=TOROIDAL_SURFACE('',#1579,0.225,0.025);
#1419=TOROIDAL_SURFACE('',#1637,0.34988332872232,0.25);
#1420=TOROIDAL_SURFACE('',#1643,0.350116399834634,0.25);
#1421=TOROIDAL_SURFACE('',#1653,0.225116399834634,0.125);
#1422=TOROIDAL_SURFACE('',#1657,0.325,0.125);
#1423=TOROIDAL_SURFACE('',#1659,0.225116399834634,0.125);
#1424=TOROIDAL_SURFACE('',#1662,0.325,0.125);
#1425=TOROIDAL_SURFACE('',#1665,0.22488332872232,0.125);
#1426=TOROIDAL_SURFACE('',#1668,0.22488332872232,0.125);
#1427=ADVANCED_FACE('',(#281),#1411,.F.);
#1428=ADVANCED_FACE('',(#282),#246,.F.);
#1429=ADVANCED_FACE('',(#283),#1412,.F.);
#1430=ADVANCED_FACE('',(#284,#17,#18,#19),#27,.T.);
#1431=ADVANCED_FACE('',(#285),#1413,.F.);
#1432=ADVANCED_FACE('',(#286),#247,.F.);
#1433=ADVANCED_FACE('',(#287),#1414,.F.);
#1434=ADVANCED_FACE('',(#288),#1415,.F.);
#1435=ADVANCED_FACE('',(#289),#248,.F.);
#1436=ADVANCED_FACE('',(#290),#15,.T.);
#1437=ADVANCED_FACE('',(#291),#249,.F.);
#1438=ADVANCED_FACE('',(#292),#1416,.F.);
#1439=ADVANCED_FACE('',(#293),#16,.T.);
#1440=ADVANCED_FACE('',(#294),#28,.T.);
#1441=ADVANCED_FACE('',(#295),#250,.T.);
#1442=ADVANCED_FACE('',(#296),#29,.T.);
#1443=ADVANCED_FACE('',(#297),#1417,.F.);
#1444=ADVANCED_FACE('',(#298),#251,.F.);
#1445=ADVANCED_FACE('',(#299),#30,.T.);
#1446=ADVANCED_FACE('',(#300),#252,.T.);
#1447=ADVANCED_FACE('',(#301),#253,.F.);
#1448=ADVANCED_FACE('',(#302),#1418,.F.);
#1449=ADVANCED_FACE('',(#303),#31,.T.);
#1450=ADVANCED_FACE('',(#304),#254,.T.);
#1451=ADVANCED_FACE('',(#305),#255,.F.);
#1452=ADVANCED_FACE('',(#306),#32,.T.);
#1453=ADVANCED_FACE('',(#307),#256,.T.);
#1454=ADVANCED_FACE('',(#308),#33,.F.);
#1455=ADVANCED_FACE('',(#309),#257,.T.);
#1456=ADVANCED_FACE('',(#310),#34,.T.);
#1457=ADVANCED_FACE('',(#311),#35,.T.);
#1458=ADVANCED_FACE('',(#312),#258,.F.);
#1459=ADVANCED_FACE('',(#313),#259,.T.);
#1460=ADVANCED_FACE('',(#314),#36,.T.);
#1461=ADVANCED_FACE('',(#315),#260,.T.);
#1462=ADVANCED_FACE('',(#316),#37,.T.);
#1463=ADVANCED_FACE('',(#317),#38,.F.);
#1464=ADVANCED_FACE('',(#318),#261,.T.);
#1465=ADVANCED_FACE('',(#319),#39,.T.);
#1466=ADVANCED_FACE('',(#320),#262,.T.);
#1467=ADVANCED_FACE('',(#321),#40,.F.);
#1468=ADVANCED_FACE('',(#322),#41,.T.);
#1469=ADVANCED_FACE('',(#323),#263,.F.);
#1470=ADVANCED_FACE('',(#324),#264,.T.);
#1471=ADVANCED_FACE('',(#325),#42,.T.);
#1472=ADVANCED_FACE('',(#326),#43,.T.);
#1473=ADVANCED_FACE('',(#327),#265,.F.);
#1474=ADVANCED_FACE('',(#328),#44,.F.);
#1475=ADVANCED_FACE('',(#329),#45,.T.);
#1476=ADVANCED_FACE('',(#330),#46,.T.);
#1477=ADVANCED_FACE('',(#331),#1419,.F.);
#1478=ADVANCED_FACE('',(#332),#266,.F.);
#1479=ADVANCED_FACE('',(#333),#1420,.F.);
#1480=ADVANCED_FACE('',(#334),#267,.T.);
#1481=ADVANCED_FACE('',(#335),#47,.T.);
#1482=ADVANCED_FACE('',(#336),#268,.T.);
#1483=ADVANCED_FACE('',(#337),#1421,.F.);
#1484=ADVANCED_FACE('',(#338),#1422,.F.);
#1485=ADVANCED_FACE('',(#339),#1423,.F.);
#1486=ADVANCED_FACE('',(#340),#269,.F.);
#1487=ADVANCED_FACE('',(#341),#1424,.F.);
#1488=ADVANCED_FACE('',(#342),#1425,.F.);
#1489=ADVANCED_FACE('',(#343),#1426,.F.);
#1490=ADVANCED_FACE('',(#344),#270,.F.);
#1491=ADVANCED_FACE('',(#345,#20),#48,.T.);
#1492=ADVANCED_FACE('',(#346,#21),#49,.T.);
#1493=ADVANCED_FACE('',(#347),#271,.F.);
#1494=ADVANCED_FACE('',(#348),#272,.F.);
#1495=ADVANCED_FACE('',(#349),#273,.F.);
#1496=ADVANCED_FACE('',(#350),#274,.T.);
#1497=ADVANCED_FACE('',(#351),#275,.T.);
#1498=ADVANCED_FACE('',(#352),#276,.T.);
#1499=ADVANCED_FACE('',(#353,#22,#23),#50,.F.);
#1500=ADVANCED_FACE('',(#354,#24,#25,#26),#51,.F.);
#1501=ADVANCED_FACE('',(#355),#277,.F.);
#1502=ADVANCED_FACE('',(#356),#278,.F.);
#1503=ADVANCED_FACE('',(#357),#279,.F.);
#1504=ADVANCED_FACE('',(#358),#280,.T.);
#1505=CLOSED_SHELL('',(#1427,#1428,#1429,#1430,#1431,#1432,#1433,#1434,
#1435,#1436,#1437,#1438,#1439,#1440,#1441,#1442,#1443,#1444,#1445,#1446,
#1447,#1448,#1449,#1450,#1451,#1452,#1453,#1454,#1455,#1456,#1457,#1458,
#1459,#1460,#1461,#1462,#1463,#1464,#1465,#1466,#1467,#1468,#1469,#1470,
#1471,#1472,#1473,#1474,#1475,#1476,#1477,#1478,#1479,#1480,#1481,#1482,
#1483,#1484,#1485,#1486,#1487,#1488,#1489,#1490,#1491,#1492,#1493,#1494,
#1495,#1496,#1497,#1498,#1499,#1500,#1501,#1502,#1503,#1504));
#1506=DERIVED_UNIT_ELEMENT(#1508,1.);
#1507=DERIVED_UNIT_ELEMENT(#2966,-3.);
#1508=(
CONVERSION_BASED_UNIT('gram',#1510)
MASS_UNIT()
NAMED_UNIT(#2963)
);
#1509=(
MASS_UNIT()
NAMED_UNIT(*)
SI_UNIT(.KILO.,.GRAM.)
);
#1510=MASS_MEASURE_WITH_UNIT(MASS_MEASURE(0.001),#1509);
#1511=DERIVED_UNIT((#1506,#1507));
#1512=MEASURE_REPRESENTATION_ITEM('density measure',
POSITIVE_RATIO_MEASURE(0.952),#1511);
#1513=PROPERTY_DEFINITION_REPRESENTATION(#1518,#1515);
#1514=PROPERTY_DEFINITION_REPRESENTATION(#1519,#1516);
#1515=REPRESENTATION('material name',(#1517),#2960);
#1516=REPRESENTATION('density',(#1512),#2960);
#1517=DESCRIPTIVE_REPRESENTATION_ITEM('Plastic, Opaque Black',
'Plastic, Opaque Black');
#1518=PROPERTY_DEFINITION('material property','material name',#2974);
#1519=PROPERTY_DEFINITION('material property','density of part',#2974);
#1520=DATE_TIME_ROLE('creation_date');
#1521=APPLIED_DATE_AND_TIME_ASSIGNMENT(#1522,#1520,(#2974));
#1522=DATE_AND_TIME(#1523,#1524);
#1523=CALENDAR_DATE(2025,13,10);
#1524=LOCAL_TIME(0,0,0.,#1525);
#1525=COORDINATED_UNIVERSAL_TIME_OFFSET(0,0,.BEHIND.);
#1526=AXIS2_PLACEMENT_3D('',#2154,#1703,#1704);
#1527=AXIS2_PLACEMENT_3D('',#2155,#1705,#1706);
#1528=AXIS2_PLACEMENT_3D('',#2158,#1707,#1708);
#1529=AXIS2_PLACEMENT_3D('',#2160,#1709,#1710);
#1530=AXIS2_PLACEMENT_3D('',#2172,#1711,#1712);
#1531=AXIS2_PLACEMENT_3D('',#2173,#1713,#1714);
#1532=AXIS2_PLACEMENT_3D('',#2176,#1715,#1716);
#1533=AXIS2_PLACEMENT_3D('',#2179,#1719,#1720);
#1534=AXIS2_PLACEMENT_3D('',#2192,#1721,#1722);
#1535=AXIS2_PLACEMENT_3D('',#2193,#1723,#1724);
#1536=AXIS2_PLACEMENT_3D('',#2194,#1725,#1726);
#1537=AXIS2_PLACEMENT_3D('',#2198,#1728,#1729);
#1538=AXIS2_PLACEMENT_3D('',#2202,#1731,#1732);
#1539=AXIS2_PLACEMENT_3D('',#2206,#1734,#1735);
#1540=AXIS2_PLACEMENT_3D('',#2211,#1738,#1739);
#1541=AXIS2_PLACEMENT_3D('',#2213,#1740,#1741);
#1542=AXIS2_PLACEMENT_3D('',#2215,#1742,#1743);
#1543=AXIS2_PLACEMENT_3D('',#2216,#1744,#1745);
#1544=AXIS2_PLACEMENT_3D('',#2218,#1746,#1747);
#1545=AXIS2_PLACEMENT_3D('',#2220,#1748,#1749);
#1546=AXIS2_PLACEMENT_3D('',#2231,#1750,#1751);
#1547=AXIS2_PLACEMENT_3D('',#2233,#1752,#1753);
#1548=AXIS2_PLACEMENT_3D('',#2235,#1755,#1756);
#1549=AXIS2_PLACEMENT_3D('',#2247,#1757,#1758);
#1550=AXIS2_PLACEMENT_3D('',#2248,#1759,#1760);
#1551=AXIS2_PLACEMENT_3D('',#2251,#1761,#1762);
#1552=AXIS2_PLACEMENT_3D('',#2253,#1763,#1764);
#1553=AXIS2_PLACEMENT_3D('',#2255,#1765,#1766);
#1554=AXIS2_PLACEMENT_3D('',#2256,#1767,#1768);
#1555=AXIS2_PLACEMENT_3D('',#2257,#1769,#1770);
#1556=AXIS2_PLACEMENT_3D('',#2309,#1774,#1775);
#1557=AXIS2_PLACEMENT_3D('',#2327,#1777,#1778);
#1558=AXIS2_PLACEMENT_3D('',#2329,#1780,#1781);
#1559=AXIS2_PLACEMENT_3D('',#2332,#1782,#1783);
#1560=AXIS2_PLACEMENT_3D('',#2333,#1784,#1785);
#1561=AXIS2_PLACEMENT_3D('',#2334,#1786,#1787);
#1562=AXIS2_PLACEMENT_3D('',#2378,#1789,#1790);
#1563=AXIS2_PLACEMENT_3D('',#2400,#1795,#1796);
#1564=AXIS2_PLACEMENT_3D('',#2406,#1799,#1800);
#1565=AXIS2_PLACEMENT_3D('',#2408,#1801,#1802);
#1566=AXIS2_PLACEMENT_3D('',#2410,#1804,#1805);
#1567=AXIS2_PLACEMENT_3D('',#2430,#1809,#1810);
#1568=AXIS2_PLACEMENT_3D('',#2433,#1811,#1812);
#1569=AXIS2_PLACEMENT_3D('',#2435,#1813,#1814);
#1570=AXIS2_PLACEMENT_3D('',#2465,#1815,#1816);
#1571=AXIS2_PLACEMENT_3D('',#2466,#1817,#1818);
#1572=AXIS2_PLACEMENT_3D('',#2483,#1821,#1822);
#1573=AXIS2_PLACEMENT_3D('',#2490,#1827,#1828);
#1574=AXIS2_PLACEMENT_3D('',#2494,#1830,#1831);
#1575=AXIS2_PLACEMENT_3D('',#2498,#1833,#1834);
#1576=AXIS2_PLACEMENT_3D('',#2501,#1836,#1837);
#1577=AXIS2_PLACEMENT_3D('',#2502,#1838,#1839);
#1578=AXIS2_PLACEMENT_3D('',#2517,#1841,#1842);
#1579=AXIS2_PLACEMENT_3D('',#2519,#1844,#1845);
#1580=AXIS2_PLACEMENT_3D('',#2549,#1846,#1847);
#1581=AXIS2_PLACEMENT_3D('',#2550,#1848,#1849);
#1582=AXIS2_PLACEMENT_3D('',#2553,#1852,#1853);
#1583=AXIS2_PLACEMENT_3D('',#2570,#1855,#1856);
#1584=AXIS2_PLACEMENT_3D('',#2574,#1858,#1859);
#1585=AXIS2_PLACEMENT_3D('',#2576,#1861,#1862);
#1586=AXIS2_PLACEMENT_3D('',#2590,#1863,#1864);
#1587=AXIS2_PLACEMENT_3D('',#2593,#1866,#1867);
#1588=AXIS2_PLACEMENT_3D('',#2594,#1868,#1869);
#1589=AXIS2_PLACEMENT_3D('',#2595,#1870,#1871);
#1590=AXIS2_PLACEMENT_3D('',#2596,#1872,#1873);
#1591=AXIS2_PLACEMENT_3D('',#2601,#1876,#1877);
#1592=AXIS2_PLACEMENT_3D('',#2605,#1879,#1880);
#1593=AXIS2_PLACEMENT_3D('',#2609,#1882,#1883);
#1594=AXIS2_PLACEMENT_3D('',#2611,#1885,#1886);
#1595=AXIS2_PLACEMENT_3D('',#2615,#1888,#1889);
#1596=AXIS2_PLACEMENT_3D('',#2618,#1892,#1893);
#1597=AXIS2_PLACEMENT_3D('',#2620,#1894,#1895);
#1598=AXIS2_PLACEMENT_3D('',#2623,#1898,#1899);
#1599=AXIS2_PLACEMENT_3D('',#2625,#1900,#1901);
#1600=AXIS2_PLACEMENT_3D('',#2644,#1905,#1906);
#1601=AXIS2_PLACEMENT_3D('',#2646,#1908,#1909);
#1602=AXIS2_PLACEMENT_3D('',#2647,#1910,#1911);
#1603=AXIS2_PLACEMENT_3D('',#2649,#1913,#1914);
#1604=AXIS2_PLACEMENT_3D('',#2659,#1915,#1916);
#1605=AXIS2_PLACEMENT_3D('',#2667,#1918,#1919);
#1606=AXIS2_PLACEMENT_3D('',#2670,#1922,#1923);
#1607=AXIS2_PLACEMENT_3D('',#2671,#1924,#1925);
#1608=AXIS2_PLACEMENT_3D('',#2690,#1927,#1928);
#1609=AXIS2_PLACEMENT_3D('',#2694,#1930,#1931);
#1610=AXIS2_PLACEMENT_3D('',#2696,#1933,#1934);
#1611=AXIS2_PLACEMENT_3D('',#2703,#1939,#1940);
#1612=AXIS2_PLACEMENT_3D('',#2706,#1942,#1943);
#1613=AXIS2_PLACEMENT_3D('',#2707,#1944,#1945);
#1614=AXIS2_PLACEMENT_3D('',#2709,#1946,#1947);
#1615=AXIS2_PLACEMENT_3D('',#2711,#1948,#1949);
#1616=AXIS2_PLACEMENT_3D('',#2729,#1952,#1953);
#1617=AXIS2_PLACEMENT_3D('',#2733,#1955,#1956);
#1618=AXIS2_PLACEMENT_3D('',#2737,#1958,#1959);
#1619=AXIS2_PLACEMENT_3D('',#2739,#1961,#1962);
#1620=AXIS2_PLACEMENT_3D('',#2757,#1966,#1967);
#1621=AXIS2_PLACEMENT_3D('',#2758,#1968,#1969);
#1622=AXIS2_PLACEMENT_3D('',#2760,#1971,#1972);
#1623=AXIS2_PLACEMENT_3D('',#2762,#1973,#1974);
#1624=AXIS2_PLACEMENT_3D('',#2763,#1975,#1976);
#1625=AXIS2_PLACEMENT_3D('',#2764,#1977,#1978);
#1626=AXIS2_PLACEMENT_3D('',#2765,#1979,#1980);
#1627=AXIS2_PLACEMENT_3D('',#2779,#1981,#1982);
#1628=AXIS2_PLACEMENT_3D('',#2781,#1984,#1985);
#1629=AXIS2_PLACEMENT_3D('',#2782,#1986,#1987);
#1630=AXIS2_PLACEMENT_3D('',#2786,#1991,#1992);
#1631=AXIS2_PLACEMENT_3D('',#2787,#1993,#1994);
#1632=AXIS2_PLACEMENT_3D('',#2788,#1995,#1996);
#1633=AXIS2_PLACEMENT_3D('',#2789,#1997,#1998);
#1634=AXIS2_PLACEMENT_3D('',#2791,#2000,#2001);
#1635=AXIS2_PLACEMENT_3D('',#2793,#2003,#2004);
#1636=AXIS2_PLACEMENT_3D('',#2794,#2005,#2006);
#1637=AXIS2_PLACEMENT_3D('',#2795,#2007,#2008);
#1638=AXIS2_PLACEMENT_3D('',#2797,#2009,#2010);
#1639=AXIS2_PLACEMENT_3D('',#2799,#2011,#2012);
#1640=AXIS2_PLACEMENT_3D('',#2800,#2013,#2014);
#1641=AXIS2_PLACEMENT_3D('',#2801,#2015,#2016);
#1642=AXIS2_PLACEMENT_3D('',#2804,#2017,#2018);
#1643=AXIS2_PLACEMENT_3D('',#2807,#2021,#2022);
#1644=AXIS2_PLACEMENT_3D('',#2808,#2023,#2024);
#1645=AXIS2_PLACEMENT_3D('',#2809,#2025,#2026);
#1646=AXIS2_PLACEMENT_3D('',#2810,#2027,#2028);
#1647=AXIS2_PLACEMENT_3D('',#2814,#2030,#2031);
#1648=AXIS2_PLACEMENT_3D('',#2815,#2032,#2033);
#1649=AXIS2_PLACEMENT_3D('',#2816,#2034,#2035);
#1650=AXIS2_PLACEMENT_3D('',#2822,#2039,#2040);
#1651=AXIS2_PLACEMENT_3D('',#2824,#2041,#2042);
#1652=AXIS2_PLACEMENT_3D('',#2825,#2043,#2044);
#1653=AXIS2_PLACEMENT_3D('',#2826,#2045,#2046);
#1654=AXIS2_PLACEMENT_3D('',#2828,#2047,#2048);
#1655=AXIS2_PLACEMENT_3D('',#2830,#2049,#2050);
#1656=AXIS2_PLACEMENT_3D('',#2831,#2051,#2052);
#1657=AXIS2_PLACEMENT_3D('',#2832,#2053,#2054);
#1658=AXIS2_PLACEMENT_3D('',#2842,#2055,#2056);
#1659=AXIS2_PLACEMENT_3D('',#2843,#2057,#2058);
#1660=AXIS2_PLACEMENT_3D('',#2857,#2059,#2060);
#1661=AXIS2_PLACEMENT_3D('',#2858,#2061,#2062);
#1662=AXIS2_PLACEMENT_3D('',#2863,#2063,#2064);
#1663=AXIS2_PLACEMENT_3D('',#2876,#2065,#2066);
#1664=AXIS2_PLACEMENT_3D('',#2877,#2067,#2068);
#1665=AXIS2_PLACEMENT_3D('',#2878,#2069,#2070);
#1666=AXIS2_PLACEMENT_3D('',#2880,#2071,#2072);
#1667=AXIS2_PLACEMENT_3D('',#2881,#2073,#2074);
#1668=AXIS2_PLACEMENT_3D('',#2882,#2075,#2076);
#1669=AXIS2_PLACEMENT_3D('',#2896,#2077,#2078);
#1670=AXIS2_PLACEMENT_3D('',#2897,#2079,#2080);
#1671=AXIS2_PLACEMENT_3D('',#2902,#2081,#2082);
#1672=AXIS2_PLACEMENT_3D('',#2904,#2083,#2084);
#1673=AXIS2_PLACEMENT_3D('',#2906,#2085,#2086);
#1674=AXIS2_PLACEMENT_3D('',#2907,#2087,#2088);
#1675=AXIS2_PLACEMENT_3D('',#2909,#2089,#2090);
#1676=AXIS2_PLACEMENT_3D('',#2910,#2091,#2092);
#1677=AXIS2_PLACEMENT_3D('',#2912,#2093,#2094);
#1678=AXIS2_PLACEMENT_3D('',#2914,#2095,#2096);
#1679=AXIS2_PLACEMENT_3D('',#2915,#2097,#2098);
#1680=AXIS2_PLACEMENT_3D('',#2917,#2099,#2100);
#1681=AXIS2_PLACEMENT_3D('',#2918,#2101,#2102);
#1682=AXIS2_PLACEMENT_3D('',#2921,#2103,#2104);
#1683=AXIS2_PLACEMENT_3D('',#2924,#2107,#2108);
#1684=AXIS2_PLACEMENT_3D('',#2927,#2110,#2111);
#1685=AXIS2_PLACEMENT_3D('',#2928,#2112,#2113);
#1686=AXIS2_PLACEMENT_3D('',#2931,#2115,#2116);
#1687=AXIS2_PLACEMENT_3D('',#2932,#2117,#2118);
#1688=AXIS2_PLACEMENT_3D('',#2934,#2119,#2120);
#1689=AXIS2_PLACEMENT_3D('',#2936,#2122,#2123);
#1690=AXIS2_PLACEMENT_3D('',#2938,#2124,#2125);
#1691=AXIS2_PLACEMENT_3D('',#2940,#2127,#2128);
#1692=AXIS2_PLACEMENT_3D('',#2941,#2129,#2130);
#1693=AXIS2_PLACEMENT_3D('',#2942,#2131,#2132);
#1694=AXIS2_PLACEMENT_3D('',#2943,#2133,#2134);
#1695=AXIS2_PLACEMENT_3D('',#2944,#2135,#2136);
#1696=AXIS2_PLACEMENT_3D('',#2946,#2137,#2138);
#1697=AXIS2_PLACEMENT_3D('',#2948,#2139,#2140);
#1698=AXIS2_PLACEMENT_3D('',#2950,#2141,#2142);
#1699=AXIS2_PLACEMENT_3D('',#2951,#2143,#2144);
#1700=AXIS2_PLACEMENT_3D('',#2953,#2146,#2147);
#1701=AXIS2_PLACEMENT_3D('',#2955,#2149,#2150);
#1702=AXIS2_PLACEMENT_3D('',#2957,#2152,#2153);
#1703=DIRECTION('axis',(0.,0.,1.));
#1704=DIRECTION('refdir',(1.,0.,0.));
#1705=DIRECTION('center_axis',(0.,0.,-1.));
#1706=DIRECTION('ref_axis',(-1.,0.,0.));
#1707=DIRECTION('center_axis',(0.,-1.,0.));
#1708=DIRECTION('ref_axis',(0.,0.,-1.));
#1709=DIRECTION('center_axis',(0.,0.,-1.));
#1710=DIRECTION('ref_axis',(-0.945864228471484,0.324562569157389,0.));
#1711=DIRECTION('center_axis',(0.,0.,1.));
#1712=DIRECTION('ref_axis',(-0.945864228471484,0.324562569157389,0.));
#1713=DIRECTION('center_axis',(0.,1.,0.));
#1714=DIRECTION('ref_axis',(0.707106781186548,0.,-0.707106781186548));
#1715=DIRECTION('center_axis',(0.,-1.,0.));
#1716=DIRECTION('ref_axis',(0.,0.,-1.));
#1717=DIRECTION('',(0.,1.,0.));
#1718=DIRECTION('',(0.,-1.,0.));
#1719=DIRECTION('center_axis',(0.,0.,1.));
#1720=DIRECTION('ref_axis',(1.,0.,0.));
#1721=DIRECTION('center_axis',(0.,0.,-1.));
#1722=DIRECTION('ref_axis',(-0.95139362509258,-0.307977548099206,0.));
#1723=DIRECTION('center_axis',(0.,0.,1.));
#1724=DIRECTION('ref_axis',(-0.95139362509258,-0.307977548099206,0.));
#1725=DIRECTION('center_axis',(0.,0.,1.));
#1726=DIRECTION('ref_axis',(1.,0.,0.));
#1727=DIRECTION('',(-1.,-3.49676543189026E-16,0.));
#1728=DIRECTION('center_axis',(0.,0.,1.));
#1729=DIRECTION('ref_axis',(0.00116535397993052,-0.99999932097482,0.));
#1730=DIRECTION('',(-0.99999932097482,-0.00116535397993058,0.));
#1731=DIRECTION('center_axis',(0.,0.,1.));
#1732=DIRECTION('ref_axis',(0.947429365859161,0.319964992940959,0.));
#1733=DIRECTION('',(0.,1.,0.));
#1734=DIRECTION('center_axis',(0.,0.,1.));
#1735=DIRECTION('ref_axis',(0.949916961173677,-0.312502426989884,0.));
#1736=DIRECTION('',(0.99999932097482,0.00116535397993046,0.));
#1737=DIRECTION('',(1.,1.74838271594513E-16,0.));
#1738=DIRECTION('center_axis',(0.,0.,-1.));
#1739=DIRECTION('ref_axis',(-1.,0.,0.));
#1740=DIRECTION('center_axis',(0.,0.,-1.));
#1741=DIRECTION('ref_axis',(-1.,0.,0.));
#1742=DIRECTION('center_axis',(0.,0.,-1.));
#1743=DIRECTION('ref_axis',(-1.,0.,0.));
#1744=DIRECTION('center_axis',(0.,0.,-1.));
#1745=DIRECTION('ref_axis',(-1.,0.,0.));
#1746=DIRECTION('center_axis',(0.,1.,0.));
#1747=DIRECTION('ref_axis',(0.,0.,-1.));
#1748=DIRECTION('center_axis',(0.,0.,-1.));
#1749=DIRECTION('ref_axis',(0.949916961173677,-0.312502426989884,0.));
#1750=DIRECTION('center_axis',(0.,-1.,0.));
#1751=DIRECTION('ref_axis',(-0.707106781186548,0.,-0.707106781186548));
#1752=DIRECTION('center_axis',(0.,1.,0.));
#1753=DIRECTION('ref_axis',(0.,0.,-1.));
#1754=DIRECTION('',(0.,-1.,0.));
#1755=DIRECTION('center_axis',(0.,0.,1.));
#1756=DIRECTION('ref_axis',(1.,0.,0.));
#1757=DIRECTION('center_axis',(0.,0.,-1.));
#1758=DIRECTION('ref_axis',(0.947429365859161,0.319964992940959,0.));
#1759=DIRECTION('center_axis',(0.,0.,1.));
#1760=DIRECTION('ref_axis',(1.,0.,0.));
#1761=DIRECTION('center_axis',(-0.458122647799189,0.88888899170451,7.77059074745029E-16));
#1762=DIRECTION('ref_axis',(0.,-8.74191357972564E-16,1.));
#1763=DIRECTION('center_axis',(0.,0.,1.));
#1764=DIRECTION('ref_axis',(-0.706694646229922,-0.707518676071498,0.));
#1765=DIRECTION('center_axis',(0.99999932097482,0.00116535397992918,0.));
#1766=DIRECTION('ref_axis',(-0.00116535397992918,0.99999932097482,0.));
#1767=DIRECTION('center_axis',(0.,0.,-1.));
#1768=DIRECTION('ref_axis',(-0.706694646229922,-0.707518676071498,0.));
#1769=DIRECTION('center_axis',(0.99999932097482,0.00116535397993046,0.));
#1770=DIRECTION('ref_axis',(-0.00082402970168571,0.707106301043238,0.707106781186548));
#1771=DIRECTION('',(-0.99999932097482,-0.00116535397993046,0.));
#1772=DIRECTION('',(0.99999932097482,0.00116535397993046,0.));
#1773=DIRECTION('',(0.,-1.,0.));
#1774=DIRECTION('center_axis',(-0.99999932097482,-0.00116535397993058,0.));
#1775=DIRECTION('ref_axis',(0.000824029701690655,-0.707106301043238,0.707106781186548));
#1776=DIRECTION('',(-0.99999932097482,-0.00116535397993058,0.));
#1777=DIRECTION('center_axis',(-0.99999932097482,-0.00116535397993617,0.));
#1778=DIRECTION('ref_axis',(0.00116535397993617,-0.99999932097482,0.));
#1779=DIRECTION('',(0.99999932097482,0.00116535397993058,0.));
#1780=DIRECTION('center_axis',(0.,0.,1.));
#1781=DIRECTION('ref_axis',(1.,0.,0.));
#1782=DIRECTION('center_axis',(-0.458122647799195,-0.888888991704507,0.));
#1783=DIRECTION('ref_axis',(0.888888991704507,-0.458122647799195,0.));
#1784=DIRECTION('center_axis',(0.,0.,-1.));
#1785=DIRECTION('ref_axis',(-0.707518676071498,0.706694646229922,0.));
#1786=DIRECTION('center_axis',(0.,0.,1.));
#1787=DIRECTION('ref_axis',(-0.707518676071498,0.706694646229922,0.));
#1788=DIRECTION('',(0.,-1.,0.));
#1789=DIRECTION('center_axis',(0.00116535397993046,-0.99999932097482,0.));
#1790=DIRECTION('ref_axis',(0.99999932097482,0.00116535397993046,0.));
#1791=DIRECTION('',(0.,0.,-1.));
#1792=DIRECTION('',(0.,0.,1.));
#1793=DIRECTION('',(0.99999932097482,0.00116535397993046,0.));
#1794=DIRECTION('',(0.,0.,1.));
#1795=DIRECTION('center_axis',(0.,0.,1.));
#1796=DIRECTION('ref_axis',(-0.00116535397993093,0.99999932097482,0.));
#1797=DIRECTION('',(0.,0.,-1.));
#1798=DIRECTION('',(0.,0.,-1.));
#1799=DIRECTION('center_axis',(-1.54648463836712E-16,-5.26794684196952E-17,
-1.));
#1800=DIRECTION('ref_axis',(-0.70769531570678,0.706517756412874,1.0927391974657E-16));
#1801=DIRECTION('center_axis',(-1.54648463836712E-16,-5.26794684196952E-17,
-1.));
#1802=DIRECTION('ref_axis',(-0.706517756412874,-0.70769531570678,1.09273919746571E-16));
#1803=DIRECTION('',(0.,0.,-1.));
#1804=DIRECTION('center_axis',(-0.00116535397993058,0.99999932097482,0.));
#1805=DIRECTION('ref_axis',(-0.99999932097482,-0.00116535397993058,0.));
#1806=DIRECTION('',(0.,0.,1.));
#1807=DIRECTION('',(0.,0.,1.));
#1808=DIRECTION('',(-0.99999932097482,-0.00116535397993058,0.));
#1809=DIRECTION('center_axis',(0.,0.,1.));
#1810=DIRECTION('ref_axis',(1.,0.,0.));
#1811=DIRECTION('center_axis',(-1.,0.,0.));
#1812=DIRECTION('ref_axis',(0.,-1.,0.));
#1813=DIRECTION('center_axis',(0.,0.,-1.));
#1814=DIRECTION('ref_axis',(0.706013206875606,0.708198666842308,0.));
#1815=DIRECTION('center_axis',(0.,0.,1.));
#1816=DIRECTION('ref_axis',(0.706013206875606,0.708198666842308,0.));
#1817=DIRECTION('center_axis',(-1.,-3.49676543189026E-16,0.));
#1818=DIRECTION('ref_axis',(0.,-0.707106781186547,0.707106781186548));
#1819=DIRECTION('',(1.,3.49676543189026E-16,0.));
#1820=DIRECTION('',(-1.,-3.49676543189026E-16,0.));
#1821=DIRECTION('center_axis',(-3.49676543189026E-16,1.,0.));
#1822=DIRECTION('ref_axis',(-1.,-3.49676543189026E-16,0.));
#1823=DIRECTION('',(0.,0.,-1.));
#1824=DIRECTION('',(0.,0.,1.));
#1825=DIRECTION('',(-1.,-3.49676543189026E-16,0.));
#1826=DIRECTION('',(0.,0.,1.));
#1827=DIRECTION('center_axis',(0.,0.,1.));
#1828=DIRECTION('ref_axis',(0.,-1.,0.));
#1829=DIRECTION('',(0.,0.,1.));
#1830=DIRECTION('center_axis',(0.,0.,1.));
#1831=DIRECTION('ref_axis',(-8.74191357972564E-16,-1.,0.));
#1832=DIRECTION('',(0.,0.,1.));
#1833=DIRECTION('center_axis',(0.,0.,1.));
#1834=DIRECTION('ref_axis',(0.706013206875606,-0.708198666842308,0.));
#1835=DIRECTION('',(0.,0.,1.));
#1836=DIRECTION('center_axis',(0.,0.,1.));
#1837=DIRECTION('ref_axis',(0.,-1.,0.));
#1838=DIRECTION('center_axis',(1.,1.74838271594513E-16,0.));
#1839=DIRECTION('ref_axis',(0.,0.707106781186548,0.707106781186547));
#1840=DIRECTION('',(1.,1.74838271594513E-16,0.));
#1841=DIRECTION('center_axis',(1.,0.,0.));
#1842=DIRECTION('ref_axis',(0.,1.,0.));
#1843=DIRECTION('',(-1.,-1.74838271594513E-16,0.));
#1844=DIRECTION('center_axis',(0.,0.,1.));
#1845=DIRECTION('ref_axis',(1.,0.,0.));
#1846=DIRECTION('center_axis',(0.,0.,-1.));
#1847=DIRECTION('ref_axis',(0.706013206875606,-0.708198666842308,0.));
#1848=DIRECTION('center_axis',(1.74838271594513E-16,-1.,0.));
#1849=DIRECTION('ref_axis',(1.,1.74838271594513E-16,0.));
#1850=DIRECTION('',(0.,0.,1.));
#1851=DIRECTION('',(1.,1.74838271594513E-16,0.));
#1852=DIRECTION('center_axis',(0.,0.,1.));
#1853=DIRECTION('ref_axis',(0.707106781186546,-0.707106781186549,0.));
#1854=DIRECTION('',(0.,0.,-1.));
#1855=DIRECTION('center_axis',(0.,0.,1.));
#1856=DIRECTION('ref_axis',(0.707106781186546,-0.707106781186549,0.));
#1857=DIRECTION('',(0.,0.,1.));
#1858=DIRECTION('center_axis',(0.,0.,-1.));
#1859=DIRECTION('ref_axis',(0.707106781186546,-0.707106781186549,0.));
#1860=DIRECTION('',(0.,0.,-1.));
#1861=DIRECTION('center_axis',(2.59019568796674E-16,-1.,0.));
#1862=DIRECTION('ref_axis',(1.,2.59019568796674E-16,0.));
#1863=DIRECTION('center_axis',(2.91397111834144E-16,-1.,0.));
#1864=DIRECTION('ref_axis',(1.,2.59019568796674E-16,0.));
#1865=DIRECTION('',(2.59019568796674E-16,-1.,0.));
#1866=DIRECTION('center_axis',(2.91397111834144E-16,1.,0.));
#1867=DIRECTION('ref_axis',(1.,2.59019568796674E-16,0.));
#1868=DIRECTION('center_axis',(2.91397111834144E-16,1.,0.));
#1869=DIRECTION('ref_axis',(1.,2.59019568796674E-16,0.));
#1870=DIRECTION('center_axis',(2.91397111834144E-16,-1.,0.));
#1871=DIRECTION('ref_axis',(1.,2.59019568796674E-16,0.));
#1872=DIRECTION('center_axis',(0.,0.,1.));
#1873=DIRECTION('ref_axis',(1.,0.,0.));
#1874=DIRECTION('',(0.,1.,0.));
#1875=DIRECTION('',(0.,1.,0.));
#1876=DIRECTION('center_axis',(0.,0.,-1.));
#1877=DIRECTION('ref_axis',(0.707106781186546,0.707106781186549,0.));
#1878=DIRECTION('',(-1.,-2.91397111834144E-16,0.));
#1879=DIRECTION('center_axis',(0.,0.,-1.));
#1880=DIRECTION('ref_axis',(-0.707106781186547,0.707106781186548,0.));
#1881=DIRECTION('',(0.,-1.,0.));
#1882=DIRECTION('center_axis',(0.,0.,-1.));
#1883=DIRECTION('ref_axis',(-0.707106781186547,-0.707106781186548,0.));
#1884=DIRECTION('',(1.,-2.91397111834144E-16,0.));
#1885=DIRECTION('center_axis',(0.,0.,1.));
#1886=DIRECTION('ref_axis',(0.707106781186546,0.707106781186549,0.));
#1887=DIRECTION('',(0.,0.,-1.));
#1888=DIRECTION('center_axis',(0.,0.,1.));
#1889=DIRECTION('ref_axis',(0.707106781186546,0.707106781186549,0.));
#1890=DIRECTION('',(0.,0.,1.));
#1891=DIRECTION('',(0.,0.,1.));
#1892=DIRECTION('center_axis',(0.,0.,1.));
#1893=DIRECTION('ref_axis',(1.,0.,0.));
#1894=DIRECTION('center_axis',(0.,0.,1.));
#1895=DIRECTION('ref_axis',(-0.707106781186547,0.707106781186548,0.));
#1896=DIRECTION('',(-1.,-2.91397111834144E-16,0.));
#1897=DIRECTION('',(0.,1.,0.));
#1898=DIRECTION('center_axis',(0.,0.,1.));
#1899=DIRECTION('ref_axis',(-0.707106781186547,-0.707106781186548,0.));
#1900=DIRECTION('center_axis',(0.,0.,1.));
#1901=DIRECTION('ref_axis',(-0.707106781186547,-0.707106781186548,0.));
#1902=DIRECTION('',(0.,0.,1.));
#1903=DIRECTION('',(0.,0.,1.));
#1904=DIRECTION('',(0.,0.,-1.));
#1905=DIRECTION('center_axis',(-1.,0.,0.));
#1906=DIRECTION('ref_axis',(0.,-1.,0.));
#1907=DIRECTION('',(0.,0.,1.));
#1908=DIRECTION('center_axis',(-2.91397111834144E-16,-1.,0.));
#1909=DIRECTION('ref_axis',(1.,-2.91397111834144E-16,0.));
#1910=DIRECTION('center_axis',(2.91397111834144E-16,1.,0.));
#1911=DIRECTION('ref_axis',(1.,1.29509784398337E-16,0.));
#1912=DIRECTION('',(1.,-2.91397111834144E-16,0.));
#1913=DIRECTION('center_axis',(1.29509784398337E-16,-1.,0.));
#1914=DIRECTION('ref_axis',(1.,1.29509784398337E-16,0.));
#1915=DIRECTION('center_axis',(2.91397111834144E-16,-1.,0.));
#1916=DIRECTION('ref_axis',(1.,1.29509784398337E-16,0.));
#1917=DIRECTION('',(1.29509784398337E-16,-1.,0.));
#1918=DIRECTION('center_axis',(0.,0.,1.));
#1919=DIRECTION('ref_axis',(-0.707106781186547,0.707106781186548,0.));
#1920=DIRECTION('',(0.,0.,-1.));
#1921=DIRECTION('',(0.,0.,-1.));
#1922=DIRECTION('center_axis',(-2.91397111834144E-16,1.,0.));
#1923=DIRECTION('ref_axis',(-1.,-2.91397111834144E-16,0.));
#1924=DIRECTION('center_axis',(0.,0.,1.));
#1925=DIRECTION('ref_axis',(-0.707106781186546,0.707106781186549,0.));
#1926=DIRECTION('',(0.,0.,-1.));
#1927=DIRECTION('center_axis',(0.,0.,1.));
#1928=DIRECTION('ref_axis',(-0.707106781186546,0.707106781186549,0.));
#1929=DIRECTION('',(0.,0.,1.));
#1930=DIRECTION('center_axis',(0.,0.,-1.));
#1931=DIRECTION('ref_axis',(-0.707106781186546,0.707106781186549,0.));
#1932=DIRECTION('',(0.,0.,-1.));
#1933=DIRECTION('center_axis',(-1.,0.,0.));
#1934=DIRECTION('ref_axis',(0.,-1.,0.));
#1935=DIRECTION('',(0.,-1.,0.));
#1936=DIRECTION('',(0.,-1.,0.));
#1937=DIRECTION('',(0.,0.,-1.));
#1938=DIRECTION('',(0.,-1.,0.));
#1939=DIRECTION('center_axis',(0.,0.,1.));
#1940=DIRECTION('ref_axis',(1.,0.,0.));
#1941=DIRECTION('',(-1.,2.91397111834144E-16,0.));
#1942=DIRECTION('center_axis',(0.,0.,1.));
#1943=DIRECTION('ref_axis',(0.707106781186547,0.707106781186548,0.));
#1944=DIRECTION('center_axis',(0.,0.,1.));
#1945=DIRECTION('ref_axis',(-0.707106781186546,-0.707106781186549,0.));
#1946=DIRECTION('center_axis',(0.,0.,-1.));
#1947=DIRECTION('ref_axis',(-0.707106781186546,-0.707106781186549,0.));
#1948=DIRECTION('center_axis',(0.,0.,1.));
#1949=DIRECTION('ref_axis',(-0.707106781186546,-0.707106781186549,0.));
#1950=DIRECTION('',(0.,0.,1.));
#1951=DIRECTION('',(0.,0.,1.));
#1952=DIRECTION('center_axis',(0.,0.,1.));
#1953=DIRECTION('ref_axis',(1.,0.,0.));
#1954=DIRECTION('',(1.,2.91397111834144E-16,0.));
#1955=DIRECTION('center_axis',(0.,0.,-1.));
#1956=DIRECTION('ref_axis',(0.707106781186547,-0.707106781186548,0.));
#1957=DIRECTION('',(0.,1.,0.));
#1958=DIRECTION('center_axis',(0.,0.,-1.));
#1959=DIRECTION('ref_axis',(0.707106781186547,0.707106781186548,0.));
#1960=DIRECTION('',(-1.,2.91397111834144E-16,0.));
#1961=DIRECTION('center_axis',(0.,0.,1.));
#1962=DIRECTION('ref_axis',(0.707106781186547,-0.707106781186548,0.));
#1963=DIRECTION('',(0.,0.,1.));
#1964=DIRECTION('',(0.,0.,-1.));
#1965=DIRECTION('',(0.,0.,-1.));
#1966=DIRECTION('center_axis',(0.,0.,1.));
#1967=DIRECTION('ref_axis',(0.707106781186547,-0.707106781186548,0.));
#1968=DIRECTION('center_axis',(0.,0.,1.));
#1969=DIRECTION('ref_axis',(1.,0.,0.));
#1970=DIRECTION('',(1.,2.91397111834144E-16,0.));
#1971=DIRECTION('center_axis',(2.91397111834144E-16,-1.,0.));
#1972=DIRECTION('ref_axis',(1.,2.91397111834144E-16,0.));
#1973=DIRECTION('center_axis',(-2.91397111834144E-16,1.,0.));
#1974=DIRECTION('ref_axis',(1.,1.29509784398337E-16,0.));
#1975=DIRECTION('center_axis',(-2.91397111834144E-16,1.,0.));
#1976=DIRECTION('ref_axis',(1.,1.29509784398337E-16,0.));
#1977=DIRECTION('center_axis',(-2.91397111834144E-16,1.,0.));
#1978=DIRECTION('ref_axis',(1.,1.29509784398337E-16,0.));
#1979=DIRECTION('center_axis',(1.29509784398337E-16,-1.,0.));
#1980=DIRECTION('ref_axis',(1.,1.29509784398337E-16,0.));
#1981=DIRECTION('center_axis',(-2.91397111834144E-16,-1.,0.));
#1982=DIRECTION('ref_axis',(1.,1.29509784398337E-16,0.));
#1983=DIRECTION('',(1.29509784398337E-16,-1.,0.));
#1984=DIRECTION('center_axis',(-2.91397111834144E-16,-1.,0.));
#1985=DIRECTION('ref_axis',(1.,1.29509784398337E-16,0.));
#1986=DIRECTION('center_axis',(0.,0.,1.));
#1987=DIRECTION('ref_axis',(0.707106781186547,0.707106781186548,0.));
#1988=DIRECTION('',(0.,0.,1.));
#1989=DIRECTION('',(0.,0.,1.));
#1990=DIRECTION('',(0.,0.,-1.));
#1991=DIRECTION('center_axis',(1.,0.,0.));
#1992=DIRECTION('ref_axis',(0.,1.,0.));
#1993=DIRECTION('center_axis',(2.91397111834144E-16,1.,0.));
#1994=DIRECTION('ref_axis',(-1.,2.91397111834144E-16,0.));
#1995=DIRECTION('center_axis',(-2.91397111834144E-16,-1.,0.));
#1996=DIRECTION('ref_axis',(1.,1.29509784398337E-16,0.));
#1997=DIRECTION('center_axis',(1.29509784398337E-16,-1.,0.));
#1998=DIRECTION('ref_axis',(1.,1.29509784398337E-16,0.));
#1999=DIRECTION('',(1.29509784398337E-16,-1.,0.));
#2000=DIRECTION('center_axis',(0.,0.,1.));
#2001=DIRECTION('ref_axis',(1.,0.,0.));
#2002=DIRECTION('',(0.,1.,0.));
#2003=DIRECTION('center_axis',(1.,0.,0.));
#2004=DIRECTION('ref_axis',(0.,1.,0.));
#2005=DIRECTION('center_axis',(1.,0.,0.));
#2006=DIRECTION('ref_axis',(0.,1.,0.));
#2007=DIRECTION('center_axis',(0.,0.,1.));
#2008=DIRECTION('ref_axis',(1.,0.,0.));
#2009=DIRECTION('center_axis',(0.,0.,1.));
#2010=DIRECTION('ref_axis',(0.707518676071499,-0.706694646229921,0.));
#2011=DIRECTION('center_axis',(1.74838271594513E-16,1.,0.));
#2012=DIRECTION('ref_axis',(-1.,1.74838271594513E-16,0.));
#2013=DIRECTION('center_axis',(0.,0.,-1.));
#2014=DIRECTION('ref_axis',(0.707518676071499,-0.706694646229921,0.));
#2015=DIRECTION('center_axis',(0.,1.,0.));
#2016=DIRECTION('ref_axis',(-0.707106781186547,0.,0.707106781186548));
#2017=DIRECTION('center_axis',(4.37095678986282E-17,1.,0.));
#2018=DIRECTION('ref_axis',(-1.,4.37095678986282E-17,0.));
#2019=DIRECTION('',(0.,-1.,0.));
#2020=DIRECTION('',(0.,1.,0.));
#2021=DIRECTION('center_axis',(0.,0.,1.));
#2022=DIRECTION('ref_axis',(1.,0.,0.));
#2023=DIRECTION('center_axis',(0.,0.,-1.));
#2024=DIRECTION('ref_axis',(0.706694646229923,0.707518676071497,0.));
#2025=DIRECTION('center_axis',(0.,0.,1.));
#2026=DIRECTION('ref_axis',(0.706694646229923,0.707518676071498,0.));
#2027=DIRECTION('center_axis',(0.,0.,-1.));
#2028=DIRECTION('ref_axis',(-0.00116535397993048,0.99999932097482,0.));
#2029=DIRECTION('',(0.,0.,-1.));
#2030=DIRECTION('center_axis',(-1.54648463836712E-16,-5.26794684196952E-17,
-1.));
#2031=DIRECTION('ref_axis',(1.,-4.337409684495E-17,-2.18293745933858E-16));
#2032=DIRECTION('center_axis',(-1.54648463836712E-16,-5.26794684196952E-17,
-1.));
#2033=DIRECTION('ref_axis',(0.706694646229923,0.707518676071497,-2.18293745933858E-16));
#2034=DIRECTION('center_axis',(1.,0.,0.));
#2035=DIRECTION('ref_axis',(0.,-1.,0.));
#2036=DIRECTION('',(0.,0.,-1.));
#2037=DIRECTION('',(0.,-1.,5.26794684196952E-17));
#2038=DIRECTION('',(0.,-1.,5.26794684196952E-17));
#2039=DIRECTION('center_axis',(0.,0.,-1.));
#2040=DIRECTION('ref_axis',(1.,-2.18803119888718E-16,0.));
#2041=DIRECTION('center_axis',(-1.54648463836712E-16,-5.26794684196952E-17,
-1.));
#2042=DIRECTION('ref_axis',(0.707518676071499,-0.706694646229921,0.));
#2043=DIRECTION('center_axis',(-1.54648463836712E-16,-5.26794684196952E-17,
-1.));
#2044=DIRECTION('ref_axis',(1.,-1.52876867362951E-16,-2.18803119888718E-16));
#2045=DIRECTION('center_axis',(1.54648463836712E-16,5.26794684196952E-17,
1.));
#2046=DIRECTION('ref_axis',(1.,0.,0.));
#2047=DIRECTION('center_axis',(0.851944296476581,-0.523632424226216,-1.74360562247614E-16));
#2048=DIRECTION('ref_axis',(-0.523632424226216,-0.851944296476581,0.));
#2049=DIRECTION('center_axis',(1.54648463836712E-16,5.26794684196952E-17,
1.));
#2050=DIRECTION('ref_axis',(0.706694646229923,0.707518676071498,-1.46560949193539E-16));
#2051=DIRECTION('center_axis',(-0.99999932097482,-0.00116535397993058,4.07496951293698E-19));
#2052=DIRECTION('ref_axis',(0.,-3.49676543189026E-16,-1.));
#2053=DIRECTION('center_axis',(1.54648463836712E-16,5.26794684196952E-17,
1.));
#2054=DIRECTION('ref_axis',(-0.707695315706779,0.706517756412874,0.));
#2055=DIRECTION('center_axis',(1.54648463836712E-16,5.26794684196952E-17,
1.));
#2056=DIRECTION('ref_axis',(-0.70769531570678,0.706517756412874,7.22250136015846E-17));
#2057=DIRECTION('center_axis',(1.54648463836712E-16,5.26794684196952E-17,
1.));
#2058=DIRECTION('ref_axis',(1.,0.,0.));
#2059=DIRECTION('center_axis',(-8.74191357972565E-17,-1.,8.74191357972565E-17));
#2060=DIRECTION('ref_axis',(-1.,8.74191357972565E-17,0.));
#2061=DIRECTION('center_axis',(0.,1.,-5.26794684196952E-17));
#2062=DIRECTION('ref_axis',(-0.707106781186548,-6.18146637277077E-17,-0.707106781186548));
#2063=DIRECTION('center_axis',(1.54648463836712E-16,5.26794684196952E-17,
1.));
#2064=DIRECTION('ref_axis',(1.,0.,0.));
#2065=DIRECTION('center_axis',(1.54648463836712E-16,5.26794684196952E-17,
1.));
#2066=DIRECTION('ref_axis',(-0.706517756412874,-0.70769531570678,1.46542898737153E-16));
#2067=DIRECTION('center_axis',(0.99999932097482,0.00116535397992918,0.));
#2068=DIRECTION('ref_axis',(0.,0.,-1.));
#2069=DIRECTION('center_axis',(1.54648463836712E-16,5.26794684196952E-17,
1.));
#2070=DIRECTION('ref_axis',(1.,0.,0.));
#2071=DIRECTION('center_axis',(0.851437257753284,0.524456476849669,-2.78461041033494E-16));
#2072=DIRECTION('ref_axis',(4.1961185182683E-15,-7.34320740696953E-15,-1.));
#2073=DIRECTION('center_axis',(1.54648463836712E-16,5.26794684196952E-17,
1.));
#2074=DIRECTION('ref_axis',(0.707518676071499,-0.706694646229921,-7.21883780918048E-17));
#2075=DIRECTION('center_axis',(1.54648463836712E-16,5.26794684196952E-17,
1.));
#2076=DIRECTION('ref_axis',(1.,0.,0.));
#2077=DIRECTION('center_axis',(3.49676543189026E-16,1.,0.));
#2078=DIRECTION('ref_axis',(0.,0.,-1.));
#2079=DIRECTION('center_axis',(0.,1.,-5.26794684196952E-17));
#2080=DIRECTION('ref_axis',(-0.707106781186548,-6.18146637277077E-17,-0.707106781186548));
#2081=DIRECTION('center_axis',(1.54648463836712E-16,5.26794684196952E-17,
1.));
#2082=DIRECTION('ref_axis',(1.,0.,-1.54648463836712E-16));
#2083=DIRECTION('center_axis',(1.54648463836712E-16,5.26794684196952E-17,
1.));
#2084=DIRECTION('ref_axis',(-0.980427702742362,0.196879454731401,1.41250133114053E-16));
#2085=DIRECTION('center_axis',(1.54648463836712E-16,5.26794684196952E-17,
1.));
#2086=DIRECTION('ref_axis',(-0.980230333123124,-0.197859783749326,1.6201426345319E-16));
#2087=DIRECTION('center_axis',(-1.54648463836712E-16,-5.26794684196952E-17,
-1.));
#2088=DIRECTION('ref_axis',(0.980427702742363,-0.196879454731401,-1.41250133114053E-16));
#2089=DIRECTION('center_axis',(-1.54648463836712E-16,-5.26794684196952E-17,
-1.));
#2090=DIRECTION('ref_axis',(-0.999999500000125,-0.000999999749996521,1.54701065967749E-16));
#2091=DIRECTION('center_axis',(1.54648463836712E-16,5.26794684196952E-17,
1.));
#2092=DIRECTION('ref_axis',(1.,0.,-1.54648463836712E-16));
#2093=DIRECTION('center_axis',(-1.54648463836712E-16,-5.26794684196952E-17,
-1.));
#2094=DIRECTION('ref_axis',(0.980427702742363,-0.196879454731401,-1.41250133114053E-16));
#2095=DIRECTION('center_axis',(1.54648463836712E-16,5.26794684196952E-17,
1.));
#2096=DIRECTION('ref_axis',(0.980427702742362,-0.196879454731401,-1.41250133114053E-16));
#2097=DIRECTION('center_axis',(1.54648463836712E-16,5.26794684196952E-17,
1.));
#2098=DIRECTION('ref_axis',(-0.980427702742362,0.196879454731401,1.41250133114053E-16));
#2099=DIRECTION('center_axis',(-1.54648463836712E-16,-5.26794684196952E-17,
-1.));
#2100=DIRECTION('ref_axis',(-0.999999500000125,-0.000999999749996521,1.54701065967749E-16));
#2101=DIRECTION('center_axis',(0.,0.,1.));
#2102=DIRECTION('ref_axis',(0.980427702742363,-0.196879454731401,0.));
#2103=DIRECTION('center_axis',(-1.54648463836712E-16,-5.26794684196952E-17,
-1.));
#2104=DIRECTION('ref_axis',(0.980427702742363,-0.196879454731401,-1.41250133114053E-16));
#2105=DIRECTION('',(0.,0.,1.));
#2106=DIRECTION('',(0.,0.,1.));
#2107=DIRECTION('center_axis',(0.,0.,1.));
#2108=DIRECTION('ref_axis',(-0.999999500000125,-0.000999999749996521,0.));
#2109=DIRECTION('',(0.,0.,-1.));
#2110=DIRECTION('center_axis',(-1.54648463836712E-16,-5.26794684196952E-17,
-1.));
#2111=DIRECTION('ref_axis',(-0.999999500000125,-0.000999999749996521,1.54701065967749E-16));
#2112=DIRECTION('center_axis',(0.,0.,1.));
#2113=DIRECTION('ref_axis',(-0.999999500000125,-0.000999999749996521,0.));
#2114=DIRECTION('',(0.,0.,-1.));
#2115=DIRECTION('center_axis',(-1.54648463836712E-16,-5.26794684196952E-17,
-1.));
#2116=DIRECTION('ref_axis',(-0.999999500000125,-0.000999999749996521,1.54701065967749E-16));
#2117=DIRECTION('center_axis',(0.,0.,1.));
#2118=DIRECTION('ref_axis',(0.980427702742362,-0.196879454731401,0.));
#2119=DIRECTION('center_axis',(1.54648463836712E-16,5.26794684196952E-17,
1.));
#2120=DIRECTION('ref_axis',(0.980427702742362,-0.196879454731401,-1.41250133114053E-16));
#2121=DIRECTION('',(0.,0.,1.));
#2122=DIRECTION('center_axis',(0.,0.,1.));
#2123=DIRECTION('ref_axis',(-0.980230333123124,-0.197859783749326,0.));
#2124=DIRECTION('center_axis',(1.54648463836712E-16,5.26794684196952E-17,
1.));
#2125=DIRECTION('ref_axis',(-0.980230333123124,-0.197859783749326,1.6201426345319E-16));
#2126=DIRECTION('',(0.,0.,1.));
#2127=DIRECTION('center_axis',(0.,0.,1.));
#2128=DIRECTION('ref_axis',(-0.980427702742362,0.196879454731401,0.));
#2129=DIRECTION('center_axis',(1.54648463836712E-16,5.26794684196952E-17,
1.));
#2130=DIRECTION('ref_axis',(-0.980427702742362,0.196879454731401,1.41250133114053E-16));
#2131=DIRECTION('center_axis',(1.54648463836712E-16,5.26794684196952E-17,
1.));
#2132=DIRECTION('ref_axis',(1.,0.,-1.54648463836712E-16));
#2133=DIRECTION('center_axis',(0.,0.,1.));
#2134=DIRECTION('ref_axis',(1.,0.,0.));
#2135=DIRECTION('center_axis',(0.,0.,1.));
#2136=DIRECTION('ref_axis',(0.00116535397993052,-0.99999932097482,0.));
#2137=DIRECTION('center_axis',(0.,0.,-1.));
#2138=DIRECTION('ref_axis',(-1.,0.,0.));
#2139=DIRECTION('center_axis',(0.,0.,-1.));
#2140=DIRECTION('ref_axis',(-1.,0.,0.));
#2141=DIRECTION('center_axis',(0.,0.,-1.));
#2142=DIRECTION('ref_axis',(-1.,0.,0.));
#2143=DIRECTION('center_axis',(0.,0.,1.));
#2144=DIRECTION('ref_axis',(-1.,0.,0.));
#2145=DIRECTION('',(0.,0.,-1.));
#2146=DIRECTION('center_axis',(0.,0.,1.));
#2147=DIRECTION('ref_axis',(-1.,0.,0.));
#2148=DIRECTION('',(0.,0.,-1.));
#2149=DIRECTION('center_axis',(0.,0.,1.));
#2150=DIRECTION('ref_axis',(-1.,0.,0.));
#2151=DIRECTION('',(0.,0.,-1.));
#2152=DIRECTION('center_axis',(0.,0.,1.));
#2153=DIRECTION('ref_axis',(0.00116535397993052,-0.99999932097482,0.));
#2154=CARTESIAN_POINT('',(0.,0.,0.));
#2155=CARTESIAN_POINT('Origin',(0.924999021619432,0.123251968983306,0.275));
#2156=CARTESIAN_POINT('',(0.674999021619432,0.123251968983306,0.15));
#2157=CARTESIAN_POINT('',(0.799999021619432,0.123251968983306,0.275));
#2158=CARTESIAN_POINT('Origin',(0.674999021619432,0.123251968983306,0.275));
#2159=CARTESIAN_POINT('',(0.826334236943943,0.2,0.275));
#2160=CARTESIAN_POINT('Origin',(0.924999021619432,0.123251968983306,0.275));
#2161=CARTESIAN_POINT('',(0.687071007852535,0.2,0.15));
#2162=CARTESIAN_POINT('Ctrl Pts',(0.826334236943943,0.2,0.275));
#2163=CARTESIAN_POINT('Ctrl Pts',(0.826334236943943,0.2,0.260345551395183));
#2164=CARTESIAN_POINT('Ctrl Pts',(0.822166448491495,0.2,0.243261240948231));
#2165=CARTESIAN_POINT('Ctrl Pts',(0.808922840398335,0.2,0.215185946806028));
#2166=CARTESIAN_POINT('Ctrl Pts',(0.796973315498381,0.2,0.199567664188552));
#2167=CARTESIAN_POINT('Ctrl Pts',(0.772286619675848,0.2,0.176978386268777));
#2168=CARTESIAN_POINT('Ctrl Pts',(0.754896266747614,0.2,0.166144031095129));
#2169=CARTESIAN_POINT('Ctrl Pts',(0.723448279880606,0.2,0.153820263718052));
#2170=CARTESIAN_POINT('Ctrl Pts',(0.703773155893053,0.2,0.15));
#2171=CARTESIAN_POINT('Ctrl Pts',(0.687071007852535,0.2,0.15));
#2172=CARTESIAN_POINT('Origin',(0.924999021619432,0.123251968983306,0.15));
#2173=CARTESIAN_POINT('Origin',(0.674999021619432,0.123688976737479,0.275));
#2174=CARTESIAN_POINT('',(0.674999021619432,-0.126748031016694,0.15));
#2175=CARTESIAN_POINT('',(0.799999021619432,-0.126748031016694,0.275));
#2176=CARTESIAN_POINT('Origin',(0.674999021619432,-0.126748031016694,0.275));
#2177=CARTESIAN_POINT('',(0.799999021619432,0.123688976737479,0.275));
#2178=CARTESIAN_POINT('',(0.674999021619432,0.123688976737479,0.15));
#2179=CARTESIAN_POINT('Origin',(0.924999021619432,-0.126748031016694,0.275));
#2180=CARTESIAN_POINT('',(0.685971514750309,-0.200000000000001,0.15));
#2181=CARTESIAN_POINT('',(0.823711564152732,-0.200000000000001,0.275));
#2182=CARTESIAN_POINT('Ctrl Pts',(0.685971514750309,-0.200000000000001,
0.15));
#2183=CARTESIAN_POINT('Ctrl Pts',(0.702550345823939,-0.200000000000001,
0.15));
#2184=CARTESIAN_POINT('Ctrl Pts',(0.722078628547863,-0.200000000000001,
0.153800154617953));
#2185=CARTESIAN_POINT('Ctrl Pts',(0.753223729234945,-0.200000000000001,
0.166072854197277));
#2186=CARTESIAN_POINT('Ctrl Pts',(0.770400862009702,-0.200000000000001,
0.176847002692415));
#2187=CARTESIAN_POINT('Ctrl Pts',(0.794771276172516,-0.200000000000001,
0.199352517612709));
#2188=CARTESIAN_POINT('Ctrl Pts',(0.806531990232811,-0.200000000000001,
0.214945037822822));
#2189=CARTESIAN_POINT('Ctrl Pts',(0.819609401683179,-0.200000000000001,
0.243063900503338));
#2190=CARTESIAN_POINT('Ctrl Pts',(0.823711564152732,-0.200000000000001,
0.260264317578099));
#2191=CARTESIAN_POINT('Ctrl Pts',(0.823711564152732,-0.200000000000001,
0.275));
#2192=CARTESIAN_POINT('Origin',(0.924999021619432,-0.126748031016694,0.275));
#2193=CARTESIAN_POINT('Origin',(0.924999021619432,-0.126748031016694,0.15));
#2194=CARTESIAN_POINT('Origin',(-0.749999510809716,-0.000874015508347174,
0.15));
#2195=CARTESIAN_POINT('',(-1.74838271594513E-16,0.2,0.15));
#2196=CARTESIAN_POINT('',(0.5,0.2,0.15));
#2197=CARTESIAN_POINT('',(-0.00023307079598636,0.199999864194964,0.15));
#2198=CARTESIAN_POINT('Origin',(-2.62257407391769E-16,-5.24514814783538E-16,
0.15));
#2199=CARTESIAN_POINT('',(-0.686814357881961,0.199199753416217,0.15));
#2200=CARTESIAN_POINT('',(-0.000233070795986391,0.199999864194964,0.15));
#2201=CARTESIAN_POINT('',(-0.674999021619432,0.123251968983306,0.15));
#2202=CARTESIAN_POINT('Origin',(-0.924999021619432,0.123251968983306,0.15));
#2203=CARTESIAN_POINT('',(-0.674999021619432,-0.126748031016694,0.15));
#2204=CARTESIAN_POINT('',(-0.674999021619432,-0.12631102326252,0.15));
#2205=CARTESIAN_POINT('',(-0.686218092618238,-0.20079982333347,0.15));
#2206=CARTESIAN_POINT('Origin',(-0.924999021619432,-0.126748031016694,0.15));
#2207=CARTESIAN_POINT('',(0.000233070795985836,-0.199999864194965,0.15));
#2208=CARTESIAN_POINT('',(-1.49976595082345,-0.201747895211658,0.15));
#2209=CARTESIAN_POINT('',(-2.62257407391769E-16,-0.200000000000001,0.15));
#2210=CARTESIAN_POINT('',(0.59,-5.24514814783538E-16,0.15));
#2211=CARTESIAN_POINT('Origin',(0.5,-5.24514814783538E-16,0.15));
#2212=CARTESIAN_POINT('',(0.118110236220472,-5.24514814783538E-16,0.15));
#2213=CARTESIAN_POINT('Origin',(-2.62257407391769E-16,-5.24514814783538E-16,
0.15));
#2214=CARTESIAN_POINT('',(-0.41,-0.000582677385618441,0.15));
#2215=CARTESIAN_POINT('Origin',(-0.5,-0.00058267738561843,0.15));
#2216=CARTESIAN_POINT('Origin',(-0.924999021619432,-0.126748031016694,0.275));
#2217=CARTESIAN_POINT('',(-0.799999021619432,-0.126748031016694,0.275));
#2218=CARTESIAN_POINT('Origin',(-0.674999021619432,-0.126748031016694,0.275));
#2219=CARTESIAN_POINT('',(-0.824413463338074,-0.200960869968101,0.275));
#2220=CARTESIAN_POINT('Origin',(-0.924999021619432,-0.126748031016694,0.275));
#2221=CARTESIAN_POINT('Ctrl Pts',(-0.824413463338074,-0.200960869968101,
0.275));
#2222=CARTESIAN_POINT('Ctrl Pts',(-0.824413463338074,-0.200960869968101,
0.26028863365323));
#2223=CARTESIAN_POINT('Ctrl Pts',(-0.82029186189221,-0.200956066840191,
0.243122872087036));
#2224=CARTESIAN_POINT('Ctrl Pts',(-0.807165122658982,-0.200940769531995,
0.215017081373514));
#2225=CARTESIAN_POINT('Ctrl Pts',(-0.795348249634855,-0.200926998682635,
0.199416910994081));
#2226=CARTESIAN_POINT('Ctrl Pts',(-0.770883523050871,-0.200898488596783,
0.176886395838328));
#2227=CARTESIAN_POINT('Ctrl Pts',(-0.753642625441602,-0.200878396834494,
0.166094288592924));
#2228=CARTESIAN_POINT('Ctrl Pts',(-0.722406675813057,-0.20084199587156,
0.153806223843122));
#2229=CARTESIAN_POINT('Ctrl Pts',(-0.70283411142929,-0.20081918689027,0.15));
#2230=CARTESIAN_POINT('Ctrl Pts',(-0.686218092618238,-0.20079982333347,
0.15));
#2231=CARTESIAN_POINT('Origin',(-0.674999021619432,-0.12631102326252,0.275));
#2232=CARTESIAN_POINT('',(-0.799999021619432,0.123251968983306,0.275));
#2233=CARTESIAN_POINT('Origin',(-0.674999021619432,0.123251968983306,0.275));
#2234=CARTESIAN_POINT('',(-0.799999021619432,-0.12631102326252,0.275));
#2235=CARTESIAN_POINT('Origin',(-0.924999021619432,0.123251968983306,0.275));
#2236=CARTESIAN_POINT('',(-0.825593420796359,0.199038026573102,0.275));
#2237=CARTESIAN_POINT('Ctrl Pts',(-0.686814357881961,0.199199753416217,
0.15));
#2238=CARTESIAN_POINT('Ctrl Pts',(-0.703477643989352,0.199180334776247,
0.15));
#2239=CARTESIAN_POINT('Ctrl Pts',(-0.723106492491655,0.199157460203991,
0.153813931808423));
#2240=CARTESIAN_POINT('Ctrl Pts',(-0.754458521843389,0.199120923966998,
0.166121569086935));
#2241=CARTESIAN_POINT('Ctrl Pts',(-0.771781128805323,0.199100736984325,
0.176936746322303));
#2242=CARTESIAN_POINT('Ctrl Pts',(-0.796367049041137,0.199072085664873,
0.199499357875508));
#2243=CARTESIAN_POINT('Ctrl Pts',(-0.808256265459105,0.199058230509794,
0.215109398130293));
#2244=CARTESIAN_POINT('Ctrl Pts',(-0.821446678476642,0.199042858999049,
0.243198492182653));
#2245=CARTESIAN_POINT('Ctrl Pts',(-0.825593420796359,0.199038026573102,
0.260319763868281));
#2246=CARTESIAN_POINT('Ctrl Pts',(-0.825593420796359,0.199038026573102,
0.275));
#2247=CARTESIAN_POINT('Origin',(-0.924999021619432,0.123251968983306,0.275));
#2248=CARTESIAN_POINT('Origin',(-1.49999902161943,-0.00174803101669378,
0.125));
#2249=CARTESIAN_POINT('',(-1.69999904475295,-0.104825626771512,0.15));
#2250=CARTESIAN_POINT('',(-1.67777681996033,-0.0933725605765319,0.125));
#2251=CARTESIAN_POINT('Origin',(-1.69999904475295,-0.104825626771512,0.125));
#2252=CARTESIAN_POINT('',(-1.49976595082345,-0.201747895211658,0.125));
#2253=CARTESIAN_POINT('Origin',(-1.49999902161943,-0.00174803101669378,
0.125));
#2254=CARTESIAN_POINT('',(-1.49973681697395,-0.226747878236028,0.15));
#2255=CARTESIAN_POINT('Origin',(-1.49973681697395,-0.226747878236028,0.125));
#2256=CARTESIAN_POINT('Origin',(-1.49999902161943,-0.00174803101669378,
0.15));
#2257=CARTESIAN_POINT('Origin',(-1.37473698673018,-0.22660220908745,0.125));
#2258=CARTESIAN_POINT('',(-0.824413463338074,-0.200960869968101,0.125));
#2259=CARTESIAN_POINT('',(-0.848998209050659,-0.225989536894458,0.15));
#2260=CARTESIAN_POINT('Ctrl Pts',(-0.824413463338074,-0.200960869968101,
0.125));
#2261=CARTESIAN_POINT('Ctrl Pts',(-0.824413463338074,-0.200960869968101,
0.128036560691576));
#2262=CARTESIAN_POINT('Ctrl Pts',(-0.824843121240214,-0.201553078678065,
0.131224734974559));
#2263=CARTESIAN_POINT('Ctrl Pts',(-0.82656102862775,-0.203799710291579,
0.136970122859199));
#2264=CARTESIAN_POINT('Ctrl Pts',(-0.82785634196762,-0.205447177888591,
0.139527939780292));
#2265=CARTESIAN_POINT('Ctrl Pts',(-0.831597272413227,-0.209895497782396,
0.144576038171256));
#2266=CARTESIAN_POINT('Ctrl Pts',(-0.834595880640355,-0.213206101009626,
0.146790401125985));
#2267=CARTESIAN_POINT('Ctrl Pts',(-0.841443474258233,-0.219840440697119,
0.149497047952374));
#2268=CARTESIAN_POINT('Ctrl Pts',(-0.845297023090714,-0.223155106502294,
0.15));
#2269=CARTESIAN_POINT('Ctrl Pts',(-0.848998209050659,-0.225989536894458,
0.15));
#2270=CARTESIAN_POINT('',(-1.37473698673018,-0.22660220908745,0.15));
#2271=CARTESIAN_POINT('',(-1.37476612057968,-0.20160222606308,0.125));
#2272=CARTESIAN_POINT('Ctrl Pts',(-1.69999904475295,-0.00174803101669369,
0.15));
#2273=CARTESIAN_POINT('Ctrl Pts',(-1.69999904475295,-0.00301409332463912,
0.15));
#2274=CARTESIAN_POINT('Ctrl Pts',(-1.69999904475295,-0.00427832226287059,
0.15));
#2275=CARTESIAN_POINT('Ctrl Pts',(-1.69999904475295,-0.0189579511469201,
0.15));
#2276=CARTESIAN_POINT('Ctrl Pts',(-1.69999904475295,-0.0522904816794002,
0.15));
#2277=CARTESIAN_POINT('Ctrl Pts',(-1.69999904475295,-0.0859938029439832,
0.15));
#2278=CARTESIAN_POINT('Ctrl Pts',(-1.69999904475295,-0.104825626771512,
0.15));
#2279=CARTESIAN_POINT('Ctrl Pts',(-1.69999904475295,-0.00174803101669369,
0.15));
#2280=CARTESIAN_POINT('Ctrl Pts',(-1.69999252597551,-0.00296890579340318,
0.14986042692819));
#2281=CARTESIAN_POINT('Ctrl Pts',(-1.70000076475878,-0.00418205711155367,
0.149716825476788));
#2282=CARTESIAN_POINT('Ctrl Pts',(-1.69972680923216,-0.018348535656863,
0.148115643879246));
#2283=CARTESIAN_POINT('Ctrl Pts',(-1.69763606970071,-0.0503326650873256,
0.144469338644191));
#2284=CARTESIAN_POINT('Ctrl Pts',(-1.69061628837675,-0.082306332092426,
0.145407330594557));
#2285=CARTESIAN_POINT('Ctrl Pts',(-1.68836351506046,-0.0988288153349741,
0.15));
#2286=CARTESIAN_POINT('Ctrl Pts',(-1.69999904475295,-0.00174803101669369,
0.15));
#2287=CARTESIAN_POINT('Ctrl Pts',(-1.69999606655474,-0.00292247523969382,
0.14972010150305));
#2288=CARTESIAN_POINT('Ctrl Pts',(-1.69999324466823,-0.00408745351814677,
0.149435811482153));
#2289=CARTESIAN_POINT('Ctrl Pts',(-1.6996960428295,-0.0177205648539652,
0.146189004131913));
#2290=CARTESIAN_POINT('Ctrl Pts',(-1.6964962246967,-0.0484303944820193,
0.138929993014243));
#2291=CARTESIAN_POINT('Ctrl Pts',(-1.68547755931016,-0.0785832084180609,
0.135140759572058));
#2292=CARTESIAN_POINT('Ctrl Pts',(-1.67777681996033,-0.093372560576532,
0.138089969389957));
#2293=CARTESIAN_POINT('Ctrl Pts',(-1.69999904475295,-0.00174803101669369,
0.15));
#2294=CARTESIAN_POINT('Ctrl Pts',(-1.69999904475295,-0.00287287820597216,
0.149577269926375));
#2295=CARTESIAN_POINT('Ctrl Pts',(-1.69998999473095,-0.00399717922543073,
0.149157126846388));
#2296=CARTESIAN_POINT('Ctrl Pts',(-1.69976073818458,-0.0170457373191011,
0.1442453002469));
#2297=CARTESIAN_POINT('Ctrl Pts',(-1.69669265727007,-0.0466746539293071,
0.13334402782758));
#2298=CARTESIAN_POINT('Ctrl Pts',(-1.68640410395719,-0.0766331616187288,
0.125));
#2299=CARTESIAN_POINT('Ctrl Pts',(-1.67777681996033,-0.093372560576532,
0.125));
#2300=CARTESIAN_POINT('',(-1.69999904475295,-0.00174803101669378,0.15));
#2301=CARTESIAN_POINT('',(-1.69999904475295,0.248251968983306,0.15));
#2302=CARTESIAN_POINT('Ctrl Pts',(-1.69999904475295,-0.00174803101669369,
0.15));
#2303=CARTESIAN_POINT('Ctrl Pts',(-1.69999904475295,-0.00287287820597216,
0.149577269926375));
#2304=CARTESIAN_POINT('Ctrl Pts',(-1.69998999473095,-0.00399717922543073,
0.149157126846388));
#2305=CARTESIAN_POINT('Ctrl Pts',(-1.69976073818458,-0.0170457373191011,
0.1442453002469));
#2306=CARTESIAN_POINT('Ctrl Pts',(-1.69669265727007,-0.0466746539293071,
0.13334402782758));
#2307=CARTESIAN_POINT('Ctrl Pts',(-1.68640410395719,-0.0766331616187288,
0.125));
#2308=CARTESIAN_POINT('Ctrl Pts',(-1.67777681996033,-0.093372560576532,
0.125));
#2309=CARTESIAN_POINT('Origin',(-0.625261885211438,0.224271500859566,0.125));
#2310=CARTESIAN_POINT('',(-0.825593420796359,0.199038026573102,0.125));
#2311=CARTESIAN_POINT('',(-0.851018357312182,0.224008414477666,0.15));
#2312=CARTESIAN_POINT('Ctrl Pts',(-0.851018357312182,0.224008414477666,
0.15));
#2313=CARTESIAN_POINT('Ctrl Pts',(-0.849742351020859,0.22307150376561,0.15));
#2314=CARTESIAN_POINT('Ctrl Pts',(-0.848481100277794,0.222108117814927,
0.149947408172562));
#2315=CARTESIAN_POINT('Ctrl Pts',(-0.843964459480727,0.218519259215516,
0.149528491109123));
#2316=CARTESIAN_POINT('Ctrl Pts',(-0.840571815859223,0.215527149789222,
0.148744786045597));
#2317=CARTESIAN_POINT('Ctrl Pts',(-0.834564737610864,0.209648160802794,
0.145716800568483));
#2318=CARTESIAN_POINT('Ctrl Pts',(-0.831946725574326,0.206771044654978,
0.143460681542995));
#2319=CARTESIAN_POINT('Ctrl Pts',(-0.828661268666627,0.202927275119306,
0.138624837534245));
#2320=CARTESIAN_POINT('Ctrl Pts',(-0.827505217700747,0.201491940430886,
0.136181973483797));
#2321=CARTESIAN_POINT('Ctrl Pts',(-0.825973625412069,0.19954420771154,0.130773805104552));
#2322=CARTESIAN_POINT('Ctrl Pts',(-0.825593420796359,0.199038026573102,
0.127807585258236));
#2323=CARTESIAN_POINT('Ctrl Pts',(-0.825593420796359,0.199038026573102,
0.125));
#2324=CARTESIAN_POINT('',(-1.50023209241542,0.19825183317827,0.125));
#2325=CARTESIAN_POINT('',(-0.62523275136194,0.199271517835195,0.125));
#2326=CARTESIAN_POINT('',(-1.50026122626492,0.223251816202641,0.15));
#2327=CARTESIAN_POINT('Origin',(-1.50026122626492,0.223251816202641,0.125));
#2328=CARTESIAN_POINT('',(-0.625261885211438,0.224271500859566,0.15));
#2329=CARTESIAN_POINT('Origin',(-1.49999902161943,-0.00174803101669378,
0.125));
#2330=CARTESIAN_POINT('',(-1.67777681996033,0.0898764985431444,0.125));
#2331=CARTESIAN_POINT('',(-1.69999904475295,0.101329564738124,0.15));
#2332=CARTESIAN_POINT('Origin',(-1.69999904475295,0.101329564738124,0.125));
#2333=CARTESIAN_POINT('Origin',(-1.49999902161943,-0.00174803101669378,
0.15));
#2334=CARTESIAN_POINT('Origin',(-1.49999902161943,-0.00174803101669378,
0.125));
#2335=CARTESIAN_POINT('Ctrl Pts',(-1.69999904475295,0.101329564738124,0.15));
#2336=CARTESIAN_POINT('Ctrl Pts',(-1.69999904475295,0.0887750155197717,
0.15));
#2337=CARTESIAN_POINT('Ctrl Pts',(-1.69999904475295,0.0556874874376843,
0.15));
#2338=CARTESIAN_POINT('Ctrl Pts',(-1.69999904475295,0.0221361059215489,
0.15));
#2339=CARTESIAN_POINT('Ctrl Pts',(-1.69999904475295,0.000783453348478288,
0.15));
#2340=CARTESIAN_POINT('Ctrl Pts',(-1.69999904475295,-0.000481968708748331,
0.15));
#2341=CARTESIAN_POINT('Ctrl Pts',(-1.69999904475295,-0.00174803101669369,
0.15));
#2342=CARTESIAN_POINT('Ctrl Pts',(-1.69335017064296,0.0979028153458168,
0.15));
#2343=CARTESIAN_POINT('Ctrl Pts',(-1.69410836280171,0.0862802067111925,
0.148226548014787));
#2344=CARTESIAN_POINT('Ctrl Pts',(-1.69778238724005,0.054499590883341,0.146370657985853));
#2345=CARTESIAN_POINT('Ctrl Pts',(-1.69986517534636,0.021634439729006,0.148484617739962));
#2346=CARTESIAN_POINT('Ctrl Pts',(-1.69999467241783,0.000729744054655849,
0.149839233256057));
#2347=CARTESIAN_POINT('Ctrl Pts',(-1.69999904475295,-0.000508866826589664,
0.149919479985976));
#2348=CARTESIAN_POINT('Ctrl Pts',(-1.69999904475295,-0.00174803101669369,
0.15));
#2349=CARTESIAN_POINT('Ctrl Pts',(-1.68184042449115,0.0919708312265706,
0.143720476341469));
#2350=CARTESIAN_POINT('Ctrl Pts',(-1.68546286064576,0.0818844779092279,
0.140985866215757));
#2351=CARTESIAN_POINT('Ctrl Pts',(-1.69534098548433,0.0523838188620591,
0.140006378752061));
#2352=CARTESIAN_POINT('Ctrl Pts',(-1.69967983217812,0.0207474664277697,
0.14585715326308));
#2353=CARTESIAN_POINT('Ctrl Pts',(-1.69999036408337,0.000636036841942549,
0.149556982187195));
#2354=CARTESIAN_POINT('Ctrl Pts',(-1.69999904475295,-0.000555938532811996,
0.149778569961435));
#2355=CARTESIAN_POINT('Ctrl Pts',(-1.69999904475295,-0.00174803101669369,
0.15));
#2356=CARTESIAN_POINT('Ctrl Pts',(-1.67777681996033,0.0898764985431443,
0.13060998688141));
#2357=CARTESIAN_POINT('Ctrl Pts',(-1.68323683060231,0.0793148886197808,
0.12979545975605));
#2358=CARTESIAN_POINT('Ctrl Pts',(-1.69504062782082,0.0502347374118997,
0.133599668594596));
#2359=CARTESIAN_POINT('Ctrl Pts',(-1.69965429083894,0.0198629473973663,
0.143192253095583));
#2360=CARTESIAN_POINT('Ctrl Pts',(-1.69998931485184,0.000542292875789653,
0.149275864701647));
#2361=CARTESIAN_POINT('Ctrl Pts',(-1.69999904475295,-0.000603010239034331,
0.149637659936893));
#2362=CARTESIAN_POINT('Ctrl Pts',(-1.69999904475295,-0.00174803101669369,
0.15));
#2363=CARTESIAN_POINT('Ctrl Pts',(-1.67777681996033,0.0898764985431443,
0.125));
#2364=CARTESIAN_POINT('Ctrl Pts',(-1.68352834262491,0.0787168992379421,
0.125));
#2365=CARTESIAN_POINT('Ctrl Pts',(-1.69525080627819,0.0493057634350016,
0.130847481124894));
#2366=CARTESIAN_POINT('Ctrl Pts',(-1.69966346849467,0.0194823121126972,
0.142049189338838));
#2367=CARTESIAN_POINT('Ctrl Pts',(-1.69998974916694,0.00050217773875662,
0.149155414360939));
#2368=CARTESIAN_POINT('Ctrl Pts',(-1.69999904475295,-0.00062318382741533,
0.149577269926375));
#2369=CARTESIAN_POINT('Ctrl Pts',(-1.69999904475295,-0.00174803101669369,
0.15));
#2370=CARTESIAN_POINT('Ctrl Pts',(-1.67777681996033,0.0898764985431443,
0.125));
#2371=CARTESIAN_POINT('Ctrl Pts',(-1.68352834262491,0.0787168992379421,
0.125));
#2372=CARTESIAN_POINT('Ctrl Pts',(-1.69525080627819,0.0493057634350016,
0.130847481124894));
#2373=CARTESIAN_POINT('Ctrl Pts',(-1.69966346849467,0.0194823121126972,
0.142049189338838));
#2374=CARTESIAN_POINT('Ctrl Pts',(-1.69998974916694,0.00050217773875662,
0.149155414360939));
#2375=CARTESIAN_POINT('Ctrl Pts',(-1.69999904475295,-0.00062318382741533,
0.149577269926375));
#2376=CARTESIAN_POINT('Ctrl Pts',(-1.69999904475295,-0.00174803101669369,
0.15));
#2377=CARTESIAN_POINT('',(-1.69999904475295,0.248251968983306,0.15));
#2378=CARTESIAN_POINT('Origin',(-1.49976595082345,-0.201747895211658,0.));
#2379=CARTESIAN_POINT('',(-0.824413463338074,-0.200960869968101,0.15));
#2380=CARTESIAN_POINT('',(-1.49976595082345,-0.201747895211658,-0.25));
#2381=CARTESIAN_POINT('',(-1.49976595082345,-0.201747895211658,0.));
#2382=CARTESIAN_POINT('',(-1.16444295480354,-0.201357124958341,0.));
#2383=CARTESIAN_POINT('Ctrl Pts',(-1.16444295480353,-0.201357124958341,
2.12307237963947E-33));
#2384=CARTESIAN_POINT('Ctrl Pts',(-1.1783698982935,-0.201373354788386,5.21843304070838E-18));
#2385=CARTESIAN_POINT('Ctrl Pts',(-1.19361348157667,-0.201391118970895,
-0.00114134270390409));
#2386=CARTESIAN_POINT('Ctrl Pts',(-1.2236912842886,-0.201426170281794,-0.00600299070147092));
#2387=CARTESIAN_POINT('Ctrl Pts',(-1.2385263170502,-0.201443458358004,-0.00971826276434824));
#2388=CARTESIAN_POINT('Ctrl Pts',(-1.26598575656621,-0.20147545834686,-0.0186263545150458));
#2389=CARTESIAN_POINT('Ctrl Pts',(-1.28117165699423,-0.201493155308379,
-0.0248193500076887));
#2390=CARTESIAN_POINT('Ctrl Pts',(-1.31035276907838,-0.201527161656576,
-0.0395891726286496));
#2391=CARTESIAN_POINT('Ctrl Pts',(-1.32435279778734,-0.20154347665683,-0.0481564806443818));
#2392=CARTESIAN_POINT('Ctrl Pts',(-1.36947805278452,-0.201596063588044,
-0.0797318358971378));
#2393=CARTESIAN_POINT('Ctrl Pts',(-1.40046381988944,-0.20163217299958,-0.110369276628397));
#2394=CARTESIAN_POINT('Ctrl Pts',(-1.45473266496511,-0.201695415457118,
-0.178662902388826));
#2395=CARTESIAN_POINT('Ctrl Pts',(-1.47832235486305,-0.201722905814793,
-0.216074878535668));
#2396=CARTESIAN_POINT('Ctrl Pts',(-1.49976595082345,-0.201747895211658,
-0.25));
#2397=CARTESIAN_POINT('',(0.000233070795985842,-0.199999864194965,0.));
#2398=CARTESIAN_POINT('',(-1.49976595082345,-0.201747895211658,0.));
#2399=CARTESIAN_POINT('',(0.000233070795985842,-0.199999864194965,0.));
#2400=CARTESIAN_POINT('Origin',(-1.49999902161943,-0.00174803101669378,
0.));
#2401=CARTESIAN_POINT('',(-1.50023209241542,0.19825183317827,-0.25));
#2402=CARTESIAN_POINT('',(-1.50023209241542,0.19825183317827,0.));
#2403=CARTESIAN_POINT('',(-1.50023209241542,0.19825183317827,-0.990513773118471));
#2404=CARTESIAN_POINT('',(-1.50023209241542,0.19825183317827,0.));
#2405=CARTESIAN_POINT('',(-1.69999899662281,-0.00184802426706289,-0.990513773118471));
#2406=CARTESIAN_POINT('Origin',(-1.49999902161943,-0.00174803101669378,
-0.990513773118471));
#2407=CARTESIAN_POINT('',(-1.49976595082345,-0.201747895211658,-0.990513773118471));
#2408=CARTESIAN_POINT('Origin',(-1.49999902161943,-0.00174803101669378,
-0.990513773118471));
#2409=CARTESIAN_POINT('',(-1.49976595082345,-0.201747895211658,0.));
#2410=CARTESIAN_POINT('Origin',(-0.000233070795986391,0.199999864194964,
0.));
#2411=CARTESIAN_POINT('',(-0.825593420796359,0.199038026573102,0.15));
#2412=CARTESIAN_POINT('',(-0.000233070795986391,0.199999864194964,0.));
#2413=CARTESIAN_POINT('',(-0.000233070795986391,0.199999864194964,0.));
#2414=CARTESIAN_POINT('',(-1.16473537550501,0.198642805878056,0.));
#2415=CARTESIAN_POINT('',(-0.000233070795986391,0.199999864194964,0.));
#2416=CARTESIAN_POINT('Ctrl Pts',(-1.50023209241542,0.19825183317827,-0.25));
#2417=CARTESIAN_POINT('Ctrl Pts',(-1.47876227194583,0.198276853135992,-0.216072949902376));
#2418=CARTESIAN_POINT('Ctrl Pts',(-1.45514395302028,0.198304376856641,-0.178658868855677));
#2419=CARTESIAN_POINT('Ctrl Pts',(-1.40082408532973,0.198367678773627,-0.110360700481959));
#2420=CARTESIAN_POINT('Ctrl Pts',(-1.36981590773207,0.198403814301337,-0.0797210487403764));
#2421=CARTESIAN_POINT('Ctrl Pts',(-1.324667715457,0.198456427962618,-0.0481466242499097));
#2422=CARTESIAN_POINT('Ctrl Pts',(-1.31066337858384,0.198472747983411,-0.0395807974333045));
#2423=CARTESIAN_POINT('Ctrl Pts',(-1.28147443181671,0.198506763461793,-0.0248134488167274));
#2424=CARTESIAN_POINT('Ctrl Pts',(-1.26628499816663,0.19852446454077,-0.0186214635360344));
#2425=CARTESIAN_POINT('Ctrl Pts',(-1.23882166406517,0.198556469068199,-0.00971556961644092));
#2426=CARTESIAN_POINT('Ctrl Pts',(-1.22398586375671,0.198573758038874,-0.00600138360651755));
#2427=CARTESIAN_POINT('Ctrl Pts',(-1.19390680504948,0.198608810813452,-0.00114107599130662));
#2428=CARTESIAN_POINT('Ctrl Pts',(-1.17866273157627,0.198626575567207,-4.87148856651088E-18));
#2429=CARTESIAN_POINT('Ctrl Pts',(-1.16473537550501,0.198642805878056,1.21318421693684E-33));
#2430=CARTESIAN_POINT('Origin',(1.5,-5.24514814783538E-16,0.125));
#2431=CARTESIAN_POINT('',(1.5,0.199999999999999,0.125));
#2432=CARTESIAN_POINT('',(1.5,0.225,0.15));
#2433=CARTESIAN_POINT('Origin',(1.5,0.225,0.125));
#2434=CARTESIAN_POINT('',(1.69999904475295,0.10307949407088,0.15));
#2435=CARTESIAN_POINT('Origin',(1.5,-5.24514814783538E-16,0.15));
#2436=CARTESIAN_POINT('',(1.69999904475295,0.000618140686888603,0.125));
#2437=CARTESIAN_POINT('Ctrl Pts',(1.69999904475295,0.10307949407088,0.15));
#2438=CARTESIAN_POINT('Ctrl Pts',(1.69999904475295,0.0978959205796823,0.15));
#2439=CARTESIAN_POINT('Ctrl Pts',(1.69999904475295,0.092492580870249,0.149658614289903));
#2440=CARTESIAN_POINT('Ctrl Pts',(1.69999904475295,0.0815017555582602,0.148399945706052));
#2441=CARTESIAN_POINT('Ctrl Pts',(1.69999904475295,0.0759141835420696,0.14748341751978));
#2442=CARTESIAN_POINT('Ctrl Pts',(1.69999904475295,0.059247899728605,0.144121340073668));
#2443=CARTESIAN_POINT('Ctrl Pts',(1.69999904475295,0.0482632134024241,0.141062812964774));
#2444=CARTESIAN_POINT('Ctrl Pts',(1.69999904475295,0.0339434540477836,0.136631029354608));
#2445=CARTESIAN_POINT('Ctrl Pts',(1.69999904475295,0.0291072372271108,0.135061335079282));
#2446=CARTESIAN_POINT('Ctrl Pts',(1.69999904475295,0.0194678852746916,0.13182206767807));
#2447=CARTESIAN_POINT('Ctrl Pts',(1.69999904475295,0.0146635802096839,0.130155977059559));
#2448=CARTESIAN_POINT('Ctrl Pts',(1.69999904475295,0.00794016590377957,
0.127795853458181));
#2449=CARTESIAN_POINT('Ctrl Pts',(1.69999904475295,0.00510606267460819,
0.126801500334693));
#2450=CARTESIAN_POINT('Ctrl Pts',(1.69999904475295,0.00247464217916774,
0.125847356187838));
#2451=CARTESIAN_POINT('Ctrl Pts',(1.69999904475295,0.00216861230005077,
0.125735803203167));
#2452=CARTESIAN_POINT('Ctrl Pts',(1.69999904475295,0.00171134368075476,
0.125564482982706));
#2453=CARTESIAN_POINT('Ctrl Pts',(1.69999904475295,0.00155922979103017,
0.125506713308485));
#2454=CARTESIAN_POINT('Ctrl Pts',(1.69999904475295,0.00126331269612736,
0.125390349366609));
#2455=CARTESIAN_POINT('Ctrl Pts',(1.69999904475295,0.00111935078613215,
0.125332159094966));
#2456=CARTESIAN_POINT('Ctrl Pts',(1.69999904475295,0.000933392966206233,
0.125247692503148));
#2457=CARTESIAN_POINT('Ctrl Pts',(1.69999904475295,0.000877611263249943,
0.12522131975479));
#2458=CARTESIAN_POINT('Ctrl Pts',(1.69999904475295,0.000769549907436061,
0.125163506268999));
#2459=CARTESIAN_POINT('Ctrl Pts',(1.69999904475295,0.000716880447741938,
0.125132797105559));
#2460=CARTESIAN_POINT('Ctrl Pts',(1.69999904475295,0.000658106340655112,
0.125080973165043));
#2461=CARTESIAN_POINT('Ctrl Pts',(1.69999904475295,0.00063987652819149,
0.125061547333289));
#2462=CARTESIAN_POINT('Ctrl Pts',(1.69999904475295,0.000622917440271804,
0.12502974664892));
#2463=CARTESIAN_POINT('Ctrl Pts',(1.69999904475295,0.000618140686888627,
0.125013840184014));
#2464=CARTESIAN_POINT('Ctrl Pts',(1.69999904475295,0.000618140686888627,
0.125));
#2465=CARTESIAN_POINT('Origin',(1.5,-5.24514814783538E-16,0.125));
#2466=CARTESIAN_POINT('Origin',(1.375,0.225,0.125));
#2467=CARTESIAN_POINT('',(0.826334236943943,0.2,0.125));
#2468=CARTESIAN_POINT('',(0.852388153395551,0.225,0.15));
#2469=CARTESIAN_POINT('Ctrl Pts',(0.826334236943943,0.2,0.125));
#2470=CARTESIAN_POINT('Ctrl Pts',(0.826334236943943,0.2,0.127666096741513));
#2471=CARTESIAN_POINT('Ctrl Pts',(0.826685032587841,0.200457214206039,0.130492721849242));
#2472=CARTESIAN_POINT('Ctrl Pts',(0.828104378606341,0.202231197941737,0.135681753564254));
#2473=CARTESIAN_POINT('Ctrl Pts',(0.829176401463248,0.203542235085111,0.138045167878355));
#2474=CARTESIAN_POINT('Ctrl Pts',(0.832194982581465,0.207037143443424,0.14273215457034));
#2475=CARTESIAN_POINT('Ctrl Pts',(0.834591950422697,0.209661032557249,0.144989835922855));
#2476=CARTESIAN_POINT('Ctrl Pts',(0.840108157159006,0.215086092528366,0.148164449015717));
#2477=CARTESIAN_POINT('Ctrl Pts',(0.843230298341604,0.217877420196916,0.149093139472923));
#2478=CARTESIAN_POINT('Ctrl Pts',(0.848248854225259,0.221948725506761,0.149868048497725));
#2479=CARTESIAN_POINT('Ctrl Pts',(0.850296962480724,0.223507654777884,0.15));
#2480=CARTESIAN_POINT('Ctrl Pts',(0.852388153395551,0.225,0.15));
#2481=CARTESIAN_POINT('',(1.375,0.225,0.15));
#2482=CARTESIAN_POINT('',(1.375,0.2,0.125));
#2483=CARTESIAN_POINT('Origin',(1.5,0.2,0.));
#2484=CARTESIAN_POINT('',(0.826334236943943,0.2,0.15));
#2485=CARTESIAN_POINT('',(1.5,0.199999999999999,0.));
#2486=CARTESIAN_POINT('',(1.5,0.199999999999999,0.));
#2487=CARTESIAN_POINT('',(-2.60782892437189E-16,0.2,0.));
#2488=CARTESIAN_POINT('',(0.5,0.2,0.));
#2489=CARTESIAN_POINT('',(-2.60782892437189E-16,0.2,0.));
#2490=CARTESIAN_POINT('Origin',(1.5,-5.24514814783538E-16,0.));
#2491=CARTESIAN_POINT('',(1.69999904475295,0.000618140686888627,0.65));
#2492=CARTESIAN_POINT('',(1.69999904475295,0.000618140686888627,0.15));
#2493=CARTESIAN_POINT('',(1.69999904475295,-0.000618140686889677,0.65));
#2494=CARTESIAN_POINT('Origin',(1.5,-5.24514814783538E-16,0.65));
#2495=CARTESIAN_POINT('',(1.69999904475295,-0.000618140686889652,0.125));
#2496=CARTESIAN_POINT('',(1.69999904475295,-0.000618140686889677,0.15));
#2497=CARTESIAN_POINT('',(1.5,-0.200000000000001,0.125));
#2498=CARTESIAN_POINT('Origin',(1.5,-5.24514814783538E-16,0.125));
#2499=CARTESIAN_POINT('',(1.5,-0.200000000000001,0.));
#2500=CARTESIAN_POINT('',(1.5,-0.200000000000001,0.));
#2501=CARTESIAN_POINT('Origin',(1.5,-5.24514814783538E-16,0.));
#2502=CARTESIAN_POINT('Origin',(0.62511653537821,-0.225000000000001,0.125));
#2503=CARTESIAN_POINT('',(0.823711564152732,-0.200000000000001,0.125));
#2504=CARTESIAN_POINT('',(0.847723213044541,-0.225000000000001,0.15));
#2505=CARTESIAN_POINT('Ctrl Pts',(0.847723213044541,-0.225000000000001,
0.15));
#2506=CARTESIAN_POINT('Ctrl Pts',(0.844109819394617,-0.222158042542185,
0.15));
#2507=CARTESIAN_POINT('Ctrl Pts',(0.840351178676692,-0.218844712822335,
0.149492163396033));
#2508=CARTESIAN_POINT('Ctrl Pts',(0.833679249757353,-0.212233438791913,
0.146789189800128));
#2509=CARTESIAN_POINT('Ctrl Pts',(0.830761400641271,-0.208944563126853,
0.144583150102992));
#2510=CARTESIAN_POINT('Ctrl Pts',(0.827100177996975,-0.20450447634334,0.139562037854994));
#2511=CARTESIAN_POINT('Ctrl Pts',(0.825824027152119,-0.202848669064156,
0.13699526826538));
#2512=CARTESIAN_POINT('Ctrl Pts',(0.824133304287898,-0.200593095218465,
0.131234671034735));
#2513=CARTESIAN_POINT('Ctrl Pts',(0.823711564152732,-0.200000000000001,
0.128040339212449));
#2514=CARTESIAN_POINT('Ctrl Pts',(0.823711564152732,-0.200000000000001,
0.125));
#2515=CARTESIAN_POINT('',(0.62511653537821,-0.200000000000001,0.125));
#2516=CARTESIAN_POINT('',(1.5,-0.225000000000001,0.15));
#2517=CARTESIAN_POINT('Origin',(1.5,-0.225000000000001,0.125));
#2518=CARTESIAN_POINT('',(0.62511653537821,-0.225000000000001,0.15));
#2519=CARTESIAN_POINT('Origin',(1.5,-5.24514814783538E-16,0.125));
#2520=CARTESIAN_POINT('',(1.69999904475295,-0.103079494070882,0.15));
#2521=CARTESIAN_POINT('Ctrl Pts',(1.69999904475295,-0.000618140686889676,
0.125));
#2522=CARTESIAN_POINT('Ctrl Pts',(1.69999904475295,-0.000618140686889676,
0.125013840184014));
#2523=CARTESIAN_POINT('Ctrl Pts',(1.69999904475295,-0.000622917440272853,
0.12502974664892));
#2524=CARTESIAN_POINT('Ctrl Pts',(1.69999904475295,-0.000639876528192539,
0.125061547333289));
#2525=CARTESIAN_POINT('Ctrl Pts',(1.69999904475295,-0.000658106340656161,
0.125080973165043));
#2526=CARTESIAN_POINT('Ctrl Pts',(1.69999904475295,-0.000716880447742982,
0.125132797105559));
#2527=CARTESIAN_POINT('Ctrl Pts',(1.69999904475295,-0.000769549907437097,
0.125163506268999));
#2528=CARTESIAN_POINT('Ctrl Pts',(1.69999904475295,-0.000877611263250965,
0.12522131975479));
#2529=CARTESIAN_POINT('Ctrl Pts',(1.69999904475295,-0.000933392966207275,
0.125247692503148));
#2530=CARTESIAN_POINT('Ctrl Pts',(1.69999904475295,-0.0011193507861332,
0.125332159094966));
#2531=CARTESIAN_POINT('Ctrl Pts',(1.69999904475295,-0.00126331269612841,
0.125390349366609));
#2532=CARTESIAN_POINT('Ctrl Pts',(1.69999904475295,-0.00155922979103124,
0.125506713308485));
#2533=CARTESIAN_POINT('Ctrl Pts',(1.69999904475295,-0.00171134368075583,
0.125564482982706));
#2534=CARTESIAN_POINT('Ctrl Pts',(1.69999904475295,-0.00216861230005183,
0.125735803203167));
#2535=CARTESIAN_POINT('Ctrl Pts',(1.69999904475295,-0.00247464217916879,
0.125847356187838));
#2536=CARTESIAN_POINT('Ctrl Pts',(1.69999904475295,-0.00510606267460924,
0.126801500334693));
#2537=CARTESIAN_POINT('Ctrl Pts',(1.69999904475295,-0.00794016590378062,
0.127795853458181));
#2538=CARTESIAN_POINT('Ctrl Pts',(1.69999904475295,-0.014663580209685,0.130155977059559));
#2539=CARTESIAN_POINT('Ctrl Pts',(1.69999904475295,-0.0194678852746926,
0.13182206767807));
#2540=CARTESIAN_POINT('Ctrl Pts',(1.69999904475295,-0.0291072372271119,
0.135061335079282));
#2541=CARTESIAN_POINT('Ctrl Pts',(1.69999904475295,-0.0339434540477846,
0.136631029354608));
#2542=CARTESIAN_POINT('Ctrl Pts',(1.69999904475295,-0.0482632134024252,
0.141062812964774));
#2543=CARTESIAN_POINT('Ctrl Pts',(1.69999904475295,-0.0592478997286061,
0.144121340073668));
#2544=CARTESIAN_POINT('Ctrl Pts',(1.69999904475295,-0.0759141835420706,
0.14748341751978));
#2545=CARTESIAN_POINT('Ctrl Pts',(1.69999904475295,-0.0815017555582613,
0.148399945706052));
#2546=CARTESIAN_POINT('Ctrl Pts',(1.69999904475295,-0.09249258087025,0.149658614289903));
#2547=CARTESIAN_POINT('Ctrl Pts',(1.69999904475295,-0.0978959205796833,
0.15));
#2548=CARTESIAN_POINT('Ctrl Pts',(1.69999904475295,-0.103079494070882,0.15));
#2549=CARTESIAN_POINT('Origin',(1.5,-5.24514814783538E-16,0.15));
#2550=CARTESIAN_POINT('Origin',(0.000233070756420641,-0.200000000000001,
0.));
#2551=CARTESIAN_POINT('',(0.823711564152732,-0.200000000000001,0.15));
#2552=CARTESIAN_POINT('',(-2.62257407391769E-16,-0.200000000000001,0.));
#2553=CARTESIAN_POINT('Origin',(1.57499904475295,-0.126748031016694,0.15));
#2554=CARTESIAN_POINT('',(1.57499904475295,-0.251748031016693,0.449750811914435));
#2555=CARTESIAN_POINT('',(1.57499904475295,-0.251748031016693,0.350249188085565));
#2556=CARTESIAN_POINT('Ctrl Pts',(1.57499904475295,-0.251748031016694,0.449750811914435));
#2557=CARTESIAN_POINT('Ctrl Pts',(1.57810714812068,-0.251748031016694,0.445065365092491));
#2558=CARTESIAN_POINT('Ctrl Pts',(1.58080944589694,-0.251632343049877,0.440027363828859));
#2559=CARTESIAN_POINT('Ctrl Pts',(1.58768864228154,-0.2511906918284,0.423609610646094));
#2560=CARTESIAN_POINT('Ctrl Pts',(1.59,-0.25084465200887,0.411435484719226));
#2561=CARTESIAN_POINT('Ctrl Pts',(1.59,-0.25084465200887,0.4));
#2562=CARTESIAN_POINT('Ctrl Pts',(1.59,-0.25084465200887,0.388564515280774));
#2563=CARTESIAN_POINT('Ctrl Pts',(1.58768864228154,-0.2511906918284,0.376390389353906));
#2564=CARTESIAN_POINT('Ctrl Pts',(1.58080944589694,-0.251632343049877,0.359972636171141));
#2565=CARTESIAN_POINT('Ctrl Pts',(1.57810714812068,-0.251748031016694,0.354934634907509));
#2566=CARTESIAN_POINT('Ctrl Pts',(1.57499904475295,-0.251748031016694,0.350249188085565));
#2567=CARTESIAN_POINT('',(1.57499904475295,-0.251748031016694,0.15));
#2568=CARTESIAN_POINT('',(1.57499904475295,-0.251748031016694,0.15));
#2569=CARTESIAN_POINT('',(1.69999904475295,-0.126748031016694,0.15));
#2570=CARTESIAN_POINT('Origin',(1.57499904475295,-0.126748031016694,0.15));
#2571=CARTESIAN_POINT('',(1.69999904475295,-0.126748031016694,0.65));
#2572=CARTESIAN_POINT('',(1.69999904475295,-0.126748031016694,0.15));
#2573=CARTESIAN_POINT('',(1.57499904475295,-0.251748031016694,0.65));
#2574=CARTESIAN_POINT('Origin',(1.57499904475295,-0.126748031016694,0.65));
#2575=CARTESIAN_POINT('',(1.57499904475295,-0.251748031016694,0.15));
#2576=CARTESIAN_POINT('Origin',(1.5,0.248251968983307,0.4));
#2577=CARTESIAN_POINT('',(1.57499904475295,0.248251968983306,0.350249188085565));
#2578=CARTESIAN_POINT('',(1.57499904475295,0.248251968983306,0.449750811914435));
#2579=CARTESIAN_POINT('Ctrl Pts',(1.57499904475295,0.248251968983306,0.350249188085565));
#2580=CARTESIAN_POINT('Ctrl Pts',(1.57810714812068,0.248251968983306,0.354934634907509));
#2581=CARTESIAN_POINT('Ctrl Pts',(1.58080944589694,0.248136281016489,0.359972636171141));
#2582=CARTESIAN_POINT('Ctrl Pts',(1.58768864228154,0.247694629795012,0.376390389353906));
#2583=CARTESIAN_POINT('Ctrl Pts',(1.59,0.247348589975483,0.388564515280774));
#2584=CARTESIAN_POINT('Ctrl Pts',(1.59,0.247348589975483,0.411435484719226));
#2585=CARTESIAN_POINT('Ctrl Pts',(1.58768864228154,0.247694629795012,0.423609610646094));
#2586=CARTESIAN_POINT('Ctrl Pts',(1.58080944589694,0.248136281016489,0.440027363828859));
#2587=CARTESIAN_POINT('Ctrl Pts',(1.57810714812068,0.248251968983306,0.445065365092491));
#2588=CARTESIAN_POINT('Ctrl Pts',(1.57499904475295,0.248251968983306,0.449750811914435));
#2589=CARTESIAN_POINT('',(1.41,0.248251968983306,0.4));
#2590=CARTESIAN_POINT('Origin',(1.5,0.248251968983306,0.4));
#2591=CARTESIAN_POINT('',(1.41,-0.251748031016694,0.4));
#2592=CARTESIAN_POINT('',(1.41,0.248251968983307,0.4));
#2593=CARTESIAN_POINT('Origin',(1.5,-0.251748031016693,0.4));
#2594=CARTESIAN_POINT('Origin',(1.5,-0.251748031016693,0.4));
#2595=CARTESIAN_POINT('Origin',(1.5,0.248251968983306,0.4));
#2596=CARTESIAN_POINT('Origin',(1.25,-3.49676543189026E-16,0.65));
#2597=CARTESIAN_POINT('',(1.69999904475295,-0.251748031016694,0.65));
#2598=CARTESIAN_POINT('',(1.69999904475295,0.123251968983306,0.65));
#2599=CARTESIAN_POINT('',(1.69999904475295,-0.251748031016694,0.65));
#2600=CARTESIAN_POINT('',(1.57499904475295,0.248251968983306,0.65));
#2601=CARTESIAN_POINT('Origin',(1.57499904475295,0.123251968983306,0.65));
#2602=CARTESIAN_POINT('',(0.924999021619432,0.248251968983306,0.65));
#2603=CARTESIAN_POINT('',(1.69999904475295,0.248251968983306,0.65));
#2604=CARTESIAN_POINT('',(0.799999021619432,0.123251968983306,0.65));
#2605=CARTESIAN_POINT('Origin',(0.924999021619432,0.123251968983306,0.65));
#2606=CARTESIAN_POINT('',(0.799999021619432,-0.126748031016694,0.65));
#2607=CARTESIAN_POINT('',(0.799999021619432,0.248251968983306,0.65));
#2608=CARTESIAN_POINT('',(0.924999021619432,-0.251748031016694,0.65));
#2609=CARTESIAN_POINT('Origin',(0.924999021619432,-0.126748031016694,0.65));
#2610=CARTESIAN_POINT('',(0.799999021619432,-0.251748031016694,0.65));
#2611=CARTESIAN_POINT('Origin',(1.57499904475295,0.123251968983306,0.15));
#2612=CARTESIAN_POINT('',(1.69999904475295,0.123251968983306,0.15));
#2613=CARTESIAN_POINT('',(1.69999904475295,0.123251968983306,0.15));
#2614=CARTESIAN_POINT('',(1.57499904475295,0.248251968983306,0.15));
#2615=CARTESIAN_POINT('Origin',(1.57499904475295,0.123251968983306,0.15));
#2616=CARTESIAN_POINT('',(1.57499904475295,0.248251968983306,0.15));
#2617=CARTESIAN_POINT('',(1.57499904475295,0.248251968983306,0.15));
#2618=CARTESIAN_POINT('Origin',(1.25,-3.49676543189026E-16,0.15));
#2619=CARTESIAN_POINT('',(0.924999021619432,0.248251968983306,0.15));
#2620=CARTESIAN_POINT('Origin',(0.924999021619432,0.123251968983306,0.15));
#2621=CARTESIAN_POINT('',(1.69999904475295,0.248251968983306,0.15));
#2622=CARTESIAN_POINT('',(1.69999904475295,-0.251748031016694,0.15));
#2623=CARTESIAN_POINT('Origin',(0.924999021619432,-0.126748031016694,0.15));
#2624=CARTESIAN_POINT('',(0.924999021619432,-0.251748031016694,0.15));
#2625=CARTESIAN_POINT('Origin',(0.924999021619432,-0.126748031016694,0.15));
#2626=CARTESIAN_POINT('',(0.924999021619432,-0.251748031016694,0.350252103140358));
#2627=CARTESIAN_POINT('',(0.924999021619432,-0.251748031016694,0.15));
#2628=CARTESIAN_POINT('',(0.91,-0.250844885732918,0.4));
#2629=CARTESIAN_POINT('Ctrl Pts',(0.924999021619432,-0.251748031016694,
0.350252103140358));
#2630=CARTESIAN_POINT('Ctrl Pts',(0.921891698506665,-0.251748031016694,
0.354936768991853));
#2631=CARTESIAN_POINT('Ctrl Pts',(0.919190044189131,-0.251632401416088,
0.359973824797043));
#2632=CARTESIAN_POINT('Ctrl Pts',(0.912311334311171,-0.251190884786981,
0.376390505543793));
#2633=CARTESIAN_POINT('Ctrl Pts',(0.91,-0.250844885732918,0.388564574655652));
#2634=CARTESIAN_POINT('Ctrl Pts',(0.91,-0.250844885732918,0.4));
#2635=CARTESIAN_POINT('',(0.924999021619432,-0.251748031016694,0.449747896859642));
#2636=CARTESIAN_POINT('Ctrl Pts',(0.91,-0.250844885732918,0.4));
#2637=CARTESIAN_POINT('Ctrl Pts',(0.91,-0.250844885732918,0.411435425344348));
#2638=CARTESIAN_POINT('Ctrl Pts',(0.912311334311171,-0.251190884786981,
0.423609494456207));
#2639=CARTESIAN_POINT('Ctrl Pts',(0.919190044189131,-0.251632401416088,
0.440026175202957));
#2640=CARTESIAN_POINT('Ctrl Pts',(0.921891698506665,-0.251748031016694,
0.445063231008147));
#2641=CARTESIAN_POINT('Ctrl Pts',(0.924999021619432,-0.251748031016694,
0.449747896859642));
#2642=CARTESIAN_POINT('',(0.924999021619432,-0.251748031016694,0.15));
#2643=CARTESIAN_POINT('',(0.799999021619432,-0.126748031016694,0.15));
#2644=CARTESIAN_POINT('Origin',(0.799999021619432,0.248251968983306,0.15));
#2645=CARTESIAN_POINT('',(0.799999021619432,0.123251968983306,0.15));
#2646=CARTESIAN_POINT('Origin',(0.799999021619432,-0.251748031016694,0.15));
#2647=CARTESIAN_POINT('Origin',(1.,-0.251748031016694,0.4));
#2648=CARTESIAN_POINT('',(0.799999021619432,-0.251748031016694,0.15));
#2649=CARTESIAN_POINT('Origin',(1.,0.248251968983307,0.4));
#2650=CARTESIAN_POINT('',(0.924999021619432,0.248251968983306,0.449747896859642));
#2651=CARTESIAN_POINT('',(0.91,0.247348823699531,0.4));
#2652=CARTESIAN_POINT('Ctrl Pts',(0.924999021619432,0.248251968983306,0.449747896859642));
#2653=CARTESIAN_POINT('Ctrl Pts',(0.921891698506665,0.248251968983306,0.445063231008147));
#2654=CARTESIAN_POINT('Ctrl Pts',(0.919190044189131,0.2481363393827,0.440026175202957));
#2655=CARTESIAN_POINT('Ctrl Pts',(0.912311334311171,0.247694822753593,0.423609494456207));
#2656=CARTESIAN_POINT('Ctrl Pts',(0.91,0.247348823699531,0.411435425344348));
#2657=CARTESIAN_POINT('Ctrl Pts',(0.91,0.247348823699531,0.4));
#2658=CARTESIAN_POINT('',(0.924999021619432,0.248251968983306,0.350252103140358));
#2659=CARTESIAN_POINT('Origin',(1.,0.248251968983306,0.4));
#2660=CARTESIAN_POINT('Ctrl Pts',(0.91,0.247348823699531,0.4));
#2661=CARTESIAN_POINT('Ctrl Pts',(0.91,0.247348823699531,0.388564574655652));
#2662=CARTESIAN_POINT('Ctrl Pts',(0.912311334311171,0.247694822753593,0.376390505543793));
#2663=CARTESIAN_POINT('Ctrl Pts',(0.919190044189131,0.2481363393827,0.359973824797043));
#2664=CARTESIAN_POINT('Ctrl Pts',(0.921891698506665,0.248251968983306,0.354936768991853));
#2665=CARTESIAN_POINT('Ctrl Pts',(0.924999021619432,0.248251968983306,0.350252103140358));
#2666=CARTESIAN_POINT('',(0.91,0.248251968983307,0.4));
#2667=CARTESIAN_POINT('Origin',(0.924999021619432,0.123251968983306,0.15));
#2668=CARTESIAN_POINT('',(0.924999021619432,0.248251968983306,0.15));
#2669=CARTESIAN_POINT('',(0.924999021619432,0.248251968983306,0.15));
#2670=CARTESIAN_POINT('Origin',(1.69999904475295,0.248251968983306,0.15));
#2671=CARTESIAN_POINT('Origin',(-1.57499904475295,0.123251968983306,0.15));
#2672=CARTESIAN_POINT('',(-1.57499904475295,0.248251968983306,0.449750811914435));
#2673=CARTESIAN_POINT('',(-1.59,0.247348589975483,0.4));
#2674=CARTESIAN_POINT('Ctrl Pts',(-1.57499904475295,0.248251968983306,0.449750811914435));
#2675=CARTESIAN_POINT('Ctrl Pts',(-1.57810714812068,0.248251968983306,0.44506536509249));
#2676=CARTESIAN_POINT('Ctrl Pts',(-1.58080944589694,0.248136281016489,0.440027363828859));
#2677=CARTESIAN_POINT('Ctrl Pts',(-1.58768864228154,0.247694629795012,0.423609610646093));
#2678=CARTESIAN_POINT('Ctrl Pts',(-1.59,0.247348589975483,0.411435484719226));
#2679=CARTESIAN_POINT('Ctrl Pts',(-1.59,0.247348589975483,0.4));
#2680=CARTESIAN_POINT('',(-1.57499904475295,0.248251968983306,0.350249188085565));
#2681=CARTESIAN_POINT('Ctrl Pts',(-1.59,0.247348589975483,0.4));
#2682=CARTESIAN_POINT('Ctrl Pts',(-1.59,0.247348589975483,0.388564515280774));
#2683=CARTESIAN_POINT('Ctrl Pts',(-1.58768864228154,0.247694629795012,0.376390389353907));
#2684=CARTESIAN_POINT('Ctrl Pts',(-1.58080944589694,0.248136281016489,0.359972636171141));
#2685=CARTESIAN_POINT('Ctrl Pts',(-1.57810714812068,0.248251968983306,0.35493463490751));
#2686=CARTESIAN_POINT('Ctrl Pts',(-1.57499904475295,0.248251968983306,0.350249188085565));
#2687=CARTESIAN_POINT('',(-1.57499904475295,0.248251968983306,0.15));
#2688=CARTESIAN_POINT('',(-1.57499904475295,0.248251968983306,0.15));
#2689=CARTESIAN_POINT('',(-1.69999904475295,0.123251968983306,0.15));
#2690=CARTESIAN_POINT('Origin',(-1.57499904475295,0.123251968983306,0.15));
#2691=CARTESIAN_POINT('',(-1.69999904475295,0.123251968983306,0.65));
#2692=CARTESIAN_POINT('',(-1.69999904475295,0.123251968983306,0.15));
#2693=CARTESIAN_POINT('',(-1.57499904475295,0.248251968983306,0.65));
#2694=CARTESIAN_POINT('Origin',(-1.57499904475295,0.123251968983306,0.65));
#2695=CARTESIAN_POINT('',(-1.57499904475295,0.248251968983306,0.15));
#2696=CARTESIAN_POINT('Origin',(-1.69999904475295,0.248251968983306,0.15));
#2697=CARTESIAN_POINT('',(-1.69999904475295,0.248251968983306,0.15));
#2698=CARTESIAN_POINT('',(-1.69999904475295,-0.126748031016694,0.15));
#2699=CARTESIAN_POINT('',(-1.69999904475295,0.248251968983306,0.15));
#2700=CARTESIAN_POINT('',(-1.69999904475295,-0.126748031016694,0.65));
#2701=CARTESIAN_POINT('',(-1.69999904475295,-0.126748031016694,0.15));
#2702=CARTESIAN_POINT('',(-1.69999904475295,0.248251968983306,0.65));
#2703=CARTESIAN_POINT('Origin',(-1.24999902161943,-0.00174803101669384,
0.15));
#2704=CARTESIAN_POINT('',(-0.924999021619432,0.248251968983306,0.15));
#2705=CARTESIAN_POINT('',(-0.799999021619432,0.248251968983306,0.15));
#2706=CARTESIAN_POINT('Origin',(-0.924999021619432,0.123251968983306,0.15));
#2707=CARTESIAN_POINT('Origin',(-1.57499904475295,-0.126748031016694,0.15));
#2708=CARTESIAN_POINT('',(-1.57499904475295,-0.251748031016694,0.65));
#2709=CARTESIAN_POINT('Origin',(-1.57499904475295,-0.126748031016694,0.65));
#2710=CARTESIAN_POINT('',(-1.57499904475295,-0.251748031016694,0.15));
#2711=CARTESIAN_POINT('Origin',(-1.57499904475295,-0.126748031016694,0.15));
#2712=CARTESIAN_POINT('',(-1.57499904475295,-0.251748031016694,0.350249188085565));
#2713=CARTESIAN_POINT('',(-1.57499904475295,-0.251748031016694,0.15));
#2714=CARTESIAN_POINT('',(-1.59,-0.25084465200887,0.4));
#2715=CARTESIAN_POINT('Ctrl Pts',(-1.57499904475295,-0.251748031016694,
0.350249188085565));
#2716=CARTESIAN_POINT('Ctrl Pts',(-1.57810714812068,-0.251748031016694,
0.35493463490751));
#2717=CARTESIAN_POINT('Ctrl Pts',(-1.58080944589694,-0.251632343049877,
0.359972636171141));
#2718=CARTESIAN_POINT('Ctrl Pts',(-1.58768864228154,-0.2511906918284,0.376390389353906));
#2719=CARTESIAN_POINT('Ctrl Pts',(-1.59,-0.25084465200887,0.388564515280774));
#2720=CARTESIAN_POINT('Ctrl Pts',(-1.59,-0.25084465200887,0.4));
#2721=CARTESIAN_POINT('',(-1.57499904475295,-0.251748031016694,0.449750811914435));
#2722=CARTESIAN_POINT('Ctrl Pts',(-1.59,-0.25084465200887,0.4));
#2723=CARTESIAN_POINT('Ctrl Pts',(-1.59,-0.25084465200887,0.411435484719226));
#2724=CARTESIAN_POINT('Ctrl Pts',(-1.58768864228154,-0.2511906918284,0.423609610646094));
#2725=CARTESIAN_POINT('Ctrl Pts',(-1.58080944589694,-0.251632343049877,
0.440027363828859));
#2726=CARTESIAN_POINT('Ctrl Pts',(-1.57810714812068,-0.251748031016694,
0.44506536509249));
#2727=CARTESIAN_POINT('Ctrl Pts',(-1.57499904475295,-0.251748031016694,
0.449750811914435));
#2728=CARTESIAN_POINT('',(-1.57499904475295,-0.251748031016694,0.15));
#2729=CARTESIAN_POINT('Origin',(-1.24999902161943,-0.00174803101669382,
0.65));
#2730=CARTESIAN_POINT('',(-0.924999021619432,-0.251748031016694,0.65));
#2731=CARTESIAN_POINT('',(-1.69999904475295,-0.251748031016694,0.65));
#2732=CARTESIAN_POINT('',(-0.799999021619432,-0.126748031016694,0.65));
#2733=CARTESIAN_POINT('Origin',(-0.924999021619432,-0.126748031016694,0.65));
#2734=CARTESIAN_POINT('',(-0.799999021619432,0.123251968983306,0.65));
#2735=CARTESIAN_POINT('',(-0.799999021619432,-0.251748031016694,0.65));
#2736=CARTESIAN_POINT('',(-0.924999021619432,0.248251968983306,0.65));
#2737=CARTESIAN_POINT('Origin',(-0.924999021619432,0.123251968983306,0.65));
#2738=CARTESIAN_POINT('',(-0.799999021619432,0.248251968983306,0.65));
#2739=CARTESIAN_POINT('Origin',(-0.924999021619432,-0.126748031016694,0.15));
#2740=CARTESIAN_POINT('',(-0.799999021619432,-0.126748031016694,0.15));
#2741=CARTESIAN_POINT('',(-0.924999021619432,-0.251748031016694,0.449747896859643));
#2742=CARTESIAN_POINT('',(-0.924999021619432,-0.251748031016694,0.15));
#2743=CARTESIAN_POINT('',(-0.924999021619432,-0.251748031016694,0.350252103140358));
#2744=CARTESIAN_POINT('Ctrl Pts',(-0.924999021619432,-0.251748031016694,
0.449747896859642));
#2745=CARTESIAN_POINT('Ctrl Pts',(-0.921891698506665,-0.251748031016694,
0.445063231008147));
#2746=CARTESIAN_POINT('Ctrl Pts',(-0.919190044189132,-0.251632401416088,
0.440026175202958));
#2747=CARTESIAN_POINT('Ctrl Pts',(-0.912311334311171,-0.251190884786981,
0.423609494456207));
#2748=CARTESIAN_POINT('Ctrl Pts',(-0.91,-0.250844885732918,0.411435425344348));
#2749=CARTESIAN_POINT('Ctrl Pts',(-0.91,-0.250844885732918,0.4));
#2750=CARTESIAN_POINT('Ctrl Pts',(-0.91,-0.250844885732918,0.388564574655652));
#2751=CARTESIAN_POINT('Ctrl Pts',(-0.912311334311171,-0.25119088478698,
0.376390505543793));
#2752=CARTESIAN_POINT('Ctrl Pts',(-0.919190044189131,-0.251632401416088,
0.359973824797043));
#2753=CARTESIAN_POINT('Ctrl Pts',(-0.921891698506665,-0.251748031016694,
0.354936768991853));
#2754=CARTESIAN_POINT('Ctrl Pts',(-0.924999021619432,-0.251748031016694,
0.350252103140358));
#2755=CARTESIAN_POINT('',(-0.924999021619432,-0.251748031016694,0.15));
#2756=CARTESIAN_POINT('',(-0.924999021619432,-0.251748031016694,0.15));
#2757=CARTESIAN_POINT('Origin',(-0.924999021619432,-0.126748031016694,0.15));
#2758=CARTESIAN_POINT('Origin',(-1.24999902161943,-0.00174803101669384,
0.15));
#2759=CARTESIAN_POINT('',(-1.69999904475295,-0.251748031016694,0.15));
#2760=CARTESIAN_POINT('Origin',(-1.69999904475295,-0.251748031016694,0.15));
#2761=CARTESIAN_POINT('',(-1.09,-0.251748031016694,0.4));
#2762=CARTESIAN_POINT('Origin',(-1.,-0.251748031016694,0.4));
#2763=CARTESIAN_POINT('Origin',(-1.,-0.251748031016694,0.4));
#2764=CARTESIAN_POINT('Origin',(-1.5,-0.251748031016694,0.4));
#2765=CARTESIAN_POINT('Origin',(-1.,0.248251968983306,0.4));
#2766=CARTESIAN_POINT('',(-0.924999021619432,0.248251968983306,0.350252103140358));
#2767=CARTESIAN_POINT('',(-0.924999021619432,0.248251968983306,0.449747896859643));
#2768=CARTESIAN_POINT('Ctrl Pts',(-0.924999021619432,0.248251968983306,
0.350252103140358));
#2769=CARTESIAN_POINT('Ctrl Pts',(-0.921891698506665,0.248251968983306,
0.354936768991853));
#2770=CARTESIAN_POINT('Ctrl Pts',(-0.919190044189131,0.2481363393827,0.359973824797043));
#2771=CARTESIAN_POINT('Ctrl Pts',(-0.912311334311171,0.247694822753593,
0.376390505543793));
#2772=CARTESIAN_POINT('Ctrl Pts',(-0.91,0.247348823699531,0.388564574655652));
#2773=CARTESIAN_POINT('Ctrl Pts',(-0.91,0.247348823699531,0.411435425344348));
#2774=CARTESIAN_POINT('Ctrl Pts',(-0.912311334311171,0.247694822753593,
0.423609494456207));
#2775=CARTESIAN_POINT('Ctrl Pts',(-0.919190044189132,0.2481363393827,0.440026175202957));
#2776=CARTESIAN_POINT('Ctrl Pts',(-0.921891698506665,0.248251968983306,
0.445063231008147));
#2777=CARTESIAN_POINT('Ctrl Pts',(-0.924999021619432,0.248251968983306,
0.449747896859642));
#2778=CARTESIAN_POINT('',(-1.09,0.248251968983306,0.4));
#2779=CARTESIAN_POINT('Origin',(-1.,0.248251968983306,0.4));
#2780=CARTESIAN_POINT('',(-1.09,0.248251968983306,0.4));
#2781=CARTESIAN_POINT('Origin',(-1.,0.248251968983306,0.4));
#2782=CARTESIAN_POINT('Origin',(-0.924999021619432,0.123251968983306,0.15));
#2783=CARTESIAN_POINT('',(-0.924999021619432,0.248251968983306,0.15));
#2784=CARTESIAN_POINT('',(-0.924999021619432,0.248251968983306,0.15));
#2785=CARTESIAN_POINT('',(-0.799999021619432,0.123251968983306,0.15));
#2786=CARTESIAN_POINT('Origin',(-0.799999021619432,-0.251748031016694,0.15));
#2787=CARTESIAN_POINT('Origin',(-0.799999021619432,0.248251968983306,0.15));
#2788=CARTESIAN_POINT('Origin',(-1.5,0.248251968983306,0.4));
#2789=CARTESIAN_POINT('Origin',(-1.5,0.248251968983306,0.4));
#2790=CARTESIAN_POINT('',(-1.59,0.248251968983306,0.4));
#2791=CARTESIAN_POINT('Origin',(1.25,-3.49676543189026E-16,0.15));
#2792=CARTESIAN_POINT('',(1.69999904475295,-0.251748031016694,0.15));
#2793=CARTESIAN_POINT('Origin',(1.69999904475295,-0.251748031016694,0.15));
#2794=CARTESIAN_POINT('Origin',(1.69999904475295,0.000618140686888647,0.15));
#2795=CARTESIAN_POINT('Origin',(-1.4998823502581,-0.101864634312633,-0.25));
#2796=CARTESIAN_POINT('',(-1.39999902153578,-0.101864634312633,-0.25));
#2797=CARTESIAN_POINT('Origin',(-1.4998823502581,-0.101864634312633,-0.25));
#2798=CARTESIAN_POINT('',(-1.14999902153578,-0.101864634312633,0.));
#2799=CARTESIAN_POINT('Origin',(-1.14999902153578,-0.101864634312633,-0.25));
#2800=CARTESIAN_POINT('Origin',(-1.4998823502581,-0.101864634312633,0.));
#2801=CARTESIAN_POINT('Origin',(-1.14999902153578,0.0486307429084228,-0.25));
#2802=CARTESIAN_POINT('',(-1.39999902153578,0.0981355013251927,-0.25));
#2803=CARTESIAN_POINT('',(-1.14999902153578,0.0981355013251927,0.));
#2804=CARTESIAN_POINT('Origin',(-1.14999902153578,0.0981355013251927,-0.25));
#2805=CARTESIAN_POINT('',(-1.14999902153578,0.0486307429084228,0.));
#2806=CARTESIAN_POINT('',(-1.39999902153578,0.0486307429084228,-0.25));
#2807=CARTESIAN_POINT('Origin',(-1.50011542137041,0.0981355013251927,-0.25));
#2808=CARTESIAN_POINT('Origin',(-1.50011542137041,0.0981355013251927,0.));
#2809=CARTESIAN_POINT('Origin',(-1.50011542137041,0.0981355013251927,-0.25));
#2810=CARTESIAN_POINT('Origin',(-1.50011542137041,0.0981355013251927,0.));
#2811=CARTESIAN_POINT('',(-1.39999902153578,0.0981355013251927,-0.990513773118471));
#2812=CARTESIAN_POINT('',(-1.39999902153578,0.0981355013251927,0.));
#2813=CARTESIAN_POINT('',(-1.4476912282202,0.183429097148078,-0.990513773118471));
#2814=CARTESIAN_POINT('Origin',(-1.50011542137041,0.0981355013251927,-0.990513773118471));
#2815=CARTESIAN_POINT('Origin',(-1.50011542137041,0.0981355013251927,-0.990513773118471));
#2816=CARTESIAN_POINT('Origin',(-1.39999902153578,0.0981355013251927,0.));
#2817=CARTESIAN_POINT('',(-1.39999902153578,-0.101864634312633,-0.990513773118471));
#2818=CARTESIAN_POINT('',(-1.39999902153578,-0.101864634312633,0.));
#2819=CARTESIAN_POINT('',(-1.39999902153578,-0.000506455769469614,-0.990513773118471));
#2820=CARTESIAN_POINT('',(-1.39999902153578,0.0481936515023705,-0.990513773118471));
#2821=CARTESIAN_POINT('',(-1.39999902153578,0.0481936515023705,-0.990513773118471));
#2822=CARTESIAN_POINT('Origin',(-1.4998823502581,-0.101864634312633,0.));
#2823=CARTESIAN_POINT('',(-1.44749789158038,-0.186909021815235,-0.990513773118471));
#2824=CARTESIAN_POINT('Origin',(-1.4998823502581,-0.101864634312633,-0.990513773118471));
#2825=CARTESIAN_POINT('Origin',(-1.4998823502581,-0.101864634312633,-0.990513773118471));
#2826=CARTESIAN_POINT('Origin',(-1.50011542137041,0.0981355013251927,-0.990513773118471));
#2827=CARTESIAN_POINT('',(-1.38223717519193,0.289922134207652,-1.11551377311847));
#2828=CARTESIAN_POINT('Origin',(-1.38223717519193,0.289922134207651,-0.990513773118471));
#2829=CARTESIAN_POINT('',(-1.50037776166291,0.323251748300123,-1.11551377311847));
#2830=CARTESIAN_POINT('Origin',(-1.50011542137041,0.0981355013251927,-1.11551377311847));
#2831=CARTESIAN_POINT('Origin',(-1.50037776166291,0.323251748300123,-0.990513773118471));
#2832=CARTESIAN_POINT('Origin',(-1.49999902161943,-0.00174803101669378,
-0.990513773118471));
#2833=CARTESIAN_POINT('',(-1.68691880194724,0.26412034943161,-1.11551377311847));
#2834=CARTESIAN_POINT('Ctrl Pts',(-1.68691880194724,0.26412034943161,-1.11551377311847));
#2835=CARTESIAN_POINT('Ctrl Pts',(-1.68913542871546,0.241753302786063,-1.11551377311847));
#2836=CARTESIAN_POINT('Ctrl Pts',(-1.6916743204746,0.213481062899869,-1.11212860651587));
#2837=CARTESIAN_POINT('Ctrl Pts',(-1.69873484524427,0.108273772856313,-1.07588944508981));
#2838=CARTESIAN_POINT('Ctrl Pts',(-1.70001734468178,0.0462352788570221,
-1.02708280310473));
#2839=CARTESIAN_POINT('Ctrl Pts',(-1.6999990965403,-0.00163555752305961,
-0.990675361866072));
#2840=CARTESIAN_POINT('Ctrl Pts',(-1.69999904973587,-0.00174179099005095,
-0.990594567421418));
#2841=CARTESIAN_POINT('Ctrl Pts',(-1.69999899662281,-0.00184802426706285,
-0.990513773118471));
#2842=CARTESIAN_POINT('Origin',(-1.49999902161943,-0.00174803101669379,
-1.11551377311847));
#2843=CARTESIAN_POINT('Origin',(-1.50011542137041,0.0981355013251927,-0.990513773118471));
#2844=CARTESIAN_POINT('',(-1.39795682509209,0.0981355013251927,-1.01301662948401));
#2845=CARTESIAN_POINT('Ctrl Pts',(-1.39795682509209,0.0981355013251912,
-1.01301662948401));
#2846=CARTESIAN_POINT('Ctrl Pts',(-1.39792081959589,0.0990046954509598,
-1.01321336702956));
#2847=CARTESIAN_POINT('Ctrl Pts',(-1.39788462442651,0.0998669892481626,
-1.01346908312492));
#2848=CARTESIAN_POINT('Ctrl Pts',(-1.39773322585134,0.103428164941758,-1.01474417051775));
#2849=CARTESIAN_POINT('Ctrl Pts',(-1.39760670669484,0.106302035714682,-1.01629796257442));
#2850=CARTESIAN_POINT('Ctrl Pts',(-1.39695439318069,0.120414821973174,-1.02590162624864));
#2851=CARTESIAN_POINT('Ctrl Pts',(-1.39624881285174,0.134423533639146,-1.04003584106749));
#2852=CARTESIAN_POINT('Ctrl Pts',(-1.39373988307746,0.173311166557435,-1.07306088165165));
#2853=CARTESIAN_POINT('Ctrl Pts',(-1.3917752384188,0.200117839498971,-1.09314764400916));
#2854=CARTESIAN_POINT('Ctrl Pts',(-1.38652425411245,0.253364586111562,-1.11241408729402));
#2855=CARTESIAN_POINT('Ctrl Pts',(-1.38439132419128,0.272376478704847,-1.11551377311847));
#2856=CARTESIAN_POINT('Ctrl Pts',(-1.38223717519193,0.289922134207652,-1.11551377311847));
#2857=CARTESIAN_POINT('Origin',(-1.27499902153578,0.0981355013251927,-0.990513773118471));
#2858=CARTESIAN_POINT('Origin',(-1.27499902153578,0.0481936515023705,-0.990513773118471));
#2859=CARTESIAN_POINT('Ctrl Pts',(-1.39999902153578,-0.000506455769469614,
-0.990513773118471));
#2860=CARTESIAN_POINT('Ctrl Pts',(-1.39999902153578,0.0316443157979776,
-0.997876783759057));
#2861=CARTESIAN_POINT('Ctrl Pts',(-1.39934572051633,0.0646067384600918,
-1.0054275693238));
#2862=CARTESIAN_POINT('Ctrl Pts',(-1.39795682509209,0.0981355013251926,
-1.01301662948401));
#2863=CARTESIAN_POINT('Origin',(-1.49999902161943,-0.00174803101669378,
-0.990513773118471));
#2864=CARTESIAN_POINT('',(-1.68665285809788,-0.267803185689325,-1.11551377311847));
#2865=CARTESIAN_POINT('Ctrl Pts',(-1.69999899662281,-0.00184802426706285,
-0.990513773118471));
#2866=CARTESIAN_POINT('Ctrl Pts',(-1.69999894350976,-0.00195425751579026,
-0.990594567399906));
#2867=CARTESIAN_POINT('Ctrl Pts',(-1.69999888408786,-0.00206049103321269,
-0.990675361887472));
#2868=CARTESIAN_POINT('Ctrl Pts',(-1.6999789556691,-0.034268699309247,-1.01517083092498));
#2869=CARTESIAN_POINT('Ctrl Pts',(-1.69938203470032,-0.068001799150758,
-1.04080770692391));
#2870=CARTESIAN_POINT('Ctrl Pts',(-1.69691331688697,-0.132438673510208,
-1.07973561251012));
#2871=CARTESIAN_POINT('Ctrl Pts',(-1.6950930227212,-0.167266872764467,-1.09728246499869));
#2872=CARTESIAN_POINT('Ctrl Pts',(-1.69038864319884,-0.228540414546405,
-1.11311333645592));
#2873=CARTESIAN_POINT('Ctrl Pts',(-1.68851505110346,-0.249202125713906,
-1.11551377311847));
#2874=CARTESIAN_POINT('Ctrl Pts',(-1.68665285809788,-0.267803185689323,
-1.11551377311847));
#2875=CARTESIAN_POINT('',(-1.49962028157595,-0.32674781033351,-1.11551377311847));
#2876=CARTESIAN_POINT('Origin',(-1.49999902161943,-0.00174803101669379,
-1.11551377311847));
#2877=CARTESIAN_POINT('Origin',(-1.49962028157595,-0.32674781033351,-0.990513773118471));
#2878=CARTESIAN_POINT('Origin',(-1.4998823502581,-0.101864634312633,-0.990513773118471));
#2879=CARTESIAN_POINT('',(-1.38194083197417,-0.293338679034397,-1.11551377311847));
#2880=CARTESIAN_POINT('Origin',(-1.38194083197417,-0.293338679034396,-0.990513773118471));
#2881=CARTESIAN_POINT('Origin',(-1.4998823502581,-0.101864634312633,-1.11551377311847));
#2882=CARTESIAN_POINT('Origin',(-1.4998823502581,-0.101864634312633,-0.990513773118471));
#2883=CARTESIAN_POINT('',(-1.39784275646659,-0.101864634312633,-1.0136312294718));
#2884=CARTESIAN_POINT('Ctrl Pts',(-1.38194083197417,-0.293338679034396,
-1.11551377311847));
#2885=CARTESIAN_POINT('Ctrl Pts',(-1.38314499099615,-0.283612465620989,
-1.11551377311847));
#2886=CARTESIAN_POINT('Ctrl Pts',(-1.38429631570745,-0.273817517863103,
-1.11455986549883));
#2887=CARTESIAN_POINT('Ctrl Pts',(-1.38723913442875,-0.247368543483231,
-1.10953503902026));
#2888=CARTESIAN_POINT('Ctrl Pts',(-1.38930283247694,-0.227281145541586,
-1.10320885984733));
#2889=CARTESIAN_POINT('Ctrl Pts',(-1.39379529266898,-0.174800506005785,
-1.07320973328813));
#2890=CARTESIAN_POINT('Ctrl Pts',(-1.39526975048697,-0.151624221442548,
-1.0518374191386));
#2891=CARTESIAN_POINT('Ctrl Pts',(-1.39692819882305,-0.122032610224415,
-1.02541847152949));
#2892=CARTESIAN_POINT('Ctrl Pts',(-1.39734283157984,-0.113263799264737,
-1.01791001149416));
#2893=CARTESIAN_POINT('Ctrl Pts',(-1.39773913510321,-0.104277733453609,
-1.01428963231509));
#2894=CARTESIAN_POINT('Ctrl Pts',(-1.3977915947697,-0.10306655276067,-1.01390309735536));
#2895=CARTESIAN_POINT('Ctrl Pts',(-1.39784275646659,-0.101864634312633,
-1.0136312294718));
#2896=CARTESIAN_POINT('Origin',(-1.27499902153578,-0.101864634312633,-0.990513773118471));
#2897=CARTESIAN_POINT('Origin',(-1.27499902153578,0.0481936515023705,-0.990513773118471));
#2898=CARTESIAN_POINT('Ctrl Pts',(-1.39784275646659,-0.101864634312632,
-1.0136312294718));
#2899=CARTESIAN_POINT('Ctrl Pts',(-1.39930981805501,-0.0673996244618131,
-1.00583541828305));
#2900=CARTESIAN_POINT('Ctrl Pts',(-1.39999902153578,-0.0335250067487607,
-0.998075518306677));
#2901=CARTESIAN_POINT('Ctrl Pts',(-1.39999902153578,-0.000506455769469614,
-0.990513773118471));
#2902=CARTESIAN_POINT('Origin',(-1.52495775074189,-0.00174819832045172,
-1.11551377311847));
#2903=CARTESIAN_POINT('',(-1.64695102684766,-0.531427196597201,-1.11551377311847));
#2904=CARTESIAN_POINT('Origin',(0.983318777262111,-0.000506455769469614,
-1.11551377311847));
#2905=CARTESIAN_POINT('',(-1.35288162259182,-0.472069200045541,-1.11551377311847));
#2906=CARTESIAN_POINT('Origin',(-1.49991632471974,-0.501748198321371,-1.11551377311847));
#2907=CARTESIAN_POINT('Origin',(0.983318777262111,-0.000506455769469614,
-1.11551377311847));
#2908=CARTESIAN_POINT('',(-1.40991636971973,-0.501658198343872,-1.11551377311847));
#2909=CARTESIAN_POINT('Origin',(-1.49991632471974,-0.501748198321371,-1.11551377311847));
#2910=CARTESIAN_POINT('Origin',(-1.52495775074189,-0.00174819832045172,
-1.11551377311847));
#2911=CARTESIAN_POINT('',(-1.35335201711829,0.468719852909502,-1.11551377311847));
#2912=CARTESIAN_POINT('Origin',(0.983318777262111,-0.000506455769469614,
-1.11551377311847));
#2913=CARTESIAN_POINT('',(-1.64748063232118,0.527783750451435,-1.11551377311847));
#2914=CARTESIAN_POINT('Origin',(-1.50041632471974,0.498251801680468,-1.11551377311847));
#2915=CARTESIAN_POINT('Origin',(0.983318777262111,-0.000506455769469614,
-1.11551377311847));
#2916=CARTESIAN_POINT('',(-1.41041636971973,0.498341801657968,-1.11551377311847));
#2917=CARTESIAN_POINT('Origin',(-1.50041632471974,0.498251801680468,-1.11551377311847));
#2918=CARTESIAN_POINT('Origin',(0.983318777262111,-0.000506455769469614,
-1.36551377311847));
#2919=CARTESIAN_POINT('',(-1.35288162259182,-0.472069200045541,-1.36551377311847));
#2920=CARTESIAN_POINT('',(-1.35335201711829,0.468719852909502,-1.36551377311847));
#2921=CARTESIAN_POINT('Origin',(0.983318777262111,-0.000506455769469614,
-1.36551377311847));
#2922=CARTESIAN_POINT('',(-1.35335201711829,0.468719852909502,-1.36551377311847));
#2923=CARTESIAN_POINT('',(-1.35288162259182,-0.472069200045541,-1.36551377311847));
#2924=CARTESIAN_POINT('Origin',(-1.50041632471974,0.498251801680468,-1.36551377311847));
#2925=CARTESIAN_POINT('',(-1.41041636971973,0.498341801657968,-1.36551377311847));
#2926=CARTESIAN_POINT('',(-1.41041636971973,0.498341801657968,-1.36551377311847));
#2927=CARTESIAN_POINT('Origin',(-1.50041632471974,0.498251801680468,-1.36551377311847));
#2928=CARTESIAN_POINT('Origin',(-1.49991632471974,-0.501748198321371,-1.36551377311847));
#2929=CARTESIAN_POINT('',(-1.40991636971973,-0.501658198343872,-1.36551377311847));
#2930=CARTESIAN_POINT('',(-1.40991636971973,-0.501658198343872,-1.36551377311847));
#2931=CARTESIAN_POINT('Origin',(-1.49991632471974,-0.501748198321371,-1.36551377311847));
#2932=CARTESIAN_POINT('Origin',(-1.50041632471974,0.498251801680468,-1.36551377311847));
#2933=CARTESIAN_POINT('',(-1.64748063232118,0.527783750451435,-1.36551377311847));
#2934=CARTESIAN_POINT('Origin',(-1.50041632471974,0.498251801680468,-1.36551377311847));
#2935=CARTESIAN_POINT('',(-1.64748063232118,0.527783750451435,-1.36551377311847));
#2936=CARTESIAN_POINT('Origin',(-1.49991632471974,-0.501748198321371,-1.36551377311847));
#2937=CARTESIAN_POINT('',(-1.64695102684766,-0.531427196597201,-1.36551377311847));
#2938=CARTESIAN_POINT('Origin',(-1.49991632471974,-0.501748198321371,-1.36551377311847));
#2939=CARTESIAN_POINT('',(-1.64695102684766,-0.531427196597201,-1.36551377311847));
#2940=CARTESIAN_POINT('Origin',(0.983318777262111,-0.000506455769469614,
-1.36551377311847));
#2941=CARTESIAN_POINT('Origin',(0.983318777262111,-0.000506455769469614,
-1.36551377311847));
#2942=CARTESIAN_POINT('Origin',(-1.54999902157761,-0.00174806492843351,
-1.36551377311847));
#2943=CARTESIAN_POINT('Origin',(-0.749999510809716,-0.000874015508347174,
0.));
#2944=CARTESIAN_POINT('Origin',(-2.62257407391769E-16,-5.24514814783538E-16,
0.));
#2945=CARTESIAN_POINT('',(0.59,-5.13492993591212E-16,0.));
#2946=CARTESIAN_POINT('Origin',(0.5,-5.24514814783538E-16,0.));
#2947=CARTESIAN_POINT('',(0.118110236220472,-5.10050482510145E-16,0.));
#2948=CARTESIAN_POINT('Origin',(-2.62257407391769E-16,-5.24514814783538E-16,
0.));
#2949=CARTESIAN_POINT('',(-0.41,-0.000582677385618419,0.));
#2950=CARTESIAN_POINT('Origin',(-0.5,-0.00058267738561843,0.));
#2951=CARTESIAN_POINT('Origin',(0.5,-5.24514814783538E-16,0.));
#2952=CARTESIAN_POINT('',(0.59,-5.13492993591212E-16,0.));
#2953=CARTESIAN_POINT('Origin',(-2.62257407391769E-16,-5.24514814783538E-16,
0.));
#2954=CARTESIAN_POINT('',(0.118110236220472,-5.10050482510145E-16,0.));
#2955=CARTESIAN_POINT('Origin',(-0.5,-0.00058267738561843,0.));
#2956=CARTESIAN_POINT('',(-0.41,-0.000582677385618419,0.));
#2957=CARTESIAN_POINT('Origin',(-2.62257407391769E-16,-5.24514814783538E-16,
0.));
#2958=UNCERTAINTY_MEASURE_WITH_UNIT(LENGTH_MEASURE(0.000393700787401575),
#2964,'DISTANCE_ACCURACY_VALUE',
'Maximum model space distance between geometric entities at asserted c
onnectivities');
#2959=UNCERTAINTY_MEASURE_WITH_UNIT(LENGTH_MEASURE(0.000393700787401575),
#2964,'DISTANCE_ACCURACY_VALUE',
'Maximum model space distance between geometric entities at asserted c
onnectivities');
#2960=(
GEOMETRIC_REPRESENTATION_CONTEXT(3)
GLOBAL_UNCERTAINTY_ASSIGNED_CONTEXT((#2958))
GLOBAL_UNIT_ASSIGNED_CONTEXT((#2964,#2968,#2969))
REPRESENTATION_CONTEXT('','3D')
);
#2961=(
GEOMETRIC_REPRESENTATION_CONTEXT(3)
GLOBAL_UNCERTAINTY_ASSIGNED_CONTEXT((#2959))
GLOBAL_UNIT_ASSIGNED_CONTEXT((#2964,#2968,#2969))
REPRESENTATION_CONTEXT('','3D')
);
#2962=DIMENSIONAL_EXPONENTS(1.,0.,0.,0.,0.,0.,0.);
#2963=DIMENSIONAL_EXPONENTS(0.,1.,0.,0.,0.,0.,0.);
#2964=(
CONVERSION_BASED_UNIT('inch',#2967)
LENGTH_UNIT()
NAMED_UNIT(#2962)
);
#2965=(
LENGTH_UNIT()
NAMED_UNIT(*)
SI_UNIT(.MILLI.,.METRE.)
);
#2966=(
LENGTH_UNIT()
NAMED_UNIT(*)
SI_UNIT(.CENTI.,.METRE.)
);
#2967=LENGTH_MEASURE_WITH_UNIT(LENGTH_MEASURE(25.4),#2965);
#2968=(
NAMED_UNIT(*)
PLANE_ANGLE_UNIT()
SI_UNIT($,.RADIAN.)
);
#2969=(
NAMED_UNIT(*)
SI_UNIT($,.STERADIAN.)
SOLID_ANGLE_UNIT()
);
#2970=SHAPE_DEFINITION_REPRESENTATION(#2971,#2972);
#2971=PRODUCT_DEFINITION_SHAPE('',$,#2974);
#2972=SHAPE_REPRESENTATION('',(#1526),#2960);
#2973=PRODUCT_DEFINITION_CONTEXT('part definition',#2978,'design');
#2974=PRODUCT_DEFINITION('DoublePod','DoublePod',#2975,#2973);
#2975=PRODUCT_DEFINITION_FORMATION('',$,#2980);
#2976=PRODUCT_RELATED_PRODUCT_CATEGORY('DoublePod','DoublePod',(#2980));
#2977=APPLICATION_PROTOCOL_DEFINITION('international standard',
'automotive_design',2009,#2978);
#2978=APPLICATION_CONTEXT(
'Core Data for Automotive Mechanical Design Process');
#2979=PRODUCT_CONTEXT('part definition',#2978,'mechanical');
#2980=PRODUCT('DoublePod','DoublePod',$,(#2979));
#2981=PRESENTATION_STYLE_ASSIGNMENT((#2982));
#2982=SURFACE_STYLE_USAGE(.BOTH.,#2985);
#2983=SURFACE_STYLE_RENDERING_WITH_PROPERTIES($,#2989,(#2984));
#2984=SURFACE_STYLE_TRANSPARENT(0.);
#2985=SURFACE_SIDE_STYLE('',(#2986,#2983));
#2986=SURFACE_STYLE_FILL_AREA(#2987);
#2987=FILL_AREA_STYLE('',(#2988));
#2988=FILL_AREA_STYLE_COLOUR('',#2989);
#2989=COLOUR_RGB('',0.0196078431372549,0.0196078431372549,0.0196078431372549);
ENDSEC;
END-ISO-10303-21;
