ISO-10303-21;
HEADER;
/* Generated by software containing ST-Developer
 * from STEP Tools, Inc. (www.steptools.com) 
 */

FILE_DESCRIPTION(
/* description */ (''),
/* implementation_level */ '2;1');

FILE_NAME(
/* name */ 'IntakeSupport.stp',
/* time_stamp */ '2025-09-16T15:50:30-04:00',
/* author */ ('Teddy'),
/* organization */ (''),
/* preprocessor_version */ 'ST-DEVELOPER v20.1',
/* originating_system */ 'Autodesk Inventor 2026',
/* authorisation */ '');

FILE_SCHEMA (('AUTOMOTIVE_DESIGN { 1 0 10303 214 3 1 1 }'));
ENDSEC;

DATA;
#10=MECHANICAL_DESIGN_GEOMETRIC_PRESENTATION_REPRESENTATION('',(#13),#1877);
#11=SHAPE_REPRESENTATION_RELATIONSHIP('SRR','None',#1888,#12);
#12=ADVANCED_BREP_SHAPE_REPRESENTATION('',(#14),#1876);
#13=STYLED_ITEM('',(#1897),#14);
#14=MANIFOLD_SOLID_BREP('Solid1',#950);
#15=ELLIPSE('',#1066,0.0500513719158227,0.05);
#16=ELLIPSE('',#1072,0.0500513719158227,0.05);
#17=(
BOUNDED_SURFACE()
B_SPLINE_SURFACE(2,2,((#1633,#1634,#1635,#1636,#1637),(#1638,#1639,#1640,
#1641,#1642),(#1643,#1644,#1645,#1646,#1647)),.UNSPECIFIED.,.F.,.F.,.F.)
B_SPLINE_SURFACE_WITH_KNOTS((3,3),(3,2,3),(-1.5071090427911E-16,1.42022805401822),
(-0.931676405781324,-1.11022302462516E-16,0.931676405781324),
 .UNSPECIFIED.)
GEOMETRIC_REPRESENTATION_ITEM()
RATIONAL_B_SPLINE_SURFACE(((1.,0.893445382369938,1.,0.893445382369938,1.),
(0.758287544405155,0.677488505057425,0.758287544405155,0.677488505057425,
0.758287544405155),(1.,0.893445382369938,1.,0.893445382369938,1.)))
REPRESENTATION_ITEM('')
SURFACE()
);
#18=(
BOUNDED_SURFACE()
B_SPLINE_SURFACE(2,2,((#1678,#1679,#1680),(#1681,#1682,#1683),(#1684,#1685,
#1686)),.UNSPECIFIED.,.F.,.F.,.F.)
B_SPLINE_SURFACE_WITH_KNOTS((3,3),(3,3),(-1.55443383514893E-15,1.42022805401822),
(-2.56599767363154,-1.52548497290912),.UNSPECIFIED.)
GEOMETRIC_REPRESENTATION_ITEM()
RATIONAL_B_SPLINE_SURFACE(((1.,0.867691775761644,1.),(0.758287544405153,
0.657959865942844,0.758287544405153),(1.,0.867691775761644,1.)))
REPRESENTATION_ITEM('')
SURFACE()
);
#19=(
BOUNDED_SURFACE()
B_SPLINE_SURFACE(2,2,((#1717,#1718,#1719),(#1720,#1721,#1722),(#1723,#1724,
#1725)),.UNSPECIFIED.,.F.,.F.,.F.)
B_SPLINE_SURFACE_WITH_KNOTS((3,3),(3,3),(-3.13121579040792E-15,1.46057327680715),
(-1.52548497290913,-6.72723388044018E-12),.UNSPECIFIED.)
GEOMETRIC_REPRESENTATION_ITEM()
RATIONAL_B_SPLINE_SURFACE(((1.,0.722943929551964,1.),(0.744983221287565,
0.538581097447912,0.744983221287565),(1.,0.722943929551964,1.)))
REPRESENTATION_ITEM('')
SURFACE()
);
#20=(
BOUNDED_SURFACE()
B_SPLINE_SURFACE(2,2,((#1754,#1755,#1756,#1757,#1758),(#1759,#1760,#1761,
#1762,#1763),(#1764,#1765,#1766,#1767,#1768)),.UNSPECIFIED.,.F.,.F.,.F.)
B_SPLINE_SURFACE_WITH_KNOTS((3,3),(3,2,3),(-7.05005156128265E-15,1.46057327680715),
(-6.72378038760612E-12,0.965134063859525,1.93026812773197),
 .UNSPECIFIED.)
GEOMETRIC_REPRESENTATION_ITEM()
RATIONAL_B_SPLINE_SURFACE(((1.,0.885806599698048,1.,0.885806599698048,1.),
(0.744983221287563,0.659911054080835,0.744983221287563,0.659911054080835,
0.744983221287563),(1.,0.885806599698048,1.,0.885806599698048,1.)))
REPRESENTATION_ITEM('')
SURFACE()
);
#21=FACE_BOUND('',#251,.T.);
#22=FACE_BOUND('',#252,.T.);
#23=FACE_BOUND('',#256,.T.);
#24=FACE_BOUND('',#257,.T.);
#25=FACE_BOUND('',#284,.T.);
#26=FACE_BOUND('',#285,.T.);
#27=FACE_BOUND('',#299,.T.);
#28=FACE_BOUND('',#300,.T.);
#29=SPHERICAL_SURFACE('',#1003,0.1);
#30=PLANE('',#985);
#31=PLANE('',#1005);
#32=PLANE('',#1008);
#33=PLANE('',#1010);
#34=PLANE('',#1063);
#35=PLANE('',#1067);
#36=PLANE('',#1073);
#37=PLANE('',#1075);
#38=PLANE('',#1078);
#39=PLANE('',#1083);
#40=PLANE('',#1089);
#41=TOROIDAL_SURFACE('',#975,0.225,0.125);
#42=TOROIDAL_SURFACE('',#981,0.15,0.1);
#43=TOROIDAL_SURFACE('',#994,1.36466329527684,0.1);
#44=TOROIDAL_SURFACE('',#1013,1.36466329527684,0.1);
#45=TOROIDAL_SURFACE('',#1043,3.15144977609967,0.1);
#46=TOROIDAL_SURFACE('',#1046,3.15144977609967,0.1);
#47=LINE('',#1443,#101);
#48=LINE('',#1444,#102);
#49=LINE('',#1455,#103);
#50=LINE('',#1456,#104);
#51=LINE('',#1543,#105);
#52=LINE('',#1549,#106);
#53=LINE('',#1553,#107);
#54=LINE('',#1566,#108);
#55=LINE('',#1569,#109);
#56=LINE('',#1575,#110);
#57=LINE('',#1577,#111);
#58=LINE('',#1581,#112);
#59=LINE('',#1583,#113);
#60=LINE('',#1585,#114);
#61=LINE('',#1587,#115);
#62=LINE('',#1588,#116);
#63=LINE('',#1594,#117);
#64=LINE('',#1596,#118);
#65=LINE('',#1598,#119);
#66=LINE('',#1620,#120);
#67=LINE('',#1632,#121);
#68=LINE('',#1659,#122);
#69=LINE('',#1665,#123);
#70=LINE('',#1677,#124);
#71=LINE('',#1698,#125);
#72=LINE('',#1704,#126);
#73=LINE('',#1716,#127);
#74=LINE('',#1737,#128);
#75=LINE('',#1773,#129);
#76=LINE('',#1777,#130);
#77=LINE('',#1781,#131);
#78=LINE('',#1785,#132);
#79=LINE('',#1789,#133);
#80=LINE('',#1792,#134);
#81=LINE('',#1794,#135);
#82=LINE('',#1798,#136);
#83=LINE('',#1804,#137);
#84=LINE('',#1814,#138);
#85=LINE('',#1821,#139);
#86=LINE('',#1824,#140);
#87=LINE('',#1829,#141);
#88=LINE('',#1840,#142);
#89=LINE('',#1841,#143);
#90=LINE('',#1842,#144);
#91=LINE('',#1844,#145);
#92=LINE('',#1846,#146);
#93=LINE('',#1849,#147);
#94=LINE('',#1853,#148);
#95=LINE('',#1854,#149);
#96=LINE('',#1857,#150);
#97=LINE('',#1861,#151);
#98=LINE('',#1865,#152);
#99=LINE('',#1866,#153);
#100=LINE('',#1870,#154);
#101=VECTOR('',#1098,0.393700787401575);
#102=VECTOR('',#1099,0.393700787401575);
#103=VECTOR('',#1112,0.393700787401575);
#104=VECTOR('',#1113,0.393700787401575);
#105=VECTOR('',#1130,0.393700787401575);
#106=VECTOR('',#1135,0.393700787401575);
#107=VECTOR('',#1138,0.393700787401575);
#108=VECTOR('',#1153,0.393700787401575);
#109=VECTOR('',#1156,0.393700787401575);
#110=VECTOR('',#1161,0.393700787401575);
#111=VECTOR('',#1164,0.393700787401575);
#112=VECTOR('',#1171,0.393700787401575);
#113=VECTOR('',#1172,0.393700787401575);
#114=VECTOR('',#1173,0.393700787401575);
#115=VECTOR('',#1174,0.393700787401575);
#116=VECTOR('',#1175,0.393700787401575);
#117=VECTOR('',#1182,0.393700787401575);
#118=VECTOR('',#1185,0.393700787401575);
#119=VECTOR('',#1188,0.393700787401575);
#120=VECTOR('',#1203,0.393700787401575);
#121=VECTOR('',#1210,0.393700787401575);
#122=VECTOR('',#1217,0.393700787401575);
#123=VECTOR('',#1224,0.393700787401575);
#124=VECTOR('',#1231,0.393700787401575);
#125=VECTOR('',#1238,0.393700787401575);
#126=VECTOR('',#1245,0.393700787401575);
#127=VECTOR('',#1252,0.393700787401575);
#128=VECTOR('',#1259,0.393700787401575);
#129=VECTOR('',#1280,0.0899999999999995);
#130=VECTOR('',#1285,0.0899999999999995);
#131=VECTOR('',#1290,0.086);
#132=VECTOR('',#1295,0.086);
#133=VECTOR('',#1300,0.393700787401575);
#134=VECTOR('',#1305,0.0859999999999998);
#135=VECTOR('',#1308,0.0859999999999998);
#136=VECTOR('',#1313,0.393700787401575);
#137=VECTOR('',#1318,0.05);
#138=VECTOR('',#1319,0.05);
#139=VECTOR('',#1326,0.393700787401575);
#140=VECTOR('',#1329,0.393700787401575);
#141=VECTOR('',#1334,0.393700787401575);
#142=VECTOR('',#1337,0.393700787401575);
#143=VECTOR('',#1338,0.393700787401575);
#144=VECTOR('',#1339,0.393700787401575);
#145=VECTOR('',#1342,0.393700787401575);
#146=VECTOR('',#1345,0.393700787401575);
#147=VECTOR('',#1348,0.393700787401575);
#148=VECTOR('',#1353,0.393700787401575);
#149=VECTOR('',#1354,0.393700787401575);
#150=VECTOR('',#1357,0.393700787401575);
#151=VECTOR('',#1362,0.393700787401575);
#152=VECTOR('',#1367,0.393700787401575);
#153=VECTOR('',#1368,0.393700787401575);
#154=VECTOR('',#1375,0.393700787401575);
#155=CYLINDRICAL_SURFACE('',#973,0.125);
#156=CYLINDRICAL_SURFACE('',#979,0.125);
#157=CYLINDRICAL_SURFACE('',#997,0.1);
#158=CYLINDRICAL_SURFACE('',#1000,0.1);
#159=CYLINDRICAL_SURFACE('',#1009,0.1);
#160=CYLINDRICAL_SURFACE('',#1016,0.1);
#161=CYLINDRICAL_SURFACE('',#1019,0.1);
#162=CYLINDRICAL_SURFACE('',#1023,0.1);
#163=CYLINDRICAL_SURFACE('',#1025,0.1);
#164=CYLINDRICAL_SURFACE('',#1028,0.1);
#165=CYLINDRICAL_SURFACE('',#1032,0.1);
#166=CYLINDRICAL_SURFACE('',#1034,0.1);
#167=CYLINDRICAL_SURFACE('',#1037,0.1);
#168=CYLINDRICAL_SURFACE('',#1041,0.1);
#169=CYLINDRICAL_SURFACE('',#1051,0.0899999999999995);
#170=CYLINDRICAL_SURFACE('',#1053,0.0899999999999995);
#171=CYLINDRICAL_SURFACE('',#1055,0.086);
#172=CYLINDRICAL_SURFACE('',#1057,0.086);
#173=CYLINDRICAL_SURFACE('',#1059,0.0500000000000001);
#174=CYLINDRICAL_SURFACE('',#1061,0.0859999999999998);
#175=CYLINDRICAL_SURFACE('',#1062,0.0859999999999998);
#176=CYLINDRICAL_SURFACE('',#1065,0.05);
#177=CYLINDRICAL_SURFACE('',#1071,0.05);
#178=CYLINDRICAL_SURFACE('',#1074,0.175);
#179=CYLINDRICAL_SURFACE('',#1076,0.175);
#180=CYLINDRICAL_SURFACE('',#1079,0.175);
#181=CYLINDRICAL_SURFACE('',#1081,1.46466329527684);
#182=CYLINDRICAL_SURFACE('',#1084,0.0212500000000005);
#183=CYLINDRICAL_SURFACE('',#1086,3.05144977609967);
#184=CYLINDRICAL_SURFACE('',#1088,0.175);
#185=FACE_OUTER_BOUND('',#239,.T.);
#186=FACE_OUTER_BOUND('',#240,.T.);
#187=FACE_OUTER_BOUND('',#241,.T.);
#188=FACE_OUTER_BOUND('',#242,.T.);
#189=FACE_OUTER_BOUND('',#243,.T.);
#190=FACE_OUTER_BOUND('',#244,.T.);
#191=FACE_OUTER_BOUND('',#245,.T.);
#192=FACE_OUTER_BOUND('',#246,.T.);
#193=FACE_OUTER_BOUND('',#247,.T.);
#194=FACE_OUTER_BOUND('',#248,.T.);
#195=FACE_OUTER_BOUND('',#249,.T.);
#196=FACE_OUTER_BOUND('',#250,.T.);
#197=FACE_OUTER_BOUND('',#253,.T.);
#198=FACE_OUTER_BOUND('',#254,.T.);
#199=FACE_OUTER_BOUND('',#255,.T.);
#200=FACE_OUTER_BOUND('',#258,.T.);
#201=FACE_OUTER_BOUND('',#259,.T.);
#202=FACE_OUTER_BOUND('',#260,.T.);
#203=FACE_OUTER_BOUND('',#261,.T.);
#204=FACE_OUTER_BOUND('',#262,.T.);
#205=FACE_OUTER_BOUND('',#263,.T.);
#206=FACE_OUTER_BOUND('',#264,.T.);
#207=FACE_OUTER_BOUND('',#265,.T.);
#208=FACE_OUTER_BOUND('',#266,.T.);
#209=FACE_OUTER_BOUND('',#267,.T.);
#210=FACE_OUTER_BOUND('',#268,.T.);
#211=FACE_OUTER_BOUND('',#269,.T.);
#212=FACE_OUTER_BOUND('',#270,.T.);
#213=FACE_OUTER_BOUND('',#271,.T.);
#214=FACE_OUTER_BOUND('',#272,.T.);
#215=FACE_OUTER_BOUND('',#273,.T.);
#216=FACE_OUTER_BOUND('',#274,.T.);
#217=FACE_OUTER_BOUND('',#275,.T.);
#218=FACE_OUTER_BOUND('',#276,.T.);
#219=FACE_OUTER_BOUND('',#277,.T.);
#220=FACE_OUTER_BOUND('',#278,.T.);
#221=FACE_OUTER_BOUND('',#279,.T.);
#222=FACE_OUTER_BOUND('',#280,.T.);
#223=FACE_OUTER_BOUND('',#281,.T.);
#224=FACE_OUTER_BOUND('',#282,.T.);
#225=FACE_OUTER_BOUND('',#283,.T.);
#226=FACE_OUTER_BOUND('',#286,.T.);
#227=FACE_OUTER_BOUND('',#287,.T.);
#228=FACE_OUTER_BOUND('',#288,.T.);
#229=FACE_OUTER_BOUND('',#289,.T.);
#230=FACE_OUTER_BOUND('',#290,.T.);
#231=FACE_OUTER_BOUND('',#291,.T.);
#232=FACE_OUTER_BOUND('',#292,.T.);
#233=FACE_OUTER_BOUND('',#293,.T.);
#234=FACE_OUTER_BOUND('',#294,.T.);
#235=FACE_OUTER_BOUND('',#295,.T.);
#236=FACE_OUTER_BOUND('',#296,.T.);
#237=FACE_OUTER_BOUND('',#297,.T.);
#238=FACE_OUTER_BOUND('',#298,.T.);
#239=EDGE_LOOP('',(#612,#613,#614,#615));
#240=EDGE_LOOP('',(#616,#617,#618,#619));
#241=EDGE_LOOP('',(#620,#621,#622,#623));
#242=EDGE_LOOP('',(#624,#625,#626,#627));
#243=EDGE_LOOP('',(#628,#629,#630,#631));
#244=EDGE_LOOP('',(#632,#633,#634,#635,#636));
#245=EDGE_LOOP('',(#637,#638,#639,#640,#641,#642,#643,#644,#645,#646,#647,
#648,#649,#650,#651));
#246=EDGE_LOOP('',(#652,#653,#654,#655));
#247=EDGE_LOOP('',(#656,#657,#658,#659));
#248=EDGE_LOOP('',(#660,#661,#662,#663));
#249=EDGE_LOOP('',(#664,#665,#666));
#250=EDGE_LOOP('',(#667,#668,#669,#670,#671,#672,#673,#674));
#251=EDGE_LOOP('',(#675));
#252=EDGE_LOOP('',(#676));
#253=EDGE_LOOP('',(#677,#678,#679,#680,#681));
#254=EDGE_LOOP('',(#682,#683,#684,#685));
#255=EDGE_LOOP('',(#686,#687,#688,#689,#690));
#256=EDGE_LOOP('',(#691));
#257=EDGE_LOOP('',(#692));
#258=EDGE_LOOP('',(#693,#694,#695,#696));
#259=EDGE_LOOP('',(#697,#698,#699,#700));
#260=EDGE_LOOP('',(#701,#702,#703,#704));
#261=EDGE_LOOP('',(#705,#706,#707,#708));
#262=EDGE_LOOP('',(#709,#710,#711,#712));
#263=EDGE_LOOP('',(#713,#714,#715,#716));
#264=EDGE_LOOP('',(#717,#718,#719,#720));
#265=EDGE_LOOP('',(#721,#722,#723,#724));
#266=EDGE_LOOP('',(#725,#726,#727,#728));
#267=EDGE_LOOP('',(#729,#730,#731,#732));
#268=EDGE_LOOP('',(#733,#734,#735,#736));
#269=EDGE_LOOP('',(#737,#738,#739,#740));
#270=EDGE_LOOP('',(#741,#742,#743,#744));
#271=EDGE_LOOP('',(#745,#746,#747,#748));
#272=EDGE_LOOP('',(#749,#750,#751,#752));
#273=EDGE_LOOP('',(#753,#754,#755,#756));
#274=EDGE_LOOP('',(#757,#758,#759,#760,#761,#762,#763,#764));
#275=EDGE_LOOP('',(#765,#766,#767,#768,#769,#770,#771,#772));
#276=EDGE_LOOP('',(#773,#774,#775,#776,#777,#778,#779));
#277=EDGE_LOOP('',(#780,#781,#782,#783,#784,#785,#786));
#278=EDGE_LOOP('',(#787,#788,#789,#790));
#279=EDGE_LOOP('',(#791,#792,#793,#794));
#280=EDGE_LOOP('',(#795,#796,#797,#798));
#281=EDGE_LOOP('',(#799,#800,#801,#802,#803));
#282=EDGE_LOOP('',(#804,#805,#806,#807));
#283=EDGE_LOOP('',(#808,#809,#810,#811,#812,#813));
#284=EDGE_LOOP('',(#814));
#285=EDGE_LOOP('',(#815));
#286=EDGE_LOOP('',(#816,#817,#818,#819));
#287=EDGE_LOOP('',(#820,#821,#822,#823,#824,#825,#826,#827,#828));
#288=EDGE_LOOP('',(#829,#830,#831,#832));
#289=EDGE_LOOP('',(#833,#834,#835,#836,#837,#838));
#290=EDGE_LOOP('',(#839,#840,#841,#842));
#291=EDGE_LOOP('',(#843,#844,#845,#846,#847,#848));
#292=EDGE_LOOP('',(#849,#850,#851,#852));
#293=EDGE_LOOP('',(#853,#854,#855,#856,#857,#858));
#294=EDGE_LOOP('',(#859,#860,#861,#862,#863,#864));
#295=EDGE_LOOP('',(#865,#866,#867,#868));
#296=EDGE_LOOP('',(#869,#870,#871,#872,#873,#874,#875,#876));
#297=EDGE_LOOP('',(#877,#878,#879,#880));
#298=EDGE_LOOP('',(#881,#882,#883,#884,#885,#886,#887,#888,#889,#890,#891));
#299=EDGE_LOOP('',(#892));
#300=EDGE_LOOP('',(#893));
#301=CIRCLE('',#972,0.125);
#302=CIRCLE('',#974,0.125);
#303=CIRCLE('',#976,0.125);
#304=CIRCLE('',#977,0.1);
#305=CIRCLE('',#978,0.225);
#306=CIRCLE('',#980,0.125);
#307=CIRCLE('',#982,0.15);
#308=CIRCLE('',#983,0.0999999999999995);
#309=CIRCLE('',#984,0.0500000000000001);
#310=CIRCLE('',#986,1.36466329527684);
#311=CIRCLE('',#987,0.0899999999999995);
#312=CIRCLE('',#988,0.0899999999999995);
#313=CIRCLE('',#989,0.0899999999999995);
#314=CIRCLE('',#990,0.0899999999999995);
#315=CIRCLE('',#991,0.086);
#316=CIRCLE('',#992,0.086);
#317=CIRCLE('',#993,3.15144977609967);
#318=CIRCLE('',#995,1.46466329527684);
#319=CIRCLE('',#996,0.1);
#320=CIRCLE('',#998,0.1);
#321=CIRCLE('',#999,0.0999999999999996);
#322=CIRCLE('',#1001,0.1);
#323=CIRCLE('',#1002,0.0999999999999998);
#324=CIRCLE('',#1004,0.0999999999999999);
#325=CIRCLE('',#1006,0.0859999999999998);
#326=CIRCLE('',#1007,0.0859999999999998);
#327=CIRCLE('',#1011,0.0859999999999998);
#328=CIRCLE('',#1012,0.0859999999999998);
#329=CIRCLE('',#1014,1.46466329527684);
#330=CIRCLE('',#1015,0.0999999999999999);
#331=CIRCLE('',#1017,0.1);
#332=CIRCLE('',#1018,0.0999999999999999);
#333=CIRCLE('',#1020,0.1);
#334=CIRCLE('',#1021,0.0899999999999995);
#335=CIRCLE('',#1022,0.175);
#336=CIRCLE('',#1024,0.0999999999999996);
#337=CIRCLE('',#1026,0.1);
#338=CIRCLE('',#1027,0.0999999999999997);
#339=CIRCLE('',#1029,0.1);
#340=CIRCLE('',#1030,0.0899999999999995);
#341=CIRCLE('',#1031,0.175);
#342=CIRCLE('',#1033,0.0999999999999997);
#343=CIRCLE('',#1035,0.1);
#344=CIRCLE('',#1036,0.1);
#345=CIRCLE('',#1038,0.1);
#346=CIRCLE('',#1039,0.086);
#347=CIRCLE('',#1040,0.175);
#348=CIRCLE('',#1042,0.1);
#349=CIRCLE('',#1044,0.1);
#350=CIRCLE('',#1045,3.05144977609967);
#351=CIRCLE('',#1047,0.100000000000001);
#352=CIRCLE('',#1048,3.05144977609967);
#353=CIRCLE('',#1049,0.086);
#354=CIRCLE('',#1050,0.175);
#355=CIRCLE('',#1052,0.0899999999999995);
#356=CIRCLE('',#1054,0.0899999999999995);
#357=CIRCLE('',#1056,0.086);
#358=CIRCLE('',#1058,0.086);
#359=CIRCLE('',#1060,0.0500000000000001);
#360=CIRCLE('',#1064,0.0212500000000005);
#361=CIRCLE('',#1068,3.05144977609967);
#362=CIRCLE('',#1069,0.175);
#363=CIRCLE('',#1070,0.175);
#364=CIRCLE('',#1077,0.175);
#365=CIRCLE('',#1080,0.175);
#366=CIRCLE('',#1082,1.46466329527684);
#367=CIRCLE('',#1085,0.0212500000000005);
#368=CIRCLE('',#1087,3.05144977609967);
#369=B_SPLINE_CURVE_WITH_KNOTS('',3,(#1415,#1416,#1417,#1418,#1419,#1420,
#1421,#1422,#1423,#1424),.UNSPECIFIED.,.F.,.F.,(4,2,2,2,4),(0.,0.162730415231598,
0.393983131999347,0.691156955468498,0.692537426797262),.UNSPECIFIED.);
#370=B_SPLINE_CURVE_WITH_KNOTS('',3,(#1426,#1427,#1428,#1429,#1430,#1431),
 .UNSPECIFIED.,.F.,.F.,(4,1,1,4),(0.336736309729793,0.722163304407329,0.979114634192354,
1.23606596397738),.UNSPECIFIED.);
#371=B_SPLINE_CURVE_WITH_KNOTS('',3,(#1434,#1435,#1436,#1437,#1438),
 .UNSPECIFIED.,.F.,.F.,(4,1,4),(-1.23606596397738,-0.979114634192354,-0.956565432012322),
 .UNSPECIFIED.);
#372=B_SPLINE_CURVE_WITH_KNOTS('',3,(#1479,#1480,#1481,#1482,#1483,#1484,
#1485,#1486,#1487,#1488,#1489,#1490,#1491,#1492,#1493,#1494,#1495,#1496,
#1497,#1498,#1499,#1500,#1501,#1502,#1503,#1504,#1505,#1506,#1507,#1508,
#1509),.UNSPECIFIED.,.F.,.F.,(4,3,3,3,3,3,3,3,3,3,4),(0.,0.0713934933609614,
0.124099635290696,0.195693544724374,0.22404960118433,0.248112883869945,
0.31993606524367,0.372074960595463,0.447100272329295,0.517874317856239,
0.522015588204753),.UNSPECIFIED.);
#373=B_SPLINE_CURVE_WITH_KNOTS('',3,(#1510,#1511,#1512,#1513),
 .UNSPECIFIED.,.F.,.F.,(4,4),(-0.0836205217313326,0.),.UNSPECIFIED.);
#374=B_SPLINE_CURVE_WITH_KNOTS('',3,(#1514,#1515,#1516,#1517),
 .UNSPECIFIED.,.F.,.F.,(4,4),(0.,0.0918007935446875),.UNSPECIFIED.);
#375=B_SPLINE_CURVE_WITH_KNOTS('',3,(#1520,#1521,#1522,#1523,#1524,#1525,
#1526,#1527,#1528,#1529),.UNSPECIFIED.,.F.,.F.,(4,2,2,2,4),(0.,0.127331737157124,
0.254663474314249,0.347554196217471,0.413698042608552),.UNSPECIFIED.);
#376=B_SPLINE_CURVE_WITH_KNOTS('',3,(#1605,#1606,#1607,#1608,#1609,#1610,
#1611,#1612),.UNSPECIFIED.,.F.,.F.,(4,2,2,4),(0.1382193479316,0.16837196220477,
0.261607178354922,0.28027376437479),.UNSPECIFIED.);
#377=B_SPLINE_CURVE_WITH_KNOTS('',3,(#1624,#1625,#1626,#1627,#1628,#1629),
 .UNSPECIFIED.,.F.,.F.,(4,2,4),(2.07211504679688,2.08738615136693,2.20340054494226),
 .UNSPECIFIED.);
#378=B_SPLINE_CURVE_WITH_KNOTS('',3,(#1652,#1653,#1654,#1655,#1656,#1657),
 .UNSPECIFIED.,.F.,.F.,(4,2,4),(2.20340054494226,2.31941493851759,2.33468604308764),
 .UNSPECIFIED.);
#379=B_SPLINE_CURVE_WITH_KNOTS('',3,(#1669,#1670,#1671,#1672,#1673,#1674),
 .UNSPECIFIED.,.F.,.F.,(4,2,4),(2.07211504679688,2.08738615136693,2.20340054494226),
 .UNSPECIFIED.);
#380=B_SPLINE_CURVE_WITH_KNOTS('',3,(#1691,#1692,#1693,#1694,#1695,#1696),
 .UNSPECIFIED.,.F.,.F.,(4,2,4),(2.11103112478751,2.18690982735061,2.21739563499397),
 .UNSPECIFIED.);
#381=B_SPLINE_CURVE_WITH_KNOTS('',3,(#1708,#1709,#1710,#1711,#1712,#1713),
 .UNSPECIFIED.,.F.,.F.,(4,2,4),(2.00466661458106,2.03515242222442,2.11103112478752),
 .UNSPECIFIED.);
#382=B_SPLINE_CURVE_WITH_KNOTS('',3,(#1730,#1731,#1732,#1733,#1734,#1735),
 .UNSPECIFIED.,.F.,.F.,(4,2,4),(2.11103112478752,2.18690982735062,2.21739563499398),
 .UNSPECIFIED.);
#383=B_SPLINE_CURVE_WITH_KNOTS('',3,(#1745,#1746,#1747,#1748,#1749,#1750),
 .UNSPECIFIED.,.F.,.F.,(4,2,4),(2.19193776354761,2.26971644535314,2.301999297241),
 .UNSPECIFIED.);
#384=B_SPLINE_CURVE_WITH_KNOTS('',3,(#1806,#1807,#1808,#1809,#1810,#1811,
#1812,#1813),.UNSPECIFIED.,.F.,.F.,(4,2,2,4),(0.441445455581093,0.486644885958483,
0.53660716979886,0.586569453639238),.UNSPECIFIED.);
#385=B_SPLINE_CURVE_WITH_KNOTS('',3,(#1830,#1831,#1832,#1833,#1834,#1835,
#1836,#1837),.UNSPECIFIED.,.F.,.F.,(4,2,2,4),(0.58393471538975,0.633619912098378,
0.683305108807007,0.728583623706156),.UNSPECIFIED.);
#386=VERTEX_POINT('',#1413);
#387=VERTEX_POINT('',#1414);
#388=VERTEX_POINT('',#1425);
#389=VERTEX_POINT('',#1432);
#390=VERTEX_POINT('',#1440);
#391=VERTEX_POINT('',#1441);
#392=VERTEX_POINT('',#1446);
#393=VERTEX_POINT('',#1447);
#394=VERTEX_POINT('',#1452);
#395=VERTEX_POINT('',#1453);
#396=VERTEX_POINT('',#1477);
#397=VERTEX_POINT('',#1478);
#398=VERTEX_POINT('',#1519);
#399=VERTEX_POINT('',#1530);
#400=VERTEX_POINT('',#1532);
#401=VERTEX_POINT('',#1536);
#402=VERTEX_POINT('',#1538);
#403=VERTEX_POINT('',#1540);
#404=VERTEX_POINT('',#1542);
#405=VERTEX_POINT('',#1544);
#406=VERTEX_POINT('',#1546);
#407=VERTEX_POINT('',#1548);
#408=VERTEX_POINT('',#1550);
#409=VERTEX_POINT('',#1552);
#410=VERTEX_POINT('',#1554);
#411=VERTEX_POINT('',#1558);
#412=VERTEX_POINT('',#1562);
#413=VERTEX_POINT('',#1563);
#414=VERTEX_POINT('',#1565);
#415=VERTEX_POINT('',#1567);
#416=VERTEX_POINT('',#1571);
#417=VERTEX_POINT('',#1572);
#418=VERTEX_POINT('',#1574);
#419=VERTEX_POINT('',#1582);
#420=VERTEX_POINT('',#1584);
#421=VERTEX_POINT('',#1586);
#422=VERTEX_POINT('',#1589);
#423=VERTEX_POINT('',#1591);
#424=VERTEX_POINT('',#1599);
#425=VERTEX_POINT('',#1601);
#426=VERTEX_POINT('',#1604);
#427=VERTEX_POINT('',#1613);
#428=VERTEX_POINT('',#1617);
#429=VERTEX_POINT('',#1619);
#430=VERTEX_POINT('',#1623);
#431=VERTEX_POINT('',#1630);
#432=VERTEX_POINT('',#1651);
#433=VERTEX_POINT('',#1658);
#434=VERTEX_POINT('',#1662);
#435=VERTEX_POINT('',#1664);
#436=VERTEX_POINT('',#1668);
#437=VERTEX_POINT('',#1675);
#438=VERTEX_POINT('',#1690);
#439=VERTEX_POINT('',#1697);
#440=VERTEX_POINT('',#1701);
#441=VERTEX_POINT('',#1703);
#442=VERTEX_POINT('',#1707);
#443=VERTEX_POINT('',#1714);
#444=VERTEX_POINT('',#1729);
#445=VERTEX_POINT('',#1736);
#446=VERTEX_POINT('',#1740);
#447=VERTEX_POINT('',#1744);
#448=VERTEX_POINT('',#1751);
#449=VERTEX_POINT('',#1772);
#450=VERTEX_POINT('',#1776);
#451=VERTEX_POINT('',#1780);
#452=VERTEX_POINT('',#1784);
#453=VERTEX_POINT('',#1788);
#454=VERTEX_POINT('',#1796);
#455=VERTEX_POINT('',#1800);
#456=VERTEX_POINT('',#1801);
#457=VERTEX_POINT('',#1803);
#458=VERTEX_POINT('',#1805);
#459=VERTEX_POINT('',#1816);
#460=VERTEX_POINT('',#1818);
#461=VERTEX_POINT('',#1820);
#462=VERTEX_POINT('',#1822);
#463=VERTEX_POINT('',#1826);
#464=VERTEX_POINT('',#1828);
#465=VERTEX_POINT('',#1839);
#466=VERTEX_POINT('',#1848);
#467=VERTEX_POINT('',#1852);
#468=VERTEX_POINT('',#1856);
#469=VERTEX_POINT('',#1860);
#470=VERTEX_POINT('',#1864);
#471=EDGE_CURVE('',#386,#387,#369,.F.);
#472=EDGE_CURVE('',#386,#388,#370,.T.);
#473=EDGE_CURVE('',#388,#389,#301,.T.);
#474=EDGE_CURVE('',#389,#387,#371,.T.);
#475=EDGE_CURVE('',#390,#391,#302,.T.);
#476=EDGE_CURVE('',#391,#389,#47,.T.);
#477=EDGE_CURVE('',#388,#390,#48,.T.);
#478=EDGE_CURVE('',#392,#393,#303,.T.);
#479=EDGE_CURVE('',#393,#391,#304,.T.);
#480=EDGE_CURVE('',#390,#392,#305,.T.);
#481=EDGE_CURVE('',#394,#395,#306,.T.);
#482=EDGE_CURVE('',#395,#393,#49,.T.);
#483=EDGE_CURVE('',#392,#394,#50,.T.);
#484=EDGE_CURVE('',#396,#397,#372,.T.);
#485=EDGE_CURVE('',#397,#395,#373,.T.);
#486=EDGE_CURVE('',#394,#396,#374,.T.);
#487=EDGE_CURVE('',#398,#396,#375,.T.);
#488=EDGE_CURVE('',#394,#399,#307,.T.);
#489=EDGE_CURVE('',#400,#399,#308,.T.);
#490=EDGE_CURVE('',#400,#398,#309,.T.);
#491=EDGE_CURVE('',#401,#388,#310,.T.);
#492=EDGE_CURVE('',#401,#402,#311,.T.);
#493=EDGE_CURVE('',#402,#403,#312,.T.);
#494=EDGE_CURVE('',#404,#403,#51,.T.);
#495=EDGE_CURVE('',#404,#405,#313,.T.);
#496=EDGE_CURVE('',#405,#406,#314,.T.);
#497=EDGE_CURVE('',#407,#406,#52,.T.);
#498=EDGE_CURVE('',#407,#408,#315,.T.);
#499=EDGE_CURVE('',#409,#408,#53,.T.);
#500=EDGE_CURVE('',#409,#410,#316,.T.);
#501=EDGE_CURVE('',#399,#410,#317,.T.);
#502=EDGE_CURVE('',#386,#411,#318,.T.);
#503=EDGE_CURVE('',#411,#401,#319,.T.);
#504=EDGE_CURVE('',#412,#413,#320,.T.);
#505=EDGE_CURVE('',#413,#414,#54,.T.);
#506=EDGE_CURVE('',#414,#415,#321,.T.);
#507=EDGE_CURVE('',#415,#412,#55,.T.);
#508=EDGE_CURVE('',#416,#417,#322,.T.);
#509=EDGE_CURVE('',#417,#418,#56,.T.);
#510=EDGE_CURVE('',#418,#414,#323,.T.);
#511=EDGE_CURVE('',#414,#416,#57,.T.);
#512=EDGE_CURVE('',#418,#415,#324,.T.);
#513=EDGE_CURVE('',#397,#412,#58,.T.);
#514=EDGE_CURVE('',#419,#398,#59,.T.);
#515=EDGE_CURVE('',#419,#420,#60,.T.);
#516=EDGE_CURVE('',#420,#421,#61,.T.);
#517=EDGE_CURVE('',#413,#421,#62,.T.);
#518=EDGE_CURVE('',#422,#422,#325,.T.);
#519=EDGE_CURVE('',#423,#423,#326,.T.);
#520=EDGE_CURVE('',#393,#415,#63,.T.);
#521=EDGE_CURVE('',#418,#391,#64,.T.);
#522=EDGE_CURVE('',#387,#417,#65,.T.);
#523=EDGE_CURVE('',#424,#424,#327,.T.);
#524=EDGE_CURVE('',#425,#425,#328,.T.);
#525=EDGE_CURVE('',#426,#401,#376,.T.);
#526=EDGE_CURVE('',#411,#427,#329,.T.);
#527=EDGE_CURVE('',#427,#426,#330,.T.);
#528=EDGE_CURVE('',#403,#428,#331,.T.);
#529=EDGE_CURVE('',#428,#429,#66,.T.);
#530=EDGE_CURVE('',#429,#404,#332,.T.);
#531=EDGE_CURVE('',#403,#430,#377,.T.);
#532=EDGE_CURVE('',#430,#431,#333,.T.);
#533=EDGE_CURVE('',#431,#428,#67,.T.);
#534=EDGE_CURVE('',#430,#426,#334,.T.);
#535=EDGE_CURVE('',#427,#431,#335,.T.);
#536=EDGE_CURVE('',#432,#404,#378,.T.);
#537=EDGE_CURVE('',#429,#433,#68,.T.);
#538=EDGE_CURVE('',#433,#432,#336,.T.);
#539=EDGE_CURVE('',#406,#434,#337,.T.);
#540=EDGE_CURVE('',#434,#435,#69,.T.);
#541=EDGE_CURVE('',#435,#407,#338,.T.);
#542=EDGE_CURVE('',#406,#436,#379,.T.);
#543=EDGE_CURVE('',#436,#437,#339,.T.);
#544=EDGE_CURVE('',#437,#434,#70,.T.);
#545=EDGE_CURVE('',#436,#432,#340,.T.);
#546=EDGE_CURVE('',#433,#437,#341,.T.);
#547=EDGE_CURVE('',#438,#407,#380,.T.);
#548=EDGE_CURVE('',#435,#439,#71,.T.);
#549=EDGE_CURVE('',#439,#438,#342,.T.);
#550=EDGE_CURVE('',#408,#440,#343,.T.);
#551=EDGE_CURVE('',#440,#441,#72,.T.);
#552=EDGE_CURVE('',#441,#409,#344,.T.);
#553=EDGE_CURVE('',#408,#442,#381,.T.);
#554=EDGE_CURVE('',#442,#443,#345,.T.);
#555=EDGE_CURVE('',#443,#440,#73,.T.);
#556=EDGE_CURVE('',#442,#438,#346,.T.);
#557=EDGE_CURVE('',#439,#443,#347,.T.);
#558=EDGE_CURVE('',#444,#409,#382,.T.);
#559=EDGE_CURVE('',#441,#445,#74,.T.);
#560=EDGE_CURVE('',#445,#444,#348,.T.);
#561=EDGE_CURVE('',#410,#446,#349,.T.);
#562=EDGE_CURVE('',#446,#400,#350,.T.);
#563=EDGE_CURVE('',#410,#447,#383,.T.);
#564=EDGE_CURVE('',#447,#448,#351,.T.);
#565=EDGE_CURVE('',#448,#446,#352,.T.);
#566=EDGE_CURVE('',#447,#444,#353,.T.);
#567=EDGE_CURVE('',#445,#448,#354,.T.);
#568=EDGE_CURVE('',#402,#449,#75,.T.);
#569=EDGE_CURVE('',#449,#449,#355,.T.);
#570=EDGE_CURVE('',#405,#450,#76,.T.);
#571=EDGE_CURVE('',#450,#450,#356,.T.);
#572=EDGE_CURVE('',#442,#451,#77,.T.);
#573=EDGE_CURVE('',#451,#451,#357,.T.);
#574=EDGE_CURVE('',#444,#452,#78,.T.);
#575=EDGE_CURVE('',#452,#452,#358,.T.);
#576=EDGE_CURVE('',#453,#400,#79,.T.);
#577=EDGE_CURVE('',#453,#419,#359,.T.);
#578=EDGE_CURVE('',#423,#425,#80,.T.);
#579=EDGE_CURVE('',#422,#424,#81,.T.);
#580=EDGE_CURVE('',#421,#454,#360,.T.);
#581=EDGE_CURVE('',#454,#416,#82,.T.);
#582=EDGE_CURVE('',#455,#456,#15,.F.);
#583=EDGE_CURVE('',#455,#457,#83,.T.);
#584=EDGE_CURVE('',#458,#457,#384,.F.);
#585=EDGE_CURVE('',#458,#456,#84,.T.);
#586=EDGE_CURVE('',#459,#458,#361,.T.);
#587=EDGE_CURVE('',#460,#459,#362,.T.);
#588=EDGE_CURVE('',#461,#460,#85,.T.);
#589=EDGE_CURVE('',#462,#461,#363,.T.);
#590=EDGE_CURVE('',#456,#462,#86,.T.);
#591=EDGE_CURVE('',#455,#463,#16,.T.);
#592=EDGE_CURVE('',#463,#464,#87,.T.);
#593=EDGE_CURVE('',#464,#457,#385,.T.);
#594=EDGE_CURVE('',#465,#437,#88,.T.);
#595=EDGE_CURVE('',#465,#463,#89,.T.);
#596=EDGE_CURVE('',#462,#439,#90,.T.);
#597=EDGE_CURVE('',#461,#443,#91,.T.);
#598=EDGE_CURVE('',#460,#445,#92,.T.);
#599=EDGE_CURVE('',#466,#433,#93,.T.);
#600=EDGE_CURVE('',#466,#465,#364,.T.);
#601=EDGE_CURVE('',#467,#431,#94,.T.);
#602=EDGE_CURVE('',#467,#466,#95,.T.);
#603=EDGE_CURVE('',#468,#427,#96,.T.);
#604=EDGE_CURVE('',#468,#467,#365,.T.);
#605=EDGE_CURVE('',#469,#387,#97,.T.);
#606=EDGE_CURVE('',#469,#468,#366,.T.);
#607=EDGE_CURVE('',#470,#454,#98,.T.);
#608=EDGE_CURVE('',#470,#469,#99,.T.);
#609=EDGE_CURVE('',#420,#470,#367,.T.);
#610=EDGE_CURVE('',#459,#448,#100,.T.);
#611=EDGE_CURVE('',#464,#453,#368,.T.);
#612=ORIENTED_EDGE('',*,*,#471,.F.);
#613=ORIENTED_EDGE('',*,*,#472,.T.);
#614=ORIENTED_EDGE('',*,*,#473,.T.);
#615=ORIENTED_EDGE('',*,*,#474,.T.);
#616=ORIENTED_EDGE('',*,*,#475,.T.);
#617=ORIENTED_EDGE('',*,*,#476,.T.);
#618=ORIENTED_EDGE('',*,*,#473,.F.);
#619=ORIENTED_EDGE('',*,*,#477,.T.);
#620=ORIENTED_EDGE('',*,*,#478,.T.);
#621=ORIENTED_EDGE('',*,*,#479,.T.);
#622=ORIENTED_EDGE('',*,*,#475,.F.);
#623=ORIENTED_EDGE('',*,*,#480,.T.);
#624=ORIENTED_EDGE('',*,*,#481,.T.);
#625=ORIENTED_EDGE('',*,*,#482,.T.);
#626=ORIENTED_EDGE('',*,*,#478,.F.);
#627=ORIENTED_EDGE('',*,*,#483,.T.);
#628=ORIENTED_EDGE('',*,*,#484,.T.);
#629=ORIENTED_EDGE('',*,*,#485,.T.);
#630=ORIENTED_EDGE('',*,*,#481,.F.);
#631=ORIENTED_EDGE('',*,*,#486,.T.);
#632=ORIENTED_EDGE('',*,*,#487,.T.);
#633=ORIENTED_EDGE('',*,*,#486,.F.);
#634=ORIENTED_EDGE('',*,*,#488,.T.);
#635=ORIENTED_EDGE('',*,*,#489,.F.);
#636=ORIENTED_EDGE('',*,*,#490,.T.);
#637=ORIENTED_EDGE('',*,*,#483,.F.);
#638=ORIENTED_EDGE('',*,*,#480,.F.);
#639=ORIENTED_EDGE('',*,*,#477,.F.);
#640=ORIENTED_EDGE('',*,*,#491,.F.);
#641=ORIENTED_EDGE('',*,*,#492,.T.);
#642=ORIENTED_EDGE('',*,*,#493,.T.);
#643=ORIENTED_EDGE('',*,*,#494,.F.);
#644=ORIENTED_EDGE('',*,*,#495,.T.);
#645=ORIENTED_EDGE('',*,*,#496,.T.);
#646=ORIENTED_EDGE('',*,*,#497,.F.);
#647=ORIENTED_EDGE('',*,*,#498,.T.);
#648=ORIENTED_EDGE('',*,*,#499,.F.);
#649=ORIENTED_EDGE('',*,*,#500,.T.);
#650=ORIENTED_EDGE('',*,*,#501,.F.);
#651=ORIENTED_EDGE('',*,*,#488,.F.);
#652=ORIENTED_EDGE('',*,*,#472,.F.);
#653=ORIENTED_EDGE('',*,*,#502,.T.);
#654=ORIENTED_EDGE('',*,*,#503,.T.);
#655=ORIENTED_EDGE('',*,*,#491,.T.);
#656=ORIENTED_EDGE('',*,*,#504,.T.);
#657=ORIENTED_EDGE('',*,*,#505,.T.);
#658=ORIENTED_EDGE('',*,*,#506,.T.);
#659=ORIENTED_EDGE('',*,*,#507,.T.);
#660=ORIENTED_EDGE('',*,*,#508,.T.);
#661=ORIENTED_EDGE('',*,*,#509,.T.);
#662=ORIENTED_EDGE('',*,*,#510,.T.);
#663=ORIENTED_EDGE('',*,*,#511,.T.);
#664=ORIENTED_EDGE('',*,*,#510,.F.);
#665=ORIENTED_EDGE('',*,*,#512,.T.);
#666=ORIENTED_EDGE('',*,*,#506,.F.);
#667=ORIENTED_EDGE('',*,*,#504,.F.);
#668=ORIENTED_EDGE('',*,*,#513,.F.);
#669=ORIENTED_EDGE('',*,*,#484,.F.);
#670=ORIENTED_EDGE('',*,*,#487,.F.);
#671=ORIENTED_EDGE('',*,*,#514,.F.);
#672=ORIENTED_EDGE('',*,*,#515,.T.);
#673=ORIENTED_EDGE('',*,*,#516,.T.);
#674=ORIENTED_EDGE('',*,*,#517,.F.);
#675=ORIENTED_EDGE('',*,*,#518,.T.);
#676=ORIENTED_EDGE('',*,*,#519,.T.);
#677=ORIENTED_EDGE('',*,*,#485,.F.);
#678=ORIENTED_EDGE('',*,*,#513,.T.);
#679=ORIENTED_EDGE('',*,*,#507,.F.);
#680=ORIENTED_EDGE('',*,*,#520,.F.);
#681=ORIENTED_EDGE('',*,*,#482,.F.);
#682=ORIENTED_EDGE('',*,*,#479,.F.);
#683=ORIENTED_EDGE('',*,*,#520,.T.);
#684=ORIENTED_EDGE('',*,*,#512,.F.);
#685=ORIENTED_EDGE('',*,*,#521,.T.);
#686=ORIENTED_EDGE('',*,*,#476,.F.);
#687=ORIENTED_EDGE('',*,*,#521,.F.);
#688=ORIENTED_EDGE('',*,*,#509,.F.);
#689=ORIENTED_EDGE('',*,*,#522,.F.);
#690=ORIENTED_EDGE('',*,*,#474,.F.);
#691=ORIENTED_EDGE('',*,*,#523,.T.);
#692=ORIENTED_EDGE('',*,*,#524,.T.);
#693=ORIENTED_EDGE('',*,*,#525,.T.);
#694=ORIENTED_EDGE('',*,*,#503,.F.);
#695=ORIENTED_EDGE('',*,*,#526,.T.);
#696=ORIENTED_EDGE('',*,*,#527,.T.);
#697=ORIENTED_EDGE('',*,*,#528,.T.);
#698=ORIENTED_EDGE('',*,*,#529,.T.);
#699=ORIENTED_EDGE('',*,*,#530,.T.);
#700=ORIENTED_EDGE('',*,*,#494,.T.);
#701=ORIENTED_EDGE('',*,*,#531,.T.);
#702=ORIENTED_EDGE('',*,*,#532,.T.);
#703=ORIENTED_EDGE('',*,*,#533,.T.);
#704=ORIENTED_EDGE('',*,*,#528,.F.);
#705=ORIENTED_EDGE('',*,*,#534,.T.);
#706=ORIENTED_EDGE('',*,*,#527,.F.);
#707=ORIENTED_EDGE('',*,*,#535,.T.);
#708=ORIENTED_EDGE('',*,*,#532,.F.);
#709=ORIENTED_EDGE('',*,*,#536,.T.);
#710=ORIENTED_EDGE('',*,*,#530,.F.);
#711=ORIENTED_EDGE('',*,*,#537,.T.);
#712=ORIENTED_EDGE('',*,*,#538,.T.);
#713=ORIENTED_EDGE('',*,*,#539,.T.);
#714=ORIENTED_EDGE('',*,*,#540,.T.);
#715=ORIENTED_EDGE('',*,*,#541,.T.);
#716=ORIENTED_EDGE('',*,*,#497,.T.);
#717=ORIENTED_EDGE('',*,*,#542,.T.);
#718=ORIENTED_EDGE('',*,*,#543,.T.);
#719=ORIENTED_EDGE('',*,*,#544,.T.);
#720=ORIENTED_EDGE('',*,*,#539,.F.);
#721=ORIENTED_EDGE('',*,*,#545,.T.);
#722=ORIENTED_EDGE('',*,*,#538,.F.);
#723=ORIENTED_EDGE('',*,*,#546,.T.);
#724=ORIENTED_EDGE('',*,*,#543,.F.);
#725=ORIENTED_EDGE('',*,*,#547,.T.);
#726=ORIENTED_EDGE('',*,*,#541,.F.);
#727=ORIENTED_EDGE('',*,*,#548,.T.);
#728=ORIENTED_EDGE('',*,*,#549,.T.);
#729=ORIENTED_EDGE('',*,*,#550,.T.);
#730=ORIENTED_EDGE('',*,*,#551,.T.);
#731=ORIENTED_EDGE('',*,*,#552,.T.);
#732=ORIENTED_EDGE('',*,*,#499,.T.);
#733=ORIENTED_EDGE('',*,*,#553,.T.);
#734=ORIENTED_EDGE('',*,*,#554,.T.);
#735=ORIENTED_EDGE('',*,*,#555,.T.);
#736=ORIENTED_EDGE('',*,*,#550,.F.);
#737=ORIENTED_EDGE('',*,*,#556,.T.);
#738=ORIENTED_EDGE('',*,*,#549,.F.);
#739=ORIENTED_EDGE('',*,*,#557,.T.);
#740=ORIENTED_EDGE('',*,*,#554,.F.);
#741=ORIENTED_EDGE('',*,*,#558,.T.);
#742=ORIENTED_EDGE('',*,*,#552,.F.);
#743=ORIENTED_EDGE('',*,*,#559,.T.);
#744=ORIENTED_EDGE('',*,*,#560,.T.);
#745=ORIENTED_EDGE('',*,*,#561,.T.);
#746=ORIENTED_EDGE('',*,*,#562,.T.);
#747=ORIENTED_EDGE('',*,*,#489,.T.);
#748=ORIENTED_EDGE('',*,*,#501,.T.);
#749=ORIENTED_EDGE('',*,*,#563,.T.);
#750=ORIENTED_EDGE('',*,*,#564,.T.);
#751=ORIENTED_EDGE('',*,*,#565,.T.);
#752=ORIENTED_EDGE('',*,*,#561,.F.);
#753=ORIENTED_EDGE('',*,*,#566,.T.);
#754=ORIENTED_EDGE('',*,*,#560,.F.);
#755=ORIENTED_EDGE('',*,*,#567,.T.);
#756=ORIENTED_EDGE('',*,*,#564,.F.);
#757=ORIENTED_EDGE('',*,*,#525,.F.);
#758=ORIENTED_EDGE('',*,*,#534,.F.);
#759=ORIENTED_EDGE('',*,*,#531,.F.);
#760=ORIENTED_EDGE('',*,*,#493,.F.);
#761=ORIENTED_EDGE('',*,*,#568,.T.);
#762=ORIENTED_EDGE('',*,*,#569,.T.);
#763=ORIENTED_EDGE('',*,*,#568,.F.);
#764=ORIENTED_EDGE('',*,*,#492,.F.);
#765=ORIENTED_EDGE('',*,*,#536,.F.);
#766=ORIENTED_EDGE('',*,*,#545,.F.);
#767=ORIENTED_EDGE('',*,*,#542,.F.);
#768=ORIENTED_EDGE('',*,*,#496,.F.);
#769=ORIENTED_EDGE('',*,*,#570,.T.);
#770=ORIENTED_EDGE('',*,*,#571,.T.);
#771=ORIENTED_EDGE('',*,*,#570,.F.);
#772=ORIENTED_EDGE('',*,*,#495,.F.);
#773=ORIENTED_EDGE('',*,*,#547,.F.);
#774=ORIENTED_EDGE('',*,*,#556,.F.);
#775=ORIENTED_EDGE('',*,*,#572,.T.);
#776=ORIENTED_EDGE('',*,*,#573,.T.);
#777=ORIENTED_EDGE('',*,*,#572,.F.);
#778=ORIENTED_EDGE('',*,*,#553,.F.);
#779=ORIENTED_EDGE('',*,*,#498,.F.);
#780=ORIENTED_EDGE('',*,*,#558,.F.);
#781=ORIENTED_EDGE('',*,*,#574,.T.);
#782=ORIENTED_EDGE('',*,*,#575,.T.);
#783=ORIENTED_EDGE('',*,*,#574,.F.);
#784=ORIENTED_EDGE('',*,*,#566,.F.);
#785=ORIENTED_EDGE('',*,*,#563,.F.);
#786=ORIENTED_EDGE('',*,*,#500,.F.);
#787=ORIENTED_EDGE('',*,*,#490,.F.);
#788=ORIENTED_EDGE('',*,*,#576,.F.);
#789=ORIENTED_EDGE('',*,*,#577,.T.);
#790=ORIENTED_EDGE('',*,*,#514,.T.);
#791=ORIENTED_EDGE('',*,*,#519,.F.);
#792=ORIENTED_EDGE('',*,*,#578,.T.);
#793=ORIENTED_EDGE('',*,*,#524,.F.);
#794=ORIENTED_EDGE('',*,*,#578,.F.);
#795=ORIENTED_EDGE('',*,*,#518,.F.);
#796=ORIENTED_EDGE('',*,*,#579,.T.);
#797=ORIENTED_EDGE('',*,*,#523,.F.);
#798=ORIENTED_EDGE('',*,*,#579,.F.);
#799=ORIENTED_EDGE('',*,*,#505,.F.);
#800=ORIENTED_EDGE('',*,*,#517,.T.);
#801=ORIENTED_EDGE('',*,*,#580,.T.);
#802=ORIENTED_EDGE('',*,*,#581,.T.);
#803=ORIENTED_EDGE('',*,*,#511,.F.);
#804=ORIENTED_EDGE('',*,*,#582,.F.);
#805=ORIENTED_EDGE('',*,*,#583,.T.);
#806=ORIENTED_EDGE('',*,*,#584,.F.);
#807=ORIENTED_EDGE('',*,*,#585,.T.);
#808=ORIENTED_EDGE('',*,*,#585,.F.);
#809=ORIENTED_EDGE('',*,*,#586,.F.);
#810=ORIENTED_EDGE('',*,*,#587,.F.);
#811=ORIENTED_EDGE('',*,*,#588,.F.);
#812=ORIENTED_EDGE('',*,*,#589,.F.);
#813=ORIENTED_EDGE('',*,*,#590,.F.);
#814=ORIENTED_EDGE('',*,*,#573,.F.);
#815=ORIENTED_EDGE('',*,*,#575,.F.);
#816=ORIENTED_EDGE('',*,*,#583,.F.);
#817=ORIENTED_EDGE('',*,*,#591,.T.);
#818=ORIENTED_EDGE('',*,*,#592,.T.);
#819=ORIENTED_EDGE('',*,*,#593,.T.);
#820=ORIENTED_EDGE('',*,*,#544,.F.);
#821=ORIENTED_EDGE('',*,*,#594,.F.);
#822=ORIENTED_EDGE('',*,*,#595,.T.);
#823=ORIENTED_EDGE('',*,*,#591,.F.);
#824=ORIENTED_EDGE('',*,*,#582,.T.);
#825=ORIENTED_EDGE('',*,*,#590,.T.);
#826=ORIENTED_EDGE('',*,*,#596,.T.);
#827=ORIENTED_EDGE('',*,*,#548,.F.);
#828=ORIENTED_EDGE('',*,*,#540,.F.);
#829=ORIENTED_EDGE('',*,*,#557,.F.);
#830=ORIENTED_EDGE('',*,*,#596,.F.);
#831=ORIENTED_EDGE('',*,*,#589,.T.);
#832=ORIENTED_EDGE('',*,*,#597,.T.);
#833=ORIENTED_EDGE('',*,*,#555,.F.);
#834=ORIENTED_EDGE('',*,*,#597,.F.);
#835=ORIENTED_EDGE('',*,*,#588,.T.);
#836=ORIENTED_EDGE('',*,*,#598,.T.);
#837=ORIENTED_EDGE('',*,*,#559,.F.);
#838=ORIENTED_EDGE('',*,*,#551,.F.);
#839=ORIENTED_EDGE('',*,*,#546,.F.);
#840=ORIENTED_EDGE('',*,*,#599,.F.);
#841=ORIENTED_EDGE('',*,*,#600,.T.);
#842=ORIENTED_EDGE('',*,*,#594,.T.);
#843=ORIENTED_EDGE('',*,*,#533,.F.);
#844=ORIENTED_EDGE('',*,*,#601,.F.);
#845=ORIENTED_EDGE('',*,*,#602,.T.);
#846=ORIENTED_EDGE('',*,*,#599,.T.);
#847=ORIENTED_EDGE('',*,*,#537,.F.);
#848=ORIENTED_EDGE('',*,*,#529,.F.);
#849=ORIENTED_EDGE('',*,*,#535,.F.);
#850=ORIENTED_EDGE('',*,*,#603,.F.);
#851=ORIENTED_EDGE('',*,*,#604,.T.);
#852=ORIENTED_EDGE('',*,*,#601,.T.);
#853=ORIENTED_EDGE('',*,*,#605,.F.);
#854=ORIENTED_EDGE('',*,*,#606,.T.);
#855=ORIENTED_EDGE('',*,*,#603,.T.);
#856=ORIENTED_EDGE('',*,*,#526,.F.);
#857=ORIENTED_EDGE('',*,*,#502,.F.);
#858=ORIENTED_EDGE('',*,*,#471,.T.);
#859=ORIENTED_EDGE('',*,*,#508,.F.);
#860=ORIENTED_EDGE('',*,*,#581,.F.);
#861=ORIENTED_EDGE('',*,*,#607,.F.);
#862=ORIENTED_EDGE('',*,*,#608,.T.);
#863=ORIENTED_EDGE('',*,*,#605,.T.);
#864=ORIENTED_EDGE('',*,*,#522,.T.);
#865=ORIENTED_EDGE('',*,*,#609,.T.);
#866=ORIENTED_EDGE('',*,*,#607,.T.);
#867=ORIENTED_EDGE('',*,*,#580,.F.);
#868=ORIENTED_EDGE('',*,*,#516,.F.);
#869=ORIENTED_EDGE('',*,*,#565,.F.);
#870=ORIENTED_EDGE('',*,*,#610,.F.);
#871=ORIENTED_EDGE('',*,*,#586,.T.);
#872=ORIENTED_EDGE('',*,*,#584,.T.);
#873=ORIENTED_EDGE('',*,*,#593,.F.);
#874=ORIENTED_EDGE('',*,*,#611,.T.);
#875=ORIENTED_EDGE('',*,*,#576,.T.);
#876=ORIENTED_EDGE('',*,*,#562,.F.);
#877=ORIENTED_EDGE('',*,*,#567,.F.);
#878=ORIENTED_EDGE('',*,*,#598,.F.);
#879=ORIENTED_EDGE('',*,*,#587,.T.);
#880=ORIENTED_EDGE('',*,*,#610,.T.);
#881=ORIENTED_EDGE('',*,*,#592,.F.);
#882=ORIENTED_EDGE('',*,*,#595,.F.);
#883=ORIENTED_EDGE('',*,*,#600,.F.);
#884=ORIENTED_EDGE('',*,*,#602,.F.);
#885=ORIENTED_EDGE('',*,*,#604,.F.);
#886=ORIENTED_EDGE('',*,*,#606,.F.);
#887=ORIENTED_EDGE('',*,*,#608,.F.);
#888=ORIENTED_EDGE('',*,*,#609,.F.);
#889=ORIENTED_EDGE('',*,*,#515,.F.);
#890=ORIENTED_EDGE('',*,*,#577,.F.);
#891=ORIENTED_EDGE('',*,*,#611,.F.);
#892=ORIENTED_EDGE('',*,*,#571,.F.);
#893=ORIENTED_EDGE('',*,*,#569,.F.);
#894=B_SPLINE_SURFACE_WITH_KNOTS('',3,3,((#1383,#1384,#1385,#1386,#1387,
#1388),(#1389,#1390,#1391,#1392,#1393,#1394),(#1395,#1396,#1397,#1398,#1399,
#1400),(#1401,#1402,#1403,#1404,#1405,#1406),(#1407,#1408,#1409,#1410,#1411,
#1412)),.UNSPECIFIED.,.F.,.F.,.F.,(4,1,4),(4,1,1,4),(0.,0.571428571428571,
1.),(0.336736309729793,0.722163304407329,0.979114634192354,1.23606596397738),
 .UNSPECIFIED.);
#895=B_SPLINE_SURFACE_WITH_KNOTS('',3,3,((#1457,#1458,#1459,#1460),(#1461,
#1462,#1463,#1464),(#1465,#1466,#1467,#1468),(#1469,#1470,#1471,#1472),
(#1473,#1474,#1475,#1476)),.UNSPECIFIED.,.F.,.F.,.F.,(4,1,4),(4,4),(0.,
0.571428571428571,1.),(0.,0.0918749273750285),.UNSPECIFIED.);
#896=ADVANCED_FACE('',(#185),#894,.T.);
#897=ADVANCED_FACE('',(#186),#155,.F.);
#898=ADVANCED_FACE('',(#187),#41,.F.);
#899=ADVANCED_FACE('',(#188),#156,.F.);
#900=ADVANCED_FACE('',(#189),#895,.T.);
#901=ADVANCED_FACE('',(#190),#42,.T.);
#902=ADVANCED_FACE('',(#191),#30,.T.);
#903=ADVANCED_FACE('',(#192),#43,.T.);
#904=ADVANCED_FACE('',(#193),#157,.T.);
#905=ADVANCED_FACE('',(#194),#158,.T.);
#906=ADVANCED_FACE('',(#195),#29,.T.);
#907=ADVANCED_FACE('',(#196,#21,#22),#31,.T.);
#908=ADVANCED_FACE('',(#197),#32,.T.);
#909=ADVANCED_FACE('',(#198),#159,.T.);
#910=ADVANCED_FACE('',(#199,#23,#24),#33,.T.);
#911=ADVANCED_FACE('',(#200),#44,.T.);
#912=ADVANCED_FACE('',(#201),#160,.T.);
#913=ADVANCED_FACE('',(#202),#161,.T.);
#914=ADVANCED_FACE('',(#203),#17,.F.);
#915=ADVANCED_FACE('',(#204),#162,.T.);
#916=ADVANCED_FACE('',(#205),#163,.T.);
#917=ADVANCED_FACE('',(#206),#164,.T.);
#918=ADVANCED_FACE('',(#207),#18,.F.);
#919=ADVANCED_FACE('',(#208),#165,.T.);
#920=ADVANCED_FACE('',(#209),#166,.T.);
#921=ADVANCED_FACE('',(#210),#167,.T.);
#922=ADVANCED_FACE('',(#211),#19,.F.);
#923=ADVANCED_FACE('',(#212),#168,.T.);
#924=ADVANCED_FACE('',(#213),#45,.T.);
#925=ADVANCED_FACE('',(#214),#46,.T.);
#926=ADVANCED_FACE('',(#215),#20,.F.);
#927=ADVANCED_FACE('',(#216),#169,.F.);
#928=ADVANCED_FACE('',(#217),#170,.F.);
#929=ADVANCED_FACE('',(#218),#171,.F.);
#930=ADVANCED_FACE('',(#219),#172,.F.);
#931=ADVANCED_FACE('',(#220),#173,.F.);
#932=ADVANCED_FACE('',(#221),#174,.F.);
#933=ADVANCED_FACE('',(#222),#175,.F.);
#934=ADVANCED_FACE('',(#223),#34,.T.);
#935=ADVANCED_FACE('',(#224),#176,.F.);
#936=ADVANCED_FACE('',(#225,#25,#26),#35,.T.);
#937=ADVANCED_FACE('',(#226),#177,.T.);
#938=ADVANCED_FACE('',(#227),#36,.T.);
#939=ADVANCED_FACE('',(#228),#178,.T.);
#940=ADVANCED_FACE('',(#229),#37,.T.);
#941=ADVANCED_FACE('',(#230),#179,.T.);
#942=ADVANCED_FACE('',(#231),#38,.T.);
#943=ADVANCED_FACE('',(#232),#180,.T.);
#944=ADVANCED_FACE('',(#233),#181,.T.);
#945=ADVANCED_FACE('',(#234),#39,.T.);
#946=ADVANCED_FACE('',(#235),#182,.T.);
#947=ADVANCED_FACE('',(#236),#183,.F.);
#948=ADVANCED_FACE('',(#237),#184,.T.);
#949=ADVANCED_FACE('',(#238,#27,#28),#40,.F.);
#950=CLOSED_SHELL('',(#896,#897,#898,#899,#900,#901,#902,#903,#904,#905,
#906,#907,#908,#909,#910,#911,#912,#913,#914,#915,#916,#917,#918,#919,#920,
#921,#922,#923,#924,#925,#926,#927,#928,#929,#930,#931,#932,#933,#934,#935,
#936,#937,#938,#939,#940,#941,#942,#943,#944,#945,#946,#947,#948,#949));
#951=DERIVED_UNIT_ELEMENT(#953,1.);
#952=DERIVED_UNIT_ELEMENT(#1882,-3.);
#953=(
CONVERSION_BASED_UNIT('gram',#955)
MASS_UNIT()
NAMED_UNIT(#1879)
);
#954=(
MASS_UNIT()
NAMED_UNIT(*)
SI_UNIT(.KILO.,.GRAM.)
);
#955=MASS_MEASURE_WITH_UNIT(MASS_MEASURE(0.001),#954);
#956=DERIVED_UNIT((#951,#952));
#957=MEASURE_REPRESENTATION_ITEM('density measure',
POSITIVE_RATIO_MEASURE(0.952),#956);
#958=PROPERTY_DEFINITION_REPRESENTATION(#963,#960);
#959=PROPERTY_DEFINITION_REPRESENTATION(#964,#961);
#960=REPRESENTATION('material name',(#962),#1876);
#961=REPRESENTATION('density',(#957),#1876);
#962=DESCRIPTIVE_REPRESENTATION_ITEM('Plastic, Opaque Black',
'Plastic, Opaque Black');
#963=PROPERTY_DEFINITION('material property','material name',#1890);
#964=PROPERTY_DEFINITION('material property','density of part',#1890);
#965=DATE_TIME_ROLE('creation_date');
#966=APPLIED_DATE_AND_TIME_ASSIGNMENT(#967,#965,(#1890));
#967=DATE_AND_TIME(#968,#969);
#968=CALENDAR_DATE(2025,14,9);
#969=LOCAL_TIME(0,0,0.,#970);
#970=COORDINATED_UNIVERSAL_TIME_OFFSET(0,0,.BEHIND.);
#971=AXIS2_PLACEMENT_3D('',#1382,#1090,#1091);
#972=AXIS2_PLACEMENT_3D('',#1433,#1092,#1093);
#973=AXIS2_PLACEMENT_3D('',#1439,#1094,#1095);
#974=AXIS2_PLACEMENT_3D('',#1442,#1096,#1097);
#975=AXIS2_PLACEMENT_3D('',#1445,#1100,#1101);
#976=AXIS2_PLACEMENT_3D('',#1448,#1102,#1103);
#977=AXIS2_PLACEMENT_3D('',#1449,#1104,#1105);
#978=AXIS2_PLACEMENT_3D('',#1450,#1106,#1107);
#979=AXIS2_PLACEMENT_3D('',#1451,#1108,#1109);
#980=AXIS2_PLACEMENT_3D('',#1454,#1110,#1111);
#981=AXIS2_PLACEMENT_3D('',#1518,#1114,#1115);
#982=AXIS2_PLACEMENT_3D('',#1531,#1116,#1117);
#983=AXIS2_PLACEMENT_3D('',#1533,#1118,#1119);
#984=AXIS2_PLACEMENT_3D('',#1534,#1120,#1121);
#985=AXIS2_PLACEMENT_3D('',#1535,#1122,#1123);
#986=AXIS2_PLACEMENT_3D('',#1537,#1124,#1125);
#987=AXIS2_PLACEMENT_3D('',#1539,#1126,#1127);
#988=AXIS2_PLACEMENT_3D('',#1541,#1128,#1129);
#989=AXIS2_PLACEMENT_3D('',#1545,#1131,#1132);
#990=AXIS2_PLACEMENT_3D('',#1547,#1133,#1134);
#991=AXIS2_PLACEMENT_3D('',#1551,#1136,#1137);
#992=AXIS2_PLACEMENT_3D('',#1555,#1139,#1140);
#993=AXIS2_PLACEMENT_3D('',#1556,#1141,#1142);
#994=AXIS2_PLACEMENT_3D('',#1557,#1143,#1144);
#995=AXIS2_PLACEMENT_3D('',#1559,#1145,#1146);
#996=AXIS2_PLACEMENT_3D('',#1560,#1147,#1148);
#997=AXIS2_PLACEMENT_3D('',#1561,#1149,#1150);
#998=AXIS2_PLACEMENT_3D('',#1564,#1151,#1152);
#999=AXIS2_PLACEMENT_3D('',#1568,#1154,#1155);
#1000=AXIS2_PLACEMENT_3D('',#1570,#1157,#1158);
#1001=AXIS2_PLACEMENT_3D('',#1573,#1159,#1160);
#1002=AXIS2_PLACEMENT_3D('',#1576,#1162,#1163);
#1003=AXIS2_PLACEMENT_3D('',#1578,#1165,#1166);
#1004=AXIS2_PLACEMENT_3D('',#1579,#1167,#1168);
#1005=AXIS2_PLACEMENT_3D('',#1580,#1169,#1170);
#1006=AXIS2_PLACEMENT_3D('',#1590,#1176,#1177);
#1007=AXIS2_PLACEMENT_3D('',#1592,#1178,#1179);
#1008=AXIS2_PLACEMENT_3D('',#1593,#1180,#1181);
#1009=AXIS2_PLACEMENT_3D('',#1595,#1183,#1184);
#1010=AXIS2_PLACEMENT_3D('',#1597,#1186,#1187);
#1011=AXIS2_PLACEMENT_3D('',#1600,#1189,#1190);
#1012=AXIS2_PLACEMENT_3D('',#1602,#1191,#1192);
#1013=AXIS2_PLACEMENT_3D('',#1603,#1193,#1194);
#1014=AXIS2_PLACEMENT_3D('',#1614,#1195,#1196);
#1015=AXIS2_PLACEMENT_3D('',#1615,#1197,#1198);
#1016=AXIS2_PLACEMENT_3D('',#1616,#1199,#1200);
#1017=AXIS2_PLACEMENT_3D('',#1618,#1201,#1202);
#1018=AXIS2_PLACEMENT_3D('',#1621,#1204,#1205);
#1019=AXIS2_PLACEMENT_3D('',#1622,#1206,#1207);
#1020=AXIS2_PLACEMENT_3D('',#1631,#1208,#1209);
#1021=AXIS2_PLACEMENT_3D('',#1648,#1211,#1212);
#1022=AXIS2_PLACEMENT_3D('',#1649,#1213,#1214);
#1023=AXIS2_PLACEMENT_3D('',#1650,#1215,#1216);
#1024=AXIS2_PLACEMENT_3D('',#1660,#1218,#1219);
#1025=AXIS2_PLACEMENT_3D('',#1661,#1220,#1221);
#1026=AXIS2_PLACEMENT_3D('',#1663,#1222,#1223);
#1027=AXIS2_PLACEMENT_3D('',#1666,#1225,#1226);
#1028=AXIS2_PLACEMENT_3D('',#1667,#1227,#1228);
#1029=AXIS2_PLACEMENT_3D('',#1676,#1229,#1230);
#1030=AXIS2_PLACEMENT_3D('',#1687,#1232,#1233);
#1031=AXIS2_PLACEMENT_3D('',#1688,#1234,#1235);
#1032=AXIS2_PLACEMENT_3D('',#1689,#1236,#1237);
#1033=AXIS2_PLACEMENT_3D('',#1699,#1239,#1240);
#1034=AXIS2_PLACEMENT_3D('',#1700,#1241,#1242);
#1035=AXIS2_PLACEMENT_3D('',#1702,#1243,#1244);
#1036=AXIS2_PLACEMENT_3D('',#1705,#1246,#1247);
#1037=AXIS2_PLACEMENT_3D('',#1706,#1248,#1249);
#1038=AXIS2_PLACEMENT_3D('',#1715,#1250,#1251);
#1039=AXIS2_PLACEMENT_3D('',#1726,#1253,#1254);
#1040=AXIS2_PLACEMENT_3D('',#1727,#1255,#1256);
#1041=AXIS2_PLACEMENT_3D('',#1728,#1257,#1258);
#1042=AXIS2_PLACEMENT_3D('',#1738,#1260,#1261);
#1043=AXIS2_PLACEMENT_3D('',#1739,#1262,#1263);
#1044=AXIS2_PLACEMENT_3D('',#1741,#1264,#1265);
#1045=AXIS2_PLACEMENT_3D('',#1742,#1266,#1267);
#1046=AXIS2_PLACEMENT_3D('',#1743,#1268,#1269);
#1047=AXIS2_PLACEMENT_3D('',#1752,#1270,#1271);
#1048=AXIS2_PLACEMENT_3D('',#1753,#1272,#1273);
#1049=AXIS2_PLACEMENT_3D('',#1769,#1274,#1275);
#1050=AXIS2_PLACEMENT_3D('',#1770,#1276,#1277);
#1051=AXIS2_PLACEMENT_3D('',#1771,#1278,#1279);
#1052=AXIS2_PLACEMENT_3D('',#1774,#1281,#1282);
#1053=AXIS2_PLACEMENT_3D('',#1775,#1283,#1284);
#1054=AXIS2_PLACEMENT_3D('',#1778,#1286,#1287);
#1055=AXIS2_PLACEMENT_3D('',#1779,#1288,#1289);
#1056=AXIS2_PLACEMENT_3D('',#1782,#1291,#1292);
#1057=AXIS2_PLACEMENT_3D('',#1783,#1293,#1294);
#1058=AXIS2_PLACEMENT_3D('',#1786,#1296,#1297);
#1059=AXIS2_PLACEMENT_3D('',#1787,#1298,#1299);
#1060=AXIS2_PLACEMENT_3D('',#1790,#1301,#1302);
#1061=AXIS2_PLACEMENT_3D('',#1791,#1303,#1304);
#1062=AXIS2_PLACEMENT_3D('',#1793,#1306,#1307);
#1063=AXIS2_PLACEMENT_3D('',#1795,#1309,#1310);
#1064=AXIS2_PLACEMENT_3D('',#1797,#1311,#1312);
#1065=AXIS2_PLACEMENT_3D('',#1799,#1314,#1315);
#1066=AXIS2_PLACEMENT_3D('',#1802,#1316,#1317);
#1067=AXIS2_PLACEMENT_3D('',#1815,#1320,#1321);
#1068=AXIS2_PLACEMENT_3D('',#1817,#1322,#1323);
#1069=AXIS2_PLACEMENT_3D('',#1819,#1324,#1325);
#1070=AXIS2_PLACEMENT_3D('',#1823,#1327,#1328);
#1071=AXIS2_PLACEMENT_3D('',#1825,#1330,#1331);
#1072=AXIS2_PLACEMENT_3D('',#1827,#1332,#1333);
#1073=AXIS2_PLACEMENT_3D('',#1838,#1335,#1336);
#1074=AXIS2_PLACEMENT_3D('',#1843,#1340,#1341);
#1075=AXIS2_PLACEMENT_3D('',#1845,#1343,#1344);
#1076=AXIS2_PLACEMENT_3D('',#1847,#1346,#1347);
#1077=AXIS2_PLACEMENT_3D('',#1850,#1349,#1350);
#1078=AXIS2_PLACEMENT_3D('',#1851,#1351,#1352);
#1079=AXIS2_PLACEMENT_3D('',#1855,#1355,#1356);
#1080=AXIS2_PLACEMENT_3D('',#1858,#1358,#1359);
#1081=AXIS2_PLACEMENT_3D('',#1859,#1360,#1361);
#1082=AXIS2_PLACEMENT_3D('',#1862,#1363,#1364);
#1083=AXIS2_PLACEMENT_3D('',#1863,#1365,#1366);
#1084=AXIS2_PLACEMENT_3D('',#1867,#1369,#1370);
#1085=AXIS2_PLACEMENT_3D('',#1868,#1371,#1372);
#1086=AXIS2_PLACEMENT_3D('',#1869,#1373,#1374);
#1087=AXIS2_PLACEMENT_3D('',#1871,#1376,#1377);
#1088=AXIS2_PLACEMENT_3D('',#1872,#1378,#1379);
#1089=AXIS2_PLACEMENT_3D('',#1873,#1380,#1381);
#1090=DIRECTION('axis',(0.,0.,1.));
#1091=DIRECTION('refdir',(1.,0.,0.));
#1092=DIRECTION('center_axis',(-6.72777669095926E-12,-1.,3.0491794560787E-13));
#1093=DIRECTION('ref_axis',(7.87191834027134E-12,-3.0491794566083E-13,-1.));
#1094=DIRECTION('center_axis',(6.72833781393391E-12,1.,-3.03563238215647E-13));
#1095=DIRECTION('ref_axis',(0.707106781192112,-4.97286606756663E-12,-0.707106781180983));
#1096=DIRECTION('center_axis',(-6.72777669095926E-12,-1.,3.04917945607889E-13));
#1097=DIRECTION('ref_axis',(7.86912092792584E-12,-3.04917945660831E-13,
-1.));
#1098=DIRECTION('',(6.72833781393391E-12,1.,-3.03563238215647E-13));
#1099=DIRECTION('',(-6.72833781393391E-12,-1.,3.03563238215647E-13));
#1100=DIRECTION('center_axis',(-7.8685124120793E-12,3.03563238268589E-13,
1.));
#1101=DIRECTION('ref_axis',(1.,0.,7.86846778209695E-12));
#1102=DIRECTION('center_axis',(1.,-6.72777669095446E-12,7.86912092792788E-12));
#1103=DIRECTION('ref_axis',(7.86912092792583E-12,-3.0491794566083E-13,-1.));
#1104=DIRECTION('center_axis',(7.8685124120793E-12,-3.03563238268589E-13,
-1.));
#1105=DIRECTION('ref_axis',(-0.707106781191302,-0.707106781181793,-5.34917691943412E-12));
#1106=DIRECTION('center_axis',(-7.8685124120793E-12,3.03563238268589E-13,
1.));
#1107=DIRECTION('ref_axis',(-0.707106781191302,-0.707106781181793,-5.34922686017198E-12));
#1108=DIRECTION('center_axis',(-1.,6.72833781393152E-12,-7.86851241208134E-12));
#1109=DIRECTION('ref_axis',(1.03215652905977E-11,0.707106781186332,-0.707106781186763));
#1110=DIRECTION('center_axis',(1.,-6.72777669095447E-12,7.86912092792791E-12));
#1111=DIRECTION('ref_axis',(7.86912092792584E-12,-3.07715358006343E-13,
-1.));
#1112=DIRECTION('',(-1.,6.72833781393152E-12,-7.86851241208134E-12));
#1113=DIRECTION('',(1.,-6.72833781393152E-12,7.86851241208134E-12));
#1114=DIRECTION('center_axis',(7.8685124120793E-12,-3.03563238268589E-13,
-1.));
#1115=DIRECTION('ref_axis',(-1.,0.,-7.86848364242587E-12));
#1116=DIRECTION('center_axis',(-7.8685124120793E-12,3.03563238268589E-13,
1.));
#1117=DIRECTION('ref_axis',(-0.70119233587093,-0.712972165035823,-5.30090845884165E-12));
#1118=DIRECTION('center_axis',(0.99986123562473,0.016658616238709,7.86162085268116E-12));
#1119=DIRECTION('ref_axis',(-0.016658616238709,0.99986123562473,-4.34473104912366E-13));
#1120=DIRECTION('center_axis',(7.8685124120793E-12,-3.03563238268589E-13,
-1.));
#1121=DIRECTION('ref_axis',(-0.70119233587093,-0.712972165035823,-5.30109639474561E-12));
#1122=DIRECTION('center_axis',(-7.8685124120793E-12,3.03563238268589E-13,
1.));
#1123=DIRECTION('ref_axis',(1.,0.,7.8685124120793E-12));
#1124=DIRECTION('center_axis',(7.8685124120793E-12,-3.03563238268589E-13,
-1.));
#1125=DIRECTION('ref_axis',(-0.14104733629259,0.990002852988195,-1.41036118825721E-12));
#1126=DIRECTION('center_axis',(7.8685124120793E-12,-3.03563238268589E-13,
-1.));
#1127=DIRECTION('ref_axis',(-1.,6.72833781393152E-12,-7.86851241208134E-12));
#1128=DIRECTION('center_axis',(7.8685124120793E-12,-3.03563238268589E-13,
-1.));
#1129=DIRECTION('ref_axis',(-1.,6.72833781393152E-12,-7.86851241208134E-12));
#1130=DIRECTION('',(-0.544333996996184,0.838868583101166,-4.53774847524919E-12));
#1131=DIRECTION('center_axis',(7.8685124120793E-12,-3.03563238268589E-13,
-1.));
#1132=DIRECTION('ref_axis',(-1.,6.72833781393152E-12,-7.86851241208134E-12));
#1133=DIRECTION('center_axis',(7.8685124120793E-12,-3.03563238268589E-13,
-1.));
#1134=DIRECTION('ref_axis',(-1.,6.72833781393152E-12,-7.86851241208134E-12));
#1135=DIRECTION('',(-0.998973616229865,-0.0452958505453484,-7.84668614357276E-12));
#1136=DIRECTION('center_axis',(7.8685124120793E-12,-3.03563238268589E-13,
-1.));
#1137=DIRECTION('ref_axis',(-1.,6.72833781393152E-12,-7.86851241208134E-12));
#1138=DIRECTION('',(-6.71570574881121E-12,-1.,3.03563238215747E-13));
#1139=DIRECTION('center_axis',(7.8685124120793E-12,-3.03563238268589E-13,
-1.));
#1140=DIRECTION('ref_axis',(-1.,6.72833781393152E-12,-7.86851241208134E-12));
#1141=DIRECTION('center_axis',(-7.8685124120793E-12,3.03563238268589E-13,
1.));
#1142=DIRECTION('ref_axis',(0.186958947810616,-0.982367727398222,1.76929952989667E-12));
#1143=DIRECTION('center_axis',(-7.8685124120793E-12,3.03563238268589E-13,
1.));
#1144=DIRECTION('ref_axis',(1.,0.,7.86851534781881E-12));
#1145=DIRECTION('center_axis',(-7.8685124120793E-12,3.03563238268589E-13,
1.));
#1146=DIRECTION('ref_axis',(-0.14104733629259,0.990002852988195,-1.4103679566154E-12));
#1147=DIRECTION('center_axis',(0.970007216640235,0.243076119077674,7.55694907861646E-12));
#1148=DIRECTION('ref_axis',(-0.243076119077674,0.970007216640235,-2.2077702745597E-12));
#1149=DIRECTION('center_axis',(1.,-6.72833781393152E-12,7.86851241208134E-12));
#1150=DIRECTION('ref_axis',(-1.03205762559781E-11,-0.707106781186334,0.707106781186761));
#1151=DIRECTION('center_axis',(-1.,6.97655746316049E-12,-7.86872129759288E-12));
#1152=DIRECTION('ref_axis',(-1.03205762559781E-11,-0.707106781186334,0.707106781186761));
#1153=DIRECTION('',(-1.,6.72833781393152E-12,-7.86851241208134E-12));
#1154=DIRECTION('center_axis',(1.,-6.72777669095445E-12,7.86772222175515E-12));
#1155=DIRECTION('ref_axis',(-7.8677222217531E-12,3.04218592574453E-13,1.));
#1156=DIRECTION('',(1.,-6.72833781393152E-12,7.86851241208134E-12));
#1157=DIRECTION('center_axis',(-6.72833781393391E-12,-1.,3.03563238215647E-13));
#1158=DIRECTION('ref_axis',(-0.70710678119211,4.9698989637077E-12,0.707106781180985));
#1159=DIRECTION('center_axis',(-6.74743277874984E-12,-1.,3.03719054602517E-13));
#1160=DIRECTION('ref_axis',(-0.70710678119211,4.9698989637077E-12,0.707106781180985));
#1161=DIRECTION('',(-6.72833781393391E-12,-1.,3.03563238215647E-13));
#1162=DIRECTION('center_axis',(6.72777669095926E-12,1.,-3.0421859252152E-13));
#1163=DIRECTION('ref_axis',(-1.,6.72777669095687E-12,-7.86772222175309E-12));
#1164=DIRECTION('',(6.72833781393391E-12,1.,-3.03563238215647E-13));
#1165=DIRECTION('center_axis',(-0.40824829046519,-0.408248290456363,-0.816496580930812));
#1166=DIRECTION('ref_axis',(-0.577350269198049,-0.577350269185568,0.57735026918526));
#1167=DIRECTION('center_axis',(-7.86856144545673E-12,3.03519239488074E-13,
1.));
#1168=DIRECTION('ref_axis',(-0.7071067811913,-0.707106781181795,-5.3500511107921E-12));
#1169=DIRECTION('center_axis',(1.,-6.97655746316049E-12,7.86872129759288E-12));
#1170=DIRECTION('ref_axis',(6.97655746316288E-12,1.,-3.03563238213694E-13));
#1171=DIRECTION('',(-7.86872129759076E-12,3.03719054655611E-13,1.));
#1172=DIRECTION('',(-7.86872129759076E-12,3.03719054655611E-13,1.));
#1173=DIRECTION('',(6.97655746316288E-12,1.,-3.03563238213694E-13));
#1174=DIRECTION('',(-7.86872129759076E-12,3.03719054655611E-13,1.));
#1175=DIRECTION('',(6.76588201590666E-12,1.,-3.03563238215352E-13));
#1176=DIRECTION('center_axis',(-1.,6.97655746316049E-12,-7.86872129759288E-12));
#1177=DIRECTION('ref_axis',(7.86870131607189E-12,-3.03563238268589E-13,
-1.));
#1178=DIRECTION('center_axis',(-1.,6.97655746316049E-12,-7.86872129759288E-12));
#1179=DIRECTION('ref_axis',(7.86870131607189E-12,-3.03563238268589E-13,
-1.));
#1180=DIRECTION('center_axis',(-6.72833781393391E-12,-1.,3.03519239435132E-13));
#1181=DIRECTION('ref_axis',(1.,-6.72833781393152E-12,7.86851241208134E-12));
#1182=DIRECTION('',(-7.86856144545673E-12,3.03519239488074E-13,1.));
#1183=DIRECTION('center_axis',(-7.86856144545673E-12,3.03519239488074E-13,
1.));
#1184=DIRECTION('ref_axis',(-0.7071067811913,-0.707106781181795,-5.34944099899583E-12));
#1185=DIRECTION('',(7.86856144545673E-12,-3.03519239488074E-13,-1.));
#1186=DIRECTION('center_axis',(-1.,6.72833781393152E-12,-7.86856144545877E-12));
#1187=DIRECTION('ref_axis',(-6.72833781393391E-12,-1.,3.03563238215647E-13));
#1188=DIRECTION('',(-7.86872129759076E-12,3.03719054655611E-13,1.));
#1189=DIRECTION('center_axis',(1.,-6.72833781393152E-12,7.86856144545877E-12));
#1190=DIRECTION('ref_axis',(7.86870131607189E-12,-3.03563238268589E-13,
-1.));
#1191=DIRECTION('center_axis',(1.,-6.72833781393152E-12,7.86856144545877E-12));
#1192=DIRECTION('ref_axis',(7.86870131607189E-12,-3.03563238268589E-13,
-1.));
#1193=DIRECTION('center_axis',(-7.8685124120793E-12,3.03563238268589E-13,
1.));
#1194=DIRECTION('ref_axis',(1.,0.,7.86851534781881E-12));
#1195=DIRECTION('center_axis',(-7.8685124120793E-12,3.03563238268589E-13,
1.));
#1196=DIRECTION('ref_axis',(-0.279274530678581,0.960211297847645,-2.48895923617469E-12));
#1197=DIRECTION('center_axis',(0.960211297847645,0.279274530678581,7.46873870346447E-12));
#1198=DIRECTION('ref_axis',(-0.279274530678581,0.960211297847645,-2.48925989182688E-12));
#1199=DIRECTION('center_axis',(0.544333996996184,-0.838868583101166,4.53774847524919E-12));
#1200=DIRECTION('ref_axis',(-0.593169663640751,-0.384902260506161,0.707106781181997));
#1201=DIRECTION('center_axis',(0.544333996996183,-0.838868583101167,4.5378681039285E-12));
#1202=DIRECTION('ref_axis',(-7.86772222175307E-12,3.04218592574452E-13,
1.));
#1203=DIRECTION('',(0.544333996996184,-0.838868583101166,4.53774847524919E-12));
#1204=DIRECTION('center_axis',(-0.544333996996183,0.838868583101167,-4.53881980808056E-12));
#1205=DIRECTION('ref_axis',(-0.838868583101167,-0.544333996996183,-6.43535968171504E-12));
#1206=DIRECTION('center_axis',(0.544333996996184,-0.838868583101166,4.53774847524919E-12));
#1207=DIRECTION('ref_axis',(-0.593169663640751,-0.384902260506161,0.707106781181997));
#1208=DIRECTION('center_axis',(0.544333996996183,-0.838868583101167,4.5378681039285E-12));
#1209=DIRECTION('ref_axis',(-7.86772222175307E-12,3.04218592574452E-13,
1.));
#1210=DIRECTION('',(0.544333996996184,-0.838868583101166,4.53774847524919E-12));
#1211=DIRECTION('center_axis',(7.86872129759076E-12,-3.03719054655611E-13,
-1.));
#1212=DIRECTION('ref_axis',(-1.,6.72833781393152E-12,-7.8687212975928E-12));
#1213=DIRECTION('center_axis',(-7.8685124120793E-12,3.03563238268589E-13,
1.));
#1214=DIRECTION('ref_axis',(-0.9372700474156,0.348604156913767,-7.48070521913067E-12));
#1215=DIRECTION('center_axis',(0.544333996996184,-0.838868583101166,4.53774847524919E-12));
#1216=DIRECTION('ref_axis',(-0.593169663640751,-0.384902260506161,0.707106781181997));
#1217=DIRECTION('',(0.544333996996184,-0.838868583101166,4.53774847524919E-12));
#1218=DIRECTION('center_axis',(-0.544333996996182,0.838868583101168,-4.54080143059178E-12));
#1219=DIRECTION('ref_axis',(-0.838868583101168,-0.544333996996182,-6.43535968171506E-12));
#1220=DIRECTION('center_axis',(0.998973616229865,0.0452958505453484,7.84668614357276E-12));
#1221=DIRECTION('ref_axis',(0.0320290030746655,-0.70638101826237,0.707106781187014));
#1222=DIRECTION('center_axis',(0.998973616229865,0.0452958505453477,7.84586707945437E-12));
#1223=DIRECTION('ref_axis',(-7.86772222175308E-12,3.04218592574452E-13,
1.));
#1224=DIRECTION('',(0.998973616229865,0.0452958505453484,7.84668614357276E-12));
#1225=DIRECTION('center_axis',(-0.998973616229865,-0.0452958505453476,-7.84455713830115E-12));
#1226=DIRECTION('ref_axis',(0.0452958505453476,-0.998973616229865,6.60014475269288E-13));
#1227=DIRECTION('center_axis',(0.998973616229865,0.0452958505453484,7.84668614357276E-12));
#1228=DIRECTION('ref_axis',(0.0320290030746655,-0.70638101826237,0.707106781187014));
#1229=DIRECTION('center_axis',(0.998973616229865,0.0452958505453476,7.84586707945438E-12));
#1230=DIRECTION('ref_axis',(-7.86772222175308E-12,3.04218592574452E-13,
1.));
#1231=DIRECTION('',(0.998973616229865,0.0452958505453484,7.84668614357276E-12));
#1232=DIRECTION('center_axis',(7.86872129759076E-12,-3.03719054655611E-13,
-1.));
#1233=DIRECTION('ref_axis',(-1.,6.72833781393152E-12,-7.8687212975928E-12));
#1234=DIRECTION('center_axis',(-7.8685124120793E-12,3.03563238268589E-13,
1.));
#1235=DIRECTION('ref_axis',(-0.457289532253105,-0.889317875504443,-3.32817138428126E-12));
#1236=DIRECTION('center_axis',(0.998973616229865,0.0452958505453484,7.84668614357276E-12));
#1237=DIRECTION('ref_axis',(0.0320290030746655,-0.70638101826237,0.707106781187014));
#1238=DIRECTION('',(0.998973616229865,0.0452958505453484,7.84668614357276E-12));
#1239=DIRECTION('center_axis',(-0.998973616229865,-0.0452958505453472,-7.84586707945437E-12));
#1240=DIRECTION('ref_axis',(0.0452958505453472,-0.998973616229865,6.60014475269288E-13));
#1241=DIRECTION('center_axis',(6.71570574881121E-12,1.,-3.03563238215747E-13));
#1242=DIRECTION('ref_axis',(0.707106781180984,-4.53472373106463E-12,0.707106781192111));
#1243=DIRECTION('center_axis',(6.71728639466357E-12,1.,-3.04218592521597E-13));
#1244=DIRECTION('ref_axis',(-7.86859641311105E-12,3.04218592574452E-13,
1.));
#1245=DIRECTION('',(6.71570574881121E-12,1.,-3.03563238215747E-13));
#1246=DIRECTION('center_axis',(-6.71728639466357E-12,-1.,3.04218592521597E-13));
#1247=DIRECTION('ref_axis',(1.,-6.71728639466118E-12,7.86859641311105E-12));
#1248=DIRECTION('center_axis',(6.71570574881121E-12,1.,-3.03563238215747E-13));
#1249=DIRECTION('ref_axis',(0.707106781180984,-4.53472373106463E-12,0.707106781192111));
#1250=DIRECTION('center_axis',(6.71728639466357E-12,1.,-3.04218592521597E-13));
#1251=DIRECTION('ref_axis',(-7.86859641311105E-12,3.04218592574452E-13,
1.));
#1252=DIRECTION('',(6.71570574881121E-12,1.,-3.03563238215747E-13));
#1253=DIRECTION('center_axis',(7.86872129759076E-12,-3.03719054655611E-13,
-1.));
#1254=DIRECTION('ref_axis',(-1.,6.72833781393152E-12,-7.86872129759281E-12));
#1255=DIRECTION('center_axis',(-7.8685124120793E-12,3.03563238268589E-13,
1.));
#1256=DIRECTION('ref_axis',(0.722943929547316,-0.690906704795,5.89816909224089E-12));
#1257=DIRECTION('center_axis',(6.71570574881121E-12,1.,-3.03563238215747E-13));
#1258=DIRECTION('ref_axis',(0.707106781180984,-4.53472373106463E-12,0.707106781192111));
#1259=DIRECTION('',(6.71570574881121E-12,1.,-3.03563238215747E-13));
#1260=DIRECTION('center_axis',(-6.71728639466358E-12,-1.,3.04218592521597E-13));
#1261=DIRECTION('ref_axis',(1.,-6.71728639466118E-12,7.86859641311105E-12));
#1262=DIRECTION('center_axis',(7.8685124120793E-12,-3.03563238268589E-13,
-1.));
#1263=DIRECTION('ref_axis',(-1.,0.,-7.86850925216465E-12));
#1264=DIRECTION('center_axis',(-0.94064375639801,-0.339395526708059,-7.29952911211162E-12));
#1265=DIRECTION('ref_axis',(-7.86990770014797E-12,3.04218592574451E-13,
1.));
#1266=DIRECTION('center_axis',(7.8685124120793E-12,-3.03563238268589E-13,
-1.));
#1267=DIRECTION('ref_axis',(0.186958947810616,-0.982367727398222,1.76929617193424E-12));
#1268=DIRECTION('center_axis',(7.8685124120793E-12,-3.03563238268589E-13,
-1.));
#1269=DIRECTION('ref_axis',(-1.,0.,-7.86850925216465E-12));
#1270=DIRECTION('center_axis',(-0.93608276403428,-0.351779844331568,-7.2590512864532E-12));
#1271=DIRECTION('ref_axis',(-7.86772222175304E-12,3.00721827142561E-13,
1.));
#1272=DIRECTION('center_axis',(7.8685124120793E-12,-3.03563238268589E-13,
-1.));
#1273=DIRECTION('ref_axis',(0.351779844331569,-0.93608276403428,3.05214261185464E-12));
#1274=DIRECTION('center_axis',(7.86872129759076E-12,-3.03719054655611E-13,
-1.));
#1275=DIRECTION('ref_axis',(-1.,6.72833781393152E-12,-7.86872129759281E-12));
#1276=DIRECTION('center_axis',(-7.8685124120793E-12,3.03563238268589E-13,
1.));
#1277=DIRECTION('ref_axis',(0.569306664142763,0.822125247248033,4.23008709674952E-12));
#1278=DIRECTION('center_axis',(-7.86872129759076E-12,3.03719054655611E-13,
1.));
#1279=DIRECTION('ref_axis',(-1.,6.72833781393152E-12,-7.8687212975928E-12));
#1280=DIRECTION('',(7.86872129759076E-12,-3.03719054655611E-13,-1.));
#1281=DIRECTION('center_axis',(7.8685124120793E-12,-3.03563238268589E-13,
-1.));
#1282=DIRECTION('ref_axis',(-1.,6.72833781393152E-12,-7.86851241208134E-12));
#1283=DIRECTION('center_axis',(-7.86872129759076E-12,3.03719054655611E-13,
1.));
#1284=DIRECTION('ref_axis',(-1.,6.72833781393152E-12,-7.8687212975928E-12));
#1285=DIRECTION('',(7.86872129759076E-12,-3.03719054655611E-13,-1.));
#1286=DIRECTION('center_axis',(7.8685124120793E-12,-3.03563238268589E-13,
-1.));
#1287=DIRECTION('ref_axis',(-1.,6.72833781393152E-12,-7.86851241208134E-12));
#1288=DIRECTION('center_axis',(-7.86872129759076E-12,3.03719054655611E-13,
1.));
#1289=DIRECTION('ref_axis',(-1.,6.72833781393152E-12,-7.86872129759281E-12));
#1290=DIRECTION('',(7.86872129759076E-12,-3.03719054655611E-13,-1.));
#1291=DIRECTION('center_axis',(7.8685124120793E-12,-3.03563238268589E-13,
-1.));
#1292=DIRECTION('ref_axis',(-1.,6.72833781393152E-12,-7.86872129759281E-12));
#1293=DIRECTION('center_axis',(-7.86872129759076E-12,3.03719054655611E-13,
1.));
#1294=DIRECTION('ref_axis',(-1.,6.72833781393152E-12,-7.86872129759281E-12));
#1295=DIRECTION('',(7.86872129759076E-12,-3.03719054655611E-13,-1.));
#1296=DIRECTION('center_axis',(7.8685124120793E-12,-3.03563238268589E-13,
-1.));
#1297=DIRECTION('ref_axis',(-1.,6.72833781393152E-12,-7.86872129759281E-12));
#1298=DIRECTION('center_axis',(-7.86872129759076E-12,3.03719054655611E-13,
1.));
#1299=DIRECTION('ref_axis',(1.,-6.97311139416384E-12,7.86872129759288E-12));
#1300=DIRECTION('',(-7.86872129759076E-12,3.03719054655611E-13,1.));
#1301=DIRECTION('center_axis',(7.8685124120793E-12,-3.03563238268589E-13,
-1.));
#1302=DIRECTION('ref_axis',(1.,-6.97311139416384E-12,7.86851241208142E-12));
#1303=DIRECTION('center_axis',(-1.,6.97646664847289E-12,-7.86870131607401E-12));
#1304=DIRECTION('ref_axis',(7.86870131607189E-12,-3.03563238268589E-13,
-1.));
#1305=DIRECTION('',(-1.,6.97646664847289E-12,-7.86870131607401E-12));
#1306=DIRECTION('center_axis',(-1.,6.97646664847289E-12,-7.86870131607401E-12));
#1307=DIRECTION('ref_axis',(7.86870131607189E-12,-3.03563238268589E-13,
-1.));
#1308=DIRECTION('',(-1.,6.97646664847289E-12,-7.86870131607401E-12));
#1309=DIRECTION('center_axis',(-7.8685124120793E-12,3.03563238268589E-13,
1.));
#1310=DIRECTION('ref_axis',(1.,0.,7.8685124120793E-12));
#1311=DIRECTION('center_axis',(-7.8685124120793E-12,3.03563238268589E-13,
1.));
#1312=DIRECTION('ref_axis',(1.,9.26291665519645E-11,7.86851241205118E-12));
#1313=DIRECTION('',(-1.,6.74743277874745E-12,-7.86851241208135E-12));
#1314=DIRECTION('center_axis',(-6.72863464369202E-12,-1.,3.00721827089623E-13));
#1315=DIRECTION('ref_axis',(7.86772222175308E-12,-3.00721827142562E-13,
-1.));
#1316=DIRECTION('center_axis',(0.0452958505453484,-0.998973616229865,6.59827746225903E-13));
#1317=DIRECTION('ref_axis',(0.998973616229865,0.0452958505453484,7.84602546841876E-12));
#1318=DIRECTION('',(6.72863464369202E-12,1.,-3.00721827089623E-13));
#1319=DIRECTION('',(-6.72863464369202E-12,-1.,3.00721827089623E-13));
#1320=DIRECTION('center_axis',(7.8685124120793E-12,-3.03563238268589E-13,
-1.));
#1321=DIRECTION('ref_axis',(-1.,0.,-7.8685124120793E-12));
#1322=DIRECTION('center_axis',(7.8685124120793E-12,-3.03563238268589E-13,
-1.));
#1323=DIRECTION('ref_axis',(-0.0166586162387088,0.99986123562473,-4.34758917656653E-13));
#1324=DIRECTION('center_axis',(-7.8685124120793E-12,3.03563238268589E-13,
1.));
#1325=DIRECTION('ref_axis',(1.,-6.72034520723006E-12,7.8687212975928E-12));
#1326=DIRECTION('',(6.71570574881121E-12,1.,-3.03563238215747E-13));
#1327=DIRECTION('center_axis',(-7.8685124120793E-12,3.03563238268589E-13,
1.));
#1328=DIRECTION('ref_axis',(0.0452958505453485,-0.998973616229865,6.59827746225904E-13));
#1329=DIRECTION('',(0.998973616229865,0.0452958505453484,7.84668614357276E-12));
#1330=DIRECTION('center_axis',(-6.72833781393391E-12,-1.,3.03563238215647E-13));
#1331=DIRECTION('ref_axis',(0.70710678119211,-4.96495379060949E-12,-0.707106781180985));
#1332=DIRECTION('center_axis',(-0.0452958505453484,0.998973616229865,-6.59827746225903E-13));
#1333=DIRECTION('ref_axis',(0.998973616229865,0.0452958505453484,7.84534672843163E-12));
#1334=DIRECTION('',(6.72833781393391E-12,1.,-3.03563238215647E-13));
#1335=DIRECTION('center_axis',(0.0452958505453484,-0.998973616229865,6.59827746225903E-13));
#1336=DIRECTION('ref_axis',(0.998973616229865,0.0452958505453484,7.84668614357276E-12));
#1337=DIRECTION('',(-7.86872129759076E-12,3.03719054655611E-13,1.));
#1338=DIRECTION('',(0.998973616229865,0.0452958505453484,7.84668614357276E-12));
#1339=DIRECTION('',(-7.86872129759076E-12,3.03719054655611E-13,1.));
#1340=DIRECTION('center_axis',(-7.86872129759076E-12,3.03719054655611E-13,
1.));
#1341=DIRECTION('ref_axis',(0.0452958505453485,-0.998973616229865,6.59827746225904E-13));
#1342=DIRECTION('',(-7.86872129759076E-12,3.03719054655611E-13,1.));
#1343=DIRECTION('center_axis',(1.,-6.71570574880882E-12,7.8687212975928E-12));
#1344=DIRECTION('ref_axis',(6.71570574881121E-12,1.,-3.03563238215747E-13));
#1345=DIRECTION('',(-7.86872129759076E-12,3.03719054655611E-13,1.));
#1346=DIRECTION('center_axis',(-7.86872129759076E-12,3.03719054655611E-13,
1.));
#1347=DIRECTION('ref_axis',(-0.838868583101166,-0.544333996996185,-6.43549847874334E-12));
#1348=DIRECTION('',(-7.86872129759076E-12,3.03719054655611E-13,1.));
#1349=DIRECTION('center_axis',(-7.8685124120793E-12,3.03563238268589E-13,
1.));
#1350=DIRECTION('ref_axis',(-0.838868583101166,-0.544333996996185,-6.43540806740705E-12));
#1351=DIRECTION('center_axis',(-0.838868583101166,-0.544333996996184,-6.43549847874334E-12));
#1352=DIRECTION('ref_axis',(0.544333996996184,-0.838868583101166,4.53774847524919E-12));
#1353=DIRECTION('',(-7.86872129759076E-12,3.03719054655611E-13,1.));
#1354=DIRECTION('',(0.544333996996184,-0.838868583101166,4.53774847524919E-12));
#1355=DIRECTION('center_axis',(-7.86872129759076E-12,3.03719054655611E-13,
1.));
#1356=DIRECTION('ref_axis',(-0.27927453067858,0.960211297847645,-2.48916791507713E-12));
#1357=DIRECTION('',(-7.86872129759076E-12,3.03719054655611E-13,1.));
#1358=DIRECTION('center_axis',(-7.8685124120793E-12,3.03563238268589E-13,
1.));
#1359=DIRECTION('ref_axis',(-0.27927453067858,0.960211297847645,-2.48895996201875E-12));
#1360=DIRECTION('center_axis',(-7.86872129759076E-12,3.03719054655611E-13,
1.));
#1361=DIRECTION('ref_axis',(6.75006332964309E-12,1.,-3.03719054602496E-13));
#1362=DIRECTION('',(-7.86872129759076E-12,3.03719054655611E-13,1.));
#1363=DIRECTION('center_axis',(-7.8685124120793E-12,3.03563238268589E-13,
1.));
#1364=DIRECTION('ref_axis',(6.75006332964309E-12,1.,-3.03563238215476E-13));
#1365=DIRECTION('center_axis',(6.74743277874984E-12,1.,-3.03719054602517E-13));
#1366=DIRECTION('ref_axis',(-1.,6.74743277874745E-12,-7.86851241208135E-12));
#1367=DIRECTION('',(-7.86872129759076E-12,3.03719054655611E-13,1.));
#1368=DIRECTION('',(-1.,6.74743277874745E-12,-7.86851241208135E-12));
#1369=DIRECTION('center_axis',(-7.86872129759076E-12,3.03719054655611E-13,
1.));
#1370=DIRECTION('ref_axis',(1.,9.26291665519645E-11,7.86872129756263E-12));
#1371=DIRECTION('center_axis',(-7.8685124120793E-12,3.03563238268589E-13,
1.));
#1372=DIRECTION('ref_axis',(1.,9.26291665519645E-11,7.86851241205118E-12));
#1373=DIRECTION('center_axis',(-7.86872129759076E-12,3.03719054655611E-13,
1.));
#1374=DIRECTION('ref_axis',(-0.0166586162387088,0.99986123562473,-4.34758917656653E-13));
#1375=DIRECTION('',(-7.86872129759076E-12,3.03719054655611E-13,1.));
#1376=DIRECTION('center_axis',(7.8685124120793E-12,-3.03563238268589E-13,
-1.));
#1377=DIRECTION('ref_axis',(-0.0166586162387088,0.99986123562473,-4.34599643147822E-13));
#1378=DIRECTION('center_axis',(-7.86872129759076E-12,3.03719054655611E-13,
1.));
#1379=DIRECTION('ref_axis',(1.,-6.72034520723006E-12,7.8687212975928E-12));
#1380=DIRECTION('center_axis',(-7.8685124120793E-12,3.03563238268589E-13,
1.));
#1381=DIRECTION('ref_axis',(1.,0.,7.8685124120793E-12));
#1382=CARTESIAN_POINT('',(0.,0.,0.));
#1383=CARTESIAN_POINT('Ctrl Pts',(-1.74125000235656,3.30635206512239,0.249999999985295));
#1384=CARTESIAN_POINT('Ctrl Pts',(-1.74125000235695,3.3063520651224,0.300581005213894));
#1385=CARTESIAN_POINT('Ctrl Pts',(-1.74125000235782,3.27660308541208,0.384550574334522));
#1386=CARTESIAN_POINT('Ctrl Pts',(-1.74125000235905,3.18157913147584,0.459675961271158));
#1387=CARTESIAN_POINT('Ctrl Pts',(-1.74125000235962,3.11425798116845,0.474999999985354));
#1388=CARTESIAN_POINT('Ctrl Pts',(-1.74125000235985,3.08053733421504,0.474999999985364));
#1389=CARTESIAN_POINT('Ctrl Pts',(-1.7412500023568,3.2708263017084,0.249999999985306));
#1390=CARTESIAN_POINT('Ctrl Pts',(-1.74125000235713,3.27082630170842,0.292543626115015));
#1391=CARTESIAN_POINT('Ctrl Pts',(-1.74127965586008,3.24549034324573,0.363240377621186));
#1392=CARTESIAN_POINT('Ctrl Pts',(-1.741258171903,3.16519812254895,0.425688696844368));
#1393=CARTESIAN_POINT('Ctrl Pts',(-1.74126226231461,3.1086775676792,0.437932085154951));
#1394=CARTESIAN_POINT('Ctrl Pts',(-1.74125000235955,3.08053733421502,0.437600087442628));
#1395=CARTESIAN_POINT('Ctrl Pts',(-1.76940328569765,3.20919804441354,0.249999999985103));
#1396=CARTESIAN_POINT('Ctrl Pts',(-1.76940328569788,3.20919804441354,0.278679875470684));
#1397=CARTESIAN_POINT('Ctrl Pts',(-1.76974180404643,3.19169148902392,0.326216754660413));
#1398=CARTESIAN_POINT('Ctrl Pts',(-1.77100875870798,3.13686196341705,0.366862918428362));
#1399=CARTESIAN_POINT('Ctrl Pts',(-1.77205753786203,3.09908347275774,0.373713533365997));
#1400=CARTESIAN_POINT('Ctrl Pts',(-1.7726382919732,3.08053733421522,0.372850516190151));
#1401=CARTESIAN_POINT('Ctrl Pts',(-1.82985905495532,3.18383423429054,0.249999999984635));
#1402=CARTESIAN_POINT('Ctrl Pts',(-1.8298590549555,3.18383423429055,0.272936910890572));
#1403=CARTESIAN_POINT('Ctrl Pts',(-1.83075125792992,3.16995257588325,0.311043013846393));
#1404=CARTESIAN_POINT('Ctrl Pts',(-1.83404780951131,3.12622484484542,0.34422808737161));
#1405=CARTESIAN_POINT('Ctrl Pts',(-1.83673068942454,3.09566852326463,0.350386418710492));
#1406=CARTESIAN_POINT('Ctrl Pts',(-1.83820006795181,3.08053733421565,0.349999999984601));
#1407=CARTESIAN_POINT('Ctrl Pts',(-1.85642087687754,3.18173911117254,0.249999999984427));
#1408=CARTESIAN_POINT('Ctrl Pts',(-1.85642087687772,3.18173911117254,0.272480446752688));
#1409=CARTESIAN_POINT('Ctrl Pts',(-1.85749795765615,3.168433874992,0.309800255250733));
#1410=CARTESIAN_POINT('Ctrl Pts',(-1.86139088879303,3.12587976676423,0.343189316111448));
#1411=CARTESIAN_POINT('Ctrl Pts',(-1.86454125319677,3.09568146664879,0.349999999984389));
#1412=CARTESIAN_POINT('Ctrl Pts',(-1.86625000235886,3.08053733421584,0.34999999998438));
#1413=CARTESIAN_POINT('',(-1.85642087687754,3.18173911117254,0.249999999984427));
#1414=CARTESIAN_POINT('',(-1.74125000235893,3.18627424819209,0.448826027297782));
#1415=CARTESIAN_POINT('Ctrl Pts',(-1.74125000235893,3.1862742483086,0.448826027174792));
#1416=CARTESIAN_POINT('Ctrl Pts',(-1.74125000235876,3.1862742483086,0.427470329637837));
#1417=CARTESIAN_POINT('Ctrl Pts',(-1.74550755655342,3.18628702532468,0.406432969392384));
#1418=CARTESIAN_POINT('Ctrl Pts',(-1.76355254158554,3.18614274053008,0.357750843036099));
#1419=CARTESIAN_POINT('Ctrl Pts',(-1.77960529075602,3.18584740377842,0.333691433439305));
#1420=CARTESIAN_POINT('Ctrl Pts',(-1.81354838496967,3.18461347322874,0.29087437043167));
#1421=CARTESIAN_POINT('Ctrl Pts',(-1.83537172202348,3.18339524230431,0.269682621835106));
#1422=CARTESIAN_POINT('Ctrl Pts',(-1.85622797888472,3.18175431681646,0.250180320958689));
#1423=CARTESIAN_POINT('Ctrl Pts',(-1.85632442344471,3.1817467191528,0.250090155682536));
#1424=CARTESIAN_POINT('Ctrl Pts',(-1.85642087687754,3.18173911117254,0.249999999984836));
#1425=CARTESIAN_POINT('',(-1.86625000235886,3.08053733421584,0.34999999998438));
#1426=CARTESIAN_POINT('Ctrl Pts',(-1.85642087687754,3.18173911117254,0.249999999984427));
#1427=CARTESIAN_POINT('Ctrl Pts',(-1.85642087687772,3.18173911117254,0.272480446752688));
#1428=CARTESIAN_POINT('Ctrl Pts',(-1.85749795765615,3.168433874992,0.309800255250733));
#1429=CARTESIAN_POINT('Ctrl Pts',(-1.86139088879303,3.12587976676423,0.343189316111448));
#1430=CARTESIAN_POINT('Ctrl Pts',(-1.86454125319677,3.09568146664879,0.349999999984389));
#1431=CARTESIAN_POINT('Ctrl Pts',(-1.86625000235886,3.08053733421584,0.34999999998438));
#1432=CARTESIAN_POINT('',(-1.74125000235985,3.08053733421504,0.474999999985364));
#1433=CARTESIAN_POINT('Origin',(-1.86625000235985,3.08053733421588,0.47499999998438));
#1434=CARTESIAN_POINT('Ctrl Pts',(-1.74125000235985,3.08053733421504,0.474999999985364));
#1435=CARTESIAN_POINT('Ctrl Pts',(-1.74125000235962,3.11425798116845,0.474999999985354));
#1436=CARTESIAN_POINT('Ctrl Pts',(-1.74125000235931,3.15087249750343,0.466665587051873));
#1437=CARTESIAN_POINT('Ctrl Pts',(-1.74125000235896,3.18363513306937,0.450165586832988));
#1438=CARTESIAN_POINT('Ctrl Pts',(-1.74125000235893,3.186251323538,0.448782658975066));
#1439=CARTESIAN_POINT('Origin',(-1.86625000236193,2.77137002246452,0.474999999984474));
#1440=CARTESIAN_POINT('',(-1.86625000236028,2.86919074261283,0.349999999984444));
#1441=CARTESIAN_POINT('',(-1.74125000236127,2.86919074261203,0.474999999985428));
#1442=CARTESIAN_POINT('Origin',(-1.86625000236127,2.86919074261287,0.474999999984444));
#1443=CARTESIAN_POINT('',(-1.74125000236193,2.77137002246368,0.474999999985457));
#1444=CARTESIAN_POINT('',(-1.86625000236094,2.77137002246448,0.349999999984474));
#1445=CARTESIAN_POINT('Origin',(-1.64125000236127,2.86919074261135,0.474999999986215));
#1446=CARTESIAN_POINT('',(-1.6412500023618,2.64419074261131,0.349999999986283));
#1447=CARTESIAN_POINT('',(-1.64125000236194,2.76919074261135,0.474999999986245));
#1448=CARTESIAN_POINT('Origin',(-1.64125000236278,2.64419074261135,0.474999999986283));
#1449=CARTESIAN_POINT('Origin',(-1.64125000236127,2.86919074261135,0.474999999986215));
#1450=CARTESIAN_POINT('Origin',(-1.64125000236029,2.86919074261131,0.349999999986215));
#1451=CARTESIAN_POINT('Origin',(-1.56941753024348,2.64419074261087,0.474999999986848));
#1452=CARTESIAN_POINT('',(-1.38666562212075,2.6441907426096,0.349999999988286));
#1453=CARTESIAN_POINT('',(-1.38666562212089,2.76919074260964,0.474999999988248));
#1454=CARTESIAN_POINT('Origin',(-1.38666562212173,2.64419074260964,0.474999999988286));
#1455=CARTESIAN_POINT('',(-1.56941753024264,2.76919074261087,0.47499999998681));
#1456=CARTESIAN_POINT('',(-1.5694175302425,2.64419074261083,0.349999999986848));
#1457=CARTESIAN_POINT('Ctrl Pts',(-1.38666562212089,2.76919074260964,0.474999999988248));
#1458=CARTESIAN_POINT('Ctrl Pts',(-1.37460854503755,2.76919074260956,0.474999999988343));
#1459=CARTESIAN_POINT('Ctrl Pts',(-1.36255383714287,2.76919074260948,0.474702272862097));
#1460=CARTESIAN_POINT('Ctrl Pts',(-1.35050144336411,2.7691907426094,0.474390998083377));
#1461=CARTESIAN_POINT('Ctrl Pts',(-1.3866656221206,2.76919074260963,0.437600087445512));
#1462=CARTESIAN_POINT('Ctrl Pts',(-1.37522338468519,2.76921288089325,0.437000586109881));
#1463=CARTESIAN_POINT('Ctrl Pts',(-1.36351853106347,2.76917076344068,0.436156107840015));
#1464=CARTESIAN_POINT('Ctrl Pts',(-1.35150940860911,2.76919074260939,0.435363120212737));
#1465=CARTESIAN_POINT('Ctrl Pts',(-1.3866656221203,2.73780512546564,0.372848503790096));
#1466=CARTESIAN_POINT('Ctrl Pts',(-1.37628044433741,2.73675643491029,0.371290119709645));
#1467=CARTESIAN_POINT('Ctrl Pts',(-1.36518774875205,2.73569322030571,0.369479367351205));
#1468=CARTESIAN_POINT('Ctrl Pts',(-1.3532510130703,2.73480673749993,0.367929122326174));
#1469=CARTESIAN_POINT('Ctrl Pts',(-1.38666562212056,2.67224067701665,0.349999999988278));
#1470=CARTESIAN_POINT('Ctrl Pts',(-1.37665669716347,2.66958736237916,0.349302228486595));
#1471=CARTESIAN_POINT('Ctrl Pts',(-1.36571461853599,2.66695842003378,0.348459126845985));
#1472=CARTESIAN_POINT('Ctrl Pts',(-1.35377311676884,2.66479357265242,0.347713544988239));
#1473=CARTESIAN_POINT('Ctrl Pts',(-1.38666562212075,2.6441907426096,0.349999999988286));
#1474=CARTESIAN_POINT('Ctrl Pts',(-1.37665527108553,2.64110518699581,0.349999999988366));
#1475=CARTESIAN_POINT('Ctrl Pts',(-1.36567990581427,2.63805173002583,0.34986767682119));
#1476=CARTESIAN_POINT('Ctrl Pts',(-1.35372105542625,2.635582419547,0.349729332475146));
#1477=CARTESIAN_POINT('',(-1.35375000236193,2.6355883981814,0.3497296673527));
#1478=CARTESIAN_POINT('',(-1.35375000333078,2.76919074260942,0.474474355039658));
#1479=CARTESIAN_POINT('Ctrl Pts',(-1.35375000227543,2.63558839814366,0.349729667353258));
#1480=CARTESIAN_POINT('Ctrl Pts',(-1.35375000221874,2.64493540198865,0.349084678635162));
#1481=CARTESIAN_POINT('Ctrl Pts',(-1.35374901776275,2.65431229543615,0.349532715538929));
#1482=CARTESIAN_POINT('Ctrl Pts',(-1.35374846255209,2.66353964742255,0.350996562448507));
#1483=CARTESIAN_POINT('Ctrl Pts',(-1.35374805266864,2.67035172651457,0.35207724528594));
#1484=CARTESIAN_POINT('Ctrl Pts',(-1.35374784396862,2.67708285293877,0.353712816709157));
#1485=CARTESIAN_POINT('Ctrl Pts',(-1.35374794827433,2.68365811129253,0.355890133211655));
#1486=CARTESIAN_POINT('Ctrl Pts',(-1.35374808995902,2.69258967854157,0.358847712628037));
#1487=CARTESIAN_POINT('Ctrl Pts',(-1.35374885675456,2.70113636561232,0.362770653664868));
#1488=CARTESIAN_POINT('Ctrl Pts',(-1.35374935762929,2.70911786711001,0.367604294302903));
#1489=CARTESIAN_POINT('Ctrl Pts',(-1.35374955600974,2.71227908443833,0.369518744678969));
#1490=CARTESIAN_POINT('Ctrl Pts',(-1.35374969952658,2.71535146914073,0.371576597559764));
#1491=CARTESIAN_POINT('Ctrl Pts',(-1.35374968518332,2.7183227197799,0.373776465155128));
#1492=CARTESIAN_POINT('Ctrl Pts',(-1.35374967301145,2.72084415798345,0.375643298644224));
#1493=CARTESIAN_POINT('Ctrl Pts',(-1.35374954649708,2.72329275186892,0.377612430607938));
#1494=CARTESIAN_POINT('Ctrl Pts',(-1.35374936717678,2.72566532861056,0.379678252181244));
#1495=CARTESIAN_POINT('Ctrl Pts',(-1.35374883194831,2.73274690645945,0.385844238737764));
#1496=CARTESIAN_POINT('Ctrl Pts',(-1.35374788866922,2.73907650524228,0.392800943581824));
#1497=CARTESIAN_POINT('Ctrl Pts',(-1.35374735782773,2.744592935927,0.400373877804341));
#1498=CARTESIAN_POINT('Ctrl Pts',(-1.35374697247181,2.74859750098086,0.405871328869329));
#1499=CARTESIAN_POINT('Ctrl Pts',(-1.35374677503959,2.75217300820974,0.411694764075319));
#1500=CARTESIAN_POINT('Ctrl Pts',(-1.35374684963188,2.75528241920502,0.417787766562637));
#1501=CARTESIAN_POINT('Ctrl Pts',(-1.35374695696652,2.75975670903522,0.426555298132335));
#1502=CARTESIAN_POINT('Ctrl Pts',(-1.3537476109244,2.76322728621891,0.435799467837227));
#1503=CARTESIAN_POINT('Ctrl Pts',(-1.3537483667211,2.76559047207964,0.445345035196019));
#1504=CARTESIAN_POINT('Ctrl Pts',(-1.35374907969102,2.76781974937061,0.454349708461868));
#1505=CARTESIAN_POINT('Ctrl Pts',(-1.3537498546793,2.76904874258184,0.463564332488228));
#1506=CARTESIAN_POINT('Ctrl Pts',(-1.35375001265587,2.76917919660498,0.472844631516312));
#1507=CARTESIAN_POINT('Ctrl Pts',(-1.35375002189971,2.76918682998772,0.473387658651531));
#1508=CARTESIAN_POINT('Ctrl Pts',(-1.35375002895828,2.76919068713617,0.473930912092852));
#1509=CARTESIAN_POINT('Ctrl Pts',(-1.35375003367515,2.76919074260942,0.474474363161061));
#1510=CARTESIAN_POINT('Ctrl Pts',(-1.35375000314404,2.76919074260942,0.474474362384545));
#1511=CARTESIAN_POINT('Ctrl Pts',(-1.36471994121995,2.76919074260949,0.474753367585717));
#1512=CARTESIAN_POINT('Ctrl Pts',(-1.37569180037137,2.76919074260957,0.474999999988334));
#1513=CARTESIAN_POINT('Ctrl Pts',(-1.38666562212089,2.76919074260964,0.474999999988248));
#1514=CARTESIAN_POINT('Ctrl Pts',(-1.38666562212075,2.6441907426096,0.349999999988286));
#1515=CARTESIAN_POINT('Ctrl Pts',(-1.37666334843249,2.64110767672901,0.349999999988366));
#1516=CARTESIAN_POINT('Ctrl Pts',(-1.36569761721884,2.63805665771236,0.349867890278024));
#1517=CARTESIAN_POINT('Ctrl Pts',(-1.35375000227543,2.63558839814366,0.349729667353258));
#1518=CARTESIAN_POINT('Origin',(-1.30375000236022,2.769190742609,0.249999999988901));
#1519=CARTESIAN_POINT('',(-1.35375000236022,2.76919074260935,0.249999999988507));
#1520=CARTESIAN_POINT('Ctrl Pts',(-1.35375000236022,2.76919074260935,0.249999999988507));
#1521=CARTESIAN_POINT('Ctrl Pts',(-1.35375000236039,2.75954310314426,0.263643822564938));
#1522=CARTESIAN_POINT('Ctrl Pts',(-1.35375000236058,2.74893724326554,0.27868939370479));
#1523=CARTESIAN_POINT('Ctrl Pts',(-1.35375000236097,2.72512350638537,0.306179383276166));
#1524=CARTESIAN_POINT('Ctrl Pts',(-1.35375000236116,2.71179402511646,0.318518223799252));
#1525=CARTESIAN_POINT('Ctrl Pts',(-1.35375000236145,2.68770005405357,0.334478310956966));
#1526=CARTESIAN_POINT('Ctrl Pts',(-1.35375000236159,2.6745677213688,0.3409229742057));
#1527=CARTESIAN_POINT('Ctrl Pts',(-1.35375000236178,2.65464211797323,0.34713228496438));
#1528=CARTESIAN_POINT('Ctrl Pts',(-1.35375000236187,2.64481343472095,0.349093090945526));
#1529=CARTESIAN_POINT('Ctrl Pts',(-1.35375000236193,2.6355883981814,0.3497296673527));
#1530=CARTESIAN_POINT('',(-1.3012512099252,2.61921155726532,0.349999999988966));
#1531=CARTESIAN_POINT('Origin',(-1.303750002361,2.76919074260903,0.349999999988901));
#1532=CARTESIAN_POINT('',(-1.30291707154828,2.71919768082776,0.249999999988922));
#1533=CARTESIAN_POINT('Origin',(-1.30125120992441,2.61921155726529,0.249999999988965));
#1534=CARTESIAN_POINT('Origin',(-1.30375000236022,2.769190742609,0.249999999988901));
#1535=CARTESIAN_POINT('Origin',(-1.39758505812513,2.3564657966164,0.349999999988288));
#1536=CARTESIAN_POINT('',(-2.07296706003168,3.04534419773431,0.349999999982764));
#1537=CARTESIAN_POINT('Origin',(-1.74125000236804,1.72161095303173,0.349999999985776));
#1538=CARTESIAN_POINT('',(-2.01142011388987,2.95996021957537,0.349999999983274));
#1539=CARTESIAN_POINT('Origin',(-2.10142011388987,2.95996021957598,0.349999999982566));
#1540=CARTESIAN_POINT('',(-2.1372549831924,2.87740198472281,0.349999999982309));
#1541=CARTESIAN_POINT('Origin',(-2.10142011388987,2.95996021957598,0.349999999982566));
#1542=CARTESIAN_POINT('',(-1.37491453655825,1.70256548022798,0.349999999988664));
#1543=CARTESIAN_POINT('',(-1.92227704343267,2.54610127464515,0.349999999984101));
#1544=CARTESIAN_POINT('',(-1.1949191183956,1.70165734492363,0.349999999990081));
#1545=CARTESIAN_POINT('Origin',(-1.2849191183956,1.70165734492424,0.349999999989373));
#1546=CARTESIAN_POINT('',(-1.23182361969721,1.62898776381928,0.349999999989813));
#1547=CARTESIAN_POINT('Origin',(-1.2849191183956,1.70165734492424,0.349999999989373));
#1548=CARTESIAN_POINT('',(-0.257392870836014,1.67317078211939,0.349999999997467));
#1549=CARTESIAN_POINT('',(-1.32292448876596,1.62485703275407,0.349999999989097));
#1550=CARTESIAN_POINT('',(-0.143750002367273,1.79208325080096,0.349999999998325));
#1551=CARTESIAN_POINT('Origin',(-0.218750002367556,1.74999999997646,0.349999999997747));
#1552=CARTESIAN_POINT('',(-0.143750002361123,2.70791674915095,0.349999999998047));
#1553=CARTESIAN_POINT('',(-0.143750002365519,2.05323289829197,0.349999999998245));
#1554=CARTESIAN_POINT('',(-0.284162045687467,2.80583246891555,0.349999999996912));
#1555=CARTESIAN_POINT('Origin',(-0.21875000236084,2.74999999997645,0.349999999997444));
#1556=CARTESIAN_POINT('Origin',(-1.35375000234081,5.77022402440562,0.349999999987596));
#1557=CARTESIAN_POINT('Origin',(-1.74125000236725,1.7216109530317,0.249999999985776));
#1558=CARTESIAN_POINT('',(-2.09727467193866,3.1423449193983,0.249999999982543));
#1559=CARTESIAN_POINT('Origin',(-1.74125000236725,1.7216109530317,0.249999999985776));
#1560=CARTESIAN_POINT('Origin',(-2.07296706003089,3.04534419773428,0.249999999982764));
#1561=CARTESIAN_POINT('Origin',(-1.64437500236938,2.86919074261168,1.49999999998619));
#1562=CARTESIAN_POINT('',(-1.35375000237005,2.76919074260973,1.49999999998851));
#1563=CARTESIAN_POINT('',(-1.35375000237016,2.86919074260976,1.59999999998848));
#1564=CARTESIAN_POINT('Origin',(-1.35375000236938,2.86919074260973,1.49999999998848));
#1565=CARTESIAN_POINT('',(-1.64125000237012,2.86919074261169,1.59999999998621));
#1566=CARTESIAN_POINT('',(-1.64437500237016,2.86919074261171,1.59999999998619));
#1567=CARTESIAN_POINT('',(-1.64125000237001,2.76919074261166,1.49999999998625));
#1568=CARTESIAN_POINT('Origin',(-1.64125000236933,2.86919074261166,1.49999999998621));
#1569=CARTESIAN_POINT('',(-1.64437500237005,2.76919074261168,1.49999999998622));
#1570=CARTESIAN_POINT('Origin',(-1.6412500023679,3.0820033718841,1.49999999998615));
#1571=CARTESIAN_POINT('',(-1.64125000236799,3.18627424830828,1.59999999998612));
#1572=CARTESIAN_POINT('',(-1.7412500023672,3.18627424830892,1.49999999998533));
#1573=CARTESIAN_POINT('Origin',(-1.6412500023672,3.18627424830824,1.49999999998612));
#1574=CARTESIAN_POINT('',(-1.74125000236933,2.86919074261234,1.49999999998543));
#1575=CARTESIAN_POINT('',(-1.7412500023679,3.08200337188477,1.49999999998536));
#1576=CARTESIAN_POINT('Origin',(-1.64125000236933,2.86919074261166,1.49999999998621));
#1577=CARTESIAN_POINT('',(-1.64125000236869,3.08200337188413,1.59999999998615));
#1578=CARTESIAN_POINT('Origin',(-1.64125000236933,2.86919074261166,1.49999999998621));
#1579=CARTESIAN_POINT('Origin',(-1.64125000236933,2.86919074261166,1.49999999998621));
#1580=CARTESIAN_POINT('Origin',(-1.35375000235825,2.76919074260927,-1.1492798025196E-11));
#1581=CARTESIAN_POINT('',(-1.35375000235825,2.76919074260927,-1.1492798025196E-11));
#1582=CARTESIAN_POINT('',(-1.35375000235825,2.76919074260927,-1.1492798025196E-11));
#1583=CARTESIAN_POINT('',(-1.35375000235825,2.76919074260927,-1.1492798025196E-11));
#1584=CARTESIAN_POINT('',(-1.35375000235557,3.16502424830796,-1.161295852598E-11));
#1585=CARTESIAN_POINT('',(-1.35375000235825,2.76919074260927,-1.1492798025196E-11));
#1586=CARTESIAN_POINT('',(-1.35375000236816,3.16502424830845,1.59999999998839));
#1587=CARTESIAN_POINT('',(-1.35375000235557,3.16502424830796,-1.161295852598E-11));
#1588=CARTESIAN_POINT('',(-1.35375000237084,2.76919074260976,1.59999999998851));
#1589=CARTESIAN_POINT('',(-1.35375000236652,2.96277425535446,1.22278487626967));
#1590=CARTESIAN_POINT('Origin',(-1.35375000236585,2.96277425535443,1.13678487626967));
#1591=CARTESIAN_POINT('',(-1.35375000236259,2.9627742553542,0.722784876269674));
#1592=CARTESIAN_POINT('Origin',(-1.35375000236191,2.96277425535418,0.636784876269674));
#1593=CARTESIAN_POINT('Origin',(-1.74125000236096,2.76919074261199,0.349999999985458));
#1594=CARTESIAN_POINT('',(-1.64125000236096,2.76919074261131,0.349999999986245));
#1595=CARTESIAN_POINT('Origin',(-1.64125000236029,2.86919074261131,0.349999999986215));
#1596=CARTESIAN_POINT('',(-1.74125000236028,2.86919074261199,0.349999999985428));
#1597=CARTESIAN_POINT('Origin',(-1.74125000235815,3.18627424830857,0.349999999985331));
#1598=CARTESIAN_POINT('',(-1.7412500023554,3.18627424830846,-1.46684578044727E-11));
#1599=CARTESIAN_POINT('',(-1.74125000236658,2.96277425535716,1.22278487626662));
#1600=CARTESIAN_POINT('Origin',(-1.7412500023659,2.96277425535713,1.13678487626662));
#1601=CARTESIAN_POINT('',(-1.74125000236264,2.96277425535691,0.722784876266625));
#1602=CARTESIAN_POINT('Origin',(-1.74125000236197,2.96277425535688,0.636784876266625));
#1603=CARTESIAN_POINT('Origin',(-1.74125000236725,1.7216109530317,0.249999999985776));
#1604=CARTESIAN_POINT('',(-2.12655482165093,3.04637923638226,0.348868599648768));
#1605=CARTESIAN_POINT('Ctrl Pts',(-2.12655482165093,3.04637923638226,0.348868599648768));
#1606=CARTESIAN_POINT('Ctrl Pts',(-2.12275094428578,3.04748558252534,0.348868599648798));
#1607=CARTESIAN_POINT('Ctrl Pts',(-2.11886830746803,3.04834251344718,0.34890661239706));
#1608=CARTESIAN_POINT('Ctrl Pts',(-2.10275154375351,3.05078948958943,0.349196584664014));
#1609=CARTESIAN_POINT('Ctrl Pts',(-2.09074287690023,3.0500618392487,0.34974824181766));
#1610=CARTESIAN_POINT('Ctrl Pts',(-2.07735007211348,3.04671237458007,0.349977267284597));
#1611=CARTESIAN_POINT('Ctrl Pts',(-2.07514281173824,3.04606923751138,0.349999999982747));
#1612=CARTESIAN_POINT('Ctrl Pts',(-2.07296706003168,3.04534419773431,0.349999999982764));
#1613=CARTESIAN_POINT('',(-2.15029315675783,3.12799719669928,0.249999999982131));
#1614=CARTESIAN_POINT('Origin',(-1.74125000236725,1.7216109530317,0.249999999985776));
#1615=CARTESIAN_POINT('Origin',(-2.12236570368998,3.03197606691452,0.24999999998238));
#1616=CARTESIAN_POINT('Origin',(-1.92227704343189,2.54610127464512,0.249999999984101));
#1617=CARTESIAN_POINT('',(-2.22114184150173,2.82296858502316,0.249999999981666));
#1618=CARTESIAN_POINT('Origin',(-2.13725498319161,2.87740198472278,0.249999999982309));
#1619=CARTESIAN_POINT('',(-1.45880139486758,1.64813208052833,0.249999999988021));
#1620=CARTESIAN_POINT('',(-2.006163901742,2.4916678749455,0.249999999983458));
#1621=CARTESIAN_POINT('Origin',(-1.37491453655746,1.70256548022794,0.249999999988664));
#1622=CARTESIAN_POINT('Origin',(-1.92227704343189,2.54610127464512,0.249999999984101));
#1623=CARTESIAN_POINT('',(-2.17691828636896,2.91097015984632,0.348868599648413));
#1624=CARTESIAN_POINT('Ctrl Pts',(-2.1372549831924,2.87740198472281,0.349999999982309));
#1625=CARTESIAN_POINT('Ctrl Pts',(-2.13913489463253,2.87821797092791,0.349999999982294));
#1626=CARTESIAN_POINT('Ctrl Pts',(-2.14098893355069,2.87909910137865,0.349980766567009));
#1627=CARTESIAN_POINT('Ctrl Pts',(-2.15665574118576,2.88721334244035,0.349699359885182));
#1628=CARTESIAN_POINT('Ctrl Pts',(-2.16863080886713,2.89819839738466,0.348868599648482));
#1629=CARTESIAN_POINT('Ctrl Pts',(-2.17691828636896,2.91097015984632,0.348868599648413));
#1630=CARTESIAN_POINT('',(-2.24822211593179,2.86470177010161,0.24999999998144));
#1631=CARTESIAN_POINT('Origin',(-2.16433525762167,2.91913516980123,0.249999999982083));
#1632=CARTESIAN_POINT('',(-2.006163901742,2.4916678749455,0.249999999983458));
#1633=CARTESIAN_POINT('Ctrl Pts',(-2.15029315675783,3.12799719669928,0.24999999998213));
#1634=CARTESIAN_POINT('Ctrl Pts',(-2.23477227655349,3.10342670207382,0.249999999981473));
#1635=CARTESIAN_POINT('Ctrl Pts',(-2.26544237218681,3.02096594703586,0.249999999981257));
#1636=CARTESIAN_POINT('Ctrl Pts',(-2.29611246782013,2.93850519199789,0.249999999981041));
#1637=CARTESIAN_POINT('Ctrl Pts',(-2.24822211593179,2.86470177010161,0.24999999998144));
#1638=CARTESIAN_POINT('Ctrl Pts',(-2.15029315675851,3.12799719669931,0.33597269534424));
#1639=CARTESIAN_POINT('Ctrl Pts',(-2.23477227655417,3.10342670207385,0.335972695343583));
#1640=CARTESIAN_POINT('Ctrl Pts',(-2.26544237218749,3.02096594703588,0.335972695343367));
#1641=CARTESIAN_POINT('Ctrl Pts',(-2.29611246782081,2.93850519199791,0.335972695343151));
#1642=CARTESIAN_POINT('Ctrl Pts',(-2.24822211593246,2.86470177010164,0.33597269534355));
#1643=CARTESIAN_POINT('Ctrl Pts',(-2.12655482165093,3.04637923638226,0.348868599648768));
#1644=CARTESIAN_POINT('Ctrl Pts',(-2.17000122611727,3.03374298200346,0.34886859964843));
#1645=CARTESIAN_POINT('Ctrl Pts',(-2.18577441815726,2.99133459369821,0.348868599648319));
#1646=CARTESIAN_POINT('Ctrl Pts',(-2.20154761019726,2.94892620539297,0.348868599648207));
#1647=CARTESIAN_POINT('Ctrl Pts',(-2.17691828636896,2.91097015984632,0.348868599648413));
#1648=CARTESIAN_POINT('Origin',(-2.10142011388986,2.95996021957598,0.348868599648992));
#1649=CARTESIAN_POINT('Origin',(-2.10142011388908,2.95996021957595,0.249999999982566));
#1650=CARTESIAN_POINT('Origin',(-1.92227704343189,2.54610127464512,0.249999999984101));
#1651=CARTESIAN_POINT('',(-1.36041729087469,1.65266728519458,0.348868599655219));
#1652=CARTESIAN_POINT('Ctrl Pts',(-1.36041729087469,1.65266728519458,0.34886859965522));
#1653=CARTESIAN_POINT('Ctrl Pts',(-1.36870476837652,1.66543904765624,0.34886859965515));
#1654=CARTESIAN_POINT('Ctrl Pts',(-1.37385820842557,1.68085059312592,0.349699359891707));
#1655=CARTESIAN_POINT('Ctrl Pts',(-1.37488586093639,1.69846404536558,0.349980766573395));
#1656=CARTESIAN_POINT('Ctrl Pts',(-1.37493521546387,1.70051621867988,0.349999999988665));
#1657=CARTESIAN_POINT('Ctrl Pts',(-1.37491453655825,1.70256548022798,0.349999999988664));
#1658=CARTESIAN_POINT('',(-1.43172112043752,1.60639889544987,0.249999999988247));
#1659=CARTESIAN_POINT('',(-2.006163901742,2.4916678749455,0.249999999983458));
#1660=CARTESIAN_POINT('Origin',(-1.3478342621274,1.66083229514949,0.24999999998889));
#1661=CARTESIAN_POINT('Origin',(-1.32292448876518,1.62485703275403,0.249999999989097));
#1662=CARTESIAN_POINT('',(-1.22729403464189,1.52909040219626,0.249999999989879));
#1663=CARTESIAN_POINT('Origin',(-1.23182361969643,1.62898776381925,0.249999999989813));
#1664=CARTESIAN_POINT('',(-0.252863285780693,1.57327342049637,0.249999999997533));
#1665=CARTESIAN_POINT('',(-1.31839490371064,1.52495967113105,0.249999999989163));
#1666=CARTESIAN_POINT('Origin',(-0.257392870835228,1.67317078211936,0.249999999997467));
#1667=CARTESIAN_POINT('Origin',(-1.32292448876518,1.62485703275403,0.249999999989097));
#1668=CARTESIAN_POINT('',(-1.28084249184651,1.61174971946355,0.348868599655858));
#1669=CARTESIAN_POINT('Ctrl Pts',(-1.23182361969721,1.62898776381928,0.349999999989813));
#1670=CARTESIAN_POINT('Ctrl Pts',(-1.23347835925302,1.62777874044808,0.3499999999898));
#1671=CARTESIAN_POINT('Ctrl Pts',(-1.23517621062843,1.62662498488978,0.349980766574516));
#1672=CARTESIAN_POINT('Ctrl Pts',(-1.25009999865452,1.6172138042819,0.3496993598927));
#1673=CARTESIAN_POINT('Ctrl Pts',(-1.26563313249157,1.61243934815548,0.348868599655978));
#1674=CARTESIAN_POINT('Ctrl Pts',(-1.28084249184651,1.61174971946355,0.348868599655858));
#1675=CARTESIAN_POINT('',(-1.27699234454938,1.52683696208398,0.249999999989488));
#1676=CARTESIAN_POINT('Origin',(-1.28152192960391,1.62673432370696,0.249999999989422));
#1677=CARTESIAN_POINT('',(-1.31839490371064,1.52495967113105,0.249999999989163));
#1678=CARTESIAN_POINT('Ctrl Pts',(-1.43172112043752,1.60639889544987,0.249999999988247));
#1679=CARTESIAN_POINT('Ctrl Pts',(-1.37714733857593,1.52229569536072,0.249999999988701));
#1680=CARTESIAN_POINT('Ctrl Pts',(-1.27699234454937,1.52683696208398,0.249999999989488));
#1681=CARTESIAN_POINT('Ctrl Pts',(-1.43172112043819,1.6063988954499,0.335972695350357));
#1682=CARTESIAN_POINT('Ctrl Pts',(-1.37714733857661,1.52229569536075,0.335972695350812));
#1683=CARTESIAN_POINT('Ctrl Pts',(-1.27699234455005,1.526836962084,0.335972695351598));
#1684=CARTESIAN_POINT('Ctrl Pts',(-1.36041729087469,1.65266728519458,0.34886859965522));
#1685=CARTESIAN_POINT('Ctrl Pts',(-1.33235077448874,1.60941421086301,0.348868599655454));
#1686=CARTESIAN_POINT('Ctrl Pts',(-1.28084249184651,1.61174971946355,0.348868599655858));
#1687=CARTESIAN_POINT('Origin',(-1.28491911839559,1.70165734492423,0.348868599655799));
#1688=CARTESIAN_POINT('Origin',(-1.28491911839481,1.7016573449242,0.249999999989373));
#1689=CARTESIAN_POINT('Origin',(-1.32292448876518,1.62485703275403,0.249999999989097));
#1690=CARTESIAN_POINT('',(-0.214854559220651,1.66408826898069,0.349393158716098));
#1691=CARTESIAN_POINT('Ctrl Pts',(-0.214854559220651,1.66408826898069,0.349393158716098));
#1692=CARTESIAN_POINT('Ctrl Pts',(-0.224802173642474,1.66363722037559,0.34939315871602));
#1693=CARTESIAN_POINT('Ctrl Pts',(-0.235537062628554,1.66498932715044,0.349650808028452));
#1694=CARTESIAN_POINT('Ctrl Pts',(-0.249668384162649,1.6696368691754,0.349936197410787));
#1695=CARTESIAN_POINT('Ctrl Pts',(-0.253619795412453,1.67127303460378,0.349999999997497));
#1696=CARTESIAN_POINT('Ctrl Pts',(-0.257392870836014,1.67317078211939,0.349999999997467));
#1697=CARTESIAN_POINT('',(-0.210823228521333,1.5751796171362,0.249999999997863));
#1698=CARTESIAN_POINT('',(-1.31839490371064,1.52495967113105,0.249999999989163));
#1699=CARTESIAN_POINT('Origin',(-0.215352813575867,1.67507697875919,0.249999999997797));
#1700=CARTESIAN_POINT('Origin',(-0.143750002364732,2.05323289829194,0.249999999998245));
#1701=CARTESIAN_POINT('',(-0.0437500023664861,1.79208325080025,0.249999999999112));
#1702=CARTESIAN_POINT('Origin',(-0.143750002366486,1.79208325080093,0.249999999998325));
#1703=CARTESIAN_POINT('',(-0.0437500023603356,2.70791674915025,0.249999999998834));
#1704=CARTESIAN_POINT('',(-0.0437500023647323,2.05323289829127,0.249999999999032));
#1705=CARTESIAN_POINT('Origin',(-0.143750002360336,2.70791674915092,0.249999999998047));
#1706=CARTESIAN_POINT('Origin',(-0.143750002364732,2.05323289829194,0.249999999998245));
#1707=CARTESIAN_POINT('',(-0.132750002367551,1.74999999997588,0.349393158716718));
#1708=CARTESIAN_POINT('Ctrl Pts',(-0.143750002367273,1.79208325080096,0.349999999998325));
#1709=CARTESIAN_POINT('Ctrl Pts',(-0.141683298008459,1.7884000080886,0.349999999998342));
#1710=CARTESIAN_POINT('Ctrl Pts',(-0.139869829380327,1.78452676400787,0.349936197411616));
#1711=CARTESIAN_POINT('Ctrl Pts',(-0.134586967288954,1.77062046100178,0.349650808029215));
#1712=CARTESIAN_POINT('Ctrl Pts',(-0.132750002367484,1.75995783495791,0.349393158716715));
#1713=CARTESIAN_POINT('Ctrl Pts',(-0.132750002367551,1.74999999997588,0.349393158716718));
#1714=CARTESIAN_POINT('',(-0.0437500023667687,1.74999999997525,0.249999999999124));
#1715=CARTESIAN_POINT('Origin',(-0.143750002366769,1.74999999997592,0.249999999998337));
#1716=CARTESIAN_POINT('',(-0.0437500023647323,2.05323289829127,0.249999999999032));
#1717=CARTESIAN_POINT('Ctrl Pts',(-0.210823228521333,1.5751796171362,0.249999999997863));
#1718=CARTESIAN_POINT('Ctrl Pts',(-0.0437500023673313,1.58275511638825,
0.249999999999175));
#1719=CARTESIAN_POINT('Ctrl Pts',(-0.0437500023667688,1.74999999997643,
0.249999999999124));
#1720=CARTESIAN_POINT('Ctrl Pts',(-0.210823228522038,1.57517961713623,0.339543386230561));
#1721=CARTESIAN_POINT('Ctrl Pts',(-0.0437500023680359,1.58275511638827,
0.339543386231873));
#1722=CARTESIAN_POINT('Ctrl Pts',(-0.0437500023674731,1.74999999997645,
0.339543386231822));
#1723=CARTESIAN_POINT('Ctrl Pts',(-0.214854559220651,1.66408826898069,0.349393158716098));
#1724=CARTESIAN_POINT('Ctrl Pts',(-0.132750002367828,1.66781108575598,0.349393158716743));
#1725=CARTESIAN_POINT('Ctrl Pts',(-0.132750002367551,1.74999999997646,0.349393158716718));
#1726=CARTESIAN_POINT('Origin',(-0.218750002367551,1.74999999997646,0.349393158716042));
#1727=CARTESIAN_POINT('Origin',(-0.218750002366769,1.74999999997643,0.249999999997748));
#1728=CARTESIAN_POINT('Origin',(-0.143750002364732,2.05323289829194,0.249999999998245));
#1729=CARTESIAN_POINT('',(-0.132750002360835,2.74999999997588,0.349393158716415));
#1730=CARTESIAN_POINT('Ctrl Pts',(-0.132750002360835,2.74999999997588,0.349393158716415));
#1731=CARTESIAN_POINT('Ctrl Pts',(-0.132750002360902,2.74004216499384,0.349393158716418));
#1732=CARTESIAN_POINT('Ctrl Pts',(-0.134586967282516,2.72937953895,0.349650808028924));
#1733=CARTESIAN_POINT('Ctrl Pts',(-0.139869829374075,2.71547323594398,0.349936197411334));
#1734=CARTESIAN_POINT('Ctrl Pts',(-0.141683298002259,2.71159999186328,0.349999999998062));
#1735=CARTESIAN_POINT('Ctrl Pts',(-0.143750002361123,2.70791674915095,0.349999999998047));
#1736=CARTESIAN_POINT('',(-0.043750002360053,2.74999999997525,0.249999999998821));
#1737=CARTESIAN_POINT('',(-0.0437500023647323,2.05323289829127,0.249999999999032));
#1738=CARTESIAN_POINT('Origin',(-0.143750002360053,2.74999999997592,0.249999999998034));
#1739=CARTESIAN_POINT('Origin',(-1.35375000234002,5.77022402440559,0.249999999987596));
#1740=CARTESIAN_POINT('',(-0.318101598357486,2.89989684455532,0.249999999996616));
#1741=CARTESIAN_POINT('Origin',(-0.28416204568668,2.80583246891552,0.249999999996912));
#1742=CARTESIAN_POINT('Origin',(-1.35375000234002,5.77022402440559,0.249999999987596));
#1743=CARTESIAN_POINT('Origin',(-1.35375000234002,5.77022402440559,0.249999999987596));
#1744=CARTESIAN_POINT('',(-0.24900306897335,2.8305031176834,0.349393158715475));
#1745=CARTESIAN_POINT('Ctrl Pts',(-0.284162045687467,2.80583246891555,0.349999999996912));
#1746=CARTESIAN_POINT('Ctrl Pts',(-0.277535396361898,2.81359609966717,0.349999999996961));
#1747=CARTESIAN_POINT('Ctrl Pts',(-0.269564404995484,2.82014003244237,0.349653412723318));
#1748=CARTESIAN_POINT('Ctrl Pts',(-0.256851347513728,2.82721723734857,0.349430582374728));
#1749=CARTESIAN_POINT('Ctrl Pts',(-0.252981435560377,2.82900804776817,0.349393158715444));
#1750=CARTESIAN_POINT('Ctrl Pts',(-0.24900306897335,2.8305031176834,0.349393158715475));
#1751=CARTESIAN_POINT('',(-0.280311475118078,2.91381448368242,0.249999999996909));
#1752=CARTESIAN_POINT('Origin',(-0.24513349068492,2.82020620727899,0.249999999997214));
#1753=CARTESIAN_POINT('Origin',(-1.35375000234002,5.77022402440559,0.249999999987596));
#1754=CARTESIAN_POINT('Ctrl Pts',(-0.043750002360053,2.74999999997642,0.24999999999882));
#1755=CARTESIAN_POINT('Ctrl Pts',(-0.0437500023597448,2.84167865116424,
0.249999999998792));
#1756=CARTESIAN_POINT('Ctrl Pts',(-0.119121336135069,2.89387191824483,0.249999999998184));
#1757=CARTESIAN_POINT('Ctrl Pts',(-0.194492669910702,2.94606518532601,0.249999999997575));
#1758=CARTESIAN_POINT('Ctrl Pts',(-0.280311475118078,2.91381448368242,0.249999999996909));
#1759=CARTESIAN_POINT('Ctrl Pts',(-0.043750002360757,2.74999999997645,0.339543386231518));
#1760=CARTESIAN_POINT('Ctrl Pts',(-0.0437500023604486,2.84167865116427,
0.339543386231491));
#1761=CARTESIAN_POINT('Ctrl Pts',(-0.119121336135773,2.89387191824486,0.339543386230882));
#1762=CARTESIAN_POINT('Ctrl Pts',(-0.194492669911406,2.94606518532604,0.339543386230273));
#1763=CARTESIAN_POINT('Ctrl Pts',(-0.280311475118782,2.91381448368245,0.339543386229607));
#1764=CARTESIAN_POINT('Ctrl Pts',(-0.132750002360835,2.74999999997645,0.349393158716415));
#1765=CARTESIAN_POINT('Ctrl Pts',(-0.132750002360684,2.79505350856018,0.349393158716401));
#1766=CARTESIAN_POINT('Ctrl Pts',(-0.169789629244557,2.82070277123978,0.349393158716102));
#1767=CARTESIAN_POINT('Ctrl Pts',(-0.206829256128583,2.84635203391968,0.349393158715803));
#1768=CARTESIAN_POINT('Ctrl Pts',(-0.24900306897335,2.8305031176834,0.349393158715476));
#1769=CARTESIAN_POINT('Origin',(-0.218750002360835,2.74999999997645,0.349393158715738));
#1770=CARTESIAN_POINT('Origin',(-0.218750002360053,2.74999999997642,0.249999999997444));
#1771=CARTESIAN_POINT('Origin',(-2.10142011388711,2.95996021957587,-1.74337601780924E-11));
#1772=CARTESIAN_POINT('',(-2.01142011388712,2.95996021957526,-1.67255940610051E-11));
#1773=CARTESIAN_POINT('',(-2.01142011388712,2.95996021957526,-1.6725575261309E-11));
#1774=CARTESIAN_POINT('Origin',(-2.10142011388711,2.95996021957587,-1.74337601780924E-11));
#1775=CARTESIAN_POINT('Origin',(-1.28491911839284,1.70165734492413,-1.06271374652186E-11));
#1776=CARTESIAN_POINT('',(-1.19491911839284,1.70165734492352,-9.91897134813133E-12));
#1777=CARTESIAN_POINT('',(-1.19491911839284,1.70165734492352,-9.9189525484353E-12));
#1778=CARTESIAN_POINT('Origin',(-1.28491911839284,1.70165734492413,-1.06271374652186E-11));
#1779=CARTESIAN_POINT('Origin',(-0.218750002364802,1.74999999997635,-2.25264759529053E-12));
#1780=CARTESIAN_POINT('',(-0.132750002365274,1.74999999997579,0.0599999999984108));
#1781=CARTESIAN_POINT('',(-0.132750002364802,1.74999999997577,-1.57593756369755E-12));
#1782=CARTESIAN_POINT('Origin',(-0.218750002365274,1.74999999997637,0.0599999999977341));
#1783=CARTESIAN_POINT('Origin',(-0.218750002358086,2.74999999997635,-2.55621083350628E-12));
#1784=CARTESIAN_POINT('',(-0.132750002358558,2.74999999997579,0.059999999998107));
#1785=CARTESIAN_POINT('',(-0.132750002358086,2.74999999997577,-1.8795008019133E-12));
#1786=CARTESIAN_POINT('Origin',(-0.218750002358558,2.74999999997637,0.0599999999974303));
#1787=CARTESIAN_POINT('Origin',(-1.30375000235825,2.76919074260893,-1.10993724045919E-11));
#1788=CARTESIAN_POINT('',(-1.30291707154632,2.71919768082769,-1.10776424224345E-11));
#1789=CARTESIAN_POINT('',(-1.30291707154632,2.71919768082769,-1.10776424224345E-11));
#1790=CARTESIAN_POINT('Origin',(-1.30375000235825,2.76919074260893,-1.10993724045919E-11));
#1791=CARTESIAN_POINT('Origin',(-1.35375000236191,2.96277425535418,0.636784876269674));
#1792=CARTESIAN_POINT('',(-1.35375000236259,2.9627742553542,0.722784876269674));
#1793=CARTESIAN_POINT('Origin',(-1.35375000236585,2.96277425535443,1.13678487626967));
#1794=CARTESIAN_POINT('',(-1.35375000236652,2.96277425535446,1.22278487626967));
#1795=CARTESIAN_POINT('Origin',(-1.54750000236948,2.97773249545936,1.59999999998692));
#1796=CARTESIAN_POINT('',(-1.37500000237086,3.18627424830648,1.59999999998821));
#1797=CARTESIAN_POINT('Origin',(-1.37500000236816,3.16502424830648,1.59999999998822));
#1798=CARTESIAN_POINT('',(-1.37500000237086,3.18627424830648,1.59999999998821));
#1799=CARTESIAN_POINT('Origin',(-0.477098488460224,2.59585379161704,0.00999999999544439));
#1800=CARTESIAN_POINT('',(-0.522924245416901,1.56102821134648,0.0299999999954021));
#1801=CARTESIAN_POINT('',(-0.477098488467566,1.56310606065521,0.0599999999957579));
#1802=CARTESIAN_POINT('Origin',(-0.477098488467173,1.56310606065519,0.00999999999575496));
#1803=CARTESIAN_POINT('',(-0.522924245408334,2.83405742530381,0.0299999999950188));
#1804=CARTESIAN_POINT('',(-0.522924245409937,2.59585379161736,0.0299999999950905));
#1805=CARTESIAN_POINT('',(-0.477098488458925,2.84741238845097,0.0599999999953672));
#1806=CARTESIAN_POINT('Ctrl Pts',(-0.522924245408334,2.83405742530381,0.029999999995019));
#1807=CARTESIAN_POINT('Ctrl Pts',(-0.520423315499929,2.83476509529258,0.0357303503016516));
#1808=CARTESIAN_POINT('Ctrl Pts',(-0.516813075705594,2.83579046333986,0.0409284424715442));
#1809=CARTESIAN_POINT('Ctrl Pts',(-0.508224920926713,2.83825283164871,0.049654313346468));
#1810=CARTESIAN_POINT('Ctrl Pts',(-0.502526923853442,2.8398986328212,0.0535737095882247));
#1811=CARTESIAN_POINT('Ctrl Pts',(-0.490103390250805,2.84353610811784,0.058745728186019));
#1812=CARTESIAN_POINT('Ctrl Pts',(-0.483378810476245,2.84552870435159,0.0599999999953199));
#1813=CARTESIAN_POINT('Ctrl Pts',(-0.477098488458925,2.84741238845097,0.0599999999953687));
#1814=CARTESIAN_POINT('',(-0.477098488460617,2.59585379161706,0.0599999999954444));
#1815=CARTESIAN_POINT('Origin',(-0.281250002362624,2.24310874073801,0.0599999999970925));
#1816=CARTESIAN_POINT('',(-0.280311475116582,2.91381448368236,0.0599999999968963));
#1817=CARTESIAN_POINT('Origin',(-1.35375000233853,5.77022402440553,0.059999999987582));
#1818=CARTESIAN_POINT('',(-0.043750002358558,2.74999999997519,0.0599999999988074));
#1819=CARTESIAN_POINT('Origin',(-0.218750002358558,2.74999999997637,0.0599999999974303));
#1820=CARTESIAN_POINT('',(-0.0437500023652737,1.74999999997519,0.059999999999111));
#1821=CARTESIAN_POINT('',(-0.0437500023636179,1.9965543703558,0.0599999999990361));
#1822=CARTESIAN_POINT('',(-0.210823228519838,1.57517961713614,0.0599999999978494));
#1823=CARTESIAN_POINT('Origin',(-0.218750002365274,1.74999999997637,0.0599999999977341));
#1824=CARTESIAN_POINT('',(-0.763937243096522,1.55010010619435,0.0599999999935048));
#1825=CARTESIAN_POINT('Origin',(-0.56875000235965,2.59585379161767,0.0499999999947366));
#1826=CARTESIAN_POINT('',(-0.568750002366233,1.55895036203774,-4.94863129276686E-12));
#1827=CARTESIAN_POINT('Origin',(-0.568750002366626,1.55895036203776,0.0499999999950514));
#1828=CARTESIAN_POINT('',(-0.568750002357738,2.82147501235148,-5.33188736394318E-12));
#1829=CARTESIAN_POINT('',(-0.568750002359256,2.59585379161766,-5.26339689243306E-12));
#1830=CARTESIAN_POINT('Ctrl Pts',(-0.568750002357738,2.82147501235148,-5.3320692335953E-12));
#1831=CARTESIAN_POINT('Ctrl Pts',(-0.562449087308987,2.82315240784798,-5.28286225531948E-12));
#1832=CARTESIAN_POINT('Ctrl Pts',(-0.555720281474218,2.82496755680501,0.00126195978934412));
#1833=CARTESIAN_POINT('Ctrl Pts',(-0.543312809803369,2.82835749917352,0.00643258764973697));
#1834=CARTESIAN_POINT('Ctrl Pts',(-0.537634178598719,2.82993110549065,0.0103421169903846));
#1835=CARTESIAN_POINT('Ctrl Pts',(-0.529048659331228,2.8323282647696,0.0190515734300447));
#1836=CARTESIAN_POINT('Ctrl Pts',(-0.525429616660851,2.83334849858012,0.0242594732905955));
#1837=CARTESIAN_POINT('Ctrl Pts',(-0.522924245408334,2.83405742530381,0.0299999999950189));
#1838=CARTESIAN_POINT('Origin',(-1.27699234454741,1.5268369620839,-1.05116965052978E-11));
#1839=CARTESIAN_POINT('',(-1.27699234454741,1.5268369620839,-1.05116965052978E-11));
#1840=CARTESIAN_POINT('',(-1.27699234454741,1.5268369620839,-1.05116965052978E-11));
#1841=CARTESIAN_POINT('',(-1.27699234454741,1.5268369620839,-1.05116965052978E-11));
#1842=CARTESIAN_POINT('',(-0.210823228519366,1.57517961713613,-2.13720663536964E-12));
#1843=CARTESIAN_POINT('Origin',(-0.218750002364802,1.74999999997635,-2.25264759529053E-12));
#1844=CARTESIAN_POINT('',(-0.0437500023648016,1.74999999997517,-8.75657923176298E-13));
#1845=CARTESIAN_POINT('Origin',(-0.0437500023648016,1.74999999997517,-8.75657923176298E-13));
#1846=CARTESIAN_POINT('',(-0.0437500023580859,2.74999999997517,-1.17922116139204E-12));
#1847=CARTESIAN_POINT('Origin',(-1.28491911839284,1.70165734492413,-1.06271374652186E-11));
#1848=CARTESIAN_POINT('',(-1.43172112043555,1.6063988954498,-1.17533338770149E-11));
#1849=CARTESIAN_POINT('',(-1.43172112043555,1.6063988954498,-1.17533338770149E-11));
#1850=CARTESIAN_POINT('Origin',(-1.28491911839284,1.70165734492413,-1.06271374652186E-11));
#1851=CARTESIAN_POINT('Origin',(-2.24822211592982,2.86470177010154,-1.85599565898886E-11));
#1852=CARTESIAN_POINT('',(-2.24822211592982,2.86470177010154,-1.85599565898886E-11));
#1853=CARTESIAN_POINT('',(-2.24822211592982,2.86470177010154,-1.85599565898886E-11));
#1854=CARTESIAN_POINT('',(-2.24822211592982,2.86470177010154,-1.85599565898886E-11));
#1855=CARTESIAN_POINT('Origin',(-2.10142011388711,2.95996021957587,-1.74337601780924E-11));
#1856=CARTESIAN_POINT('',(-2.15029315675587,3.12799719669921,-1.78693281714457E-11));
#1857=CARTESIAN_POINT('',(-2.15029315675587,3.12799719669921,-1.78693281714457E-11));
#1858=CARTESIAN_POINT('Origin',(-2.10142011388711,2.95996021957587,-1.74337601780924E-11));
#1859=CARTESIAN_POINT('Origin',(-1.74125000236528,1.72161095303163,-1.42238398716632E-11));
#1860=CARTESIAN_POINT('',(-1.7412500023554,3.18627424830846,-1.46684578044727E-11));
#1861=CARTESIAN_POINT('',(-1.7412500023554,3.18627424830846,-1.46684578044727E-11));
#1862=CARTESIAN_POINT('Origin',(-1.74125000236528,1.72161095303163,-1.42238398716632E-11));
#1863=CARTESIAN_POINT('Origin',(-1.37500000235827,3.18627424830599,-1.17866151335706E-11));
#1864=CARTESIAN_POINT('',(-1.37500000235827,3.18627424830599,-1.17866151335706E-11));
#1865=CARTESIAN_POINT('',(-1.37500000235827,3.18627424830599,-1.17866151335706E-11));
#1866=CARTESIAN_POINT('',(-1.37500000235827,3.18627424830599,-1.17866151335706E-11));
#1867=CARTESIAN_POINT('Origin',(-1.37500000235557,3.16502424830599,-1.17801644147361E-11));
#1868=CARTESIAN_POINT('Origin',(-1.37500000235557,3.16502424830599,-1.17801644147361E-11));
#1869=CARTESIAN_POINT('Origin',(-1.35375000233805,5.77022402440551,-1.2403801406211E-11));
#1870=CARTESIAN_POINT('',(-0.28031147511611,2.91381448368235,-3.09033610115777E-12));
#1871=CARTESIAN_POINT('Origin',(-1.35375000233805,5.77022402440551,-1.2403801406211E-11));
#1872=CARTESIAN_POINT('Origin',(-0.218750002358086,2.74999999997635,-2.55621083350628E-12));
#1873=CARTESIAN_POINT('Origin',(-1.39758505812238,2.3564657966163,-1.17124265844404E-11));
#1874=UNCERTAINTY_MEASURE_WITH_UNIT(LENGTH_MEASURE(0.000393700787401575),
#1880,'DISTANCE_ACCURACY_VALUE',
'Maximum model space distance between geometric entities at asserted c
onnectivities');
#1875=UNCERTAINTY_MEASURE_WITH_UNIT(LENGTH_MEASURE(0.000393700787401575),
#1880,'DISTANCE_ACCURACY_VALUE',
'Maximum model space distance between geometric entities at asserted c
onnectivities');
#1876=(
GEOMETRIC_REPRESENTATION_CONTEXT(3)
GLOBAL_UNCERTAINTY_ASSIGNED_CONTEXT((#1874))
GLOBAL_UNIT_ASSIGNED_CONTEXT((#1880,#1884,#1885))
REPRESENTATION_CONTEXT('','3D')
);
#1877=(
GEOMETRIC_REPRESENTATION_CONTEXT(3)
GLOBAL_UNCERTAINTY_ASSIGNED_CONTEXT((#1875))
GLOBAL_UNIT_ASSIGNED_CONTEXT((#1880,#1884,#1885))
REPRESENTATION_CONTEXT('','3D')
);
#1878=DIMENSIONAL_EXPONENTS(1.,0.,0.,0.,0.,0.,0.);
#1879=DIMENSIONAL_EXPONENTS(0.,1.,0.,0.,0.,0.,0.);
#1880=(
CONVERSION_BASED_UNIT('inch',#1883)
LENGTH_UNIT()
NAMED_UNIT(#1878)
);
#1881=(
LENGTH_UNIT()
NAMED_UNIT(*)
SI_UNIT(.MILLI.,.METRE.)
);
#1882=(
LENGTH_UNIT()
NAMED_UNIT(*)
SI_UNIT(.CENTI.,.METRE.)
);
#1883=LENGTH_MEASURE_WITH_UNIT(LENGTH_MEASURE(25.4),#1881);
#1884=(
NAMED_UNIT(*)
PLANE_ANGLE_UNIT()
SI_UNIT($,.RADIAN.)
);
#1885=(
NAMED_UNIT(*)
SI_UNIT($,.STERADIAN.)
SOLID_ANGLE_UNIT()
);
#1886=SHAPE_DEFINITION_REPRESENTATION(#1887,#1888);
#1887=PRODUCT_DEFINITION_SHAPE('',$,#1890);
#1888=SHAPE_REPRESENTATION('',(#971),#1876);
#1889=PRODUCT_DEFINITION_CONTEXT('part definition',#1894,'design');
#1890=PRODUCT_DEFINITION('IntakeSupport','IntakeSupport',#1891,#1889);
#1891=PRODUCT_DEFINITION_FORMATION('',$,#1896);
#1892=PRODUCT_RELATED_PRODUCT_CATEGORY('IntakeSupport','IntakeSupport',
(#1896));
#1893=APPLICATION_PROTOCOL_DEFINITION('international standard',
'automotive_design',2009,#1894);
#1894=APPLICATION_CONTEXT(
'Core Data for Automotive Mechanical Design Process');
#1895=PRODUCT_CONTEXT('part definition',#1894,'mechanical');
#1896=PRODUCT('IntakeSupport','IntakeSupport',$,(#1895));
#1897=PRESENTATION_STYLE_ASSIGNMENT((#1898));
#1898=SURFACE_STYLE_USAGE(.BOTH.,#1901);
#1899=SURFACE_STYLE_RENDERING_WITH_PROPERTIES($,#1905,(#1900));
#1900=SURFACE_STYLE_TRANSPARENT(0.);
#1901=SURFACE_SIDE_STYLE('',(#1902,#1899));
#1902=SURFACE_STYLE_FILL_AREA(#1903);
#1903=FILL_AREA_STYLE('',(#1904));
#1904=FILL_AREA_STYLE_COLOUR('',#1905);
#1905=COLOUR_RGB('',0.0196078431372549,0.0196078431372549,0.0196078431372549);
ENDSEC;
END-ISO-10303-21;
