ISO-10303-21;
HEADER;
/* Generated by software containing ST-Developer
 * from STEP Tools, Inc. (www.steptools.com) 
 */

FILE_DESCRIPTION(
/* description */ (''),
/* implementation_level */ '2;1');

FILE_NAME(
/* name */ 'IntakeSupport_MIR.stp',
/* time_stamp */ '2025-09-15T18:22:53-04:00',
/* author */ ('Teddy'),
/* organization */ (''),
/* preprocessor_version */ 'ST-DEVELOPER v20.1',
/* originating_system */ 'Autodesk Inventor 2026',
/* authorisation */ '');

FILE_SCHEMA (('AUTOMOTIVE_DESIGN { 1 0 10303 214 3 1 1 }'));
ENDSEC;

DATA;
#10=MECHANICAL_DESIGN_GEOMETRIC_PRESENTATION_REPRESENTATION('',(#895,#896,
#897,#898,#899,#900,#901,#902,#903,#904,#905,#906,#907,#908,#909,#910,#911,
#912,#913,#914,#915,#916,#917,#918,#919,#920,#921,#922,#923,#924,#925,#926,
#927,#928,#929,#930,#931,#932,#933,#934,#935,#936,#937,#938,#939,#940,#941,
#942,#943,#944,#945,#946,#947,#948,#949),#1942);
#11=SHAPE_REPRESENTATION_RELATIONSHIP('SRR','None',#1953,#12);
#12=ADVANCED_BREP_SHAPE_REPRESENTATION('',(#13),#1941);
#13=MANIFOLD_SOLID_BREP('Solid1',#1004);
#14=ELLIPSE('',#1120,0.0500513719158227,0.05);
#15=ELLIPSE('',#1126,0.0500513719158227,0.05);
#16=(
BOUNDED_SURFACE()
B_SPLINE_SURFACE(2,2,((#1698,#1699,#1700,#1701,#1702),(#1703,#1704,#1705,
#1706,#1707),(#1708,#1709,#1710,#1711,#1712)),.UNSPECIFIED.,.F.,.F.,.F.)
B_SPLINE_SURFACE_WITH_KNOTS((3,3),(3,2,3),(-1.50710904279237E-16,1.42022805401822),
(-1.64383925742744,-0.712162851646115,0.219513554135209),.UNSPECIFIED.)
GEOMETRIC_REPRESENTATION_ITEM()
RATIONAL_B_SPLINE_SURFACE(((1.,0.893445382369938,1.,0.893445382369938,1.),
(0.758287544405152,0.677488505057422,0.758287544405152,0.677488505057422,
0.758287544405152),(1.,0.893445382369938,1.,0.893445382369938,1.)))
REPRESENTATION_ITEM('')
SURFACE()
);
#17=(
BOUNDED_SURFACE()
B_SPLINE_SURFACE(2,2,((#1743,#1744,#1745),(#1746,#1747,#1748),(#1749,#1750,
#1751)),.UNSPECIFIED.,.F.,.F.,.F.)
B_SPLINE_SURFACE_WITH_KNOTS((3,3),(3,3),(-1.55443383514893E-15,1.42022805401822),
(-2.56599767363154,-1.52548497290912),.UNSPECIFIED.)
GEOMETRIC_REPRESENTATION_ITEM()
RATIONAL_B_SPLINE_SURFACE(((1.,0.867691775761644,1.),(0.758287544405153,
0.657959865942844,0.758287544405153),(1.,0.867691775761644,1.)))
REPRESENTATION_ITEM('')
SURFACE()
);
#18=(
BOUNDED_SURFACE()
B_SPLINE_SURFACE(2,2,((#1782,#1783,#1784),(#1785,#1786,#1787),(#1788,#1789,
#1790)),.UNSPECIFIED.,.F.,.F.,.F.)
B_SPLINE_SURFACE_WITH_KNOTS((3,3),(3,3),(-3.13121579040792E-15,1.46057327680715),
(-1.52548497290913,-6.72723388044018E-12),.UNSPECIFIED.)
GEOMETRIC_REPRESENTATION_ITEM()
RATIONAL_B_SPLINE_SURFACE(((1.,0.722943929551964,1.),(0.744983221287565,
0.538581097447912,0.744983221287565),(1.,0.722943929551964,1.)))
REPRESENTATION_ITEM('')
SURFACE()
);
#19=(
BOUNDED_SURFACE()
B_SPLINE_SURFACE(2,2,((#1819,#1820,#1821,#1822,#1823),(#1824,#1825,#1826,
#1827,#1828),(#1829,#1830,#1831,#1832,#1833)),.UNSPECIFIED.,.F.,.F.,.F.)
B_SPLINE_SURFACE_WITH_KNOTS((3,3),(3,2,3),(-7.05005156128265E-15,1.46057327680715),
(-6.72378038760612E-12,0.965134063859525,1.93026812773197),
 .UNSPECIFIED.)
GEOMETRIC_REPRESENTATION_ITEM()
RATIONAL_B_SPLINE_SURFACE(((1.,0.885806599698048,1.,0.885806599698048,1.),
(0.744983221287563,0.659911054080835,0.744983221287563,0.659911054080835,
0.744983221287563),(1.,0.885806599698048,1.,0.885806599698048,1.)))
REPRESENTATION_ITEM('')
SURFACE()
);
#20=TOROIDAL_SURFACE('',#1046,0.2,0.1);
#21=TOROIDAL_SURFACE('',#1051,0.15,0.1);
#22=TOROIDAL_SURFACE('',#1064,1.36466329527684,0.1);
#23=TOROIDAL_SURFACE('',#1067,1.36466329527684,0.1);
#24=TOROIDAL_SURFACE('',#1097,3.15144977609967,0.1);
#25=TOROIDAL_SURFACE('',#1100,3.15144977609967,0.1);
#26=B_SPLINE_SURFACE_WITH_KNOTS('',3,3,((#1543,#1544,#1545,#1546,#1547,
#1548),(#1549,#1550,#1551,#1552,#1553,#1554),(#1555,#1556,#1557,#1558,#1559,
#1560),(#1561,#1562,#1563,#1564,#1565,#1566),(#1567,#1568,#1569,#1570,#1571,
#1572)),.UNSPECIFIED.,.F.,.F.,.F.,(4,1,4),(4,1,1,4),(0.,0.571428571428571,
1.),(0.266026807901775,0.608405344708398,0.83665770257948,1.06491006045056),
 .UNSPECIFIED.);
#27=B_SPLINE_SURFACE_WITH_KNOTS('',3,3,((#1608,#1609,#1610,#1611),(#1612,
#1613,#1614,#1615),(#1616,#1617,#1618,#1619),(#1620,#1621,#1622,#1623),
(#1624,#1625,#1626,#1627),(#1628,#1629,#1630,#1631)),.UNSPECIFIED.,.F.,
 .F.,.F.,(4,1,1,4),(4,4),(0.,0.285714285714286,0.571428571428571,1.),(0.,
0.178287681484251),.UNSPECIFIED.);
#28=FACE_BOUND('',#123,.T.);
#29=FACE_BOUND('',#124,.T.);
#30=FACE_BOUND('',#128,.T.);
#31=FACE_BOUND('',#129,.T.);
#32=FACE_BOUND('',#164,.T.);
#33=FACE_BOUND('',#165,.T.);
#34=FACE_BOUND('',#179,.T.);
#35=FACE_BOUND('',#180,.T.);
#36=B_SPLINE_CURVE_WITH_KNOTS('',3,(#1466,#1467,#1468,#1469,#1470,#1471,
#1472,#1473,#1474,#1475),.UNSPECIFIED.,.F.,.F.,(4,2,2,2,4),(0.,0.127331737157124,
0.254663474314249,0.347554196217471,0.379649227146815),.UNSPECIFIED.);
#37=B_SPLINE_CURVE_WITH_KNOTS('',3,(#1477,#1478,#1479,#1480,#1481,#1482,
#1483,#1484,#1485,#1486,#1487,#1488,#1489,#1490,#1491,#1492,#1493,#1494,
#1495,#1496,#1497,#1498,#1499,#1500,#1501,#1502,#1503,#1504,#1505,#1506,
#1507,#1508,#1509,#1510),.UNSPECIFIED.,.F.,.F.,(4,3,3,3,3,3,3,3,3,3,3,4),
(0.,0.0601222783281296,0.099295103757826,0.160329409408978,0.1930442331713,
0.198364789656887,0.259078818665319,0.297443243255252,0.321964630097302,
0.373907415881948,0.434498182766481,0.44986952164318),.UNSPECIFIED.);
#38=B_SPLINE_CURVE_WITH_KNOTS('',3,(#1518,#1519,#1520,#1521),
 .UNSPECIFIED.,.F.,.F.,(4,4),(-0.157321432224198,0.),.UNSPECIFIED.);
#39=B_SPLINE_CURVE_WITH_KNOTS('',3,(#1533,#1534,#1535,#1536,#1537),
 .UNSPECIFIED.,.F.,.F.,(4,1,4),(-1.06491006045056,-0.83665770257948,-0.788168285820776),
 .UNSPECIFIED.);
#40=B_SPLINE_CURVE_WITH_KNOTS('',3,(#1574,#1575,#1576,#1577,#1578,#1579,
#1580,#1581,#1582,#1583),.UNSPECIFIED.,.F.,.F.,(4,2,2,2,4),(0.,0.139844390795633,
0.330919342365089,0.551311046339949,0.552418045830029),.UNSPECIFIED.);
#41=B_SPLINE_CURVE_WITH_KNOTS('',3,(#1586,#1587,#1588,#1589,#1590,#1591,
#1592,#1593,#1594,#1595),.UNSPECIFIED.,.F.,.F.,(4,3,3,4),(0.266026807901775,
0.608405344708255,0.836657702579242,1.06491006045022),.UNSPECIFIED.);
#42=B_SPLINE_CURVE_WITH_KNOTS('',3,(#1632,#1633,#1634,#1635),
 .UNSPECIFIED.,.F.,.F.,(4,4),(0.,0.17780710801631),.UNSPECIFIED.);
#43=B_SPLINE_CURVE_WITH_KNOTS('',3,(#1670,#1671,#1672,#1673,#1674,#1675,
#1676,#1677),.UNSPECIFIED.,.F.,.F.,(4,2,2,4),(0.1382193479316,0.16837196220477,
0.261607178354922,0.28027376437479),.UNSPECIFIED.);
#44=B_SPLINE_CURVE_WITH_KNOTS('',3,(#1689,#1690,#1691,#1692,#1693,#1694),
 .UNSPECIFIED.,.F.,.F.,(4,2,4),(2.07211504679688,2.08738615136693,2.20340054494226),
 .UNSPECIFIED.);
#45=B_SPLINE_CURVE_WITH_KNOTS('',3,(#1717,#1718,#1719,#1720,#1721,#1722),
 .UNSPECIFIED.,.F.,.F.,(4,2,4),(2.20340054494226,2.31941493851759,2.33468604308764),
 .UNSPECIFIED.);
#46=B_SPLINE_CURVE_WITH_KNOTS('',3,(#1734,#1735,#1736,#1737,#1738,#1739),
 .UNSPECIFIED.,.F.,.F.,(4,2,4),(2.07211504679688,2.08738615136693,2.20340054494226),
 .UNSPECIFIED.);
#47=B_SPLINE_CURVE_WITH_KNOTS('',3,(#1756,#1757,#1758,#1759,#1760,#1761),
 .UNSPECIFIED.,.F.,.F.,(4,2,4),(2.11103112478751,2.18690982735061,2.21739563499397),
 .UNSPECIFIED.);
#48=B_SPLINE_CURVE_WITH_KNOTS('',3,(#1773,#1774,#1775,#1776,#1777,#1778),
 .UNSPECIFIED.,.F.,.F.,(4,2,4),(2.00466661458106,2.03515242222442,2.11103112478752),
 .UNSPECIFIED.);
#49=B_SPLINE_CURVE_WITH_KNOTS('',3,(#1795,#1796,#1797,#1798,#1799,#1800),
 .UNSPECIFIED.,.F.,.F.,(4,2,4),(2.11103112478752,2.18690982735062,2.21739563499398),
 .UNSPECIFIED.);
#50=B_SPLINE_CURVE_WITH_KNOTS('',3,(#1810,#1811,#1812,#1813,#1814,#1815),
 .UNSPECIFIED.,.F.,.F.,(4,2,4),(2.19193776354761,2.26971644535314,2.301999297241),
 .UNSPECIFIED.);
#51=B_SPLINE_CURVE_WITH_KNOTS('',3,(#1871,#1872,#1873,#1874,#1875,#1876,
#1877,#1878),.UNSPECIFIED.,.F.,.F.,(4,2,2,4),(0.441445455581093,0.486644885958483,
0.53660716979886,0.586569453639238),.UNSPECIFIED.);
#52=B_SPLINE_CURVE_WITH_KNOTS('',3,(#1892,#1893,#1894,#1895,#1896,#1897,
#1898,#1899),.UNSPECIFIED.,.F.,.F.,(4,2,2,4),(0.58393471538975,0.633619912098378,
0.683305108807007,0.728583623706156),.UNSPECIFIED.);
#53=PLANE('',#1034);
#54=PLANE('',#1037);
#55=PLANE('',#1040);
#56=PLANE('',#1055);
#57=PLANE('',#1117);
#58=PLANE('',#1121);
#59=PLANE('',#1127);
#60=PLANE('',#1129);
#61=PLANE('',#1132);
#62=PLANE('',#1137);
#63=PLANE('',#1143);
#64=SPHERICAL_SURFACE('',#1032,0.1);
#65=FACE_OUTER_BOUND('',#119,.T.);
#66=FACE_OUTER_BOUND('',#120,.T.);
#67=FACE_OUTER_BOUND('',#121,.T.);
#68=FACE_OUTER_BOUND('',#122,.T.);
#69=FACE_OUTER_BOUND('',#125,.T.);
#70=FACE_OUTER_BOUND('',#126,.T.);
#71=FACE_OUTER_BOUND('',#127,.T.);
#72=FACE_OUTER_BOUND('',#130,.T.);
#73=FACE_OUTER_BOUND('',#131,.T.);
#74=FACE_OUTER_BOUND('',#132,.T.);
#75=FACE_OUTER_BOUND('',#133,.T.);
#76=FACE_OUTER_BOUND('',#134,.T.);
#77=FACE_OUTER_BOUND('',#135,.T.);
#78=FACE_OUTER_BOUND('',#136,.T.);
#79=FACE_OUTER_BOUND('',#137,.T.);
#80=FACE_OUTER_BOUND('',#138,.T.);
#81=FACE_OUTER_BOUND('',#139,.T.);
#82=FACE_OUTER_BOUND('',#140,.T.);
#83=FACE_OUTER_BOUND('',#141,.T.);
#84=FACE_OUTER_BOUND('',#142,.T.);
#85=FACE_OUTER_BOUND('',#143,.T.);
#86=FACE_OUTER_BOUND('',#144,.T.);
#87=FACE_OUTER_BOUND('',#145,.T.);
#88=FACE_OUTER_BOUND('',#146,.T.);
#89=FACE_OUTER_BOUND('',#147,.T.);
#90=FACE_OUTER_BOUND('',#148,.T.);
#91=FACE_OUTER_BOUND('',#149,.T.);
#92=FACE_OUTER_BOUND('',#150,.T.);
#93=FACE_OUTER_BOUND('',#151,.T.);
#94=FACE_OUTER_BOUND('',#152,.T.);
#95=FACE_OUTER_BOUND('',#153,.T.);
#96=FACE_OUTER_BOUND('',#154,.T.);
#97=FACE_OUTER_BOUND('',#155,.T.);
#98=FACE_OUTER_BOUND('',#156,.T.);
#99=FACE_OUTER_BOUND('',#157,.T.);
#100=FACE_OUTER_BOUND('',#158,.T.);
#101=FACE_OUTER_BOUND('',#159,.T.);
#102=FACE_OUTER_BOUND('',#160,.T.);
#103=FACE_OUTER_BOUND('',#161,.T.);
#104=FACE_OUTER_BOUND('',#162,.T.);
#105=FACE_OUTER_BOUND('',#163,.T.);
#106=FACE_OUTER_BOUND('',#166,.T.);
#107=FACE_OUTER_BOUND('',#167,.T.);
#108=FACE_OUTER_BOUND('',#168,.T.);
#109=FACE_OUTER_BOUND('',#169,.T.);
#110=FACE_OUTER_BOUND('',#170,.T.);
#111=FACE_OUTER_BOUND('',#171,.T.);
#112=FACE_OUTER_BOUND('',#172,.T.);
#113=FACE_OUTER_BOUND('',#173,.T.);
#114=FACE_OUTER_BOUND('',#174,.T.);
#115=FACE_OUTER_BOUND('',#175,.T.);
#116=FACE_OUTER_BOUND('',#176,.T.);
#117=FACE_OUTER_BOUND('',#177,.T.);
#118=FACE_OUTER_BOUND('',#178,.T.);
#119=EDGE_LOOP('',(#583,#584,#585,#586));
#120=EDGE_LOOP('',(#587,#588,#589,#590));
#121=EDGE_LOOP('',(#591,#592,#593));
#122=EDGE_LOOP('',(#594,#595,#596,#597,#598,#599,#600,#601));
#123=EDGE_LOOP('',(#602));
#124=EDGE_LOOP('',(#603));
#125=EDGE_LOOP('',(#604,#605,#606,#607,#608));
#126=EDGE_LOOP('',(#609,#610,#611,#612));
#127=EDGE_LOOP('',(#613,#614,#615,#616,#617));
#128=EDGE_LOOP('',(#618));
#129=EDGE_LOOP('',(#619));
#130=EDGE_LOOP('',(#620,#621,#622,#623));
#131=EDGE_LOOP('',(#624,#625,#626,#627));
#132=EDGE_LOOP('',(#628,#629,#630,#631));
#133=EDGE_LOOP('',(#632,#633,#634,#635));
#134=EDGE_LOOP('',(#636,#637,#638,#639));
#135=EDGE_LOOP('',(#640,#641,#642,#643,#644));
#136=EDGE_LOOP('',(#645,#646,#647,#648,#649,#650,#651,#652,#653,#654,#655,
#656,#657,#658,#659));
#137=EDGE_LOOP('',(#660,#661,#662,#663));
#138=EDGE_LOOP('',(#664,#665,#666,#667));
#139=EDGE_LOOP('',(#668,#669,#670,#671));
#140=EDGE_LOOP('',(#672,#673,#674,#675));
#141=EDGE_LOOP('',(#676,#677,#678,#679));
#142=EDGE_LOOP('',(#680,#681,#682,#683));
#143=EDGE_LOOP('',(#684,#685,#686,#687));
#144=EDGE_LOOP('',(#688,#689,#690,#691));
#145=EDGE_LOOP('',(#692,#693,#694,#695));
#146=EDGE_LOOP('',(#696,#697,#698,#699));
#147=EDGE_LOOP('',(#700,#701,#702,#703));
#148=EDGE_LOOP('',(#704,#705,#706,#707));
#149=EDGE_LOOP('',(#708,#709,#710,#711));
#150=EDGE_LOOP('',(#712,#713,#714,#715));
#151=EDGE_LOOP('',(#716,#717,#718,#719));
#152=EDGE_LOOP('',(#720,#721,#722,#723));
#153=EDGE_LOOP('',(#724,#725,#726,#727));
#154=EDGE_LOOP('',(#728,#729,#730,#731,#732,#733,#734,#735));
#155=EDGE_LOOP('',(#736,#737,#738,#739,#740,#741,#742,#743));
#156=EDGE_LOOP('',(#744,#745,#746,#747,#748,#749,#750));
#157=EDGE_LOOP('',(#751,#752,#753,#754,#755,#756,#757));
#158=EDGE_LOOP('',(#758,#759,#760,#761));
#159=EDGE_LOOP('',(#762,#763,#764,#765));
#160=EDGE_LOOP('',(#766,#767,#768,#769));
#161=EDGE_LOOP('',(#770,#771,#772,#773,#774));
#162=EDGE_LOOP('',(#775,#776,#777,#778));
#163=EDGE_LOOP('',(#779,#780,#781,#782,#783,#784));
#164=EDGE_LOOP('',(#785));
#165=EDGE_LOOP('',(#786));
#166=EDGE_LOOP('',(#787,#788,#789,#790));
#167=EDGE_LOOP('',(#791,#792,#793,#794,#795,#796,#797,#798,#799));
#168=EDGE_LOOP('',(#800,#801,#802,#803));
#169=EDGE_LOOP('',(#804,#805,#806,#807,#808,#809));
#170=EDGE_LOOP('',(#810,#811,#812,#813));
#171=EDGE_LOOP('',(#814,#815,#816,#817,#818,#819));
#172=EDGE_LOOP('',(#820,#821,#822,#823));
#173=EDGE_LOOP('',(#824,#825,#826,#827,#828,#829));
#174=EDGE_LOOP('',(#830,#831,#832,#833,#834,#835));
#175=EDGE_LOOP('',(#836,#837,#838,#839));
#176=EDGE_LOOP('',(#840,#841,#842,#843,#844,#845,#846,#847));
#177=EDGE_LOOP('',(#848,#849,#850,#851));
#178=EDGE_LOOP('',(#852,#853,#854,#855,#856,#857,#858,#859,#860,#861,#862));
#179=EDGE_LOOP('',(#863));
#180=EDGE_LOOP('',(#864));
#181=LINE('',#1442,#235);
#182=LINE('',#1445,#236);
#183=LINE('',#1450,#237);
#184=LINE('',#1453,#238);
#185=LINE('',#1458,#239);
#186=LINE('',#1460,#240);
#187=LINE('',#1462,#241);
#188=LINE('',#1464,#242);
#189=LINE('',#1511,#243);
#190=LINE('',#1523,#244);
#191=LINE('',#1524,#245);
#192=LINE('',#1528,#246);
#193=LINE('',#1531,#247);
#194=LINE('',#1538,#248);
#195=LINE('',#1599,#249);
#196=LINE('',#1607,#250);
#197=LINE('',#1648,#251);
#198=LINE('',#1652,#252);
#199=LINE('',#1658,#253);
#200=LINE('',#1686,#254);
#201=LINE('',#1696,#255);
#202=LINE('',#1725,#256);
#203=LINE('',#1731,#257);
#204=LINE('',#1741,#258);
#205=LINE('',#1764,#259);
#206=LINE('',#1770,#260);
#207=LINE('',#1780,#261);
#208=LINE('',#1803,#262);
#209=LINE('',#1838,#263);
#210=LINE('',#1842,#264);
#211=LINE('',#1846,#265);
#212=LINE('',#1850,#266);
#213=LINE('',#1855,#267);
#214=LINE('',#1857,#268);
#215=LINE('',#1859,#269);
#216=LINE('',#1862,#270);
#217=LINE('',#1869,#271);
#218=LINE('',#1879,#272);
#219=LINE('',#1882,#273);
#220=LINE('',#1886,#274);
#221=LINE('',#1901,#275);
#222=LINE('',#1904,#276);
#223=LINE('',#1906,#277);
#224=LINE('',#1907,#278);
#225=LINE('',#1909,#279);
#226=LINE('',#1911,#280);
#227=LINE('',#1915,#281);
#228=LINE('',#1918,#282);
#229=LINE('',#1919,#283);
#230=LINE('',#1923,#284);
#231=LINE('',#1926,#285);
#232=LINE('',#1930,#286);
#233=LINE('',#1931,#287);
#234=LINE('',#1936,#288);
#235=VECTOR('',#1150,0.393700787401575);
#236=VECTOR('',#1153,0.393700787401575);
#237=VECTOR('',#1158,0.393700787401575);
#238=VECTOR('',#1161,0.393700787401575);
#239=VECTOR('',#1168,0.393700787401575);
#240=VECTOR('',#1169,0.393700787401575);
#241=VECTOR('',#1170,0.393700787401575);
#242=VECTOR('',#1171,0.393700787401575);
#243=VECTOR('',#1172,0.393700787401575);
#244=VECTOR('',#1179,0.393700787401575);
#245=VECTOR('',#1180,0.393700787401575);
#246=VECTOR('',#1185,0.393700787401575);
#247=VECTOR('',#1188,0.393700787401575);
#248=VECTOR('',#1189,0.393700787401575);
#249=VECTOR('',#1200,0.393700787401575);
#250=VECTOR('',#1211,0.393700787401575);
#251=VECTOR('',#1226,0.393700787401575);
#252=VECTOR('',#1229,0.393700787401575);
#253=VECTOR('',#1234,0.393700787401575);
#254=VECTOR('',#1259,0.393700787401575);
#255=VECTOR('',#1262,0.393700787401575);
#256=VECTOR('',#1273,0.393700787401575);
#257=VECTOR('',#1280,0.393700787401575);
#258=VECTOR('',#1283,0.393700787401575);
#259=VECTOR('',#1294,0.393700787401575);
#260=VECTOR('',#1301,0.393700787401575);
#261=VECTOR('',#1304,0.393700787401575);
#262=VECTOR('',#1315,0.393700787401575);
#263=VECTOR('',#1334,0.0899999999999995);
#264=VECTOR('',#1339,0.0899999999999995);
#265=VECTOR('',#1344,0.086);
#266=VECTOR('',#1349,0.086);
#267=VECTOR('',#1356,0.393700787401575);
#268=VECTOR('',#1359,0.0859999999999998);
#269=VECTOR('',#1362,0.0859999999999998);
#270=VECTOR('',#1365,0.393700787401575);
#271=VECTOR('',#1372,0.05);
#272=VECTOR('',#1373,0.05);
#273=VECTOR('',#1376,0.393700787401575);
#274=VECTOR('',#1379,0.393700787401575);
#275=VECTOR('',#1386,0.393700787401575);
#276=VECTOR('',#1391,0.393700787401575);
#277=VECTOR('',#1392,0.393700787401575);
#278=VECTOR('',#1393,0.393700787401575);
#279=VECTOR('',#1396,0.393700787401575);
#280=VECTOR('',#1399,0.393700787401575);
#281=VECTOR('',#1404,0.393700787401575);
#282=VECTOR('',#1407,0.393700787401575);
#283=VECTOR('',#1408,0.393700787401575);
#284=VECTOR('',#1413,0.393700787401575);
#285=VECTOR('',#1416,0.393700787401575);
#286=VECTOR('',#1421,0.393700787401575);
#287=VECTOR('',#1422,0.393700787401575);
#288=VECTOR('',#1431,0.393700787401575);
#289=CIRCLE('',#1027,0.1);
#290=CIRCLE('',#1028,0.0999999999999996);
#291=CIRCLE('',#1030,0.1);
#292=CIRCLE('',#1031,0.0999999999999998);
#293=CIRCLE('',#1033,0.0999999999999999);
#294=CIRCLE('',#1035,0.0859999999999998);
#295=CIRCLE('',#1036,0.0859999999999998);
#296=CIRCLE('',#1039,0.1);
#297=CIRCLE('',#1041,0.0859999999999998);
#298=CIRCLE('',#1042,0.0859999999999998);
#299=CIRCLE('',#1043,0.1);
#300=CIRCLE('',#1045,0.0999999999999999);
#301=CIRCLE('',#1047,0.1);
#302=CIRCLE('',#1048,0.2);
#303=CIRCLE('',#1050,0.1);
#304=CIRCLE('',#1052,0.0500000000000001);
#305=CIRCLE('',#1053,0.0999999999999995);
#306=CIRCLE('',#1054,0.15);
#307=CIRCLE('',#1056,3.15144977609967);
#308=CIRCLE('',#1057,0.086);
#309=CIRCLE('',#1058,0.086);
#310=CIRCLE('',#1059,0.0899999999999995);
#311=CIRCLE('',#1060,0.0899999999999995);
#312=CIRCLE('',#1061,0.0899999999999995);
#313=CIRCLE('',#1062,0.0899999999999995);
#314=CIRCLE('',#1063,1.36466329527684);
#315=CIRCLE('',#1065,0.1);
#316=CIRCLE('',#1066,1.46466329527684);
#317=CIRCLE('',#1068,0.0999999999999999);
#318=CIRCLE('',#1069,1.46466329527684);
#319=CIRCLE('',#1071,0.1);
#320=CIRCLE('',#1072,0.0999999999999999);
#321=CIRCLE('',#1074,0.1);
#322=CIRCLE('',#1075,0.0899999999999995);
#323=CIRCLE('',#1076,0.175);
#324=CIRCLE('',#1078,0.0999999999999996);
#325=CIRCLE('',#1080,0.1);
#326=CIRCLE('',#1081,0.0999999999999997);
#327=CIRCLE('',#1083,0.1);
#328=CIRCLE('',#1084,0.0899999999999995);
#329=CIRCLE('',#1085,0.175);
#330=CIRCLE('',#1087,0.0999999999999997);
#331=CIRCLE('',#1089,0.1);
#332=CIRCLE('',#1090,0.1);
#333=CIRCLE('',#1092,0.1);
#334=CIRCLE('',#1093,0.086);
#335=CIRCLE('',#1094,0.175);
#336=CIRCLE('',#1096,0.1);
#337=CIRCLE('',#1098,0.1);
#338=CIRCLE('',#1099,3.05144977609967);
#339=CIRCLE('',#1101,3.05144977609967);
#340=CIRCLE('',#1102,0.100000000000001);
#341=CIRCLE('',#1103,0.086);
#342=CIRCLE('',#1104,0.175);
#343=CIRCLE('',#1106,0.0899999999999995);
#344=CIRCLE('',#1108,0.0899999999999995);
#345=CIRCLE('',#1110,0.086);
#346=CIRCLE('',#1112,0.086);
#347=CIRCLE('',#1114,0.0500000000000001);
#348=CIRCLE('',#1118,0.0212500000000005);
#349=CIRCLE('',#1122,0.175);
#350=CIRCLE('',#1123,0.175);
#351=CIRCLE('',#1124,3.05144977609967);
#352=CIRCLE('',#1131,0.175);
#353=CIRCLE('',#1134,0.175);
#354=CIRCLE('',#1136,1.46466329527684);
#355=CIRCLE('',#1139,0.0212500000000005);
#356=CIRCLE('',#1141,3.05144977609967);
#357=VERTEX_POINT('',#1438);
#358=VERTEX_POINT('',#1439);
#359=VERTEX_POINT('',#1441);
#360=VERTEX_POINT('',#1443);
#361=VERTEX_POINT('',#1447);
#362=VERTEX_POINT('',#1448);
#363=VERTEX_POINT('',#1451);
#364=VERTEX_POINT('',#1457);
#365=VERTEX_POINT('',#1459);
#366=VERTEX_POINT('',#1461);
#367=VERTEX_POINT('',#1463);
#368=VERTEX_POINT('',#1465);
#369=VERTEX_POINT('',#1476);
#370=VERTEX_POINT('',#1512);
#371=VERTEX_POINT('',#1514);
#372=VERTEX_POINT('',#1517);
#373=VERTEX_POINT('',#1522);
#374=VERTEX_POINT('',#1526);
#375=VERTEX_POINT('',#1530);
#376=VERTEX_POINT('',#1532);
#377=VERTEX_POINT('',#1539);
#378=VERTEX_POINT('',#1541);
#379=VERTEX_POINT('',#1573);
#380=VERTEX_POINT('',#1584);
#381=VERTEX_POINT('',#1597);
#382=VERTEX_POINT('',#1601);
#383=VERTEX_POINT('',#1605);
#384=VERTEX_POINT('',#1637);
#385=VERTEX_POINT('',#1639);
#386=VERTEX_POINT('',#1643);
#387=VERTEX_POINT('',#1645);
#388=VERTEX_POINT('',#1647);
#389=VERTEX_POINT('',#1649);
#390=VERTEX_POINT('',#1651);
#391=VERTEX_POINT('',#1653);
#392=VERTEX_POINT('',#1655);
#393=VERTEX_POINT('',#1657);
#394=VERTEX_POINT('',#1659);
#395=VERTEX_POINT('',#1661);
#396=VERTEX_POINT('',#1665);
#397=VERTEX_POINT('',#1669);
#398=VERTEX_POINT('',#1678);
#399=VERTEX_POINT('',#1682);
#400=VERTEX_POINT('',#1684);
#401=VERTEX_POINT('',#1688);
#402=VERTEX_POINT('',#1695);
#403=VERTEX_POINT('',#1716);
#404=VERTEX_POINT('',#1723);
#405=VERTEX_POINT('',#1727);
#406=VERTEX_POINT('',#1729);
#407=VERTEX_POINT('',#1733);
#408=VERTEX_POINT('',#1740);
#409=VERTEX_POINT('',#1755);
#410=VERTEX_POINT('',#1762);
#411=VERTEX_POINT('',#1766);
#412=VERTEX_POINT('',#1768);
#413=VERTEX_POINT('',#1772);
#414=VERTEX_POINT('',#1779);
#415=VERTEX_POINT('',#1794);
#416=VERTEX_POINT('',#1801);
#417=VERTEX_POINT('',#1805);
#418=VERTEX_POINT('',#1809);
#419=VERTEX_POINT('',#1816);
#420=VERTEX_POINT('',#1837);
#421=VERTEX_POINT('',#1841);
#422=VERTEX_POINT('',#1845);
#423=VERTEX_POINT('',#1849);
#424=VERTEX_POINT('',#1853);
#425=VERTEX_POINT('',#1861);
#426=VERTEX_POINT('',#1865);
#427=VERTEX_POINT('',#1866);
#428=VERTEX_POINT('',#1868);
#429=VERTEX_POINT('',#1870);
#430=VERTEX_POINT('',#1881);
#431=VERTEX_POINT('',#1883);
#432=VERTEX_POINT('',#1885);
#433=VERTEX_POINT('',#1887);
#434=VERTEX_POINT('',#1891);
#435=VERTEX_POINT('',#1900);
#436=VERTEX_POINT('',#1905);
#437=VERTEX_POINT('',#1913);
#438=VERTEX_POINT('',#1917);
#439=VERTEX_POINT('',#1921);
#440=VERTEX_POINT('',#1925);
#441=VERTEX_POINT('',#1929);
#442=EDGE_CURVE('',#357,#358,#289,.T.);
#443=EDGE_CURVE('',#359,#357,#181,.T.);
#444=EDGE_CURVE('',#360,#359,#290,.T.);
#445=EDGE_CURVE('',#358,#360,#182,.T.);
#446=EDGE_CURVE('',#361,#362,#291,.T.);
#447=EDGE_CURVE('',#360,#361,#183,.T.);
#448=EDGE_CURVE('',#363,#360,#292,.T.);
#449=EDGE_CURVE('',#362,#363,#184,.T.);
#450=EDGE_CURVE('',#363,#359,#293,.T.);
#451=EDGE_CURVE('',#358,#364,#185,.T.);
#452=EDGE_CURVE('',#365,#364,#186,.T.);
#453=EDGE_CURVE('',#366,#365,#187,.T.);
#454=EDGE_CURVE('',#366,#367,#188,.T.);
#455=EDGE_CURVE('',#367,#368,#36,.T.);
#456=EDGE_CURVE('',#368,#369,#37,.T.);
#457=EDGE_CURVE('',#369,#357,#189,.T.);
#458=EDGE_CURVE('',#370,#370,#294,.T.);
#459=EDGE_CURVE('',#371,#371,#295,.T.);
#460=EDGE_CURVE('',#369,#372,#38,.T.);
#461=EDGE_CURVE('',#372,#373,#190,.T.);
#462=EDGE_CURVE('',#373,#359,#191,.T.);
#463=EDGE_CURVE('',#373,#374,#296,.T.);
#464=EDGE_CURVE('',#363,#374,#192,.T.);
#465=EDGE_CURVE('',#374,#375,#193,.T.);
#466=EDGE_CURVE('',#375,#376,#39,.T.);
#467=EDGE_CURVE('',#376,#362,#194,.T.);
#468=EDGE_CURVE('',#377,#377,#297,.T.);
#469=EDGE_CURVE('',#378,#378,#298,.T.);
#470=EDGE_CURVE('',#379,#376,#40,.F.);
#471=EDGE_CURVE('',#380,#375,#299,.T.);
#472=EDGE_CURVE('',#379,#380,#41,.T.);
#473=EDGE_CURVE('',#381,#374,#300,.T.);
#474=EDGE_CURVE('',#380,#381,#195,.T.);
#475=EDGE_CURVE('',#382,#373,#301,.T.);
#476=EDGE_CURVE('',#381,#382,#302,.T.);
#477=EDGE_CURVE('',#383,#372,#303,.T.);
#478=EDGE_CURVE('',#382,#383,#196,.T.);
#479=EDGE_CURVE('',#383,#368,#42,.T.);
#480=EDGE_CURVE('',#384,#367,#304,.T.);
#481=EDGE_CURVE('',#384,#385,#305,.T.);
#482=EDGE_CURVE('',#383,#385,#306,.T.);
#483=EDGE_CURVE('',#385,#386,#307,.T.);
#484=EDGE_CURVE('',#387,#386,#308,.T.);
#485=EDGE_CURVE('',#387,#388,#197,.T.);
#486=EDGE_CURVE('',#389,#388,#309,.T.);
#487=EDGE_CURVE('',#389,#390,#198,.T.);
#488=EDGE_CURVE('',#391,#390,#310,.T.);
#489=EDGE_CURVE('',#392,#391,#311,.T.);
#490=EDGE_CURVE('',#392,#393,#199,.T.);
#491=EDGE_CURVE('',#394,#393,#312,.T.);
#492=EDGE_CURVE('',#395,#394,#313,.T.);
#493=EDGE_CURVE('',#395,#380,#314,.T.);
#494=EDGE_CURVE('',#396,#395,#315,.T.);
#495=EDGE_CURVE('',#379,#396,#316,.T.);
#496=EDGE_CURVE('',#397,#395,#43,.T.);
#497=EDGE_CURVE('',#398,#397,#317,.T.);
#498=EDGE_CURVE('',#396,#398,#318,.T.);
#499=EDGE_CURVE('',#393,#399,#319,.T.);
#500=EDGE_CURVE('',#400,#392,#320,.T.);
#501=EDGE_CURVE('',#399,#400,#200,.T.);
#502=EDGE_CURVE('',#393,#401,#44,.T.);
#503=EDGE_CURVE('',#402,#399,#201,.T.);
#504=EDGE_CURVE('',#401,#402,#321,.T.);
#505=EDGE_CURVE('',#401,#397,#322,.T.);
#506=EDGE_CURVE('',#398,#402,#323,.T.);
#507=EDGE_CURVE('',#403,#392,#45,.T.);
#508=EDGE_CURVE('',#404,#403,#324,.T.);
#509=EDGE_CURVE('',#400,#404,#202,.T.);
#510=EDGE_CURVE('',#390,#405,#325,.T.);
#511=EDGE_CURVE('',#406,#389,#326,.T.);
#512=EDGE_CURVE('',#405,#406,#203,.T.);
#513=EDGE_CURVE('',#390,#407,#46,.T.);
#514=EDGE_CURVE('',#408,#405,#204,.T.);
#515=EDGE_CURVE('',#407,#408,#327,.T.);
#516=EDGE_CURVE('',#407,#403,#328,.T.);
#517=EDGE_CURVE('',#404,#408,#329,.T.);
#518=EDGE_CURVE('',#409,#389,#47,.T.);
#519=EDGE_CURVE('',#410,#409,#330,.T.);
#520=EDGE_CURVE('',#406,#410,#205,.T.);
#521=EDGE_CURVE('',#388,#411,#331,.T.);
#522=EDGE_CURVE('',#412,#387,#332,.T.);
#523=EDGE_CURVE('',#411,#412,#206,.T.);
#524=EDGE_CURVE('',#388,#413,#48,.T.);
#525=EDGE_CURVE('',#414,#411,#207,.T.);
#526=EDGE_CURVE('',#413,#414,#333,.T.);
#527=EDGE_CURVE('',#413,#409,#334,.T.);
#528=EDGE_CURVE('',#410,#414,#335,.T.);
#529=EDGE_CURVE('',#415,#387,#49,.T.);
#530=EDGE_CURVE('',#416,#415,#336,.T.);
#531=EDGE_CURVE('',#412,#416,#208,.T.);
#532=EDGE_CURVE('',#386,#417,#337,.T.);
#533=EDGE_CURVE('',#417,#384,#338,.T.);
#534=EDGE_CURVE('',#386,#418,#50,.T.);
#535=EDGE_CURVE('',#419,#417,#339,.T.);
#536=EDGE_CURVE('',#418,#419,#340,.T.);
#537=EDGE_CURVE('',#418,#415,#341,.T.);
#538=EDGE_CURVE('',#416,#419,#342,.T.);
#539=EDGE_CURVE('',#394,#420,#209,.T.);
#540=EDGE_CURVE('',#420,#420,#343,.T.);
#541=EDGE_CURVE('',#391,#421,#210,.T.);
#542=EDGE_CURVE('',#421,#421,#344,.T.);
#543=EDGE_CURVE('',#413,#422,#211,.T.);
#544=EDGE_CURVE('',#422,#422,#345,.T.);
#545=EDGE_CURVE('',#415,#423,#212,.T.);
#546=EDGE_CURVE('',#423,#423,#346,.T.);
#547=EDGE_CURVE('',#424,#366,#347,.T.);
#548=EDGE_CURVE('',#424,#384,#213,.T.);
#549=EDGE_CURVE('',#371,#378,#214,.T.);
#550=EDGE_CURVE('',#370,#377,#215,.T.);
#551=EDGE_CURVE('',#425,#361,#216,.T.);
#552=EDGE_CURVE('',#364,#425,#348,.T.);
#553=EDGE_CURVE('',#426,#427,#14,.F.);
#554=EDGE_CURVE('',#428,#427,#217,.T.);
#555=EDGE_CURVE('',#428,#429,#51,.F.);
#556=EDGE_CURVE('',#426,#429,#218,.T.);
#557=EDGE_CURVE('',#427,#430,#219,.T.);
#558=EDGE_CURVE('',#430,#431,#349,.T.);
#559=EDGE_CURVE('',#431,#432,#220,.T.);
#560=EDGE_CURVE('',#432,#433,#350,.T.);
#561=EDGE_CURVE('',#433,#428,#351,.T.);
#562=EDGE_CURVE('',#434,#429,#52,.T.);
#563=EDGE_CURVE('',#435,#434,#221,.T.);
#564=EDGE_CURVE('',#426,#435,#15,.T.);
#565=EDGE_CURVE('',#430,#410,#222,.T.);
#566=EDGE_CURVE('',#436,#435,#223,.T.);
#567=EDGE_CURVE('',#436,#408,#224,.T.);
#568=EDGE_CURVE('',#431,#414,#225,.T.);
#569=EDGE_CURVE('',#432,#416,#226,.T.);
#570=EDGE_CURVE('',#437,#436,#352,.T.);
#571=EDGE_CURVE('',#437,#404,#227,.T.);
#572=EDGE_CURVE('',#438,#437,#228,.T.);
#573=EDGE_CURVE('',#438,#402,#229,.T.);
#574=EDGE_CURVE('',#439,#438,#353,.T.);
#575=EDGE_CURVE('',#439,#398,#230,.T.);
#576=EDGE_CURVE('',#440,#376,#231,.T.);
#577=EDGE_CURVE('',#440,#439,#354,.T.);
#578=EDGE_CURVE('',#441,#440,#232,.T.);
#579=EDGE_CURVE('',#441,#425,#233,.T.);
#580=EDGE_CURVE('',#365,#441,#355,.T.);
#581=EDGE_CURVE('',#434,#424,#356,.T.);
#582=EDGE_CURVE('',#433,#419,#234,.T.);
#583=ORIENTED_EDGE('',*,*,#442,.F.);
#584=ORIENTED_EDGE('',*,*,#443,.F.);
#585=ORIENTED_EDGE('',*,*,#444,.F.);
#586=ORIENTED_EDGE('',*,*,#445,.F.);
#587=ORIENTED_EDGE('',*,*,#446,.F.);
#588=ORIENTED_EDGE('',*,*,#447,.F.);
#589=ORIENTED_EDGE('',*,*,#448,.F.);
#590=ORIENTED_EDGE('',*,*,#449,.F.);
#591=ORIENTED_EDGE('',*,*,#448,.T.);
#592=ORIENTED_EDGE('',*,*,#444,.T.);
#593=ORIENTED_EDGE('',*,*,#450,.F.);
#594=ORIENTED_EDGE('',*,*,#442,.T.);
#595=ORIENTED_EDGE('',*,*,#451,.T.);
#596=ORIENTED_EDGE('',*,*,#452,.F.);
#597=ORIENTED_EDGE('',*,*,#453,.F.);
#598=ORIENTED_EDGE('',*,*,#454,.T.);
#599=ORIENTED_EDGE('',*,*,#455,.T.);
#600=ORIENTED_EDGE('',*,*,#456,.T.);
#601=ORIENTED_EDGE('',*,*,#457,.T.);
#602=ORIENTED_EDGE('',*,*,#458,.F.);
#603=ORIENTED_EDGE('',*,*,#459,.F.);
#604=ORIENTED_EDGE('',*,*,#443,.T.);
#605=ORIENTED_EDGE('',*,*,#457,.F.);
#606=ORIENTED_EDGE('',*,*,#460,.T.);
#607=ORIENTED_EDGE('',*,*,#461,.T.);
#608=ORIENTED_EDGE('',*,*,#462,.T.);
#609=ORIENTED_EDGE('',*,*,#450,.T.);
#610=ORIENTED_EDGE('',*,*,#462,.F.);
#611=ORIENTED_EDGE('',*,*,#463,.T.);
#612=ORIENTED_EDGE('',*,*,#464,.F.);
#613=ORIENTED_EDGE('',*,*,#449,.T.);
#614=ORIENTED_EDGE('',*,*,#464,.T.);
#615=ORIENTED_EDGE('',*,*,#465,.T.);
#616=ORIENTED_EDGE('',*,*,#466,.T.);
#617=ORIENTED_EDGE('',*,*,#467,.T.);
#618=ORIENTED_EDGE('',*,*,#468,.F.);
#619=ORIENTED_EDGE('',*,*,#469,.F.);
#620=ORIENTED_EDGE('',*,*,#470,.T.);
#621=ORIENTED_EDGE('',*,*,#466,.F.);
#622=ORIENTED_EDGE('',*,*,#471,.F.);
#623=ORIENTED_EDGE('',*,*,#472,.F.);
#624=ORIENTED_EDGE('',*,*,#473,.F.);
#625=ORIENTED_EDGE('',*,*,#474,.F.);
#626=ORIENTED_EDGE('',*,*,#471,.T.);
#627=ORIENTED_EDGE('',*,*,#465,.F.);
#628=ORIENTED_EDGE('',*,*,#475,.F.);
#629=ORIENTED_EDGE('',*,*,#476,.F.);
#630=ORIENTED_EDGE('',*,*,#473,.T.);
#631=ORIENTED_EDGE('',*,*,#463,.F.);
#632=ORIENTED_EDGE('',*,*,#477,.F.);
#633=ORIENTED_EDGE('',*,*,#478,.F.);
#634=ORIENTED_EDGE('',*,*,#475,.T.);
#635=ORIENTED_EDGE('',*,*,#461,.F.);
#636=ORIENTED_EDGE('',*,*,#456,.F.);
#637=ORIENTED_EDGE('',*,*,#479,.F.);
#638=ORIENTED_EDGE('',*,*,#477,.T.);
#639=ORIENTED_EDGE('',*,*,#460,.F.);
#640=ORIENTED_EDGE('',*,*,#455,.F.);
#641=ORIENTED_EDGE('',*,*,#480,.F.);
#642=ORIENTED_EDGE('',*,*,#481,.T.);
#643=ORIENTED_EDGE('',*,*,#482,.F.);
#644=ORIENTED_EDGE('',*,*,#479,.T.);
#645=ORIENTED_EDGE('',*,*,#478,.T.);
#646=ORIENTED_EDGE('',*,*,#482,.T.);
#647=ORIENTED_EDGE('',*,*,#483,.T.);
#648=ORIENTED_EDGE('',*,*,#484,.F.);
#649=ORIENTED_EDGE('',*,*,#485,.T.);
#650=ORIENTED_EDGE('',*,*,#486,.F.);
#651=ORIENTED_EDGE('',*,*,#487,.T.);
#652=ORIENTED_EDGE('',*,*,#488,.F.);
#653=ORIENTED_EDGE('',*,*,#489,.F.);
#654=ORIENTED_EDGE('',*,*,#490,.T.);
#655=ORIENTED_EDGE('',*,*,#491,.F.);
#656=ORIENTED_EDGE('',*,*,#492,.F.);
#657=ORIENTED_EDGE('',*,*,#493,.T.);
#658=ORIENTED_EDGE('',*,*,#474,.T.);
#659=ORIENTED_EDGE('',*,*,#476,.T.);
#660=ORIENTED_EDGE('',*,*,#472,.T.);
#661=ORIENTED_EDGE('',*,*,#493,.F.);
#662=ORIENTED_EDGE('',*,*,#494,.F.);
#663=ORIENTED_EDGE('',*,*,#495,.F.);
#664=ORIENTED_EDGE('',*,*,#496,.F.);
#665=ORIENTED_EDGE('',*,*,#497,.F.);
#666=ORIENTED_EDGE('',*,*,#498,.F.);
#667=ORIENTED_EDGE('',*,*,#494,.T.);
#668=ORIENTED_EDGE('',*,*,#499,.F.);
#669=ORIENTED_EDGE('',*,*,#490,.F.);
#670=ORIENTED_EDGE('',*,*,#500,.F.);
#671=ORIENTED_EDGE('',*,*,#501,.F.);
#672=ORIENTED_EDGE('',*,*,#502,.F.);
#673=ORIENTED_EDGE('',*,*,#499,.T.);
#674=ORIENTED_EDGE('',*,*,#503,.F.);
#675=ORIENTED_EDGE('',*,*,#504,.F.);
#676=ORIENTED_EDGE('',*,*,#505,.F.);
#677=ORIENTED_EDGE('',*,*,#504,.T.);
#678=ORIENTED_EDGE('',*,*,#506,.F.);
#679=ORIENTED_EDGE('',*,*,#497,.T.);
#680=ORIENTED_EDGE('',*,*,#507,.F.);
#681=ORIENTED_EDGE('',*,*,#508,.F.);
#682=ORIENTED_EDGE('',*,*,#509,.F.);
#683=ORIENTED_EDGE('',*,*,#500,.T.);
#684=ORIENTED_EDGE('',*,*,#510,.F.);
#685=ORIENTED_EDGE('',*,*,#487,.F.);
#686=ORIENTED_EDGE('',*,*,#511,.F.);
#687=ORIENTED_EDGE('',*,*,#512,.F.);
#688=ORIENTED_EDGE('',*,*,#513,.F.);
#689=ORIENTED_EDGE('',*,*,#510,.T.);
#690=ORIENTED_EDGE('',*,*,#514,.F.);
#691=ORIENTED_EDGE('',*,*,#515,.F.);
#692=ORIENTED_EDGE('',*,*,#516,.F.);
#693=ORIENTED_EDGE('',*,*,#515,.T.);
#694=ORIENTED_EDGE('',*,*,#517,.F.);
#695=ORIENTED_EDGE('',*,*,#508,.T.);
#696=ORIENTED_EDGE('',*,*,#518,.F.);
#697=ORIENTED_EDGE('',*,*,#519,.F.);
#698=ORIENTED_EDGE('',*,*,#520,.F.);
#699=ORIENTED_EDGE('',*,*,#511,.T.);
#700=ORIENTED_EDGE('',*,*,#521,.F.);
#701=ORIENTED_EDGE('',*,*,#485,.F.);
#702=ORIENTED_EDGE('',*,*,#522,.F.);
#703=ORIENTED_EDGE('',*,*,#523,.F.);
#704=ORIENTED_EDGE('',*,*,#524,.F.);
#705=ORIENTED_EDGE('',*,*,#521,.T.);
#706=ORIENTED_EDGE('',*,*,#525,.F.);
#707=ORIENTED_EDGE('',*,*,#526,.F.);
#708=ORIENTED_EDGE('',*,*,#527,.F.);
#709=ORIENTED_EDGE('',*,*,#526,.T.);
#710=ORIENTED_EDGE('',*,*,#528,.F.);
#711=ORIENTED_EDGE('',*,*,#519,.T.);
#712=ORIENTED_EDGE('',*,*,#529,.F.);
#713=ORIENTED_EDGE('',*,*,#530,.F.);
#714=ORIENTED_EDGE('',*,*,#531,.F.);
#715=ORIENTED_EDGE('',*,*,#522,.T.);
#716=ORIENTED_EDGE('',*,*,#532,.F.);
#717=ORIENTED_EDGE('',*,*,#483,.F.);
#718=ORIENTED_EDGE('',*,*,#481,.F.);
#719=ORIENTED_EDGE('',*,*,#533,.F.);
#720=ORIENTED_EDGE('',*,*,#534,.F.);
#721=ORIENTED_EDGE('',*,*,#532,.T.);
#722=ORIENTED_EDGE('',*,*,#535,.F.);
#723=ORIENTED_EDGE('',*,*,#536,.F.);
#724=ORIENTED_EDGE('',*,*,#537,.F.);
#725=ORIENTED_EDGE('',*,*,#536,.T.);
#726=ORIENTED_EDGE('',*,*,#538,.F.);
#727=ORIENTED_EDGE('',*,*,#530,.T.);
#728=ORIENTED_EDGE('',*,*,#496,.T.);
#729=ORIENTED_EDGE('',*,*,#492,.T.);
#730=ORIENTED_EDGE('',*,*,#539,.T.);
#731=ORIENTED_EDGE('',*,*,#540,.F.);
#732=ORIENTED_EDGE('',*,*,#539,.F.);
#733=ORIENTED_EDGE('',*,*,#491,.T.);
#734=ORIENTED_EDGE('',*,*,#502,.T.);
#735=ORIENTED_EDGE('',*,*,#505,.T.);
#736=ORIENTED_EDGE('',*,*,#507,.T.);
#737=ORIENTED_EDGE('',*,*,#489,.T.);
#738=ORIENTED_EDGE('',*,*,#541,.T.);
#739=ORIENTED_EDGE('',*,*,#542,.F.);
#740=ORIENTED_EDGE('',*,*,#541,.F.);
#741=ORIENTED_EDGE('',*,*,#488,.T.);
#742=ORIENTED_EDGE('',*,*,#513,.T.);
#743=ORIENTED_EDGE('',*,*,#516,.T.);
#744=ORIENTED_EDGE('',*,*,#518,.T.);
#745=ORIENTED_EDGE('',*,*,#486,.T.);
#746=ORIENTED_EDGE('',*,*,#524,.T.);
#747=ORIENTED_EDGE('',*,*,#543,.T.);
#748=ORIENTED_EDGE('',*,*,#544,.F.);
#749=ORIENTED_EDGE('',*,*,#543,.F.);
#750=ORIENTED_EDGE('',*,*,#527,.T.);
#751=ORIENTED_EDGE('',*,*,#529,.T.);
#752=ORIENTED_EDGE('',*,*,#484,.T.);
#753=ORIENTED_EDGE('',*,*,#534,.T.);
#754=ORIENTED_EDGE('',*,*,#537,.T.);
#755=ORIENTED_EDGE('',*,*,#545,.T.);
#756=ORIENTED_EDGE('',*,*,#546,.F.);
#757=ORIENTED_EDGE('',*,*,#545,.F.);
#758=ORIENTED_EDGE('',*,*,#480,.T.);
#759=ORIENTED_EDGE('',*,*,#454,.F.);
#760=ORIENTED_EDGE('',*,*,#547,.F.);
#761=ORIENTED_EDGE('',*,*,#548,.T.);
#762=ORIENTED_EDGE('',*,*,#459,.T.);
#763=ORIENTED_EDGE('',*,*,#549,.T.);
#764=ORIENTED_EDGE('',*,*,#469,.T.);
#765=ORIENTED_EDGE('',*,*,#549,.F.);
#766=ORIENTED_EDGE('',*,*,#458,.T.);
#767=ORIENTED_EDGE('',*,*,#550,.T.);
#768=ORIENTED_EDGE('',*,*,#468,.T.);
#769=ORIENTED_EDGE('',*,*,#550,.F.);
#770=ORIENTED_EDGE('',*,*,#445,.T.);
#771=ORIENTED_EDGE('',*,*,#447,.T.);
#772=ORIENTED_EDGE('',*,*,#551,.F.);
#773=ORIENTED_EDGE('',*,*,#552,.F.);
#774=ORIENTED_EDGE('',*,*,#451,.F.);
#775=ORIENTED_EDGE('',*,*,#553,.T.);
#776=ORIENTED_EDGE('',*,*,#554,.F.);
#777=ORIENTED_EDGE('',*,*,#555,.T.);
#778=ORIENTED_EDGE('',*,*,#556,.F.);
#779=ORIENTED_EDGE('',*,*,#554,.T.);
#780=ORIENTED_EDGE('',*,*,#557,.T.);
#781=ORIENTED_EDGE('',*,*,#558,.T.);
#782=ORIENTED_EDGE('',*,*,#559,.T.);
#783=ORIENTED_EDGE('',*,*,#560,.T.);
#784=ORIENTED_EDGE('',*,*,#561,.T.);
#785=ORIENTED_EDGE('',*,*,#544,.T.);
#786=ORIENTED_EDGE('',*,*,#546,.T.);
#787=ORIENTED_EDGE('',*,*,#556,.T.);
#788=ORIENTED_EDGE('',*,*,#562,.F.);
#789=ORIENTED_EDGE('',*,*,#563,.F.);
#790=ORIENTED_EDGE('',*,*,#564,.F.);
#791=ORIENTED_EDGE('',*,*,#514,.T.);
#792=ORIENTED_EDGE('',*,*,#512,.T.);
#793=ORIENTED_EDGE('',*,*,#520,.T.);
#794=ORIENTED_EDGE('',*,*,#565,.F.);
#795=ORIENTED_EDGE('',*,*,#557,.F.);
#796=ORIENTED_EDGE('',*,*,#553,.F.);
#797=ORIENTED_EDGE('',*,*,#564,.T.);
#798=ORIENTED_EDGE('',*,*,#566,.F.);
#799=ORIENTED_EDGE('',*,*,#567,.T.);
#800=ORIENTED_EDGE('',*,*,#528,.T.);
#801=ORIENTED_EDGE('',*,*,#568,.F.);
#802=ORIENTED_EDGE('',*,*,#558,.F.);
#803=ORIENTED_EDGE('',*,*,#565,.T.);
#804=ORIENTED_EDGE('',*,*,#525,.T.);
#805=ORIENTED_EDGE('',*,*,#523,.T.);
#806=ORIENTED_EDGE('',*,*,#531,.T.);
#807=ORIENTED_EDGE('',*,*,#569,.F.);
#808=ORIENTED_EDGE('',*,*,#559,.F.);
#809=ORIENTED_EDGE('',*,*,#568,.T.);
#810=ORIENTED_EDGE('',*,*,#517,.T.);
#811=ORIENTED_EDGE('',*,*,#567,.F.);
#812=ORIENTED_EDGE('',*,*,#570,.F.);
#813=ORIENTED_EDGE('',*,*,#571,.T.);
#814=ORIENTED_EDGE('',*,*,#503,.T.);
#815=ORIENTED_EDGE('',*,*,#501,.T.);
#816=ORIENTED_EDGE('',*,*,#509,.T.);
#817=ORIENTED_EDGE('',*,*,#571,.F.);
#818=ORIENTED_EDGE('',*,*,#572,.F.);
#819=ORIENTED_EDGE('',*,*,#573,.T.);
#820=ORIENTED_EDGE('',*,*,#506,.T.);
#821=ORIENTED_EDGE('',*,*,#573,.F.);
#822=ORIENTED_EDGE('',*,*,#574,.F.);
#823=ORIENTED_EDGE('',*,*,#575,.T.);
#824=ORIENTED_EDGE('',*,*,#576,.T.);
#825=ORIENTED_EDGE('',*,*,#470,.F.);
#826=ORIENTED_EDGE('',*,*,#495,.T.);
#827=ORIENTED_EDGE('',*,*,#498,.T.);
#828=ORIENTED_EDGE('',*,*,#575,.F.);
#829=ORIENTED_EDGE('',*,*,#577,.F.);
#830=ORIENTED_EDGE('',*,*,#446,.T.);
#831=ORIENTED_EDGE('',*,*,#467,.F.);
#832=ORIENTED_EDGE('',*,*,#576,.F.);
#833=ORIENTED_EDGE('',*,*,#578,.F.);
#834=ORIENTED_EDGE('',*,*,#579,.T.);
#835=ORIENTED_EDGE('',*,*,#551,.T.);
#836=ORIENTED_EDGE('',*,*,#580,.F.);
#837=ORIENTED_EDGE('',*,*,#452,.T.);
#838=ORIENTED_EDGE('',*,*,#552,.T.);
#839=ORIENTED_EDGE('',*,*,#579,.F.);
#840=ORIENTED_EDGE('',*,*,#535,.T.);
#841=ORIENTED_EDGE('',*,*,#533,.T.);
#842=ORIENTED_EDGE('',*,*,#548,.F.);
#843=ORIENTED_EDGE('',*,*,#581,.F.);
#844=ORIENTED_EDGE('',*,*,#562,.T.);
#845=ORIENTED_EDGE('',*,*,#555,.F.);
#846=ORIENTED_EDGE('',*,*,#561,.F.);
#847=ORIENTED_EDGE('',*,*,#582,.T.);
#848=ORIENTED_EDGE('',*,*,#538,.T.);
#849=ORIENTED_EDGE('',*,*,#582,.F.);
#850=ORIENTED_EDGE('',*,*,#560,.F.);
#851=ORIENTED_EDGE('',*,*,#569,.T.);
#852=ORIENTED_EDGE('',*,*,#563,.T.);
#853=ORIENTED_EDGE('',*,*,#581,.T.);
#854=ORIENTED_EDGE('',*,*,#547,.T.);
#855=ORIENTED_EDGE('',*,*,#453,.T.);
#856=ORIENTED_EDGE('',*,*,#580,.T.);
#857=ORIENTED_EDGE('',*,*,#578,.T.);
#858=ORIENTED_EDGE('',*,*,#577,.T.);
#859=ORIENTED_EDGE('',*,*,#574,.T.);
#860=ORIENTED_EDGE('',*,*,#572,.T.);
#861=ORIENTED_EDGE('',*,*,#570,.T.);
#862=ORIENTED_EDGE('',*,*,#566,.T.);
#863=ORIENTED_EDGE('',*,*,#542,.T.);
#864=ORIENTED_EDGE('',*,*,#540,.T.);
#865=CYLINDRICAL_SURFACE('',#1026,0.1);
#866=CYLINDRICAL_SURFACE('',#1029,0.1);
#867=CYLINDRICAL_SURFACE('',#1038,0.1);
#868=CYLINDRICAL_SURFACE('',#1044,0.1);
#869=CYLINDRICAL_SURFACE('',#1049,0.1);
#870=CYLINDRICAL_SURFACE('',#1070,0.1);
#871=CYLINDRICAL_SURFACE('',#1073,0.1);
#872=CYLINDRICAL_SURFACE('',#1077,0.1);
#873=CYLINDRICAL_SURFACE('',#1079,0.1);
#874=CYLINDRICAL_SURFACE('',#1082,0.1);
#875=CYLINDRICAL_SURFACE('',#1086,0.1);
#876=CYLINDRICAL_SURFACE('',#1088,0.1);
#877=CYLINDRICAL_SURFACE('',#1091,0.1);
#878=CYLINDRICAL_SURFACE('',#1095,0.1);
#879=CYLINDRICAL_SURFACE('',#1105,0.0899999999999995);
#880=CYLINDRICAL_SURFACE('',#1107,0.0899999999999995);
#881=CYLINDRICAL_SURFACE('',#1109,0.086);
#882=CYLINDRICAL_SURFACE('',#1111,0.086);
#883=CYLINDRICAL_SURFACE('',#1113,0.0500000000000001);
#884=CYLINDRICAL_SURFACE('',#1115,0.0859999999999998);
#885=CYLINDRICAL_SURFACE('',#1116,0.0859999999999998);
#886=CYLINDRICAL_SURFACE('',#1119,0.05);
#887=CYLINDRICAL_SURFACE('',#1125,0.05);
#888=CYLINDRICAL_SURFACE('',#1128,0.175);
#889=CYLINDRICAL_SURFACE('',#1130,0.175);
#890=CYLINDRICAL_SURFACE('',#1133,0.175);
#891=CYLINDRICAL_SURFACE('',#1135,1.46466329527684);
#892=CYLINDRICAL_SURFACE('',#1138,0.0212500000000005);
#893=CYLINDRICAL_SURFACE('',#1140,3.05144977609967);
#894=CYLINDRICAL_SURFACE('',#1142,0.175);
#895=STYLED_ITEM('',(#1962),#950);
#896=STYLED_ITEM('',(#1962),#951);
#897=STYLED_ITEM('',(#1962),#952);
#898=STYLED_ITEM('',(#1962),#953);
#899=STYLED_ITEM('',(#1962),#954);
#900=STYLED_ITEM('',(#1962),#955);
#901=STYLED_ITEM('',(#1962),#956);
#902=STYLED_ITEM('',(#1962),#957);
#903=STYLED_ITEM('',(#1962),#958);
#904=STYLED_ITEM('',(#1962),#959);
#905=STYLED_ITEM('',(#1962),#960);
#906=STYLED_ITEM('',(#1962),#961);
#907=STYLED_ITEM('',(#1962),#962);
#908=STYLED_ITEM('',(#1962),#963);
#909=STYLED_ITEM('',(#1962),#964);
#910=STYLED_ITEM('',(#1962),#965);
#911=STYLED_ITEM('',(#1962),#966);
#912=STYLED_ITEM('',(#1962),#967);
#913=STYLED_ITEM('',(#1962),#968);
#914=STYLED_ITEM('',(#1962),#969);
#915=STYLED_ITEM('',(#1962),#970);
#916=STYLED_ITEM('',(#1962),#971);
#917=STYLED_ITEM('',(#1962),#972);
#918=STYLED_ITEM('',(#1962),#973);
#919=STYLED_ITEM('',(#1962),#974);
#920=STYLED_ITEM('',(#1962),#975);
#921=STYLED_ITEM('',(#1962),#976);
#922=STYLED_ITEM('',(#1962),#977);
#923=STYLED_ITEM('',(#1962),#978);
#924=STYLED_ITEM('',(#1962),#979);
#925=STYLED_ITEM('',(#1962),#980);
#926=STYLED_ITEM('',(#1962),#981);
#927=STYLED_ITEM('',(#1962),#982);
#928=STYLED_ITEM('',(#1962),#983);
#929=STYLED_ITEM('',(#1962),#984);
#930=STYLED_ITEM('',(#1962),#985);
#931=STYLED_ITEM('',(#1962),#986);
#932=STYLED_ITEM('',(#1962),#987);
#933=STYLED_ITEM('',(#1962),#988);
#934=STYLED_ITEM('',(#1962),#989);
#935=STYLED_ITEM('',(#1962),#990);
#936=STYLED_ITEM('',(#1962),#991);
#937=STYLED_ITEM('',(#1962),#992);
#938=STYLED_ITEM('',(#1962),#993);
#939=STYLED_ITEM('',(#1962),#994);
#940=STYLED_ITEM('',(#1962),#995);
#941=STYLED_ITEM('',(#1962),#996);
#942=STYLED_ITEM('',(#1962),#997);
#943=STYLED_ITEM('',(#1962),#998);
#944=STYLED_ITEM('',(#1962),#999);
#945=STYLED_ITEM('',(#1962),#1000);
#946=STYLED_ITEM('',(#1962),#1001);
#947=STYLED_ITEM('',(#1962),#1002);
#948=STYLED_ITEM('',(#1962),#1003);
#949=STYLED_ITEM('',(#1962),#13);
#950=ADVANCED_FACE('',(#65),#865,.T.);
#951=ADVANCED_FACE('',(#66),#866,.T.);
#952=ADVANCED_FACE('',(#67),#64,.T.);
#953=ADVANCED_FACE('',(#68,#28,#29),#53,.F.);
#954=ADVANCED_FACE('',(#69),#54,.F.);
#955=ADVANCED_FACE('',(#70),#867,.T.);
#956=ADVANCED_FACE('',(#71,#30,#31),#55,.F.);
#957=ADVANCED_FACE('',(#72),#26,.F.);
#958=ADVANCED_FACE('',(#73),#868,.F.);
#959=ADVANCED_FACE('',(#74),#20,.F.);
#960=ADVANCED_FACE('',(#75),#869,.F.);
#961=ADVANCED_FACE('',(#76),#27,.F.);
#962=ADVANCED_FACE('',(#77),#21,.T.);
#963=ADVANCED_FACE('',(#78),#56,.F.);
#964=ADVANCED_FACE('',(#79),#22,.T.);
#965=ADVANCED_FACE('',(#80),#23,.T.);
#966=ADVANCED_FACE('',(#81),#870,.T.);
#967=ADVANCED_FACE('',(#82),#871,.T.);
#968=ADVANCED_FACE('',(#83),#16,.T.);
#969=ADVANCED_FACE('',(#84),#872,.T.);
#970=ADVANCED_FACE('',(#85),#873,.T.);
#971=ADVANCED_FACE('',(#86),#874,.T.);
#972=ADVANCED_FACE('',(#87),#17,.T.);
#973=ADVANCED_FACE('',(#88),#875,.T.);
#974=ADVANCED_FACE('',(#89),#876,.T.);
#975=ADVANCED_FACE('',(#90),#877,.T.);
#976=ADVANCED_FACE('',(#91),#18,.T.);
#977=ADVANCED_FACE('',(#92),#878,.T.);
#978=ADVANCED_FACE('',(#93),#24,.T.);
#979=ADVANCED_FACE('',(#94),#25,.T.);
#980=ADVANCED_FACE('',(#95),#19,.T.);
#981=ADVANCED_FACE('',(#96),#879,.F.);
#982=ADVANCED_FACE('',(#97),#880,.F.);
#983=ADVANCED_FACE('',(#98),#881,.F.);
#984=ADVANCED_FACE('',(#99),#882,.F.);
#985=ADVANCED_FACE('',(#100),#883,.F.);
#986=ADVANCED_FACE('',(#101),#884,.F.);
#987=ADVANCED_FACE('',(#102),#885,.F.);
#988=ADVANCED_FACE('',(#103),#57,.F.);
#989=ADVANCED_FACE('',(#104),#886,.F.);
#990=ADVANCED_FACE('',(#105,#32,#33),#58,.F.);
#991=ADVANCED_FACE('',(#106),#887,.T.);
#992=ADVANCED_FACE('',(#107),#59,.F.);
#993=ADVANCED_FACE('',(#108),#888,.T.);
#994=ADVANCED_FACE('',(#109),#60,.F.);
#995=ADVANCED_FACE('',(#110),#889,.T.);
#996=ADVANCED_FACE('',(#111),#61,.F.);
#997=ADVANCED_FACE('',(#112),#890,.T.);
#998=ADVANCED_FACE('',(#113),#891,.T.);
#999=ADVANCED_FACE('',(#114),#62,.F.);
#1000=ADVANCED_FACE('',(#115),#892,.T.);
#1001=ADVANCED_FACE('',(#116),#893,.F.);
#1002=ADVANCED_FACE('',(#117),#894,.T.);
#1003=ADVANCED_FACE('',(#118,#34,#35),#63,.T.);
#1004=CLOSED_SHELL('',(#950,#951,#952,#953,#954,#955,#956,#957,#958,#959,
#960,#961,#962,#963,#964,#965,#966,#967,#968,#969,#970,#971,#972,#973,#974,
#975,#976,#977,#978,#979,#980,#981,#982,#983,#984,#985,#986,#987,#988,#989,
#990,#991,#992,#993,#994,#995,#996,#997,#998,#999,#1000,#1001,#1002,#1003));
#1005=DERIVED_UNIT_ELEMENT(#1007,1.);
#1006=DERIVED_UNIT_ELEMENT(#1947,-3.);
#1007=(
CONVERSION_BASED_UNIT('gram',#1009)
MASS_UNIT()
NAMED_UNIT(#1944)
);
#1008=(
MASS_UNIT()
NAMED_UNIT(*)
SI_UNIT(.KILO.,.GRAM.)
);
#1009=MASS_MEASURE_WITH_UNIT(MASS_MEASURE(0.001),#1008);
#1010=DERIVED_UNIT((#1005,#1006));
#1011=MEASURE_REPRESENTATION_ITEM('density measure',
POSITIVE_RATIO_MEASURE(0.952),#1010);
#1012=PROPERTY_DEFINITION_REPRESENTATION(#1017,#1014);
#1013=PROPERTY_DEFINITION_REPRESENTATION(#1018,#1015);
#1014=REPRESENTATION('material name',(#1016),#1941);
#1015=REPRESENTATION('density',(#1011),#1941);
#1016=DESCRIPTIVE_REPRESENTATION_ITEM('Plastic, Opaque Black',
'Plastic, Opaque Black');
#1017=PROPERTY_DEFINITION('material property','material name',#1955);
#1018=PROPERTY_DEFINITION('material property','density of part',#1955);
#1019=DATE_TIME_ROLE('creation_date');
#1020=APPLIED_DATE_AND_TIME_ASSIGNMENT(#1021,#1019,(#1955));
#1021=DATE_AND_TIME(#1022,#1023);
#1022=CALENDAR_DATE(2025,14,9);
#1023=LOCAL_TIME(0,0,0.,#1024);
#1024=COORDINATED_UNIVERSAL_TIME_OFFSET(0,0,.BEHIND.);
#1025=AXIS2_PLACEMENT_3D('',#1436,#1144,#1145);
#1026=AXIS2_PLACEMENT_3D('',#1437,#1146,#1147);
#1027=AXIS2_PLACEMENT_3D('',#1440,#1148,#1149);
#1028=AXIS2_PLACEMENT_3D('',#1444,#1151,#1152);
#1029=AXIS2_PLACEMENT_3D('',#1446,#1154,#1155);
#1030=AXIS2_PLACEMENT_3D('',#1449,#1156,#1157);
#1031=AXIS2_PLACEMENT_3D('',#1452,#1159,#1160);
#1032=AXIS2_PLACEMENT_3D('',#1454,#1162,#1163);
#1033=AXIS2_PLACEMENT_3D('',#1455,#1164,#1165);
#1034=AXIS2_PLACEMENT_3D('',#1456,#1166,#1167);
#1035=AXIS2_PLACEMENT_3D('',#1513,#1173,#1174);
#1036=AXIS2_PLACEMENT_3D('',#1515,#1175,#1176);
#1037=AXIS2_PLACEMENT_3D('',#1516,#1177,#1178);
#1038=AXIS2_PLACEMENT_3D('',#1525,#1181,#1182);
#1039=AXIS2_PLACEMENT_3D('',#1527,#1183,#1184);
#1040=AXIS2_PLACEMENT_3D('',#1529,#1186,#1187);
#1041=AXIS2_PLACEMENT_3D('',#1540,#1190,#1191);
#1042=AXIS2_PLACEMENT_3D('',#1542,#1192,#1193);
#1043=AXIS2_PLACEMENT_3D('',#1585,#1194,#1195);
#1044=AXIS2_PLACEMENT_3D('',#1596,#1196,#1197);
#1045=AXIS2_PLACEMENT_3D('',#1598,#1198,#1199);
#1046=AXIS2_PLACEMENT_3D('',#1600,#1201,#1202);
#1047=AXIS2_PLACEMENT_3D('',#1602,#1203,#1204);
#1048=AXIS2_PLACEMENT_3D('',#1603,#1205,#1206);
#1049=AXIS2_PLACEMENT_3D('',#1604,#1207,#1208);
#1050=AXIS2_PLACEMENT_3D('',#1606,#1209,#1210);
#1051=AXIS2_PLACEMENT_3D('',#1636,#1212,#1213);
#1052=AXIS2_PLACEMENT_3D('',#1638,#1214,#1215);
#1053=AXIS2_PLACEMENT_3D('',#1640,#1216,#1217);
#1054=AXIS2_PLACEMENT_3D('',#1641,#1218,#1219);
#1055=AXIS2_PLACEMENT_3D('',#1642,#1220,#1221);
#1056=AXIS2_PLACEMENT_3D('',#1644,#1222,#1223);
#1057=AXIS2_PLACEMENT_3D('',#1646,#1224,#1225);
#1058=AXIS2_PLACEMENT_3D('',#1650,#1227,#1228);
#1059=AXIS2_PLACEMENT_3D('',#1654,#1230,#1231);
#1060=AXIS2_PLACEMENT_3D('',#1656,#1232,#1233);
#1061=AXIS2_PLACEMENT_3D('',#1660,#1235,#1236);
#1062=AXIS2_PLACEMENT_3D('',#1662,#1237,#1238);
#1063=AXIS2_PLACEMENT_3D('',#1663,#1239,#1240);
#1064=AXIS2_PLACEMENT_3D('',#1664,#1241,#1242);
#1065=AXIS2_PLACEMENT_3D('',#1666,#1243,#1244);
#1066=AXIS2_PLACEMENT_3D('',#1667,#1245,#1246);
#1067=AXIS2_PLACEMENT_3D('',#1668,#1247,#1248);
#1068=AXIS2_PLACEMENT_3D('',#1679,#1249,#1250);
#1069=AXIS2_PLACEMENT_3D('',#1680,#1251,#1252);
#1070=AXIS2_PLACEMENT_3D('',#1681,#1253,#1254);
#1071=AXIS2_PLACEMENT_3D('',#1683,#1255,#1256);
#1072=AXIS2_PLACEMENT_3D('',#1685,#1257,#1258);
#1073=AXIS2_PLACEMENT_3D('',#1687,#1260,#1261);
#1074=AXIS2_PLACEMENT_3D('',#1697,#1263,#1264);
#1075=AXIS2_PLACEMENT_3D('',#1713,#1265,#1266);
#1076=AXIS2_PLACEMENT_3D('',#1714,#1267,#1268);
#1077=AXIS2_PLACEMENT_3D('',#1715,#1269,#1270);
#1078=AXIS2_PLACEMENT_3D('',#1724,#1271,#1272);
#1079=AXIS2_PLACEMENT_3D('',#1726,#1274,#1275);
#1080=AXIS2_PLACEMENT_3D('',#1728,#1276,#1277);
#1081=AXIS2_PLACEMENT_3D('',#1730,#1278,#1279);
#1082=AXIS2_PLACEMENT_3D('',#1732,#1281,#1282);
#1083=AXIS2_PLACEMENT_3D('',#1742,#1284,#1285);
#1084=AXIS2_PLACEMENT_3D('',#1752,#1286,#1287);
#1085=AXIS2_PLACEMENT_3D('',#1753,#1288,#1289);
#1086=AXIS2_PLACEMENT_3D('',#1754,#1290,#1291);
#1087=AXIS2_PLACEMENT_3D('',#1763,#1292,#1293);
#1088=AXIS2_PLACEMENT_3D('',#1765,#1295,#1296);
#1089=AXIS2_PLACEMENT_3D('',#1767,#1297,#1298);
#1090=AXIS2_PLACEMENT_3D('',#1769,#1299,#1300);
#1091=AXIS2_PLACEMENT_3D('',#1771,#1302,#1303);
#1092=AXIS2_PLACEMENT_3D('',#1781,#1305,#1306);
#1093=AXIS2_PLACEMENT_3D('',#1791,#1307,#1308);
#1094=AXIS2_PLACEMENT_3D('',#1792,#1309,#1310);
#1095=AXIS2_PLACEMENT_3D('',#1793,#1311,#1312);
#1096=AXIS2_PLACEMENT_3D('',#1802,#1313,#1314);
#1097=AXIS2_PLACEMENT_3D('',#1804,#1316,#1317);
#1098=AXIS2_PLACEMENT_3D('',#1806,#1318,#1319);
#1099=AXIS2_PLACEMENT_3D('',#1807,#1320,#1321);
#1100=AXIS2_PLACEMENT_3D('',#1808,#1322,#1323);
#1101=AXIS2_PLACEMENT_3D('',#1817,#1324,#1325);
#1102=AXIS2_PLACEMENT_3D('',#1818,#1326,#1327);
#1103=AXIS2_PLACEMENT_3D('',#1834,#1328,#1329);
#1104=AXIS2_PLACEMENT_3D('',#1835,#1330,#1331);
#1105=AXIS2_PLACEMENT_3D('',#1836,#1332,#1333);
#1106=AXIS2_PLACEMENT_3D('',#1839,#1335,#1336);
#1107=AXIS2_PLACEMENT_3D('',#1840,#1337,#1338);
#1108=AXIS2_PLACEMENT_3D('',#1843,#1340,#1341);
#1109=AXIS2_PLACEMENT_3D('',#1844,#1342,#1343);
#1110=AXIS2_PLACEMENT_3D('',#1847,#1345,#1346);
#1111=AXIS2_PLACEMENT_3D('',#1848,#1347,#1348);
#1112=AXIS2_PLACEMENT_3D('',#1851,#1350,#1351);
#1113=AXIS2_PLACEMENT_3D('',#1852,#1352,#1353);
#1114=AXIS2_PLACEMENT_3D('',#1854,#1354,#1355);
#1115=AXIS2_PLACEMENT_3D('',#1856,#1357,#1358);
#1116=AXIS2_PLACEMENT_3D('',#1858,#1360,#1361);
#1117=AXIS2_PLACEMENT_3D('',#1860,#1363,#1364);
#1118=AXIS2_PLACEMENT_3D('',#1863,#1366,#1367);
#1119=AXIS2_PLACEMENT_3D('',#1864,#1368,#1369);
#1120=AXIS2_PLACEMENT_3D('',#1867,#1370,#1371);
#1121=AXIS2_PLACEMENT_3D('',#1880,#1374,#1375);
#1122=AXIS2_PLACEMENT_3D('',#1884,#1377,#1378);
#1123=AXIS2_PLACEMENT_3D('',#1888,#1380,#1381);
#1124=AXIS2_PLACEMENT_3D('',#1889,#1382,#1383);
#1125=AXIS2_PLACEMENT_3D('',#1890,#1384,#1385);
#1126=AXIS2_PLACEMENT_3D('',#1902,#1387,#1388);
#1127=AXIS2_PLACEMENT_3D('',#1903,#1389,#1390);
#1128=AXIS2_PLACEMENT_3D('',#1908,#1394,#1395);
#1129=AXIS2_PLACEMENT_3D('',#1910,#1397,#1398);
#1130=AXIS2_PLACEMENT_3D('',#1912,#1400,#1401);
#1131=AXIS2_PLACEMENT_3D('',#1914,#1402,#1403);
#1132=AXIS2_PLACEMENT_3D('',#1916,#1405,#1406);
#1133=AXIS2_PLACEMENT_3D('',#1920,#1409,#1410);
#1134=AXIS2_PLACEMENT_3D('',#1922,#1411,#1412);
#1135=AXIS2_PLACEMENT_3D('',#1924,#1414,#1415);
#1136=AXIS2_PLACEMENT_3D('',#1927,#1417,#1418);
#1137=AXIS2_PLACEMENT_3D('',#1928,#1419,#1420);
#1138=AXIS2_PLACEMENT_3D('',#1932,#1423,#1424);
#1139=AXIS2_PLACEMENT_3D('',#1933,#1425,#1426);
#1140=AXIS2_PLACEMENT_3D('',#1934,#1427,#1428);
#1141=AXIS2_PLACEMENT_3D('',#1935,#1429,#1430);
#1142=AXIS2_PLACEMENT_3D('',#1937,#1432,#1433);
#1143=AXIS2_PLACEMENT_3D('',#1938,#1434,#1435);
#1144=DIRECTION('axis',(0.,0.,1.));
#1145=DIRECTION('refdir',(1.,0.,0.));
#1146=DIRECTION('center_axis',(-1.,6.72833781393152E-12,7.86851241208134E-12));
#1147=DIRECTION('ref_axis',(-1.03205762559781E-11,-0.707106781186334,-0.707106781186761));
#1148=DIRECTION('center_axis',(1.,-6.97655746316049E-12,-7.86872129759288E-12));
#1149=DIRECTION('ref_axis',(-1.03205762559781E-11,-0.707106781186334,-0.707106781186761));
#1150=DIRECTION('',(1.,-6.72833781393152E-12,-7.86851241208134E-12));
#1151=DIRECTION('center_axis',(-1.,6.72777669095445E-12,7.86772222175515E-12));
#1152=DIRECTION('ref_axis',(-7.8677222217531E-12,3.04218592574453E-13,-1.));
#1153=DIRECTION('',(-1.,6.72833781393152E-12,7.86851241208134E-12));
#1154=DIRECTION('center_axis',(6.72833781393391E-12,1.,3.03563238215647E-13));
#1155=DIRECTION('ref_axis',(-0.70710678119211,4.9698989637077E-12,-0.707106781180985));
#1156=DIRECTION('center_axis',(6.74743277874984E-12,1.,3.03719054602517E-13));
#1157=DIRECTION('ref_axis',(-0.70710678119211,4.9698989637077E-12,-0.707106781180985));
#1158=DIRECTION('',(6.72833781393391E-12,1.,3.03563238215647E-13));
#1159=DIRECTION('center_axis',(-6.72777669095926E-12,-1.,-3.0421859252152E-13));
#1160=DIRECTION('ref_axis',(-1.,6.72777669095687E-12,7.86772222175309E-12));
#1161=DIRECTION('',(-6.72833781393391E-12,-1.,-3.03563238215647E-13));
#1162=DIRECTION('center_axis',(-0.40824829046519,-0.408248290456363,0.816496580930812));
#1163=DIRECTION('ref_axis',(-0.577350269198049,-0.577350269185568,-0.57735026918526));
#1164=DIRECTION('center_axis',(7.86856144545673E-12,-3.03519239488074E-13,
1.));
#1165=DIRECTION('ref_axis',(-0.7071067811913,-0.707106781181795,5.3500511107921E-12));
#1166=DIRECTION('center_axis',(-1.,6.97655746316049E-12,7.86872129759288E-12));
#1167=DIRECTION('ref_axis',(6.97655746316288E-12,1.,3.03563238213694E-13));
#1168=DIRECTION('',(6.76588201590666E-12,1.,3.03563238215352E-13));
#1169=DIRECTION('',(-7.86872129759076E-12,3.03719054655611E-13,-1.));
#1170=DIRECTION('',(6.97655746316288E-12,1.,3.03563238213694E-13));
#1171=DIRECTION('',(-7.86872129759076E-12,3.03719054655611E-13,-1.));
#1172=DIRECTION('',(-7.86872129759076E-12,3.03719054655611E-13,-1.));
#1173=DIRECTION('center_axis',(1.,-6.97655746316049E-12,-7.86872129759288E-12));
#1174=DIRECTION('ref_axis',(7.86870131607189E-12,-3.03563238268589E-13,
1.));
#1175=DIRECTION('center_axis',(1.,-6.97655746316049E-12,-7.86872129759288E-12));
#1176=DIRECTION('ref_axis',(7.86870131607189E-12,-3.03563238268589E-13,
1.));
#1177=DIRECTION('center_axis',(6.72833781393391E-12,1.,3.03519239435132E-13));
#1178=DIRECTION('ref_axis',(1.,-6.72833781393152E-12,-7.86851241208134E-12));
#1179=DIRECTION('',(-1.,6.72833781393152E-12,7.86851241208134E-12));
#1180=DIRECTION('',(-7.86856144545673E-12,3.03519239488074E-13,-1.));
#1181=DIRECTION('center_axis',(7.86856144545673E-12,-3.03519239488074E-13,
1.));
#1182=DIRECTION('ref_axis',(-0.7071067811913,-0.707106781181795,5.34944099899583E-12));
#1183=DIRECTION('center_axis',(-7.8685124120793E-12,3.03563238268589E-13,
-1.));
#1184=DIRECTION('ref_axis',(-0.707106781191303,-0.707106781181792,5.34917691943412E-12));
#1185=DIRECTION('',(7.86856144545673E-12,-3.03519239488074E-13,1.));
#1186=DIRECTION('center_axis',(1.,-6.72833781393152E-12,-7.86856144545877E-12));
#1187=DIRECTION('ref_axis',(-6.72833781393391E-12,-1.,-3.03563238215647E-13));
#1188=DIRECTION('',(6.72833781393391E-12,1.,3.03563238215647E-13));
#1189=DIRECTION('',(-7.86872129759076E-12,3.03719054655611E-13,-1.));
#1190=DIRECTION('center_axis',(-1.,6.72833781393152E-12,7.86856144545877E-12));
#1191=DIRECTION('ref_axis',(7.86870131607189E-12,-3.03563238268589E-13,
1.));
#1192=DIRECTION('center_axis',(-1.,6.72833781393152E-12,7.86856144545877E-12));
#1193=DIRECTION('ref_axis',(7.86870131607189E-12,-3.03563238268589E-13,
1.));
#1194=DIRECTION('center_axis',(6.73127345639644E-12,1.,9.79094320875324E-13));
#1195=DIRECTION('ref_axis',(8.01458636989247E-12,-9.79094320929272E-13,
1.));
#1196=DIRECTION('center_axis',(-6.72833781393391E-12,-1.,-3.03563238215647E-13));
#1197=DIRECTION('ref_axis',(0.707106781192111,-4.96989896370771E-12,0.707106781180984));
#1198=DIRECTION('center_axis',(6.72777669095924E-12,1.,3.0421859252152E-13));
#1199=DIRECTION('ref_axis',(7.86772222175309E-12,-3.04218592574453E-13,
1.));
#1200=DIRECTION('',(-6.72833781393391E-12,-1.,-3.03563238215647E-13));
#1201=DIRECTION('center_axis',(-7.8685124120793E-12,3.03563238268589E-13,
-1.));
#1202=DIRECTION('ref_axis',(1.,0.,-7.86852064986003E-12));
#1203=DIRECTION('center_axis',(-1.,6.72777669095448E-12,7.86772222175513E-12));
#1204=DIRECTION('ref_axis',(7.86772222175308E-12,-3.04218592574452E-13,
1.));
#1205=DIRECTION('center_axis',(7.8685124120793E-12,-3.03563238268589E-13,
1.));
#1206=DIRECTION('ref_axis',(-0.707106781191303,-0.707106781181792,5.34922686017199E-12));
#1207=DIRECTION('center_axis',(1.,-6.72833781393152E-12,-7.86851241208134E-12));
#1208=DIRECTION('ref_axis',(1.03205762559781E-11,0.707106781186334,0.707106781186761));
#1209=DIRECTION('center_axis',(-1.,6.72777669095443E-12,7.86772222175513E-12));
#1210=DIRECTION('ref_axis',(7.86772222175308E-12,-3.04218592574452E-13,
1.));
#1211=DIRECTION('',(1.,-6.72833781393152E-12,-7.86851241208134E-12));
#1212=DIRECTION('center_axis',(7.8685124120793E-12,-3.03563238268589E-13,
1.));
#1213=DIRECTION('ref_axis',(-1.,0.,7.86848364242587E-12));
#1214=DIRECTION('center_axis',(-7.8685124120793E-12,3.03563238268589E-13,
-1.));
#1215=DIRECTION('ref_axis',(-0.70119233587093,-0.712972165035823,5.30109639474561E-12));
#1216=DIRECTION('center_axis',(-0.99986123562473,-0.016658616238709,7.86162085268116E-12));
#1217=DIRECTION('ref_axis',(-0.016658616238709,0.99986123562473,4.34473104912366E-13));
#1218=DIRECTION('center_axis',(7.8685124120793E-12,-3.03563238268589E-13,
1.));
#1219=DIRECTION('ref_axis',(-0.70119233587093,-0.712972165035823,5.30090845884165E-12));
#1220=DIRECTION('center_axis',(7.8685124120793E-12,-3.03563238268589E-13,
1.));
#1221=DIRECTION('ref_axis',(1.,0.,-7.8685124120793E-12));
#1222=DIRECTION('center_axis',(7.8685124120793E-12,-3.03563238268589E-13,
1.));
#1223=DIRECTION('ref_axis',(0.186958947810616,-0.982367727398222,-1.76929952989667E-12));
#1224=DIRECTION('center_axis',(-7.8685124120793E-12,3.03563238268589E-13,
-1.));
#1225=DIRECTION('ref_axis',(-1.,6.72833781393152E-12,7.86851241208134E-12));
#1226=DIRECTION('',(-6.71570574881121E-12,-1.,-3.03563238215747E-13));
#1227=DIRECTION('center_axis',(-7.8685124120793E-12,3.03563238268589E-13,
-1.));
#1228=DIRECTION('ref_axis',(-1.,6.72833781393152E-12,7.86851241208134E-12));
#1229=DIRECTION('',(-0.998973616229865,-0.0452958505453484,7.84668614357276E-12));
#1230=DIRECTION('center_axis',(-7.8685124120793E-12,3.03563238268589E-13,
-1.));
#1231=DIRECTION('ref_axis',(-1.,6.72833781393152E-12,7.86851241208134E-12));
#1232=DIRECTION('center_axis',(-7.8685124120793E-12,3.03563238268589E-13,
-1.));
#1233=DIRECTION('ref_axis',(-1.,6.72833781393152E-12,7.86851241208134E-12));
#1234=DIRECTION('',(-0.544333996996184,0.838868583101166,4.53774847524919E-12));
#1235=DIRECTION('center_axis',(-7.8685124120793E-12,3.03563238268589E-13,
-1.));
#1236=DIRECTION('ref_axis',(-1.,6.72833781393152E-12,7.86851241208134E-12));
#1237=DIRECTION('center_axis',(-7.8685124120793E-12,3.03563238268589E-13,
-1.));
#1238=DIRECTION('ref_axis',(-1.,6.72833781393152E-12,7.86851241208134E-12));
#1239=DIRECTION('center_axis',(-7.8685124120793E-12,3.03563238268589E-13,
-1.));
#1240=DIRECTION('ref_axis',(-0.14104733629259,0.990002852988195,1.41036118825721E-12));
#1241=DIRECTION('center_axis',(-7.8685124120793E-12,3.03563238268589E-13,
-1.));
#1242=DIRECTION('ref_axis',(1.,0.,-7.86851534781881E-12));
#1243=DIRECTION('center_axis',(-0.970007216640235,-0.243076119077674,7.55694907861646E-12));
#1244=DIRECTION('ref_axis',(-0.243076119077674,0.970007216640235,2.2077702745597E-12));
#1245=DIRECTION('center_axis',(7.8685124120793E-12,-3.03563238268589E-13,
1.));
#1246=DIRECTION('ref_axis',(-0.14104733629259,0.990002852988195,1.4103679566154E-12));
#1247=DIRECTION('center_axis',(-7.8685124120793E-12,3.03563238268589E-13,
-1.));
#1248=DIRECTION('ref_axis',(1.,0.,-7.86851534781881E-12));
#1249=DIRECTION('center_axis',(-0.960211297847645,-0.279274530678581,7.46873870346447E-12));
#1250=DIRECTION('ref_axis',(-0.279274530678581,0.960211297847645,2.48925989182688E-12));
#1251=DIRECTION('center_axis',(7.8685124120793E-12,-3.03563238268589E-13,
1.));
#1252=DIRECTION('ref_axis',(-0.279274530678581,0.960211297847645,2.48895923617469E-12));
#1253=DIRECTION('center_axis',(-0.544333996996184,0.838868583101166,4.53774847524919E-12));
#1254=DIRECTION('ref_axis',(-0.593169663640751,-0.384902260506161,-0.707106781181997));
#1255=DIRECTION('center_axis',(-0.544333996996183,0.838868583101167,4.5378681039285E-12));
#1256=DIRECTION('ref_axis',(-7.86772222175307E-12,3.04218592574452E-13,
-1.));
#1257=DIRECTION('center_axis',(0.544333996996183,-0.838868583101167,-4.53881980808056E-12));
#1258=DIRECTION('ref_axis',(-0.838868583101167,-0.544333996996183,6.43535968171504E-12));
#1259=DIRECTION('',(0.544333996996184,-0.838868583101166,-4.53774847524919E-12));
#1260=DIRECTION('center_axis',(-0.544333996996184,0.838868583101166,4.53774847524919E-12));
#1261=DIRECTION('ref_axis',(-0.593169663640751,-0.384902260506161,-0.707106781181997));
#1262=DIRECTION('',(0.544333996996184,-0.838868583101166,-4.53774847524919E-12));
#1263=DIRECTION('center_axis',(-0.544333996996183,0.838868583101167,4.5378681039285E-12));
#1264=DIRECTION('ref_axis',(-7.86772222175307E-12,3.04218592574452E-13,
-1.));
#1265=DIRECTION('center_axis',(-7.86872129759076E-12,3.03719054655611E-13,
-1.));
#1266=DIRECTION('ref_axis',(-1.,6.72833781393152E-12,7.8687212975928E-12));
#1267=DIRECTION('center_axis',(7.8685124120793E-12,-3.03563238268589E-13,
1.));
#1268=DIRECTION('ref_axis',(-0.9372700474156,0.348604156913767,7.48070521913067E-12));
#1269=DIRECTION('center_axis',(-0.544333996996184,0.838868583101166,4.53774847524919E-12));
#1270=DIRECTION('ref_axis',(-0.593169663640751,-0.384902260506161,-0.707106781181997));
#1271=DIRECTION('center_axis',(0.544333996996182,-0.838868583101168,-4.54080143059178E-12));
#1272=DIRECTION('ref_axis',(-0.838868583101168,-0.544333996996182,6.43535968171506E-12));
#1273=DIRECTION('',(0.544333996996184,-0.838868583101166,-4.53774847524919E-12));
#1274=DIRECTION('center_axis',(-0.998973616229865,-0.0452958505453484,7.84668614357276E-12));
#1275=DIRECTION('ref_axis',(0.0320290030746655,-0.70638101826237,-0.707106781187014));
#1276=DIRECTION('center_axis',(-0.998973616229865,-0.0452958505453477,7.84586707945437E-12));
#1277=DIRECTION('ref_axis',(-7.86772222175308E-12,3.04218592574452E-13,
-1.));
#1278=DIRECTION('center_axis',(0.998973616229865,0.0452958505453476,-7.84455713830115E-12));
#1279=DIRECTION('ref_axis',(0.0452958505453476,-0.998973616229865,-6.60014475269288E-13));
#1280=DIRECTION('',(0.998973616229865,0.0452958505453484,-7.84668614357276E-12));
#1281=DIRECTION('center_axis',(-0.998973616229865,-0.0452958505453484,7.84668614357276E-12));
#1282=DIRECTION('ref_axis',(0.0320290030746655,-0.70638101826237,-0.707106781187014));
#1283=DIRECTION('',(0.998973616229865,0.0452958505453484,-7.84668614357276E-12));
#1284=DIRECTION('center_axis',(-0.998973616229865,-0.0452958505453476,7.84586707945438E-12));
#1285=DIRECTION('ref_axis',(-7.86772222175308E-12,3.04218592574452E-13,
-1.));
#1286=DIRECTION('center_axis',(-7.86872129759076E-12,3.03719054655611E-13,
-1.));
#1287=DIRECTION('ref_axis',(-1.,6.72833781393152E-12,7.8687212975928E-12));
#1288=DIRECTION('center_axis',(7.8685124120793E-12,-3.03563238268589E-13,
1.));
#1289=DIRECTION('ref_axis',(-0.457289532253105,-0.889317875504443,3.32817138428126E-12));
#1290=DIRECTION('center_axis',(-0.998973616229865,-0.0452958505453484,7.84668614357276E-12));
#1291=DIRECTION('ref_axis',(0.0320290030746655,-0.70638101826237,-0.707106781187014));
#1292=DIRECTION('center_axis',(0.998973616229865,0.0452958505453472,-7.84586707945437E-12));
#1293=DIRECTION('ref_axis',(0.0452958505453472,-0.998973616229865,-6.60014475269288E-13));
#1294=DIRECTION('',(0.998973616229865,0.0452958505453484,-7.84668614357276E-12));
#1295=DIRECTION('center_axis',(-6.71570574881121E-12,-1.,-3.03563238215747E-13));
#1296=DIRECTION('ref_axis',(0.707106781180984,-4.53472373106463E-12,-0.707106781192111));
#1297=DIRECTION('center_axis',(-6.71728639466357E-12,-1.,-3.04218592521597E-13));
#1298=DIRECTION('ref_axis',(-7.86859641311105E-12,3.04218592574452E-13,
-1.));
#1299=DIRECTION('center_axis',(6.71728639466357E-12,1.,3.04218592521597E-13));
#1300=DIRECTION('ref_axis',(1.,-6.71728639466118E-12,-7.86859641311105E-12));
#1301=DIRECTION('',(6.71570574881121E-12,1.,3.03563238215747E-13));
#1302=DIRECTION('center_axis',(-6.71570574881121E-12,-1.,-3.03563238215747E-13));
#1303=DIRECTION('ref_axis',(0.707106781180984,-4.53472373106463E-12,-0.707106781192111));
#1304=DIRECTION('',(6.71570574881121E-12,1.,3.03563238215747E-13));
#1305=DIRECTION('center_axis',(-6.71728639466357E-12,-1.,-3.04218592521597E-13));
#1306=DIRECTION('ref_axis',(-7.86859641311105E-12,3.04218592574452E-13,
-1.));
#1307=DIRECTION('center_axis',(-7.86872129759076E-12,3.03719054655611E-13,
-1.));
#1308=DIRECTION('ref_axis',(-1.,6.72833781393152E-12,7.86872129759281E-12));
#1309=DIRECTION('center_axis',(7.8685124120793E-12,-3.03563238268589E-13,
1.));
#1310=DIRECTION('ref_axis',(0.722943929547316,-0.690906704795,-5.89816909224089E-12));
#1311=DIRECTION('center_axis',(-6.71570574881121E-12,-1.,-3.03563238215747E-13));
#1312=DIRECTION('ref_axis',(0.707106781180984,-4.53472373106463E-12,-0.707106781192111));
#1313=DIRECTION('center_axis',(6.71728639466358E-12,1.,3.04218592521597E-13));
#1314=DIRECTION('ref_axis',(1.,-6.71728639466118E-12,-7.86859641311105E-12));
#1315=DIRECTION('',(6.71570574881121E-12,1.,3.03563238215747E-13));
#1316=DIRECTION('center_axis',(7.8685124120793E-12,-3.03563238268589E-13,
1.));
#1317=DIRECTION('ref_axis',(-1.,0.,7.86850925216465E-12));
#1318=DIRECTION('center_axis',(0.94064375639801,0.339395526708059,-7.29952911211162E-12));
#1319=DIRECTION('ref_axis',(-7.86990770014797E-12,3.04218592574451E-13,
-1.));
#1320=DIRECTION('center_axis',(-7.8685124120793E-12,3.03563238268589E-13,
-1.));
#1321=DIRECTION('ref_axis',(0.186958947810616,-0.982367727398222,-1.76929617193424E-12));
#1322=DIRECTION('center_axis',(7.8685124120793E-12,-3.03563238268589E-13,
1.));
#1323=DIRECTION('ref_axis',(-1.,0.,7.86850925216465E-12));
#1324=DIRECTION('center_axis',(-7.8685124120793E-12,3.03563238268589E-13,
-1.));
#1325=DIRECTION('ref_axis',(0.351779844331569,-0.93608276403428,-3.05214261185464E-12));
#1326=DIRECTION('center_axis',(0.93608276403428,0.351779844331568,-7.2590512864532E-12));
#1327=DIRECTION('ref_axis',(-7.86772222175304E-12,3.00721827142561E-13,
-1.));
#1328=DIRECTION('center_axis',(-7.86872129759076E-12,3.03719054655611E-13,
-1.));
#1329=DIRECTION('ref_axis',(-1.,6.72833781393152E-12,7.86872129759281E-12));
#1330=DIRECTION('center_axis',(7.8685124120793E-12,-3.03563238268589E-13,
1.));
#1331=DIRECTION('ref_axis',(0.569306664142763,0.822125247248033,-4.23008709674952E-12));
#1332=DIRECTION('center_axis',(7.86872129759076E-12,-3.03719054655611E-13,
1.));
#1333=DIRECTION('ref_axis',(-1.,6.72833781393152E-12,7.8687212975928E-12));
#1334=DIRECTION('',(7.86872129759076E-12,-3.03719054655611E-13,1.));
#1335=DIRECTION('center_axis',(-7.8685124120793E-12,3.03563238268589E-13,
-1.));
#1336=DIRECTION('ref_axis',(-1.,6.72833781393152E-12,7.86851241208134E-12));
#1337=DIRECTION('center_axis',(7.86872129759076E-12,-3.03719054655611E-13,
1.));
#1338=DIRECTION('ref_axis',(-1.,6.72833781393152E-12,7.8687212975928E-12));
#1339=DIRECTION('',(7.86872129759076E-12,-3.03719054655611E-13,1.));
#1340=DIRECTION('center_axis',(-7.8685124120793E-12,3.03563238268589E-13,
-1.));
#1341=DIRECTION('ref_axis',(-1.,6.72833781393152E-12,7.86851241208134E-12));
#1342=DIRECTION('center_axis',(7.86872129759076E-12,-3.03719054655611E-13,
1.));
#1343=DIRECTION('ref_axis',(-1.,6.72833781393152E-12,7.86872129759281E-12));
#1344=DIRECTION('',(7.86872129759076E-12,-3.03719054655611E-13,1.));
#1345=DIRECTION('center_axis',(-7.8685124120793E-12,3.03563238268589E-13,
-1.));
#1346=DIRECTION('ref_axis',(-1.,6.72833781393152E-12,7.86872129759281E-12));
#1347=DIRECTION('center_axis',(7.86872129759076E-12,-3.03719054655611E-13,
1.));
#1348=DIRECTION('ref_axis',(-1.,6.72833781393152E-12,7.86872129759281E-12));
#1349=DIRECTION('',(7.86872129759076E-12,-3.03719054655611E-13,1.));
#1350=DIRECTION('center_axis',(-7.8685124120793E-12,3.03563238268589E-13,
-1.));
#1351=DIRECTION('ref_axis',(-1.,6.72833781393152E-12,7.86872129759281E-12));
#1352=DIRECTION('center_axis',(7.86872129759076E-12,-3.03719054655611E-13,
1.));
#1353=DIRECTION('ref_axis',(1.,-6.97311139416384E-12,-7.86872129759288E-12));
#1354=DIRECTION('center_axis',(-7.8685124120793E-12,3.03563238268589E-13,
-1.));
#1355=DIRECTION('ref_axis',(1.,-6.97311139416384E-12,-7.86851241208142E-12));
#1356=DIRECTION('',(-7.86872129759076E-12,3.03719054655611E-13,-1.));
#1357=DIRECTION('center_axis',(1.,-6.97646664847289E-12,-7.86870131607401E-12));
#1358=DIRECTION('ref_axis',(7.86870131607189E-12,-3.03563238268589E-13,
1.));
#1359=DIRECTION('',(-1.,6.97646664847289E-12,7.86870131607401E-12));
#1360=DIRECTION('center_axis',(1.,-6.97646664847289E-12,-7.86870131607401E-12));
#1361=DIRECTION('ref_axis',(7.86870131607189E-12,-3.03563238268589E-13,
1.));
#1362=DIRECTION('',(-1.,6.97646664847289E-12,7.86870131607401E-12));
#1363=DIRECTION('center_axis',(7.8685124120793E-12,-3.03563238268589E-13,
1.));
#1364=DIRECTION('ref_axis',(1.,0.,-7.8685124120793E-12));
#1365=DIRECTION('',(-1.,6.74743277874745E-12,7.86851241208135E-12));
#1366=DIRECTION('center_axis',(7.8685124120793E-12,-3.03563238268589E-13,
1.));
#1367=DIRECTION('ref_axis',(1.,9.26291665519645E-11,-7.86851241205118E-12));
#1368=DIRECTION('center_axis',(6.72863464369202E-12,1.,3.00721827089623E-13));
#1369=DIRECTION('ref_axis',(7.86772222175308E-12,-3.00721827142562E-13,
1.));
#1370=DIRECTION('center_axis',(-0.0452958505453484,0.998973616229865,6.59827746225903E-13));
#1371=DIRECTION('ref_axis',(0.998973616229865,0.0452958505453484,-7.84602546841876E-12));
#1372=DIRECTION('',(-6.72863464369202E-12,-1.,-3.00721827089623E-13));
#1373=DIRECTION('',(6.72863464369202E-12,1.,3.00721827089623E-13));
#1374=DIRECTION('center_axis',(-7.8685124120793E-12,3.03563238268589E-13,
-1.));
#1375=DIRECTION('ref_axis',(-1.,0.,7.8685124120793E-12));
#1376=DIRECTION('',(0.998973616229865,0.0452958505453484,-7.84668614357276E-12));
#1377=DIRECTION('center_axis',(7.8685124120793E-12,-3.03563238268589E-13,
1.));
#1378=DIRECTION('ref_axis',(0.0452958505453485,-0.998973616229865,-6.59827746225904E-13));
#1379=DIRECTION('',(6.71570574881121E-12,1.,3.03563238215747E-13));
#1380=DIRECTION('center_axis',(7.8685124120793E-12,-3.03563238268589E-13,
1.));
#1381=DIRECTION('ref_axis',(1.,-6.72034520723006E-12,-7.8687212975928E-12));
#1382=DIRECTION('center_axis',(-7.8685124120793E-12,3.03563238268589E-13,
-1.));
#1383=DIRECTION('ref_axis',(-0.0166586162387088,0.99986123562473,4.34758917656653E-13));
#1384=DIRECTION('center_axis',(6.72833781393391E-12,1.,3.03563238215647E-13));
#1385=DIRECTION('ref_axis',(0.70710678119211,-4.96495379060949E-12,0.707106781180985));
#1386=DIRECTION('',(6.72833781393391E-12,1.,3.03563238215647E-13));
#1387=DIRECTION('center_axis',(0.0452958505453484,-0.998973616229865,-6.59827746225903E-13));
#1388=DIRECTION('ref_axis',(0.998973616229865,0.0452958505453484,-7.84534672843163E-12));
#1389=DIRECTION('center_axis',(-0.0452958505453484,0.998973616229865,6.59827746225903E-13));
#1390=DIRECTION('ref_axis',(0.998973616229865,0.0452958505453484,-7.84668614357276E-12));
#1391=DIRECTION('',(-7.86872129759076E-12,3.03719054655611E-13,-1.));
#1392=DIRECTION('',(0.998973616229865,0.0452958505453484,-7.84668614357276E-12));
#1393=DIRECTION('',(-7.86872129759076E-12,3.03719054655611E-13,-1.));
#1394=DIRECTION('center_axis',(7.86872129759076E-12,-3.03719054655611E-13,
1.));
#1395=DIRECTION('ref_axis',(0.0452958505453485,-0.998973616229865,-6.59827746225904E-13));
#1396=DIRECTION('',(-7.86872129759076E-12,3.03719054655611E-13,-1.));
#1397=DIRECTION('center_axis',(-1.,6.71570574880882E-12,7.8687212975928E-12));
#1398=DIRECTION('ref_axis',(6.71570574881121E-12,1.,3.03563238215747E-13));
#1399=DIRECTION('',(-7.86872129759076E-12,3.03719054655611E-13,-1.));
#1400=DIRECTION('center_axis',(7.86872129759076E-12,-3.03719054655611E-13,
1.));
#1401=DIRECTION('ref_axis',(-0.838868583101166,-0.544333996996185,6.43549847874334E-12));
#1402=DIRECTION('center_axis',(7.8685124120793E-12,-3.03563238268589E-13,
1.));
#1403=DIRECTION('ref_axis',(-0.838868583101166,-0.544333996996185,6.43540806740705E-12));
#1404=DIRECTION('',(-7.86872129759076E-12,3.03719054655611E-13,-1.));
#1405=DIRECTION('center_axis',(0.838868583101166,0.544333996996184,-6.43549847874334E-12));
#1406=DIRECTION('ref_axis',(0.544333996996184,-0.838868583101166,-4.53774847524919E-12));
#1407=DIRECTION('',(0.544333996996184,-0.838868583101166,-4.53774847524919E-12));
#1408=DIRECTION('',(-7.86872129759076E-12,3.03719054655611E-13,-1.));
#1409=DIRECTION('center_axis',(7.86872129759076E-12,-3.03719054655611E-13,
1.));
#1410=DIRECTION('ref_axis',(-0.27927453067858,0.960211297847645,2.48916791507713E-12));
#1411=DIRECTION('center_axis',(7.8685124120793E-12,-3.03563238268589E-13,
1.));
#1412=DIRECTION('ref_axis',(-0.27927453067858,0.960211297847645,2.48895996201875E-12));
#1413=DIRECTION('',(-7.86872129759076E-12,3.03719054655611E-13,-1.));
#1414=DIRECTION('center_axis',(7.86872129759076E-12,-3.03719054655611E-13,
1.));
#1415=DIRECTION('ref_axis',(6.75006332964309E-12,1.,3.03719054602496E-13));
#1416=DIRECTION('',(-7.86872129759076E-12,3.03719054655611E-13,-1.));
#1417=DIRECTION('center_axis',(7.8685124120793E-12,-3.03563238268589E-13,
1.));
#1418=DIRECTION('ref_axis',(6.75006332964309E-12,1.,3.03563238215476E-13));
#1419=DIRECTION('center_axis',(-6.74743277874984E-12,-1.,-3.03719054602517E-13));
#1420=DIRECTION('ref_axis',(-1.,6.74743277874745E-12,7.86851241208135E-12));
#1421=DIRECTION('',(-1.,6.74743277874745E-12,7.86851241208135E-12));
#1422=DIRECTION('',(-7.86872129759076E-12,3.03719054655611E-13,-1.));
#1423=DIRECTION('center_axis',(7.86872129759076E-12,-3.03719054655611E-13,
1.));
#1424=DIRECTION('ref_axis',(1.,9.26291665519645E-11,-7.86872129756263E-12));
#1425=DIRECTION('center_axis',(7.8685124120793E-12,-3.03563238268589E-13,
1.));
#1426=DIRECTION('ref_axis',(1.,9.26291665519645E-11,-7.86851241205118E-12));
#1427=DIRECTION('center_axis',(7.86872129759076E-12,-3.03719054655611E-13,
1.));
#1428=DIRECTION('ref_axis',(-0.0166586162387088,0.99986123562473,4.34758917656653E-13));
#1429=DIRECTION('center_axis',(-7.8685124120793E-12,3.03563238268589E-13,
-1.));
#1430=DIRECTION('ref_axis',(-0.0166586162387088,0.99986123562473,4.34599643147822E-13));
#1431=DIRECTION('',(-7.86872129759076E-12,3.03719054655611E-13,-1.));
#1432=DIRECTION('center_axis',(7.86872129759076E-12,-3.03719054655611E-13,
1.));
#1433=DIRECTION('ref_axis',(1.,-6.72034520723006E-12,-7.8687212975928E-12));
#1434=DIRECTION('center_axis',(7.8685124120793E-12,-3.03563238268589E-13,
1.));
#1435=DIRECTION('ref_axis',(1.,0.,-7.8685124120793E-12));
#1436=CARTESIAN_POINT('',(0.,0.,0.));
#1437=CARTESIAN_POINT('Origin',(-1.64437500236938,2.86919074261168,-1.49999999998619));
#1438=CARTESIAN_POINT('',(-1.35375000237005,2.76919074260973,-1.49999999998851));
#1439=CARTESIAN_POINT('',(-1.35375000237016,2.86919074260976,-1.59999999998848));
#1440=CARTESIAN_POINT('Origin',(-1.35375000236938,2.86919074260973,-1.49999999998848));
#1441=CARTESIAN_POINT('',(-1.64125000237001,2.76919074261166,-1.49999999998625));
#1442=CARTESIAN_POINT('',(-1.64437500237005,2.76919074261168,-1.49999999998622));
#1443=CARTESIAN_POINT('',(-1.64125000237012,2.86919074261169,-1.59999999998621));
#1444=CARTESIAN_POINT('Origin',(-1.64125000236933,2.86919074261166,-1.49999999998621));
#1445=CARTESIAN_POINT('',(-1.64437500237016,2.86919074261171,-1.59999999998619));
#1446=CARTESIAN_POINT('Origin',(-1.6412500023679,3.0820033718841,-1.49999999998615));
#1447=CARTESIAN_POINT('',(-1.64125000236799,3.18627424830828,-1.59999999998612));
#1448=CARTESIAN_POINT('',(-1.7412500023672,3.18627424830892,-1.49999999998533));
#1449=CARTESIAN_POINT('Origin',(-1.6412500023672,3.18627424830824,-1.49999999998612));
#1450=CARTESIAN_POINT('',(-1.64125000236869,3.08200337188413,-1.59999999998615));
#1451=CARTESIAN_POINT('',(-1.74125000236933,2.86919074261234,-1.49999999998543));
#1452=CARTESIAN_POINT('Origin',(-1.64125000236933,2.86919074261166,-1.49999999998621));
#1453=CARTESIAN_POINT('',(-1.7412500023679,3.08200337188477,-1.49999999998536));
#1454=CARTESIAN_POINT('Origin',(-1.64125000236933,2.86919074261166,-1.49999999998621));
#1455=CARTESIAN_POINT('Origin',(-1.64125000236933,2.86919074261166,-1.49999999998621));
#1456=CARTESIAN_POINT('Origin',(-1.35375000235825,2.76919074260927,1.1492798025196E-11));
#1457=CARTESIAN_POINT('',(-1.35375000236816,3.16502424830845,-1.59999999998839));
#1458=CARTESIAN_POINT('',(-1.35375000237084,2.76919074260976,-1.59999999998851));
#1459=CARTESIAN_POINT('',(-1.35375000235557,3.16502424830796,1.161295852598E-11));
#1460=CARTESIAN_POINT('',(-1.35375000235557,3.16502424830796,1.161295852598E-11));
#1461=CARTESIAN_POINT('',(-1.35375000235825,2.76919074260927,1.1492798025196E-11));
#1462=CARTESIAN_POINT('',(-1.35375000235825,2.76919074260927,1.1492798025196E-11));
#1463=CARTESIAN_POINT('',(-1.35375000236022,2.76919074260935,-0.249999999988507));
#1464=CARTESIAN_POINT('',(-1.35375000235825,2.76919074260927,1.1492798025196E-11));
#1465=CARTESIAN_POINT('',(-1.35375000234053,2.65003245732008,-0.347817863769768));
#1466=CARTESIAN_POINT('Ctrl Pts',(-1.35375000236022,2.76919074260935,-0.249999999988507));
#1467=CARTESIAN_POINT('Ctrl Pts',(-1.35375000236039,2.75954310314426,-0.263643822564938));
#1468=CARTESIAN_POINT('Ctrl Pts',(-1.35375000236058,2.74893724326554,-0.27868939370479));
#1469=CARTESIAN_POINT('Ctrl Pts',(-1.35375000236097,2.72512350638537,-0.306179383276166));
#1470=CARTESIAN_POINT('Ctrl Pts',(-1.35375000236116,2.71179402511646,-0.318518223799252));
#1471=CARTESIAN_POINT('Ctrl Pts',(-1.35375000236145,2.68770005405357,-0.334478310956966));
#1472=CARTESIAN_POINT('Ctrl Pts',(-1.35375000236159,2.6745677213688,-0.3409229742057));
#1473=CARTESIAN_POINT('Ctrl Pts',(-1.35375000236174,2.65890812881764,-0.345802890490999));
#1474=CARTESIAN_POINT('Ctrl Pts',(-1.35375000236178,2.65453205344949,-0.346936587665592));
#1475=CARTESIAN_POINT('Ctrl Pts',(-1.35375000236182,2.65003245732074,-0.347817863773138));
#1476=CARTESIAN_POINT('',(-1.35375000236176,2.76919074260941,-0.446318668643569));
#1477=CARTESIAN_POINT('Ctrl Pts',(-1.35374999176247,2.65003244134444,-0.347817862070888));
#1478=CARTESIAN_POINT('Ctrl Pts',(-1.3537500095573,2.65777543062112,-0.346301422445222));
#1479=CARTESIAN_POINT('Ctrl Pts',(-1.35374577758074,2.66564704985263,-0.345759996329871));
#1480=CARTESIAN_POINT('Ctrl Pts',(-1.35374329920991,2.67348840095748,-0.346130853340742));
#1481=CARTESIAN_POINT('Ctrl Pts',(-1.353741684421,2.67859745348351,-0.346372486182182));
#1482=CARTESIAN_POINT('Ctrl Pts',(-1.35374066059545,2.68369408170134,-0.34700256191234));
#1483=CARTESIAN_POINT('Ctrl Pts',(-1.35374032277497,2.68873383844851,-0.34801540497766));
#1484=CARTESIAN_POINT('Ctrl Pts',(-1.35373979642442,2.69658617103724,-0.34959349316883));
#1485=CARTESIAN_POINT('Ctrl Pts',(-1.35374141302197,2.70420736871571,-0.352079531123708));
#1486=CARTESIAN_POINT('Ctrl Pts',(-1.3537438050554,2.7114342551934,-0.35542922625645));
#1487=CARTESIAN_POINT('Ctrl Pts',(-1.3537450872024,2.71530791796299,-0.357224686772565));
#1488=CARTESIAN_POINT('Ctrl Pts',(-1.35374648390932,2.71906820843439,-0.359269168538501));
#1489=CARTESIAN_POINT('Ctrl Pts',(-1.35374713133456,2.72268750746156,-0.361561494826293));
#1490=CARTESIAN_POINT('Ctrl Pts',(-1.3537472366282,2.72327613007045,-0.361934305989398));
#1491=CARTESIAN_POINT('Ctrl Pts',(-1.35374732125205,2.72386101716876,-0.362313680421548));
#1492=CARTESIAN_POINT('Ctrl Pts',(-1.35374738756214,2.72444208395262,-0.362699537299621));
#1493=CARTESIAN_POINT('Ctrl Pts',(-1.35374814424093,2.73107276359431,-0.367102634184662));
#1494=CARTESIAN_POINT('Ctrl Pts',(-1.35374720518903,2.7371309999995,-0.372294594997737));
#1495=CARTESIAN_POINT('Ctrl Pts',(-1.35374677191894,2.74251414894473,-0.378125402313432));
#1496=CARTESIAN_POINT('Ctrl Pts',(-1.35374649814106,2.74591569246175,-0.381809815474851));
#1497=CARTESIAN_POINT('Ctrl Pts',(-1.3537463441352,2.74904725588971,-0.385750400723144));
#1498=CARTESIAN_POINT('Ctrl Pts',(-1.35374648934969,2.75187531544609,-0.389916767554864));
#1499=CARTESIAN_POINT('Ctrl Pts',(-1.35374658216643,2.75368292609412,-0.392579783979547));
#1500=CARTESIAN_POINT('Ctrl Pts',(-1.35374679854484,2.75535896549256,-0.395324186999873));
#1501=CARTESIAN_POINT('Ctrl Pts',(-1.35374698657081,2.7568963174501,-0.398140832775057));
#1502=CARTESIAN_POINT('Ctrl Pts',(-1.35374738485956,2.76015283568541,-0.404107233822192));
#1503=CARTESIAN_POINT('Ctrl Pts',(-1.35374760943712,2.76278884583132,-0.410397178350521));
#1504=CARTESIAN_POINT('Ctrl Pts',(-1.35374832119369,2.76477863043331,-0.416911800399862));
#1505=CARTESIAN_POINT('Ctrl Pts',(-1.35374915145097,2.76709969529629,-0.424511045222213));
#1506=CARTESIAN_POINT('Ctrl Pts',(-1.35375052700505,2.7685224511069,-0.432350057551283));
#1507=CARTESIAN_POINT('Ctrl Pts',(-1.35375150158125,2.76900601751215,-0.440271234097663));
#1508=CARTESIAN_POINT('Ctrl Pts',(-1.35375174882257,2.76912869401002,-0.4422807661643));
#1509=CARTESIAN_POINT('Ctrl Pts',(-1.3537519762838,2.7691906712171,-0.444295643314792));
#1510=CARTESIAN_POINT('Ctrl Pts',(-1.35375218364071,2.76919074260941,-0.446313345008452));
#1511=CARTESIAN_POINT('',(-1.35375000235825,2.76919074260927,1.1492798025196E-11));
#1512=CARTESIAN_POINT('',(-1.35375000236652,2.96277425535446,-1.22278487626967));
#1513=CARTESIAN_POINT('Origin',(-1.35375000236585,2.96277425535443,-1.13678487626967));
#1514=CARTESIAN_POINT('',(-1.35375000236259,2.9627742553542,-0.722784876269674));
#1515=CARTESIAN_POINT('Origin',(-1.35375000236191,2.96277425535418,-0.636784876269674));
#1516=CARTESIAN_POINT('Origin',(-1.74125000236096,2.76919074261199,-0.349999999985458));
#1517=CARTESIAN_POINT('',(-1.41555340123679,2.76919074260983,-0.449999999988021));
#1518=CARTESIAN_POINT('Ctrl Pts',(-1.35375047183874,2.76919074260941,-0.446313198102771));
#1519=CARTESIAN_POINT('Ctrl Pts',(-1.37432978668066,2.76919074260955,-0.448079296624332));
#1520=CARTESIAN_POINT('Ctrl Pts',(-1.39490754398952,2.76919074260969,-0.449999999988183));
#1521=CARTESIAN_POINT('Ctrl Pts',(-1.41555340123679,2.76919074260983,-0.449999999988021));
#1522=CARTESIAN_POINT('',(-1.64125000236174,2.76919074261134,-0.449999999986245));
#1523=CARTESIAN_POINT('',(-1.56941753024244,2.76919074261086,-0.44999999998681));
#1524=CARTESIAN_POINT('',(-1.64125000236096,2.76919074261131,-0.349999999986245));
#1525=CARTESIAN_POINT('Origin',(-1.64125000236029,2.86919074261131,-0.349999999986215));
#1526=CARTESIAN_POINT('',(-1.74125000236107,2.86919074261202,-0.449999999985428));
#1527=CARTESIAN_POINT('Origin',(-1.64125000236107,2.86919074261134,-0.449999999986215));
#1528=CARTESIAN_POINT('',(-1.74125000236028,2.86919074261199,-0.349999999985428));
#1529=CARTESIAN_POINT('Origin',(-1.74125000235815,3.18627424830857,-0.349999999985331));
#1530=CARTESIAN_POINT('',(-1.74125000235964,3.08260540911019,-0.449999999985363));
#1531=CARTESIAN_POINT('',(-1.74125000236173,2.77137002246367,-0.449999999985457));
#1532=CARTESIAN_POINT('',(-1.74125000235871,3.18627424812548,-0.421191169375583));
#1533=CARTESIAN_POINT('Ctrl Pts',(-1.74125000235964,3.08260540911019,-0.449999999985363));
#1534=CARTESIAN_POINT('Ctrl Pts',(-1.74125000235943,3.11255978678356,-0.449999999985334));
#1535=CARTESIAN_POINT('Ctrl Pts',(-1.74125000235913,3.14881137360302,-0.441726725497242));
#1536=CARTESIAN_POINT('Ctrl Pts',(-1.74125000235877,3.18079807518263,-0.424435835707027));
#1537=CARTESIAN_POINT('Ctrl Pts',(-1.74125000235871,3.18624756796226,-0.421146961735367));
#1538=CARTESIAN_POINT('',(-1.7412500023554,3.18627424830846,1.46684578044727E-11));
#1539=CARTESIAN_POINT('',(-1.74125000236658,2.96277425535716,-1.22278487626662));
#1540=CARTESIAN_POINT('Origin',(-1.7412500023659,2.96277425535713,-1.13678487626662));
#1541=CARTESIAN_POINT('',(-1.74125000236264,2.96277425535691,-0.722784876266625));
#1542=CARTESIAN_POINT('Origin',(-1.74125000236197,2.96277425535688,-0.636784876266625));
#1543=CARTESIAN_POINT('Ctrl Pts',(-1.74125000235671,3.28307540270277,-0.249999999985302));
#1544=CARTESIAN_POINT('Ctrl Pts',(-1.74125000235707,3.28307540270279,-0.294931615459739));
#1545=CARTESIAN_POINT('Ctrl Pts',(-1.74125000235783,3.25669951336132,-0.369528947012904));
#1546=CARTESIAN_POINT('Ctrl Pts',(-1.74125000235892,3.17235928889471,-0.436352660968678));
#1547=CARTESIAN_POINT('Ctrl Pts',(-1.74125000235943,3.11255978678356,-0.449999999985334));
#1548=CARTESIAN_POINT('Ctrl Pts',(-1.74125000235964,3.08260540911019,-0.449999999985363));
#1549=CARTESIAN_POINT('Ctrl Pts',(-1.74125000235691,3.25437366512198,-0.249999999985311));
#1550=CARTESIAN_POINT('Ctrl Pts',(-1.74125000235721,3.25437366512199,-0.288445927075942));
#1551=CARTESIAN_POINT('Ctrl Pts',(-1.74127176606491,3.23157808115952,-0.352341102085284));
#1552=CARTESIAN_POINT('Ctrl Pts',(-1.74125578057879,3.15917896399328,-0.409025771846854));
#1553=CARTESIAN_POINT('Ctrl Pts',(-1.74125867411754,3.10808281666296,-0.420293191154178));
#1554=CARTESIAN_POINT('Ctrl Pts',(-1.7412500023594,3.08260540911016,-0.420080069951175));
#1555=CARTESIAN_POINT('Ctrl Pts',(-1.76427629643425,3.20461227247287,-0.249999999985145));
#1556=CARTESIAN_POINT('Ctrl Pts',(-1.76427629643446,3.20461227247288,-0.277274247041828));
#1557=CARTESIAN_POINT('Ctrl Pts',(-1.76450383553908,3.18818187793196,-0.322501010486827));
#1558=CARTESIAN_POINT('Ctrl Pts',(-1.7653417102994,3.13639135344728,-0.361763857046524));
#1559=CARTESIAN_POINT('Ctrl Pts',(-1.7660236841336,3.10039319173834,-0.368846714172427));
#1560=CARTESIAN_POINT('Ctrl Pts',(-1.76639654858412,3.08260540911028,-0.368294383497527));
#1561=CARTESIAN_POINT('Ctrl Pts',(-1.81337655681238,3.18465562439479,-0.249999999984764));
#1562=CARTESIAN_POINT('Ctrl Pts',(-1.81337655681256,3.1846556243948,-0.272760988571707));
#1563=CARTESIAN_POINT('Ctrl Pts',(-1.81397034077741,3.17103178397238,-0.310578818980522));
#1564=CARTESIAN_POINT('Ctrl Pts',(-1.81613325194356,3.12792725361097,-0.343843333922952));
#1565=CARTESIAN_POINT('Ctrl Pts',(-1.81786925752037,3.09765163053028,-0.350247759267445));
#1566=CARTESIAN_POINT('Ctrl Pts',(-1.8188100548332,3.08260540911061,-0.349999999984754));
#1567=CARTESIAN_POINT('Ctrl Pts',(-1.83485885096387,3.18327984576891,-0.249999999984596));
#1568=CARTESIAN_POINT('Ctrl Pts',(-1.83485885096404,3.18327984576892,-0.272465807721819));
#1569=CARTESIAN_POINT('Ctrl Pts',(-1.83557163754567,3.17004696364378,-0.309764473498394));
#1570=CARTESIAN_POINT('Ctrl Pts',(-1.8381195695547,3.12770689296873,-0.343176330476258));
#1571=CARTESIAN_POINT('Ctrl Pts',(-1.84015545227056,3.09766302076498,-0.34999999998457));
#1572=CARTESIAN_POINT('Ctrl Pts',(-1.84125000235884,3.08260540911076,-0.349999999984576));
#1573=CARTESIAN_POINT('',(-1.83485885096387,3.18327984576891,-0.249999999984596));
#1574=CARTESIAN_POINT('Ctrl Pts',(-1.74125000235871,3.18627424830859,-0.42119116915488));
#1575=CARTESIAN_POINT('Ctrl Pts',(-1.74125000235857,3.18627424830859,-0.402838886898235));
#1576=CARTESIAN_POINT('Ctrl Pts',(-1.74493438327147,3.186283255523,-0.384740441127207));
#1577=CARTESIAN_POINT('Ctrl Pts',(-1.75989256171142,3.18618106875445,-0.343757833144708));
#1578=CARTESIAN_POINT('Ctrl Pts',(-1.7728985086177,3.18598860788683,-0.323053707871444));
#1579=CARTESIAN_POINT('Ctrl Pts',(-1.80054500719772,3.18514850111507,-0.286144567496179));
#1580=CARTESIAN_POINT('Ctrl Pts',(-1.81714651725998,3.18441101115576,-0.268350535863587));
#1581=CARTESIAN_POINT('Ctrl Pts',(-1.83468353907177,3.18329106525299,-0.250181583790022));
#1582=CARTESIAN_POINT('Ctrl Pts',(-1.83477119047452,3.18328545976092,-0.250090789193795));
#1583=CARTESIAN_POINT('Ctrl Pts',(-1.83485885096387,3.18327984576891,-0.249999999984699));
#1584=CARTESIAN_POINT('',(-1.84125000235883,3.08260540911076,-0.349999999984576));
#1585=CARTESIAN_POINT('Origin',(-1.84125000235964,3.08260540911086,-0.449999999984576));
#1586=CARTESIAN_POINT('Ctrl Pts',(-1.83485885096387,3.18327984576891,-0.249999999984596));
#1587=CARTESIAN_POINT('Ctrl Pts',(-1.83485885096404,3.18327984576892,-0.272465807721819));
#1588=CARTESIAN_POINT('Ctrl Pts',(-1.83528652291302,3.17534011649384,-0.294845007187764));
#1589=CARTESIAN_POINT('Ctrl Pts',(-1.83611277420922,3.16127677803879,-0.312388307339879));
#1590=CARTESIAN_POINT('Ctrl Pts',(-1.83666360840668,3.15190121906876,-0.324083840774621));
#1591=CARTESIAN_POINT('Ctrl Pts',(-1.83739158898069,3.13980405601874,-0.333630085625439));
#1592=CARTESIAN_POINT('Ctrl Pts',(-1.83826454994666,3.1262445064428,-0.340109125427927));
#1593=CARTESIAN_POINT('Ctrl Pts',(-1.83913751091263,3.11268495686686,-0.346588165230414));
#1594=CARTESIAN_POINT('Ctrl Pts',(-1.84015545227056,3.09766302076498,-0.34999999998457));
#1595=CARTESIAN_POINT('Ctrl Pts',(-1.84125000235884,3.08260540911076,-0.349999999984576));
#1596=CARTESIAN_POINT('Origin',(-1.84125000236173,2.77137002246435,-0.44999999998467));
#1597=CARTESIAN_POINT('',(-1.84125000236028,2.86919074261266,-0.349999999984641));
#1598=CARTESIAN_POINT('Origin',(-1.84125000236107,2.86919074261269,-0.449999999984641));
#1599=CARTESIAN_POINT('',(-1.84125000236094,2.77137002246432,-0.349999999984671));
#1600=CARTESIAN_POINT('Origin',(-1.64125000236107,2.86919074261134,-0.449999999986215));
#1601=CARTESIAN_POINT('',(-1.64125000236163,2.66919074261131,-0.349999999986275));
#1602=CARTESIAN_POINT('Origin',(-1.64125000236242,2.66919074261134,-0.449999999986275));
#1603=CARTESIAN_POINT('Origin',(-1.64125000236029,2.86919074261131,-0.349999999986215));
#1604=CARTESIAN_POINT('Origin',(-1.56941753024312,2.66919074261086,-0.44999999998684));
#1605=CARTESIAN_POINT('',(-1.41555340123668,2.66919074260979,-0.349999999988051));
#1606=CARTESIAN_POINT('Origin',(-1.41555340123746,2.66919074260983,-0.449999999988051));
#1607=CARTESIAN_POINT('',(-1.56941753024233,2.66919074261083,-0.349999999986841));
#1608=CARTESIAN_POINT('Ctrl Pts',(-1.41555340123679,2.76919074260983,-0.449999999988021));
#1609=CARTESIAN_POINT('Ctrl Pts',(-1.39215606770867,2.76919074260967,-0.449999999988205));
#1610=CARTESIAN_POINT('Ctrl Pts',(-1.36884619501384,2.76919074260951,-0.447533238334557));
#1611=CARTESIAN_POINT('Ctrl Pts',(-1.34552239947413,2.76919074260935,-0.445620243547717));
#1612=CARTESIAN_POINT('Ctrl Pts',(-1.41555340123667,2.76919074260982,-0.435040034970927));
#1613=CARTESIAN_POINT('Ctrl Pts',(-1.39312869896639,2.7691926019204,-0.434485607309534));
#1614=CARTESIAN_POINT('Ctrl Pts',(-1.37051464274443,2.76918834925254,-0.431373266086521));
#1615=CARTESIAN_POINT('Ctrl Pts',(-1.346895742163,2.76919074260936,-0.42887604523552));
#1616=CARTESIAN_POINT('Ctrl Pts',(-1.41555340123648,2.76235158580734,-0.405169734736608));
#1617=CARTESIAN_POINT('Ctrl Pts',(-1.39507151611725,2.76183784718436,-0.403512560593614));
#1618=CARTESIAN_POINT('Ctrl Pts',(-1.37384422595062,2.76111921822721,-0.399127057304926));
#1619=CARTESIAN_POINT('Ctrl Pts',(-1.34963566537547,2.76053416368629,-0.395470094921133));
#1620=CARTESIAN_POINT('Ctrl Pts',(-1.41555340123638,2.72888835366394,-0.363125791210761));
#1621=CARTESIAN_POINT('Ctrl Pts',(-1.39780255017977,2.72602830422997,-0.360664328469663));
#1622=CARTESIAN_POINT('Ctrl Pts',(-1.37831663713038,2.72206187224539,-0.355602821869943));
#1623=CARTESIAN_POINT('Ctrl Pts',(-1.35325424050226,2.71890067068209,-0.351351361834961));
#1624=CARTESIAN_POINT('Ctrl Pts',(-1.41555340123653,2.69163069013544,-0.349999999988044));
#1625=CARTESIAN_POINT('Ctrl Pts',(-1.39866310605946,2.68664662770616,-0.348676205841804));
#1626=CARTESIAN_POINT('Ctrl Pts',(-1.37931379532929,2.67992880104813,-0.345580358094804));
#1627=CARTESIAN_POINT('Ctrl Pts',(-1.35394031035481,2.67471752058727,-0.342986596248568));
#1628=CARTESIAN_POINT('Ctrl Pts',(-1.41555340123668,2.6691907426098,-0.349999999988051));
#1629=CARTESIAN_POINT('Ctrl Pts',(-1.39865532702196,2.66337762835845,-0.349999999988186));
#1630=CARTESIAN_POINT('Ctrl Pts',(-1.37894968597594,2.65572680089964,-0.348766619161428));
#1631=CARTESIAN_POINT('Ctrl Pts',(-1.35354468953257,2.64998597914601,-0.347810121768118));
#1632=CARTESIAN_POINT('Ctrl Pts',(-1.41555340123668,2.6691907426098,-0.349999999988051));
#1633=CARTESIAN_POINT('Ctrl Pts',(-1.39870087568836,2.66339329757604,-0.349999999988185));
#1634=CARTESIAN_POINT('Ctrl Pts',(-1.37905589847183,2.65576803307432,-0.348773259342577));
#1635=CARTESIAN_POINT('Ctrl Pts',(-1.35375000244582,2.65003244376583,-0.347817862474227));
#1636=CARTESIAN_POINT('Origin',(-1.30375000236022,2.769190742609,-0.249999999988901));
#1637=CARTESIAN_POINT('',(-1.30291707154828,2.71919768082776,-0.249999999988922));
#1638=CARTESIAN_POINT('Origin',(-1.30375000236022,2.769190742609,-0.249999999988901));
#1639=CARTESIAN_POINT('',(-1.3012512099252,2.61921155726532,-0.349999999988966));
#1640=CARTESIAN_POINT('Origin',(-1.30125120992441,2.61921155726529,-0.249999999988965));
#1641=CARTESIAN_POINT('Origin',(-1.303750002361,2.76919074260903,-0.349999999988901));
#1642=CARTESIAN_POINT('Origin',(-1.39758505812513,2.3564657966164,-0.349999999988288));
#1643=CARTESIAN_POINT('',(-0.284162045687467,2.80583246891555,-0.349999999996912));
#1644=CARTESIAN_POINT('Origin',(-1.35375000234081,5.77022402440562,-0.349999999987596));
#1645=CARTESIAN_POINT('',(-0.143750002361123,2.70791674915095,-0.349999999998047));
#1646=CARTESIAN_POINT('Origin',(-0.21875000236084,2.74999999997645,-0.349999999997444));
#1647=CARTESIAN_POINT('',(-0.143750002367273,1.79208325080096,-0.349999999998325));
#1648=CARTESIAN_POINT('',(-0.143750002365519,2.05323289829197,-0.349999999998245));
#1649=CARTESIAN_POINT('',(-0.257392870836014,1.67317078211939,-0.349999999997467));
#1650=CARTESIAN_POINT('Origin',(-0.218750002367556,1.74999999997646,-0.349999999997747));
#1651=CARTESIAN_POINT('',(-1.23182361969721,1.62898776381928,-0.349999999989813));
#1652=CARTESIAN_POINT('',(-1.32292448876596,1.62485703275407,-0.349999999989097));
#1653=CARTESIAN_POINT('',(-1.1949191183956,1.70165734492363,-0.349999999990081));
#1654=CARTESIAN_POINT('Origin',(-1.2849191183956,1.70165734492424,-0.349999999989373));
#1655=CARTESIAN_POINT('',(-1.37491453655825,1.70256548022798,-0.349999999988664));
#1656=CARTESIAN_POINT('Origin',(-1.2849191183956,1.70165734492424,-0.349999999989373));
#1657=CARTESIAN_POINT('',(-2.1372549831924,2.87740198472281,-0.349999999982309));
#1658=CARTESIAN_POINT('',(-1.92227704343267,2.54610127464515,-0.349999999984101));
#1659=CARTESIAN_POINT('',(-2.01142011388987,2.95996021957537,-0.349999999983274));
#1660=CARTESIAN_POINT('Origin',(-2.10142011388987,2.95996021957598,-0.349999999982566));
#1661=CARTESIAN_POINT('',(-2.07296706003168,3.04534419773431,-0.349999999982764));
#1662=CARTESIAN_POINT('Origin',(-2.10142011388987,2.95996021957598,-0.349999999982566));
#1663=CARTESIAN_POINT('Origin',(-1.74125000236804,1.72161095303173,-0.349999999985776));
#1664=CARTESIAN_POINT('Origin',(-1.74125000236725,1.7216109530317,-0.249999999985776));
#1665=CARTESIAN_POINT('',(-2.09727467193866,3.1423449193983,-0.249999999982543));
#1666=CARTESIAN_POINT('Origin',(-2.07296706003089,3.04534419773428,-0.249999999982764));
#1667=CARTESIAN_POINT('Origin',(-1.74125000236725,1.7216109530317,-0.249999999985776));
#1668=CARTESIAN_POINT('Origin',(-1.74125000236725,1.7216109530317,-0.249999999985776));
#1669=CARTESIAN_POINT('',(-2.12655482165093,3.04637923638226,-0.348868599648768));
#1670=CARTESIAN_POINT('Ctrl Pts',(-2.12655482165093,3.04637923638226,-0.348868599648768));
#1671=CARTESIAN_POINT('Ctrl Pts',(-2.12275094428578,3.04748558252534,-0.348868599648798));
#1672=CARTESIAN_POINT('Ctrl Pts',(-2.11886830746803,3.04834251344718,-0.34890661239706));
#1673=CARTESIAN_POINT('Ctrl Pts',(-2.10275154375351,3.05078948958943,-0.349196584664014));
#1674=CARTESIAN_POINT('Ctrl Pts',(-2.09074287690023,3.0500618392487,-0.34974824181766));
#1675=CARTESIAN_POINT('Ctrl Pts',(-2.07735007211348,3.04671237458007,-0.349977267284597));
#1676=CARTESIAN_POINT('Ctrl Pts',(-2.07514281173824,3.04606923751138,-0.349999999982747));
#1677=CARTESIAN_POINT('Ctrl Pts',(-2.07296706003168,3.04534419773431,-0.349999999982764));
#1678=CARTESIAN_POINT('',(-2.15029315675783,3.12799719669928,-0.249999999982131));
#1679=CARTESIAN_POINT('Origin',(-2.12236570368998,3.03197606691452,-0.24999999998238));
#1680=CARTESIAN_POINT('Origin',(-1.74125000236725,1.7216109530317,-0.249999999985776));
#1681=CARTESIAN_POINT('Origin',(-1.92227704343189,2.54610127464512,-0.249999999984101));
#1682=CARTESIAN_POINT('',(-2.22114184150173,2.82296858502316,-0.249999999981666));
#1683=CARTESIAN_POINT('Origin',(-2.13725498319161,2.87740198472278,-0.249999999982309));
#1684=CARTESIAN_POINT('',(-1.45880139486758,1.64813208052833,-0.249999999988021));
#1685=CARTESIAN_POINT('Origin',(-1.37491453655746,1.70256548022794,-0.249999999988664));
#1686=CARTESIAN_POINT('',(-2.006163901742,2.4916678749455,-0.249999999983458));
#1687=CARTESIAN_POINT('Origin',(-1.92227704343189,2.54610127464512,-0.249999999984101));
#1688=CARTESIAN_POINT('',(-2.17691828636896,2.91097015984632,-0.348868599648413));
#1689=CARTESIAN_POINT('Ctrl Pts',(-2.1372549831924,2.87740198472281,-0.349999999982309));
#1690=CARTESIAN_POINT('Ctrl Pts',(-2.13913489463253,2.87821797092791,-0.349999999982294));
#1691=CARTESIAN_POINT('Ctrl Pts',(-2.14098893355069,2.87909910137865,-0.349980766567009));
#1692=CARTESIAN_POINT('Ctrl Pts',(-2.15665574118576,2.88721334244035,-0.349699359885182));
#1693=CARTESIAN_POINT('Ctrl Pts',(-2.16863080886713,2.89819839738466,-0.348868599648482));
#1694=CARTESIAN_POINT('Ctrl Pts',(-2.17691828636896,2.91097015984632,-0.348868599648413));
#1695=CARTESIAN_POINT('',(-2.24822211593179,2.86470177010161,-0.24999999998144));
#1696=CARTESIAN_POINT('',(-2.006163901742,2.4916678749455,-0.249999999983458));
#1697=CARTESIAN_POINT('Origin',(-2.16433525762167,2.91913516980123,-0.249999999982083));
#1698=CARTESIAN_POINT('Ctrl Pts',(-2.15029315675783,3.12799719669928,-0.24999999998213));
#1699=CARTESIAN_POINT('Ctrl Pts',(-2.23477227655349,3.10342670207382,-0.249999999981473));
#1700=CARTESIAN_POINT('Ctrl Pts',(-2.26544237218681,3.02096594703586,-0.249999999981257));
#1701=CARTESIAN_POINT('Ctrl Pts',(-2.29611246782013,2.93850519199789,-0.24999999998104));
#1702=CARTESIAN_POINT('Ctrl Pts',(-2.24822211593179,2.86470177010161,-0.24999999998144));
#1703=CARTESIAN_POINT('Ctrl Pts',(-2.15029315675851,3.12799719669931,-0.33597269534424));
#1704=CARTESIAN_POINT('Ctrl Pts',(-2.23477227655417,3.10342670207385,-0.335972695343583));
#1705=CARTESIAN_POINT('Ctrl Pts',(-2.26544237218749,3.02096594703588,-0.335972695343367));
#1706=CARTESIAN_POINT('Ctrl Pts',(-2.29611246782081,2.93850519199791,-0.335972695343151));
#1707=CARTESIAN_POINT('Ctrl Pts',(-2.24822211593246,2.86470177010164,-0.33597269534355));
#1708=CARTESIAN_POINT('Ctrl Pts',(-2.12655482165093,3.04637923638226,-0.348868599648768));
#1709=CARTESIAN_POINT('Ctrl Pts',(-2.17000122611727,3.03374298200346,-0.34886859964843));
#1710=CARTESIAN_POINT('Ctrl Pts',(-2.18577441815726,2.99133459369822,-0.348868599648319));
#1711=CARTESIAN_POINT('Ctrl Pts',(-2.20154761019726,2.94892620539297,-0.348868599648207));
#1712=CARTESIAN_POINT('Ctrl Pts',(-2.17691828636896,2.91097015984632,-0.348868599648413));
#1713=CARTESIAN_POINT('Origin',(-2.10142011388986,2.95996021957598,-0.348868599648992));
#1714=CARTESIAN_POINT('Origin',(-2.10142011388908,2.95996021957595,-0.249999999982566));
#1715=CARTESIAN_POINT('Origin',(-1.92227704343189,2.54610127464512,-0.249999999984101));
#1716=CARTESIAN_POINT('',(-1.36041729087469,1.65266728519458,-0.348868599655219));
#1717=CARTESIAN_POINT('Ctrl Pts',(-1.36041729087469,1.65266728519458,-0.34886859965522));
#1718=CARTESIAN_POINT('Ctrl Pts',(-1.36870476837652,1.66543904765624,-0.34886859965515));
#1719=CARTESIAN_POINT('Ctrl Pts',(-1.37385820842557,1.68085059312592,-0.349699359891707));
#1720=CARTESIAN_POINT('Ctrl Pts',(-1.37488586093639,1.69846404536558,-0.349980766573395));
#1721=CARTESIAN_POINT('Ctrl Pts',(-1.37493521546387,1.70051621867988,-0.349999999988665));
#1722=CARTESIAN_POINT('Ctrl Pts',(-1.37491453655825,1.70256548022798,-0.349999999988664));
#1723=CARTESIAN_POINT('',(-1.43172112043752,1.60639889544987,-0.249999999988247));
#1724=CARTESIAN_POINT('Origin',(-1.3478342621274,1.66083229514949,-0.24999999998889));
#1725=CARTESIAN_POINT('',(-2.006163901742,2.4916678749455,-0.249999999983458));
#1726=CARTESIAN_POINT('Origin',(-1.32292448876518,1.62485703275403,-0.249999999989097));
#1727=CARTESIAN_POINT('',(-1.22729403464189,1.52909040219626,-0.249999999989879));
#1728=CARTESIAN_POINT('Origin',(-1.23182361969643,1.62898776381925,-0.249999999989813));
#1729=CARTESIAN_POINT('',(-0.252863285780693,1.57327342049637,-0.249999999997533));
#1730=CARTESIAN_POINT('Origin',(-0.257392870835228,1.67317078211936,-0.249999999997467));
#1731=CARTESIAN_POINT('',(-1.31839490371064,1.52495967113105,-0.249999999989163));
#1732=CARTESIAN_POINT('Origin',(-1.32292448876518,1.62485703275403,-0.249999999989097));
#1733=CARTESIAN_POINT('',(-1.28084249184651,1.61174971946355,-0.348868599655858));
#1734=CARTESIAN_POINT('Ctrl Pts',(-1.23182361969721,1.62898776381928,-0.349999999989813));
#1735=CARTESIAN_POINT('Ctrl Pts',(-1.23347835925302,1.62777874044808,-0.3499999999898));
#1736=CARTESIAN_POINT('Ctrl Pts',(-1.23517621062843,1.62662498488978,-0.349980766574516));
#1737=CARTESIAN_POINT('Ctrl Pts',(-1.25009999865452,1.6172138042819,-0.3496993598927));
#1738=CARTESIAN_POINT('Ctrl Pts',(-1.26563313249157,1.61243934815548,-0.348868599655978));
#1739=CARTESIAN_POINT('Ctrl Pts',(-1.28084249184651,1.61174971946355,-0.348868599655858));
#1740=CARTESIAN_POINT('',(-1.27699234454938,1.52683696208398,-0.249999999989488));
#1741=CARTESIAN_POINT('',(-1.31839490371064,1.52495967113105,-0.249999999989163));
#1742=CARTESIAN_POINT('Origin',(-1.28152192960391,1.62673432370696,-0.249999999989422));
#1743=CARTESIAN_POINT('Ctrl Pts',(-1.43172112043752,1.60639889544987,-0.249999999988247));
#1744=CARTESIAN_POINT('Ctrl Pts',(-1.37714733857593,1.52229569536072,-0.249999999988701));
#1745=CARTESIAN_POINT('Ctrl Pts',(-1.27699234454937,1.52683696208398,-0.249999999989488));
#1746=CARTESIAN_POINT('Ctrl Pts',(-1.43172112043819,1.6063988954499,-0.335972695350357));
#1747=CARTESIAN_POINT('Ctrl Pts',(-1.37714733857661,1.52229569536075,-0.335972695350812));
#1748=CARTESIAN_POINT('Ctrl Pts',(-1.27699234455005,1.526836962084,-0.335972695351598));
#1749=CARTESIAN_POINT('Ctrl Pts',(-1.36041729087469,1.65266728519458,-0.34886859965522));
#1750=CARTESIAN_POINT('Ctrl Pts',(-1.33235077448874,1.60941421086301,-0.348868599655454));
#1751=CARTESIAN_POINT('Ctrl Pts',(-1.28084249184651,1.61174971946355,-0.348868599655858));
#1752=CARTESIAN_POINT('Origin',(-1.28491911839559,1.70165734492423,-0.348868599655799));
#1753=CARTESIAN_POINT('Origin',(-1.28491911839481,1.7016573449242,-0.249999999989373));
#1754=CARTESIAN_POINT('Origin',(-1.32292448876518,1.62485703275403,-0.249999999989097));
#1755=CARTESIAN_POINT('',(-0.214854559220651,1.66408826898069,-0.349393158716098));
#1756=CARTESIAN_POINT('Ctrl Pts',(-0.214854559220651,1.66408826898069,-0.349393158716098));
#1757=CARTESIAN_POINT('Ctrl Pts',(-0.224802173642474,1.66363722037559,-0.34939315871602));
#1758=CARTESIAN_POINT('Ctrl Pts',(-0.235537062628554,1.66498932715044,-0.349650808028452));
#1759=CARTESIAN_POINT('Ctrl Pts',(-0.249668384162649,1.6696368691754,-0.349936197410787));
#1760=CARTESIAN_POINT('Ctrl Pts',(-0.253619795412453,1.67127303460378,-0.349999999997497));
#1761=CARTESIAN_POINT('Ctrl Pts',(-0.257392870836014,1.67317078211939,-0.349999999997467));
#1762=CARTESIAN_POINT('',(-0.210823228521333,1.5751796171362,-0.249999999997863));
#1763=CARTESIAN_POINT('Origin',(-0.215352813575867,1.67507697875919,-0.249999999997797));
#1764=CARTESIAN_POINT('',(-1.31839490371064,1.52495967113105,-0.249999999989163));
#1765=CARTESIAN_POINT('Origin',(-0.143750002364732,2.05323289829194,-0.249999999998245));
#1766=CARTESIAN_POINT('',(-0.0437500023664861,1.79208325080025,-0.249999999999112));
#1767=CARTESIAN_POINT('Origin',(-0.143750002366486,1.79208325080093,-0.249999999998325));
#1768=CARTESIAN_POINT('',(-0.0437500023603356,2.70791674915025,-0.249999999998834));
#1769=CARTESIAN_POINT('Origin',(-0.143750002360336,2.70791674915092,-0.249999999998047));
#1770=CARTESIAN_POINT('',(-0.0437500023647323,2.05323289829127,-0.249999999999032));
#1771=CARTESIAN_POINT('Origin',(-0.143750002364732,2.05323289829194,-0.249999999998245));
#1772=CARTESIAN_POINT('',(-0.132750002367551,1.74999999997588,-0.349393158716718));
#1773=CARTESIAN_POINT('Ctrl Pts',(-0.143750002367273,1.79208325080096,-0.349999999998325));
#1774=CARTESIAN_POINT('Ctrl Pts',(-0.141683298008459,1.7884000080886,-0.349999999998342));
#1775=CARTESIAN_POINT('Ctrl Pts',(-0.139869829380327,1.78452676400787,-0.349936197411616));
#1776=CARTESIAN_POINT('Ctrl Pts',(-0.134586967288954,1.77062046100178,-0.349650808029215));
#1777=CARTESIAN_POINT('Ctrl Pts',(-0.132750002367484,1.75995783495791,-0.349393158716715));
#1778=CARTESIAN_POINT('Ctrl Pts',(-0.132750002367551,1.74999999997588,-0.349393158716718));
#1779=CARTESIAN_POINT('',(-0.0437500023667687,1.74999999997525,-0.249999999999124));
#1780=CARTESIAN_POINT('',(-0.0437500023647323,2.05323289829127,-0.249999999999032));
#1781=CARTESIAN_POINT('Origin',(-0.143750002366769,1.74999999997592,-0.249999999998337));
#1782=CARTESIAN_POINT('Ctrl Pts',(-0.210823228521333,1.5751796171362,-0.249999999997863));
#1783=CARTESIAN_POINT('Ctrl Pts',(-0.0437500023673313,1.58275511638825,
-0.249999999999175));
#1784=CARTESIAN_POINT('Ctrl Pts',(-0.0437500023667688,1.74999999997643,
-0.249999999999124));
#1785=CARTESIAN_POINT('Ctrl Pts',(-0.210823228522038,1.57517961713623,-0.339543386230561));
#1786=CARTESIAN_POINT('Ctrl Pts',(-0.0437500023680359,1.58275511638827,
-0.339543386231873));
#1787=CARTESIAN_POINT('Ctrl Pts',(-0.0437500023674731,1.74999999997645,
-0.339543386231822));
#1788=CARTESIAN_POINT('Ctrl Pts',(-0.214854559220651,1.66408826898069,-0.349393158716098));
#1789=CARTESIAN_POINT('Ctrl Pts',(-0.132750002367828,1.66781108575598,-0.349393158716743));
#1790=CARTESIAN_POINT('Ctrl Pts',(-0.132750002367551,1.74999999997646,-0.349393158716718));
#1791=CARTESIAN_POINT('Origin',(-0.218750002367551,1.74999999997646,-0.349393158716042));
#1792=CARTESIAN_POINT('Origin',(-0.218750002366769,1.74999999997643,-0.249999999997748));
#1793=CARTESIAN_POINT('Origin',(-0.143750002364732,2.05323289829194,-0.249999999998245));
#1794=CARTESIAN_POINT('',(-0.132750002360835,2.74999999997588,-0.349393158716415));
#1795=CARTESIAN_POINT('Ctrl Pts',(-0.132750002360835,2.74999999997588,-0.349393158716415));
#1796=CARTESIAN_POINT('Ctrl Pts',(-0.132750002360902,2.74004216499384,-0.349393158716418));
#1797=CARTESIAN_POINT('Ctrl Pts',(-0.134586967282516,2.72937953895,-0.349650808028924));
#1798=CARTESIAN_POINT('Ctrl Pts',(-0.139869829374075,2.71547323594398,-0.349936197411334));
#1799=CARTESIAN_POINT('Ctrl Pts',(-0.141683298002259,2.71159999186328,-0.349999999998062));
#1800=CARTESIAN_POINT('Ctrl Pts',(-0.143750002361123,2.70791674915095,-0.349999999998047));
#1801=CARTESIAN_POINT('',(-0.043750002360053,2.74999999997525,-0.249999999998821));
#1802=CARTESIAN_POINT('Origin',(-0.143750002360053,2.74999999997592,-0.249999999998034));
#1803=CARTESIAN_POINT('',(-0.0437500023647323,2.05323289829127,-0.249999999999032));
#1804=CARTESIAN_POINT('Origin',(-1.35375000234002,5.77022402440559,-0.249999999987596));
#1805=CARTESIAN_POINT('',(-0.318101598357486,2.89989684455532,-0.249999999996616));
#1806=CARTESIAN_POINT('Origin',(-0.28416204568668,2.80583246891552,-0.249999999996912));
#1807=CARTESIAN_POINT('Origin',(-1.35375000234002,5.77022402440559,-0.249999999987596));
#1808=CARTESIAN_POINT('Origin',(-1.35375000234002,5.77022402440559,-0.249999999987596));
#1809=CARTESIAN_POINT('',(-0.24900306897335,2.8305031176834,-0.349393158715475));
#1810=CARTESIAN_POINT('Ctrl Pts',(-0.284162045687467,2.80583246891555,-0.349999999996912));
#1811=CARTESIAN_POINT('Ctrl Pts',(-0.277535396361898,2.81359609966717,-0.349999999996961));
#1812=CARTESIAN_POINT('Ctrl Pts',(-0.269564404995484,2.82014003244237,-0.349653412723318));
#1813=CARTESIAN_POINT('Ctrl Pts',(-0.256851347513728,2.82721723734857,-0.349430582374728));
#1814=CARTESIAN_POINT('Ctrl Pts',(-0.252981435560377,2.82900804776817,-0.349393158715444));
#1815=CARTESIAN_POINT('Ctrl Pts',(-0.24900306897335,2.8305031176834,-0.349393158715475));
#1816=CARTESIAN_POINT('',(-0.280311475118078,2.91381448368242,-0.249999999996909));
#1817=CARTESIAN_POINT('Origin',(-1.35375000234002,5.77022402440559,-0.249999999987596));
#1818=CARTESIAN_POINT('Origin',(-0.24513349068492,2.82020620727899,-0.249999999997214));
#1819=CARTESIAN_POINT('Ctrl Pts',(-0.043750002360053,2.74999999997642,-0.24999999999882));
#1820=CARTESIAN_POINT('Ctrl Pts',(-0.0437500023597448,2.84167865116424,
-0.249999999998792));
#1821=CARTESIAN_POINT('Ctrl Pts',(-0.119121336135069,2.89387191824483,-0.249999999998184));
#1822=CARTESIAN_POINT('Ctrl Pts',(-0.194492669910702,2.94606518532601,-0.249999999997575));
#1823=CARTESIAN_POINT('Ctrl Pts',(-0.280311475118078,2.91381448368242,-0.249999999996909));
#1824=CARTESIAN_POINT('Ctrl Pts',(-0.043750002360757,2.74999999997645,-0.339543386231518));
#1825=CARTESIAN_POINT('Ctrl Pts',(-0.0437500023604486,2.84167865116427,
-0.339543386231491));
#1826=CARTESIAN_POINT('Ctrl Pts',(-0.119121336135773,2.89387191824486,-0.339543386230882));
#1827=CARTESIAN_POINT('Ctrl Pts',(-0.194492669911406,2.94606518532604,-0.339543386230273));
#1828=CARTESIAN_POINT('Ctrl Pts',(-0.280311475118782,2.91381448368245,-0.339543386229607));
#1829=CARTESIAN_POINT('Ctrl Pts',(-0.132750002360835,2.74999999997645,-0.349393158716415));
#1830=CARTESIAN_POINT('Ctrl Pts',(-0.132750002360684,2.79505350856018,-0.349393158716401));
#1831=CARTESIAN_POINT('Ctrl Pts',(-0.169789629244557,2.82070277123978,-0.349393158716102));
#1832=CARTESIAN_POINT('Ctrl Pts',(-0.206829256128583,2.84635203391968,-0.349393158715803));
#1833=CARTESIAN_POINT('Ctrl Pts',(-0.24900306897335,2.8305031176834,-0.349393158715476));
#1834=CARTESIAN_POINT('Origin',(-0.218750002360835,2.74999999997645,-0.349393158715738));
#1835=CARTESIAN_POINT('Origin',(-0.218750002360053,2.74999999997642,-0.249999999997444));
#1836=CARTESIAN_POINT('Origin',(-2.10142011388711,2.95996021957587,1.74337601780924E-11));
#1837=CARTESIAN_POINT('',(-2.01142011388712,2.95996021957526,1.67255940610051E-11));
#1838=CARTESIAN_POINT('',(-2.01142011388712,2.95996021957526,1.6725575261309E-11));
#1839=CARTESIAN_POINT('Origin',(-2.10142011388711,2.95996021957587,1.74337601780924E-11));
#1840=CARTESIAN_POINT('Origin',(-1.28491911839284,1.70165734492413,1.06271374652186E-11));
#1841=CARTESIAN_POINT('',(-1.19491911839284,1.70165734492352,9.91897134813133E-12));
#1842=CARTESIAN_POINT('',(-1.19491911839284,1.70165734492352,9.9189525484353E-12));
#1843=CARTESIAN_POINT('Origin',(-1.28491911839284,1.70165734492413,1.06271374652186E-11));
#1844=CARTESIAN_POINT('Origin',(-0.218750002364802,1.74999999997635,2.25264759529053E-12));
#1845=CARTESIAN_POINT('',(-0.132750002365274,1.74999999997579,-0.0599999999984108));
#1846=CARTESIAN_POINT('',(-0.132750002364802,1.74999999997577,1.57593756369755E-12));
#1847=CARTESIAN_POINT('Origin',(-0.218750002365274,1.74999999997637,-0.0599999999977341));
#1848=CARTESIAN_POINT('Origin',(-0.218750002358086,2.74999999997635,2.55621083350628E-12));
#1849=CARTESIAN_POINT('',(-0.132750002358558,2.74999999997579,-0.059999999998107));
#1850=CARTESIAN_POINT('',(-0.132750002358086,2.74999999997577,1.8795008019133E-12));
#1851=CARTESIAN_POINT('Origin',(-0.218750002358558,2.74999999997637,-0.0599999999974303));
#1852=CARTESIAN_POINT('Origin',(-1.30375000235825,2.76919074260893,1.10993724045919E-11));
#1853=CARTESIAN_POINT('',(-1.30291707154632,2.71919768082769,1.10776424224345E-11));
#1854=CARTESIAN_POINT('Origin',(-1.30375000235825,2.76919074260893,1.10993724045919E-11));
#1855=CARTESIAN_POINT('',(-1.30291707154632,2.71919768082769,1.10776424224345E-11));
#1856=CARTESIAN_POINT('Origin',(-1.35375000236191,2.96277425535418,-0.636784876269674));
#1857=CARTESIAN_POINT('',(-1.35375000236259,2.9627742553542,-0.722784876269674));
#1858=CARTESIAN_POINT('Origin',(-1.35375000236585,2.96277425535443,-1.13678487626967));
#1859=CARTESIAN_POINT('',(-1.35375000236652,2.96277425535446,-1.22278487626967));
#1860=CARTESIAN_POINT('Origin',(-1.54750000236948,2.97773249545936,-1.59999999998692));
#1861=CARTESIAN_POINT('',(-1.37500000237086,3.18627424830648,-1.59999999998821));
#1862=CARTESIAN_POINT('',(-1.37500000237086,3.18627424830648,-1.59999999998821));
#1863=CARTESIAN_POINT('Origin',(-1.37500000236816,3.16502424830648,-1.59999999998822));
#1864=CARTESIAN_POINT('Origin',(-0.477098488460224,2.59585379161704,-0.00999999999544439));
#1865=CARTESIAN_POINT('',(-0.522924245416901,1.56102821134648,-0.0299999999954021));
#1866=CARTESIAN_POINT('',(-0.477098488467566,1.56310606065521,-0.0599999999957579));
#1867=CARTESIAN_POINT('Origin',(-0.477098488467173,1.56310606065519,-0.00999999999575496));
#1868=CARTESIAN_POINT('',(-0.477098488458925,2.84741238845097,-0.0599999999953672));
#1869=CARTESIAN_POINT('',(-0.477098488460617,2.59585379161706,-0.0599999999954444));
#1870=CARTESIAN_POINT('',(-0.522924245408334,2.83405742530381,-0.0299999999950188));
#1871=CARTESIAN_POINT('Ctrl Pts',(-0.522924245408334,2.83405742530381,-0.029999999995019));
#1872=CARTESIAN_POINT('Ctrl Pts',(-0.520423315499929,2.83476509529258,-0.0357303503016516));
#1873=CARTESIAN_POINT('Ctrl Pts',(-0.516813075705594,2.83579046333986,-0.0409284424715442));
#1874=CARTESIAN_POINT('Ctrl Pts',(-0.508224920926713,2.83825283164871,-0.049654313346468));
#1875=CARTESIAN_POINT('Ctrl Pts',(-0.502526923853442,2.8398986328212,-0.0535737095882247));
#1876=CARTESIAN_POINT('Ctrl Pts',(-0.490103390250805,2.84353610811784,-0.058745728186019));
#1877=CARTESIAN_POINT('Ctrl Pts',(-0.483378810476245,2.84552870435159,-0.0599999999953199));
#1878=CARTESIAN_POINT('Ctrl Pts',(-0.477098488458925,2.84741238845097,-0.0599999999953687));
#1879=CARTESIAN_POINT('',(-0.522924245409937,2.59585379161736,-0.0299999999950905));
#1880=CARTESIAN_POINT('Origin',(-0.281250002362624,2.24310874073801,-0.0599999999970925));
#1881=CARTESIAN_POINT('',(-0.210823228519838,1.57517961713614,-0.0599999999978494));
#1882=CARTESIAN_POINT('',(-0.763937243096522,1.55010010619435,-0.0599999999935048));
#1883=CARTESIAN_POINT('',(-0.0437500023652737,1.74999999997519,-0.059999999999111));
#1884=CARTESIAN_POINT('Origin',(-0.218750002365274,1.74999999997637,-0.0599999999977341));
#1885=CARTESIAN_POINT('',(-0.043750002358558,2.74999999997519,-0.0599999999988074));
#1886=CARTESIAN_POINT('',(-0.0437500023636179,1.9965543703558,-0.0599999999990361));
#1887=CARTESIAN_POINT('',(-0.280311475116582,2.91381448368236,-0.0599999999968963));
#1888=CARTESIAN_POINT('Origin',(-0.218750002358558,2.74999999997637,-0.0599999999974303));
#1889=CARTESIAN_POINT('Origin',(-1.35375000233853,5.77022402440553,-0.059999999987582));
#1890=CARTESIAN_POINT('Origin',(-0.56875000235965,2.59585379161767,-0.0499999999947366));
#1891=CARTESIAN_POINT('',(-0.568750002357738,2.82147501235148,5.33188736394318E-12));
#1892=CARTESIAN_POINT('Ctrl Pts',(-0.568750002357738,2.82147501235148,5.3320692335953E-12));
#1893=CARTESIAN_POINT('Ctrl Pts',(-0.562449087308987,2.82315240784798,5.28286225531948E-12));
#1894=CARTESIAN_POINT('Ctrl Pts',(-0.555720281474218,2.82496755680501,-0.00126195978934412));
#1895=CARTESIAN_POINT('Ctrl Pts',(-0.543312809803369,2.82835749917352,-0.00643258764973697));
#1896=CARTESIAN_POINT('Ctrl Pts',(-0.537634178598719,2.82993110549065,-0.0103421169903846));
#1897=CARTESIAN_POINT('Ctrl Pts',(-0.529048659331228,2.8323282647696,-0.0190515734300447));
#1898=CARTESIAN_POINT('Ctrl Pts',(-0.525429616660851,2.83334849858012,-0.0242594732905955));
#1899=CARTESIAN_POINT('Ctrl Pts',(-0.522924245408334,2.83405742530381,-0.0299999999950189));
#1900=CARTESIAN_POINT('',(-0.568750002366233,1.55895036203774,4.94863129276686E-12));
#1901=CARTESIAN_POINT('',(-0.568750002359256,2.59585379161766,5.26339689243306E-12));
#1902=CARTESIAN_POINT('Origin',(-0.568750002366626,1.55895036203776,-0.0499999999950514));
#1903=CARTESIAN_POINT('Origin',(-1.27699234454741,1.5268369620839,1.05116965052978E-11));
#1904=CARTESIAN_POINT('',(-0.210823228519366,1.57517961713613,2.13720663536964E-12));
#1905=CARTESIAN_POINT('',(-1.27699234454741,1.5268369620839,1.05116965052978E-11));
#1906=CARTESIAN_POINT('',(-1.27699234454741,1.5268369620839,1.05116965052978E-11));
#1907=CARTESIAN_POINT('',(-1.27699234454741,1.5268369620839,1.05116965052978E-11));
#1908=CARTESIAN_POINT('Origin',(-0.218750002364802,1.74999999997635,2.25264759529053E-12));
#1909=CARTESIAN_POINT('',(-0.0437500023648016,1.74999999997517,8.75657923176298E-13));
#1910=CARTESIAN_POINT('Origin',(-0.0437500023648016,1.74999999997517,8.75657923176298E-13));
#1911=CARTESIAN_POINT('',(-0.0437500023580859,2.74999999997517,1.17922116139204E-12));
#1912=CARTESIAN_POINT('Origin',(-1.28491911839284,1.70165734492413,1.06271374652186E-11));
#1913=CARTESIAN_POINT('',(-1.43172112043555,1.6063988954498,1.17533338770149E-11));
#1914=CARTESIAN_POINT('Origin',(-1.28491911839284,1.70165734492413,1.06271374652186E-11));
#1915=CARTESIAN_POINT('',(-1.43172112043555,1.6063988954498,1.17533338770149E-11));
#1916=CARTESIAN_POINT('Origin',(-2.24822211592982,2.86470177010154,1.85599565898886E-11));
#1917=CARTESIAN_POINT('',(-2.24822211592982,2.86470177010154,1.85599565898886E-11));
#1918=CARTESIAN_POINT('',(-2.24822211592982,2.86470177010154,1.85599565898886E-11));
#1919=CARTESIAN_POINT('',(-2.24822211592982,2.86470177010154,1.85599565898886E-11));
#1920=CARTESIAN_POINT('Origin',(-2.10142011388711,2.95996021957587,1.74337601780924E-11));
#1921=CARTESIAN_POINT('',(-2.15029315675587,3.12799719669921,1.78693281714457E-11));
#1922=CARTESIAN_POINT('Origin',(-2.10142011388711,2.95996021957587,1.74337601780924E-11));
#1923=CARTESIAN_POINT('',(-2.15029315675587,3.12799719669921,1.78693281714457E-11));
#1924=CARTESIAN_POINT('Origin',(-1.74125000236528,1.72161095303163,1.42238398716632E-11));
#1925=CARTESIAN_POINT('',(-1.7412500023554,3.18627424830846,1.46684578044727E-11));
#1926=CARTESIAN_POINT('',(-1.7412500023554,3.18627424830846,1.46684578044727E-11));
#1927=CARTESIAN_POINT('Origin',(-1.74125000236528,1.72161095303163,1.42238398716632E-11));
#1928=CARTESIAN_POINT('Origin',(-1.37500000235827,3.18627424830599,1.17866151335706E-11));
#1929=CARTESIAN_POINT('',(-1.37500000235827,3.18627424830599,1.17866151335706E-11));
#1930=CARTESIAN_POINT('',(-1.37500000235827,3.18627424830599,1.17866151335706E-11));
#1931=CARTESIAN_POINT('',(-1.37500000235827,3.18627424830599,1.17866151335706E-11));
#1932=CARTESIAN_POINT('Origin',(-1.37500000235557,3.16502424830599,1.17801644147361E-11));
#1933=CARTESIAN_POINT('Origin',(-1.37500000235557,3.16502424830599,1.17801644147361E-11));
#1934=CARTESIAN_POINT('Origin',(-1.35375000233805,5.77022402440551,1.2403801406211E-11));
#1935=CARTESIAN_POINT('Origin',(-1.35375000233805,5.77022402440551,1.2403801406211E-11));
#1936=CARTESIAN_POINT('',(-0.28031147511611,2.91381448368235,3.09033610115777E-12));
#1937=CARTESIAN_POINT('Origin',(-0.218750002358086,2.74999999997635,2.55621083350628E-12));
#1938=CARTESIAN_POINT('Origin',(-1.39758505812238,2.3564657966163,1.17124265844404E-11));
#1939=UNCERTAINTY_MEASURE_WITH_UNIT(LENGTH_MEASURE(0.000393700787401575),
#1945,'DISTANCE_ACCURACY_VALUE',
'Maximum model space distance between geometric entities at asserted c
onnectivities');
#1940=UNCERTAINTY_MEASURE_WITH_UNIT(LENGTH_MEASURE(0.000393700787401575),
#1945,'DISTANCE_ACCURACY_VALUE',
'Maximum model space distance between geometric entities at asserted c
onnectivities');
#1941=(
GEOMETRIC_REPRESENTATION_CONTEXT(3)
GLOBAL_UNCERTAINTY_ASSIGNED_CONTEXT((#1939))
GLOBAL_UNIT_ASSIGNED_CONTEXT((#1945,#1949,#1950))
REPRESENTATION_CONTEXT('','3D')
);
#1942=(
GEOMETRIC_REPRESENTATION_CONTEXT(3)
GLOBAL_UNCERTAINTY_ASSIGNED_CONTEXT((#1940))
GLOBAL_UNIT_ASSIGNED_CONTEXT((#1945,#1949,#1950))
REPRESENTATION_CONTEXT('','3D')
);
#1943=DIMENSIONAL_EXPONENTS(1.,0.,0.,0.,0.,0.,0.);
#1944=DIMENSIONAL_EXPONENTS(0.,1.,0.,0.,0.,0.,0.);
#1945=(
CONVERSION_BASED_UNIT('inch',#1948)
LENGTH_UNIT()
NAMED_UNIT(#1943)
);
#1946=(
LENGTH_UNIT()
NAMED_UNIT(*)
SI_UNIT(.MILLI.,.METRE.)
);
#1947=(
LENGTH_UNIT()
NAMED_UNIT(*)
SI_UNIT(.CENTI.,.METRE.)
);
#1948=LENGTH_MEASURE_WITH_UNIT(LENGTH_MEASURE(25.4),#1946);
#1949=(
NAMED_UNIT(*)
PLANE_ANGLE_UNIT()
SI_UNIT($,.RADIAN.)
);
#1950=(
NAMED_UNIT(*)
SI_UNIT($,.STERADIAN.)
SOLID_ANGLE_UNIT()
);
#1951=SHAPE_DEFINITION_REPRESENTATION(#1952,#1953);
#1952=PRODUCT_DEFINITION_SHAPE('',$,#1955);
#1953=SHAPE_REPRESENTATION('',(#1025),#1941);
#1954=PRODUCT_DEFINITION_CONTEXT('part definition',#1959,'design');
#1955=PRODUCT_DEFINITION('IntakeSupport_MIR','IntakeSupport_MIR',#1956,
#1954);
#1956=PRODUCT_DEFINITION_FORMATION('',$,#1961);
#1957=PRODUCT_RELATED_PRODUCT_CATEGORY('IntakeSupport_MIR',
'IntakeSupport_MIR',(#1961));
#1958=APPLICATION_PROTOCOL_DEFINITION('international standard',
'automotive_design',2009,#1959);
#1959=APPLICATION_CONTEXT(
'Core Data for Automotive Mechanical Design Process');
#1960=PRODUCT_CONTEXT('part definition',#1959,'mechanical');
#1961=PRODUCT('IntakeSupport_MIR','IntakeSupport_MIR',$,(#1960));
#1962=PRESENTATION_STYLE_ASSIGNMENT((#1963));
#1963=SURFACE_STYLE_USAGE(.BOTH.,#1966);
#1964=SURFACE_STYLE_RENDERING_WITH_PROPERTIES($,#1970,(#1965));
#1965=SURFACE_STYLE_TRANSPARENT(0.);
#1966=SURFACE_SIDE_STYLE('',(#1967,#1964));
#1967=SURFACE_STYLE_FILL_AREA(#1968);
#1968=FILL_AREA_STYLE('',(#1969));
#1969=FILL_AREA_STYLE_COLOUR('',#1970);
#1970=COLOUR_RGB('',0.0196078431372549,0.0196078431372549,0.0196078431372549);
ENDSEC;
END-ISO-10303-21;
