ISO-10303-21;
HEADER;
/* Generated by software containing ST-Developer
 * from STEP Tools, Inc. (www.steptools.com) 
 */

FILE_DESCRIPTION(
/* description */ (''),
/* implementation_level */ '2;1');

FILE_NAME(
/* name */ 'OdomPodPart2.stp',
/* time_stamp */ '2025-10-13T18:07:58-04:00',
/* author */ ('Teddy'),
/* organization */ (''),
/* preprocessor_version */ 'ST-DEVELOPER v20.1',
/* originating_system */ 'Autodesk Inventor 2026',
/* authorisation */ '');

FILE_SCHEMA (('AUTOMOTIVE_DESIGN { 1 0 10303 214 3 1 1 }'));
ENDSEC;

DATA;
#10=MECHANICAL_DESIGN_GEOMETRIC_PRESENTATION_REPRESENTATION('',(#13),#3162);
#11=SHAPE_REPRESENTATION_RELATIONSHIP('SRR','None',#3173,#12);
#12=ADVANCED_BREP_SHAPE_REPRESENTATION('',(#14),#3161);
#13=STYLED_ITEM('',(#3182),#14);
#14=MANIFOLD_SOLID_BREP('Solid1',#1700);
#15=B_SPLINE_SURFACE_WITH_KNOTS('',3,3,((#2647,#2648,#2649,#2650),(#2651,
#2652,#2653,#2654),(#2655,#2656,#2657,#2658),(#2659,#2660,#2661,#2662),
(#2663,#2664,#2665,#2666)),.UNSPECIFIED.,.F.,.F.,.F.,(4,1,4),(4,4),(0.,
0.571428571428571,1.),(2.80661645292054,2.96163701465776),.UNSPECIFIED.);
#16=B_SPLINE_SURFACE_WITH_KNOTS('',3,3,((#2684,#2685,#2686,#2687),(#2688,
#2689,#2690,#2691),(#2692,#2693,#2694,#2695),(#2696,#2697,#2698,#2699),
(#2700,#2701,#2702,#2703)),.UNSPECIFIED.,.F.,.F.,.F.,(4,1,4),(4,4),(0.,
0.571428571428571,1.),(0.,0.155026514907355),.UNSPECIFIED.);
#17=B_SPLINE_SURFACE_WITH_KNOTS('',3,3,((#2726,#2727,#2728,#2729),(#2730,
#2731,#2732,#2733),(#2734,#2735,#2736,#2737),(#2738,#2739,#2740,#2741),
(#2742,#2743,#2744,#2745)),.UNSPECIFIED.,.F.,.F.,.F.,(4,1,4),(4,4),(0.,
0.571428571428571,1.),(2.80661645292054,2.96163701465777),.UNSPECIFIED.);
#18=B_SPLINE_SURFACE_WITH_KNOTS('',3,3,((#2763,#2764,#2765,#2766),(#2767,
#2768,#2769,#2770),(#2771,#2772,#2773,#2774),(#2775,#2776,#2777,#2778),
(#2779,#2780,#2781,#2782)),.UNSPECIFIED.,.F.,.F.,.F.,(4,1,4),(4,4),(0.,
0.571428571428571,1.),(0.,0.155026514907353),.UNSPECIFIED.);
#19=B_SPLINE_SURFACE_WITH_KNOTS('',3,3,((#2873,#2874,#2875,#2876),(#2877,
#2878,#2879,#2880),(#2881,#2882,#2883,#2884),(#2885,#2886,#2887,#2888),
(#2889,#2890,#2891,#2892)),.UNSPECIFIED.,.F.,.F.,.F.,(4,1,4),(4,4),(0.,
0.571428571428571,1.),(-4.44089209850063E-16,0.272106608171059),
 .UNSPECIFIED.);
#20=B_SPLINE_SURFACE_WITH_KNOTS('',3,3,((#2904,#2905,#2906,#2907),(#2908,
#2909,#2910,#2911),(#2912,#2913,#2914,#2915),(#2916,#2917,#2918,#2919),
(#2920,#2921,#2922,#2923)),.UNSPECIFIED.,.F.,.F.,.F.,(4,1,4),(4,4),(0.,
0.571428571428571,1.),(2.80721351944744,3.07932012761862),.UNSPECIFIED.);
#21=TOROIDAL_SURFACE('',#1763,0.183808302534953,0.05);
#22=TOROIDAL_SURFACE('',#1772,0.2088545,0.05);
#23=TOROIDAL_SURFACE('',#1778,0.2088545,0.05);
#24=TOROIDAL_SURFACE('',#1783,0.2088545,0.05);
#25=TOROIDAL_SURFACE('',#1788,0.2088545,0.05);
#26=TOROIDAL_SURFACE('',#1792,0.2088545,0.05);
#27=TOROIDAL_SURFACE('',#1797,0.2088545,0.05);
#28=TOROIDAL_SURFACE('',#1805,0.2,0.05);
#29=TOROIDAL_SURFACE('',#1826,0.225,0.05);
#30=TOROIDAL_SURFACE('',#1829,0.225,0.05);
#31=TOROIDAL_SURFACE('',#1834,0.225,0.05);
#32=TOROIDAL_SURFACE('',#1840,0.225,0.05);
#33=TOROIDAL_SURFACE('',#1843,0.2,0.05);
#34=TOROIDAL_SURFACE('',#1852,0.2,0.05);
#35=TOROIDAL_SURFACE('',#1858,0.55,0.05);
#36=TOROIDAL_SURFACE('',#1863,0.55,0.05);
#37=TOROIDAL_SURFACE('',#1865,0.2,0.05);
#38=TOROIDAL_SURFACE('',#1869,0.2,0.05);
#39=TOROIDAL_SURFACE('',#1874,0.55,0.05);
#40=TOROIDAL_SURFACE('',#1879,0.55,0.05);
#41=B_SPLINE_CURVE_WITH_KNOTS('',3,(#2571,#2572,#2573,#2574,#2575,#2576),
 .UNSPECIFIED.,.F.,.F.,(4,2,4),(0.297512251921967,0.319785152087452,0.434312063772529),
 .UNSPECIFIED.);
#42=B_SPLINE_CURVE_WITH_KNOTS('',3,(#2579,#2580,#2581,#2582,#2583,#2584),
 .UNSPECIFIED.,.F.,.F.,(4,2,4),(0.434312063772529,0.548838975457606,0.571111875623091),
 .UNSPECIFIED.);
#43=B_SPLINE_CURVE_WITH_KNOTS('',3,(#2594,#2595,#2596,#2597,#2598,#2599),
 .UNSPECIFIED.,.F.,.F.,(4,2,4),(0.269332379474904,0.33976955252439,0.463719606935245),
 .UNSPECIFIED.);
#44=B_SPLINE_CURVE_WITH_KNOTS('',3,(#2603,#2604,#2605,#2606,#2607,#2608),
 .UNSPECIFIED.,.F.,.F.,(4,2,4),(0.463719606935245,0.587669661346101,0.658106834395585),
 .UNSPECIFIED.);
#45=B_SPLINE_CURVE_WITH_KNOTS('',3,(#2670,#2671,#2672,#2673),
 .UNSPECIFIED.,.F.,.F.,(4,4),(-2.96163701465776,-2.80661645292054),
 .UNSPECIFIED.);
#46=B_SPLINE_CURVE_WITH_KNOTS('',3,(#2674,#2675,#2676,#2677),
 .UNSPECIFIED.,.F.,.F.,(4,4),(2.80661645292054,2.96163701465776),
 .UNSPECIFIED.);
#47=B_SPLINE_CURVE_WITH_KNOTS('',3,(#2706,#2707,#2708,#2709),
 .UNSPECIFIED.,.F.,.F.,(4,4),(-0.155026514907355,0.),.UNSPECIFIED.);
#48=B_SPLINE_CURVE_WITH_KNOTS('',3,(#2710,#2711,#2712,#2713),
 .UNSPECIFIED.,.F.,.F.,(4,4),(0.,0.155026514907355),.UNSPECIFIED.);
#49=B_SPLINE_CURVE_WITH_KNOTS('',3,(#2749,#2750,#2751,#2752),
 .UNSPECIFIED.,.F.,.F.,(4,4),(-2.96163701465777,-2.80661645292054),
 .UNSPECIFIED.);
#50=B_SPLINE_CURVE_WITH_KNOTS('',3,(#2753,#2754,#2755,#2756),
 .UNSPECIFIED.,.F.,.F.,(4,4),(2.80661645292054,2.96163701465777),
 .UNSPECIFIED.);
#51=B_SPLINE_CURVE_WITH_KNOTS('',3,(#2786,#2787,#2788,#2789),
 .UNSPECIFIED.,.F.,.F.,(4,4),(-0.155026514907353,0.),.UNSPECIFIED.);
#52=B_SPLINE_CURVE_WITH_KNOTS('',3,(#2790,#2791,#2792,#2793),
 .UNSPECIFIED.,.F.,.F.,(4,4),(0.,0.155026514907353),.UNSPECIFIED.);
#53=B_SPLINE_CURVE_WITH_KNOTS('',3,(#2896,#2897,#2898,#2899),
 .UNSPECIFIED.,.F.,.F.,(4,4),(-0.272106608171059,4.44089209850063E-16),
 .UNSPECIFIED.);
#54=B_SPLINE_CURVE_WITH_KNOTS('',3,(#2900,#2901,#2902,#2903),
 .UNSPECIFIED.,.F.,.F.,(4,4),(-4.44089209850063E-16,0.272106608171059),
 .UNSPECIFIED.);
#55=B_SPLINE_CURVE_WITH_KNOTS('',3,(#2927,#2928,#2929,#2930),
 .UNSPECIFIED.,.F.,.F.,(4,4),(2.80721351944744,3.07932012761862),
 .UNSPECIFIED.);
#56=B_SPLINE_CURVE_WITH_KNOTS('',3,(#2931,#2932,#2933,#2934),
 .UNSPECIFIED.,.F.,.F.,(4,4),(-3.07932012761862,-2.80721351944744),
 .UNSPECIFIED.);
#57=FACE_BOUND('',#364,.T.);
#58=FACE_BOUND('',#365,.T.);
#59=FACE_BOUND('',#366,.T.);
#60=FACE_BOUND('',#372,.T.);
#61=FACE_BOUND('',#373,.T.);
#62=FACE_BOUND('',#374,.T.);
#63=FACE_BOUND('',#377,.T.);
#64=FACE_BOUND('',#380,.T.);
#65=FACE_BOUND('',#383,.T.);
#66=FACE_BOUND('',#403,.T.);
#67=FACE_BOUND('',#404,.T.);
#68=FACE_BOUND('',#405,.T.);
#69=FACE_BOUND('',#446,.T.);
#70=FACE_BOUND('',#447,.T.);
#71=FACE_BOUND('',#448,.T.);
#72=FACE_BOUND('',#452,.T.);
#73=FACE_BOUND('',#453,.T.);
#74=FACE_BOUND('',#454,.T.);
#75=FACE_BOUND('',#478,.T.);
#76=FACE_BOUND('',#479,.T.);
#77=FACE_BOUND('',#480,.T.);
#78=FACE_BOUND('',#481,.T.);
#79=FACE_BOUND('',#482,.T.);
#80=FACE_BOUND('',#483,.T.);
#81=FACE_BOUND('',#484,.T.);
#82=FACE_BOUND('',#485,.T.);
#83=CIRCLE('',#1724,0.2);
#84=CIRCLE('',#1725,0.2);
#85=CIRCLE('',#1728,0.2);
#86=CIRCLE('',#1729,0.2);
#87=CIRCLE('',#1731,0.09);
#88=CIRCLE('',#1732,0.09);
#89=CIRCLE('',#1733,0.09);
#90=CIRCLE('',#1736,0.2);
#91=CIRCLE('',#1737,0.2);
#92=CIRCLE('',#1740,0.2);
#93=CIRCLE('',#1741,0.2);
#94=CIRCLE('',#1743,0.09);
#95=CIRCLE('',#1744,0.09);
#96=CIRCLE('',#1745,0.09);
#97=CIRCLE('',#1747,0.2);
#98=CIRCLE('',#1748,0.2);
#99=CIRCLE('',#1749,0.2);
#100=CIRCLE('',#1751,0.0899999999999996);
#101=CIRCLE('',#1753,0.2);
#102=CIRCLE('',#1754,0.2);
#103=CIRCLE('',#1756,0.089999999999999);
#104=CIRCLE('',#1758,0.2);
#105=CIRCLE('',#1759,0.2);
#106=CIRCLE('',#1760,0.2);
#107=CIRCLE('',#1762,0.089999999999999);
#108=CIRCLE('',#1764,0.0499999999999999);
#109=CIRCLE('',#1765,0.233808302534953);
#110=CIRCLE('',#1766,0.0500000000000001);
#111=CIRCLE('',#1768,0.2088545);
#112=CIRCLE('',#1769,0.2088545);
#113=CIRCLE('',#1771,0.0499999999999999);
#114=CIRCLE('',#1773,0.05);
#115=CIRCLE('',#1774,0.2088545);
#116=CIRCLE('',#1775,0.05);
#117=CIRCLE('',#1776,0.1588545);
#118=CIRCLE('',#1777,0.05);
#119=CIRCLE('',#1779,0.05);
#120=CIRCLE('',#1780,0.20442725);
#121=CIRCLE('',#1781,0.1588545);
#122=CIRCLE('',#1782,0.0500000000000001);
#123=CIRCLE('',#1784,0.1588545);
#124=CIRCLE('',#1785,0.0499999999999999);
#125=CIRCLE('',#1787,0.0500000000000001);
#126=CIRCLE('',#1789,0.0500000000000001);
#127=CIRCLE('',#1790,0.1588545);
#128=CIRCLE('',#1791,0.0499999999999998);
#129=CIRCLE('',#1793,0.0499999999999998);
#130=CIRCLE('',#1794,0.20442725);
#131=CIRCLE('',#1795,0.1588545);
#132=CIRCLE('',#1796,0.0500000000000001);
#133=CIRCLE('',#1798,0.1588545);
#134=CIRCLE('',#1799,0.0500000000000003);
#135=CIRCLE('',#1800,0.2088545);
#136=CIRCLE('',#1803,0.0499999999999999);
#137=CIRCLE('',#1804,0.0500000000000002);
#138=CIRCLE('',#1806,0.0499999999999998);
#139=CIRCLE('',#1807,0.25);
#140=CIRCLE('',#1809,0.0499999999999999);
#141=CIRCLE('',#1811,0.55);
#142=CIRCLE('',#1812,0.55);
#143=CIRCLE('',#1813,0.225);
#144=CIRCLE('',#1814,0.225);
#145=CIRCLE('',#1815,0.55);
#146=CIRCLE('',#1816,0.55);
#147=CIRCLE('',#1817,0.0899999999999996);
#148=CIRCLE('',#1818,0.118110236220472);
#149=CIRCLE('',#1819,0.0899999999999996);
#150=CIRCLE('',#1822,0.1588545);
#151=CIRCLE('',#1824,0.05);
#152=CIRCLE('',#1825,0.0499999999999999);
#153=CIRCLE('',#1827,0.05);
#154=CIRCLE('',#1828,0.175);
#155=CIRCLE('',#1830,0.05);
#156=CIRCLE('',#1831,0.175);
#157=CIRCLE('',#1832,0.0500000000000002);
#158=CIRCLE('',#1833,0.05);
#159=CIRCLE('',#1835,0.0500000000000001);
#160=CIRCLE('',#1836,0.2125);
#161=CIRCLE('',#1837,0.175);
#162=CIRCLE('',#1839,0.0499999999999996);
#163=CIRCLE('',#1841,0.2125);
#164=CIRCLE('',#1842,0.175);
#165=CIRCLE('',#1844,0.05);
#166=CIRCLE('',#1845,0.25);
#167=CIRCLE('',#1846,0.0499999999999997);
#168=CIRCLE('',#1848,0.0499999999999998);
#169=CIRCLE('',#1850,0.175);
#170=CIRCLE('',#1853,0.05);
#171=CIRCLE('',#1854,0.25);
#172=CIRCLE('',#1855,0.0499999999999999);
#173=CIRCLE('',#1857,0.0499999999999999);
#174=CIRCLE('',#1859,0.0500000000000001);
#175=CIRCLE('',#1860,0.5);
#176=CIRCLE('',#1862,0.05);
#177=CIRCLE('',#1864,0.5);
#178=CIRCLE('',#1866,0.25);
#179=CIRCLE('',#1868,0.0499999999999999);
#180=CIRCLE('',#1870,0.25);
#181=CIRCLE('',#1871,0.0499999999999999);
#182=CIRCLE('',#1873,0.0499999999999999);
#183=CIRCLE('',#1875,0.0499999999999998);
#184=CIRCLE('',#1876,0.5);
#185=CIRCLE('',#1878,0.05);
#186=CIRCLE('',#1880,0.5);
#187=CIRCLE('',#1884,0.25);
#188=CIRCLE('',#1887,0.25);
#189=CIRCLE('',#1890,0.5);
#190=CIRCLE('',#1893,0.5);
#191=CIRCLE('',#1896,0.25);
#192=CIRCLE('',#1899,0.175);
#193=CIRCLE('',#1901,0.09);
#194=CIRCLE('',#1902,0.09);
#195=CIRCLE('',#1903,0.09);
#196=CIRCLE('',#1906,0.1588545);
#197=CIRCLE('',#1908,0.09);
#198=CIRCLE('',#1909,0.09);
#199=CIRCLE('',#1910,0.09);
#200=CIRCLE('',#1912,0.5);
#201=CIRCLE('',#1915,0.5);
#202=CIRCLE('',#1918,0.0899999999999996);
#203=CIRCLE('',#1920,0.118110236220472);
#204=CIRCLE('',#1922,0.0899999999999996);
#205=CIRCLE('',#1927,0.089999999999999);
#206=CIRCLE('',#1929,0.089999999999999);
#207=CIRCLE('',#1931,0.0899999999999996);
#208=CIRCLE('',#1937,0.25);
#209=CIRCLE('',#1940,0.233808302534953);
#210=CIRCLE('',#1943,0.25);
#211=CYLINDRICAL_SURFACE('',#1723,0.2);
#212=CYLINDRICAL_SURFACE('',#1727,0.2);
#213=CYLINDRICAL_SURFACE('',#1735,0.2);
#214=CYLINDRICAL_SURFACE('',#1739,0.2);
#215=CYLINDRICAL_SURFACE('',#1746,0.2);
#216=CYLINDRICAL_SURFACE('',#1752,0.2);
#217=CYLINDRICAL_SURFACE('',#1757,0.2);
#218=CYLINDRICAL_SURFACE('',#1770,0.05);
#219=CYLINDRICAL_SURFACE('',#1786,0.05);
#220=CYLINDRICAL_SURFACE('',#1801,0.05);
#221=CYLINDRICAL_SURFACE('',#1802,0.05);
#222=CYLINDRICAL_SURFACE('',#1808,0.05);
#223=CYLINDRICAL_SURFACE('',#1821,0.1588545);
#224=CYLINDRICAL_SURFACE('',#1823,0.05);
#225=CYLINDRICAL_SURFACE('',#1838,0.05);
#226=CYLINDRICAL_SURFACE('',#1847,0.05);
#227=CYLINDRICAL_SURFACE('',#1849,0.175);
#228=CYLINDRICAL_SURFACE('',#1856,0.05);
#229=CYLINDRICAL_SURFACE('',#1861,0.05);
#230=CYLINDRICAL_SURFACE('',#1867,0.05);
#231=CYLINDRICAL_SURFACE('',#1872,0.05);
#232=CYLINDRICAL_SURFACE('',#1877,0.05);
#233=CYLINDRICAL_SURFACE('',#1881,0.05);
#234=CYLINDRICAL_SURFACE('',#1883,0.25);
#235=CYLINDRICAL_SURFACE('',#1886,0.25);
#236=CYLINDRICAL_SURFACE('',#1889,0.5);
#237=CYLINDRICAL_SURFACE('',#1892,0.5);
#238=CYLINDRICAL_SURFACE('',#1895,0.25);
#239=CYLINDRICAL_SURFACE('',#1898,0.175);
#240=CYLINDRICAL_SURFACE('',#1905,0.1588545);
#241=CYLINDRICAL_SURFACE('',#1911,0.5);
#242=CYLINDRICAL_SURFACE('',#1914,0.5);
#243=CYLINDRICAL_SURFACE('',#1917,0.0899999999999996);
#244=CYLINDRICAL_SURFACE('',#1919,0.118110236220472);
#245=CYLINDRICAL_SURFACE('',#1921,0.0899999999999996);
#246=CYLINDRICAL_SURFACE('',#1923,0.09);
#247=CYLINDRICAL_SURFACE('',#1924,0.09);
#248=CYLINDRICAL_SURFACE('',#1925,0.09);
#249=CYLINDRICAL_SURFACE('',#1926,0.089999999999999);
#250=CYLINDRICAL_SURFACE('',#1928,0.089999999999999);
#251=CYLINDRICAL_SURFACE('',#1930,0.0899999999999996);
#252=CYLINDRICAL_SURFACE('',#1932,0.09);
#253=CYLINDRICAL_SURFACE('',#1933,0.09);
#254=CYLINDRICAL_SURFACE('',#1934,0.09);
#255=CYLINDRICAL_SURFACE('',#1936,0.25);
#256=CYLINDRICAL_SURFACE('',#1939,0.233808302534953);
#257=CYLINDRICAL_SURFACE('',#1942,0.25);
#258=FACE_OUTER_BOUND('',#359,.T.);
#259=FACE_OUTER_BOUND('',#360,.T.);
#260=FACE_OUTER_BOUND('',#361,.T.);
#261=FACE_OUTER_BOUND('',#362,.T.);
#262=FACE_OUTER_BOUND('',#363,.T.);
#263=FACE_OUTER_BOUND('',#367,.T.);
#264=FACE_OUTER_BOUND('',#368,.T.);
#265=FACE_OUTER_BOUND('',#369,.T.);
#266=FACE_OUTER_BOUND('',#370,.T.);
#267=FACE_OUTER_BOUND('',#371,.T.);
#268=FACE_OUTER_BOUND('',#375,.T.);
#269=FACE_OUTER_BOUND('',#376,.T.);
#270=FACE_OUTER_BOUND('',#378,.T.);
#271=FACE_OUTER_BOUND('',#379,.T.);
#272=FACE_OUTER_BOUND('',#381,.T.);
#273=FACE_OUTER_BOUND('',#382,.T.);
#274=FACE_OUTER_BOUND('',#384,.T.);
#275=FACE_OUTER_BOUND('',#385,.T.);
#276=FACE_OUTER_BOUND('',#386,.T.);
#277=FACE_OUTER_BOUND('',#387,.T.);
#278=FACE_OUTER_BOUND('',#388,.T.);
#279=FACE_OUTER_BOUND('',#389,.T.);
#280=FACE_OUTER_BOUND('',#390,.T.);
#281=FACE_OUTER_BOUND('',#391,.T.);
#282=FACE_OUTER_BOUND('',#392,.T.);
#283=FACE_OUTER_BOUND('',#393,.T.);
#284=FACE_OUTER_BOUND('',#394,.T.);
#285=FACE_OUTER_BOUND('',#395,.T.);
#286=FACE_OUTER_BOUND('',#396,.T.);
#287=FACE_OUTER_BOUND('',#397,.T.);
#288=FACE_OUTER_BOUND('',#398,.T.);
#289=FACE_OUTER_BOUND('',#399,.T.);
#290=FACE_OUTER_BOUND('',#400,.T.);
#291=FACE_OUTER_BOUND('',#401,.T.);
#292=FACE_OUTER_BOUND('',#402,.T.);
#293=FACE_OUTER_BOUND('',#406,.T.);
#294=FACE_OUTER_BOUND('',#407,.T.);
#295=FACE_OUTER_BOUND('',#408,.T.);
#296=FACE_OUTER_BOUND('',#409,.T.);
#297=FACE_OUTER_BOUND('',#410,.T.);
#298=FACE_OUTER_BOUND('',#411,.T.);
#299=FACE_OUTER_BOUND('',#412,.T.);
#300=FACE_OUTER_BOUND('',#413,.T.);
#301=FACE_OUTER_BOUND('',#414,.T.);
#302=FACE_OUTER_BOUND('',#415,.T.);
#303=FACE_OUTER_BOUND('',#416,.T.);
#304=FACE_OUTER_BOUND('',#417,.T.);
#305=FACE_OUTER_BOUND('',#418,.T.);
#306=FACE_OUTER_BOUND('',#419,.T.);
#307=FACE_OUTER_BOUND('',#420,.T.);
#308=FACE_OUTER_BOUND('',#421,.T.);
#309=FACE_OUTER_BOUND('',#422,.T.);
#310=FACE_OUTER_BOUND('',#423,.T.);
#311=FACE_OUTER_BOUND('',#424,.T.);
#312=FACE_OUTER_BOUND('',#425,.T.);
#313=FACE_OUTER_BOUND('',#426,.T.);
#314=FACE_OUTER_BOUND('',#427,.T.);
#315=FACE_OUTER_BOUND('',#428,.T.);
#316=FACE_OUTER_BOUND('',#429,.T.);
#317=FACE_OUTER_BOUND('',#430,.T.);
#318=FACE_OUTER_BOUND('',#431,.T.);
#319=FACE_OUTER_BOUND('',#432,.T.);
#320=FACE_OUTER_BOUND('',#433,.T.);
#321=FACE_OUTER_BOUND('',#434,.T.);
#322=FACE_OUTER_BOUND('',#435,.T.);
#323=FACE_OUTER_BOUND('',#436,.T.);
#324=FACE_OUTER_BOUND('',#437,.T.);
#325=FACE_OUTER_BOUND('',#438,.T.);
#326=FACE_OUTER_BOUND('',#439,.T.);
#327=FACE_OUTER_BOUND('',#440,.T.);
#328=FACE_OUTER_BOUND('',#441,.T.);
#329=FACE_OUTER_BOUND('',#442,.T.);
#330=FACE_OUTER_BOUND('',#443,.T.);
#331=FACE_OUTER_BOUND('',#444,.T.);
#332=FACE_OUTER_BOUND('',#445,.T.);
#333=FACE_OUTER_BOUND('',#449,.T.);
#334=FACE_OUTER_BOUND('',#450,.T.);
#335=FACE_OUTER_BOUND('',#451,.T.);
#336=FACE_OUTER_BOUND('',#455,.T.);
#337=FACE_OUTER_BOUND('',#456,.T.);
#338=FACE_OUTER_BOUND('',#457,.T.);
#339=FACE_OUTER_BOUND('',#458,.T.);
#340=FACE_OUTER_BOUND('',#459,.T.);
#341=FACE_OUTER_BOUND('',#460,.T.);
#342=FACE_OUTER_BOUND('',#461,.T.);
#343=FACE_OUTER_BOUND('',#462,.T.);
#344=FACE_OUTER_BOUND('',#463,.T.);
#345=FACE_OUTER_BOUND('',#464,.T.);
#346=FACE_OUTER_BOUND('',#465,.T.);
#347=FACE_OUTER_BOUND('',#466,.T.);
#348=FACE_OUTER_BOUND('',#467,.T.);
#349=FACE_OUTER_BOUND('',#468,.T.);
#350=FACE_OUTER_BOUND('',#469,.T.);
#351=FACE_OUTER_BOUND('',#470,.T.);
#352=FACE_OUTER_BOUND('',#471,.T.);
#353=FACE_OUTER_BOUND('',#472,.T.);
#354=FACE_OUTER_BOUND('',#473,.T.);
#355=FACE_OUTER_BOUND('',#474,.T.);
#356=FACE_OUTER_BOUND('',#475,.T.);
#357=FACE_OUTER_BOUND('',#476,.T.);
#358=FACE_OUTER_BOUND('',#477,.T.);
#359=EDGE_LOOP('',(#1081,#1082,#1083,#1084));
#360=EDGE_LOOP('',(#1085,#1086,#1087,#1088));
#361=EDGE_LOOP('',(#1089,#1090,#1091,#1092));
#362=EDGE_LOOP('',(#1093,#1094,#1095,#1096));
#363=EDGE_LOOP('',(#1097,#1098,#1099,#1100));
#364=EDGE_LOOP('',(#1101));
#365=EDGE_LOOP('',(#1102));
#366=EDGE_LOOP('',(#1103));
#367=EDGE_LOOP('',(#1104,#1105,#1106,#1107));
#368=EDGE_LOOP('',(#1108,#1109,#1110,#1111));
#369=EDGE_LOOP('',(#1112,#1113,#1114,#1115));
#370=EDGE_LOOP('',(#1116,#1117,#1118,#1119));
#371=EDGE_LOOP('',(#1120,#1121,#1122,#1123));
#372=EDGE_LOOP('',(#1124));
#373=EDGE_LOOP('',(#1125));
#374=EDGE_LOOP('',(#1126));
#375=EDGE_LOOP('',(#1127,#1128,#1129,#1130,#1131));
#376=EDGE_LOOP('',(#1132));
#377=EDGE_LOOP('',(#1133));
#378=EDGE_LOOP('',(#1134,#1135,#1136,#1137,#1138,#1139));
#379=EDGE_LOOP('',(#1140));
#380=EDGE_LOOP('',(#1141));
#381=EDGE_LOOP('',(#1142,#1143,#1144,#1145,#1146,#1147,#1148));
#382=EDGE_LOOP('',(#1149));
#383=EDGE_LOOP('',(#1150));
#384=EDGE_LOOP('',(#1151,#1152,#1153,#1154));
#385=EDGE_LOOP('',(#1155,#1156,#1157,#1158,#1159,#1160,#1161,#1162,#1163,
#1164));
#386=EDGE_LOOP('',(#1165,#1166,#1167,#1168,#1169,#1170,#1171,#1172));
#387=EDGE_LOOP('',(#1173,#1174,#1175,#1176));
#388=EDGE_LOOP('',(#1177,#1178,#1179,#1180));
#389=EDGE_LOOP('',(#1181,#1182,#1183,#1184));
#390=EDGE_LOOP('',(#1185,#1186,#1187,#1188));
#391=EDGE_LOOP('',(#1189,#1190,#1191,#1192));
#392=EDGE_LOOP('',(#1193,#1194,#1195,#1196));
#393=EDGE_LOOP('',(#1197,#1198,#1199,#1200));
#394=EDGE_LOOP('',(#1201,#1202,#1203,#1204));
#395=EDGE_LOOP('',(#1205,#1206,#1207,#1208));
#396=EDGE_LOOP('',(#1209,#1210,#1211,#1212));
#397=EDGE_LOOP('',(#1213,#1214,#1215,#1216));
#398=EDGE_LOOP('',(#1217,#1218,#1219,#1220));
#399=EDGE_LOOP('',(#1221,#1222,#1223,#1224,#1225));
#400=EDGE_LOOP('',(#1226,#1227,#1228,#1229));
#401=EDGE_LOOP('',(#1230,#1231,#1232,#1233,#1234));
#402=EDGE_LOOP('',(#1235,#1236,#1237,#1238,#1239,#1240,#1241,#1242,#1243,
#1244,#1245,#1246,#1247,#1248,#1249,#1250));
#403=EDGE_LOOP('',(#1251));
#404=EDGE_LOOP('',(#1252));
#405=EDGE_LOOP('',(#1253));
#406=EDGE_LOOP('',(#1254,#1255,#1256,#1257));
#407=EDGE_LOOP('',(#1258,#1259,#1260,#1261,#1262,#1263,#1264,#1265));
#408=EDGE_LOOP('',(#1266,#1267,#1268,#1269));
#409=EDGE_LOOP('',(#1270,#1271,#1272,#1273));
#410=EDGE_LOOP('',(#1274,#1275,#1276,#1277));
#411=EDGE_LOOP('',(#1278,#1279,#1280,#1281));
#412=EDGE_LOOP('',(#1282,#1283,#1284,#1285));
#413=EDGE_LOOP('',(#1286,#1287,#1288,#1289));
#414=EDGE_LOOP('',(#1290,#1291,#1292,#1293));
#415=EDGE_LOOP('',(#1294,#1295,#1296,#1297));
#416=EDGE_LOOP('',(#1298,#1299,#1300,#1301));
#417=EDGE_LOOP('',(#1302,#1303,#1304,#1305,#1306));
#418=EDGE_LOOP('',(#1307,#1308,#1309,#1310,#1311,#1312));
#419=EDGE_LOOP('',(#1313,#1314,#1315,#1316));
#420=EDGE_LOOP('',(#1317,#1318,#1319,#1320));
#421=EDGE_LOOP('',(#1321,#1322,#1323,#1324,#1325));
#422=EDGE_LOOP('',(#1326,#1327,#1328,#1329));
#423=EDGE_LOOP('',(#1330,#1331,#1332,#1333));
#424=EDGE_LOOP('',(#1334,#1335,#1336,#1337));
#425=EDGE_LOOP('',(#1338,#1339,#1340,#1341));
#426=EDGE_LOOP('',(#1342,#1343,#1344,#1345,#1346,#1347));
#427=EDGE_LOOP('',(#1348,#1349,#1350,#1351));
#428=EDGE_LOOP('',(#1352,#1353,#1354,#1355,#1356));
#429=EDGE_LOOP('',(#1357,#1358,#1359,#1360));
#430=EDGE_LOOP('',(#1361,#1362,#1363,#1364));
#431=EDGE_LOOP('',(#1365,#1366,#1367,#1368));
#432=EDGE_LOOP('',(#1369,#1370,#1371,#1372));
#433=EDGE_LOOP('',(#1373,#1374,#1375,#1376));
#434=EDGE_LOOP('',(#1377,#1378,#1379,#1380));
#435=EDGE_LOOP('',(#1381,#1382,#1383,#1384));
#436=EDGE_LOOP('',(#1385,#1386,#1387,#1388));
#437=EDGE_LOOP('',(#1389,#1390,#1391,#1392));
#438=EDGE_LOOP('',(#1393,#1394,#1395,#1396));
#439=EDGE_LOOP('',(#1397,#1398,#1399,#1400));
#440=EDGE_LOOP('',(#1401,#1402,#1403,#1404));
#441=EDGE_LOOP('',(#1405,#1406,#1407,#1408));
#442=EDGE_LOOP('',(#1409,#1410,#1411,#1412));
#443=EDGE_LOOP('',(#1413,#1414,#1415,#1416));
#444=EDGE_LOOP('',(#1417,#1418,#1419,#1420,#1421,#1422));
#445=EDGE_LOOP('',(#1423,#1424,#1425,#1426));
#446=EDGE_LOOP('',(#1427));
#447=EDGE_LOOP('',(#1428));
#448=EDGE_LOOP('',(#1429));
#449=EDGE_LOOP('',(#1430,#1431,#1432,#1433));
#450=EDGE_LOOP('',(#1434,#1435,#1436,#1437,#1438,#1439,#1440,#1441));
#451=EDGE_LOOP('',(#1442,#1443,#1444,#1445));
#452=EDGE_LOOP('',(#1446));
#453=EDGE_LOOP('',(#1447));
#454=EDGE_LOOP('',(#1448));
#455=EDGE_LOOP('',(#1449,#1450,#1451,#1452));
#456=EDGE_LOOP('',(#1453,#1454,#1455,#1456));
#457=EDGE_LOOP('',(#1457,#1458,#1459,#1460));
#458=EDGE_LOOP('',(#1461,#1462,#1463,#1464));
#459=EDGE_LOOP('',(#1465,#1466,#1467,#1468));
#460=EDGE_LOOP('',(#1469,#1470,#1471,#1472));
#461=EDGE_LOOP('',(#1473,#1474,#1475,#1476));
#462=EDGE_LOOP('',(#1477,#1478,#1479,#1480));
#463=EDGE_LOOP('',(#1481,#1482,#1483,#1484));
#464=EDGE_LOOP('',(#1485,#1486,#1487,#1488));
#465=EDGE_LOOP('',(#1489,#1490,#1491,#1492));
#466=EDGE_LOOP('',(#1493,#1494,#1495,#1496));
#467=EDGE_LOOP('',(#1497,#1498,#1499,#1500));
#468=EDGE_LOOP('',(#1501,#1502,#1503,#1504));
#469=EDGE_LOOP('',(#1505,#1506,#1507,#1508));
#470=EDGE_LOOP('',(#1509,#1510,#1511,#1512));
#471=EDGE_LOOP('',(#1513,#1514,#1515,#1516));
#472=EDGE_LOOP('',(#1517,#1518,#1519,#1520));
#473=EDGE_LOOP('',(#1521,#1522,#1523,#1524));
#474=EDGE_LOOP('',(#1525,#1526,#1527,#1528));
#475=EDGE_LOOP('',(#1529,#1530,#1531,#1532));
#476=EDGE_LOOP('',(#1533,#1534,#1535,#1536));
#477=EDGE_LOOP('',(#1537,#1538,#1539,#1540,#1541,#1542,#1543,#1544,#1545,
#1546,#1547,#1548,#1549,#1550,#1551,#1552,#1553,#1554,#1555,#1556));
#478=EDGE_LOOP('',(#1557,#1558,#1559,#1560));
#479=EDGE_LOOP('',(#1561,#1562,#1563,#1564));
#480=EDGE_LOOP('',(#1565));
#481=EDGE_LOOP('',(#1566));
#482=EDGE_LOOP('',(#1567));
#483=EDGE_LOOP('',(#1568));
#484=EDGE_LOOP('',(#1569));
#485=EDGE_LOOP('',(#1570));
#486=LINE('',#2498,#587);
#487=LINE('',#2500,#588);
#488=LINE('',#2502,#589);
#489=LINE('',#2503,#590);
#490=LINE('',#2508,#591);
#491=LINE('',#2512,#592);
#492=LINE('',#2514,#593);
#493=LINE('',#2515,#594);
#494=LINE('',#2529,#595);
#495=LINE('',#2531,#596);
#496=LINE('',#2533,#597);
#497=LINE('',#2534,#598);
#498=LINE('',#2539,#599);
#499=LINE('',#2543,#600);
#500=LINE('',#2545,#601);
#501=LINE('',#2546,#602);
#502=LINE('',#2563,#603);
#503=LINE('',#2586,#604);
#504=LINE('',#2610,#605);
#505=LINE('',#2623,#606);
#506=LINE('',#2624,#607);
#507=LINE('',#2626,#608);
#508=LINE('',#2630,#609);
#509=LINE('',#2633,#610);
#510=LINE('',#2637,#611);
#511=LINE('',#2721,#612);
#512=LINE('',#2801,#613);
#513=LINE('',#2802,#614);
#514=LINE('',#2807,#615);
#515=LINE('',#2815,#616);
#516=LINE('',#2818,#617);
#517=LINE('',#2821,#618);
#518=LINE('',#2825,#619);
#519=LINE('',#2829,#620);
#520=LINE('',#2833,#621);
#521=LINE('',#2837,#622);
#522=LINE('',#2841,#623);
#523=LINE('',#2851,#624);
#524=LINE('',#2853,#625);
#525=LINE('',#2854,#626);
#526=LINE('',#2857,#627);
#527=LINE('',#2863,#628);
#528=LINE('',#2945,#629);
#529=LINE('',#2946,#630);
#530=LINE('',#2959,#631);
#531=LINE('',#2962,#632);
#532=LINE('',#2965,#633);
#533=LINE('',#2968,#634);
#534=LINE('',#2969,#635);
#535=LINE('',#2978,#636);
#536=LINE('',#2987,#637);
#537=LINE('',#2994,#638);
#538=LINE('',#3002,#639);
#539=LINE('',#3011,#640);
#540=LINE('',#3015,#641);
#541=LINE('',#3018,#642);
#542=LINE('',#3020,#643);
#543=LINE('',#3021,#644);
#544=LINE('',#3024,#645);
#545=LINE('',#3028,#646);
#546=LINE('',#3029,#647);
#547=LINE('',#3032,#648);
#548=LINE('',#3036,#649);
#549=LINE('',#3037,#650);
#550=LINE('',#3040,#651);
#551=LINE('',#3044,#652);
#552=LINE('',#3045,#653);
#553=LINE('',#3048,#654);
#554=LINE('',#3052,#655);
#555=LINE('',#3053,#656);
#556=LINE('',#3056,#657);
#557=LINE('',#3060,#658);
#558=LINE('',#3061,#659);
#559=LINE('',#3073,#660);
#560=LINE('',#3074,#661);
#561=LINE('',#3086,#662);
#562=LINE('',#3089,#663);
#563=LINE('',#3092,#664);
#564=LINE('',#3093,#665);
#565=LINE('',#3097,#666);
#566=LINE('',#3100,#667);
#567=LINE('',#3101,#668);
#568=LINE('',#3104,#669);
#569=LINE('',#3108,#670);
#570=LINE('',#3112,#671);
#571=LINE('',#3115,#672);
#572=LINE('',#3117,#673);
#573=LINE('',#3119,#674);
#574=LINE('',#3122,#675);
#575=LINE('',#3126,#676);
#576=LINE('',#3130,#677);
#577=LINE('',#3133,#678);
#578=LINE('',#3135,#679);
#579=LINE('',#3137,#680);
#580=LINE('',#3140,#681);
#581=LINE('',#3141,#682);
#582=LINE('',#3144,#683);
#583=LINE('',#3148,#684);
#584=LINE('',#3149,#685);
#585=LINE('',#3154,#686);
#586=LINE('',#3155,#687);
#587=VECTOR('',#1949,0.393700787401575);
#588=VECTOR('',#1950,0.393700787401575);
#589=VECTOR('',#1951,0.393700787401575);
#590=VECTOR('',#1952,0.393700787401575);
#591=VECTOR('',#1957,0.393700787401575);
#592=VECTOR('',#1962,0.393700787401575);
#593=VECTOR('',#1963,0.393700787401575);
#594=VECTOR('',#1964,0.393700787401575);
#595=VECTOR('',#1981,0.393700787401575);
#596=VECTOR('',#1982,0.393700787401575);
#597=VECTOR('',#1983,0.393700787401575);
#598=VECTOR('',#1984,0.393700787401575);
#599=VECTOR('',#1989,0.393700787401575);
#600=VECTOR('',#1994,0.393700787401575);
#601=VECTOR('',#1995,0.393700787401575);
#602=VECTOR('',#1996,0.393700787401575);
#603=VECTOR('',#2017,0.2);
#604=VECTOR('',#2028,0.2);
#605=VECTOR('',#2039,0.2);
#606=VECTOR('',#2058,0.393700787401575);
#607=VECTOR('',#2059,0.393700787401575);
#608=VECTOR('',#2060,0.393700787401575);
#609=VECTOR('',#2063,0.393700787401575);
#610=VECTOR('',#2066,0.393700787401575);
#611=VECTOR('',#2071,0.393700787401575);
#612=VECTOR('',#2104,0.393700787401575);
#613=VECTOR('',#2133,0.393700787401575);
#614=VECTOR('',#2134,0.393700787401575);
#615=VECTOR('',#2139,0.393700787401575);
#616=VECTOR('',#2150,0.393700787401575);
#617=VECTOR('',#2153,0.393700787401575);
#618=VECTOR('',#2156,0.393700787401575);
#619=VECTOR('',#2159,0.393700787401575);
#620=VECTOR('',#2162,0.393700787401575);
#621=VECTOR('',#2165,0.393700787401575);
#622=VECTOR('',#2168,0.393700787401575);
#623=VECTOR('',#2171,0.393700787401575);
#624=VECTOR('',#2182,0.393700787401575);
#625=VECTOR('',#2183,0.393700787401575);
#626=VECTOR('',#2184,0.393700787401575);
#627=VECTOR('',#2187,0.393700787401575);
#628=VECTOR('',#2194,0.393700787401575);
#629=VECTOR('',#2225,0.393700787401575);
#630=VECTOR('',#2226,0.393700787401575);
#631=VECTOR('',#2245,0.393700787401575);
#632=VECTOR('',#2248,0.393700787401575);
#633=VECTOR('',#2251,0.393700787401575);
#634=VECTOR('',#2254,0.393700787401575);
#635=VECTOR('',#2255,0.393700787401575);
#636=VECTOR('',#2266,0.393700787401575);
#637=VECTOR('',#2279,0.393700787401575);
#638=VECTOR('',#2290,0.393700787401575);
#639=VECTOR('',#2301,0.393700787401575);
#640=VECTOR('',#2314,0.393700787401575);
#641=VECTOR('',#2321,0.393700787401575);
#642=VECTOR('',#2324,0.393700787401575);
#643=VECTOR('',#2325,0.393700787401575);
#644=VECTOR('',#2326,0.393700787401575);
#645=VECTOR('',#2329,0.393700787401575);
#646=VECTOR('',#2334,0.393700787401575);
#647=VECTOR('',#2335,0.393700787401575);
#648=VECTOR('',#2338,0.393700787401575);
#649=VECTOR('',#2343,0.393700787401575);
#650=VECTOR('',#2344,0.393700787401575);
#651=VECTOR('',#2347,0.393700787401575);
#652=VECTOR('',#2352,0.393700787401575);
#653=VECTOR('',#2353,0.393700787401575);
#654=VECTOR('',#2356,0.393700787401575);
#655=VECTOR('',#2361,0.393700787401575);
#656=VECTOR('',#2362,0.393700787401575);
#657=VECTOR('',#2365,0.393700787401575);
#658=VECTOR('',#2370,0.393700787401575);
#659=VECTOR('',#2371,0.393700787401575);
#660=VECTOR('',#2386,0.393700787401575);
#661=VECTOR('',#2387,0.393700787401575);
#662=VECTOR('',#2402,0.393700787401575);
#663=VECTOR('',#2405,0.393700787401575);
#664=VECTOR('',#2408,0.393700787401575);
#665=VECTOR('',#2409,0.393700787401575);
#666=VECTOR('',#2414,0.393700787401575);
#667=VECTOR('',#2417,0.393700787401575);
#668=VECTOR('',#2418,0.393700787401575);
#669=VECTOR('',#2421,0.0899999999999996);
#670=VECTOR('',#2426,0.118110236220472);
#671=VECTOR('',#2431,0.0899999999999996);
#672=VECTOR('',#2436,0.09);
#673=VECTOR('',#2439,0.09);
#674=VECTOR('',#2442,0.09);
#675=VECTOR('',#2445,0.089999999999999);
#676=VECTOR('',#2450,0.089999999999999);
#677=VECTOR('',#2455,0.0899999999999995);
#678=VECTOR('',#2460,0.09);
#679=VECTOR('',#2463,0.09);
#680=VECTOR('',#2466,0.09);
#681=VECTOR('',#2469,0.393700787401575);
#682=VECTOR('',#2470,0.393700787401575);
#683=VECTOR('',#2473,0.393700787401575);
#684=VECTOR('',#2478,0.393700787401575);
#685=VECTOR('',#2479,0.393700787401575);
#686=VECTOR('',#2486,0.393700787401575);
#687=VECTOR('',#2487,0.393700787401575);
#688=VERTEX_POINT('',#2496);
#689=VERTEX_POINT('',#2497);
#690=VERTEX_POINT('',#2499);
#691=VERTEX_POINT('',#2501);
#692=VERTEX_POINT('',#2505);
#693=VERTEX_POINT('',#2507);
#694=VERTEX_POINT('',#2511);
#695=VERTEX_POINT('',#2513);
#696=VERTEX_POINT('',#2520);
#697=VERTEX_POINT('',#2522);
#698=VERTEX_POINT('',#2524);
#699=VERTEX_POINT('',#2527);
#700=VERTEX_POINT('',#2528);
#701=VERTEX_POINT('',#2530);
#702=VERTEX_POINT('',#2532);
#703=VERTEX_POINT('',#2536);
#704=VERTEX_POINT('',#2538);
#705=VERTEX_POINT('',#2542);
#706=VERTEX_POINT('',#2544);
#707=VERTEX_POINT('',#2551);
#708=VERTEX_POINT('',#2553);
#709=VERTEX_POINT('',#2555);
#710=VERTEX_POINT('',#2558);
#711=VERTEX_POINT('',#2559);
#712=VERTEX_POINT('',#2562);
#713=VERTEX_POINT('',#2566);
#714=VERTEX_POINT('',#2569);
#715=VERTEX_POINT('',#2570);
#716=VERTEX_POINT('',#2577);
#717=VERTEX_POINT('',#2585);
#718=VERTEX_POINT('',#2589);
#719=VERTEX_POINT('',#2592);
#720=VERTEX_POINT('',#2593);
#721=VERTEX_POINT('',#2600);
#722=VERTEX_POINT('',#2602);
#723=VERTEX_POINT('',#2609);
#724=VERTEX_POINT('',#2614);
#725=VERTEX_POINT('',#2617);
#726=VERTEX_POINT('',#2619);
#727=VERTEX_POINT('',#2625);
#728=VERTEX_POINT('',#2627);
#729=VERTEX_POINT('',#2629);
#730=VERTEX_POINT('',#2631);
#731=VERTEX_POINT('',#2635);
#732=VERTEX_POINT('',#2639);
#733=VERTEX_POINT('',#2640);
#734=VERTEX_POINT('',#2642);
#735=VERTEX_POINT('',#2644);
#736=VERTEX_POINT('',#2667);
#737=VERTEX_POINT('',#2668);
#738=VERTEX_POINT('',#2679);
#739=VERTEX_POINT('',#2680);
#740=VERTEX_POINT('',#2704);
#741=VERTEX_POINT('',#2715);
#742=VERTEX_POINT('',#2719);
#743=VERTEX_POINT('',#2723);
#744=VERTEX_POINT('',#2746);
#745=VERTEX_POINT('',#2747);
#746=VERTEX_POINT('',#2758);
#747=VERTEX_POINT('',#2759);
#748=VERTEX_POINT('',#2783);
#749=VERTEX_POINT('',#2784);
#750=VERTEX_POINT('',#2795);
#751=VERTEX_POINT('',#2797);
#752=VERTEX_POINT('',#2804);
#753=VERTEX_POINT('',#2806);
#754=VERTEX_POINT('',#2810);
#755=VERTEX_POINT('',#2814);
#756=VERTEX_POINT('',#2816);
#757=VERTEX_POINT('',#2820);
#758=VERTEX_POINT('',#2822);
#759=VERTEX_POINT('',#2824);
#760=VERTEX_POINT('',#2826);
#761=VERTEX_POINT('',#2828);
#762=VERTEX_POINT('',#2830);
#763=VERTEX_POINT('',#2832);
#764=VERTEX_POINT('',#2834);
#765=VERTEX_POINT('',#2836);
#766=VERTEX_POINT('',#2838);
#767=VERTEX_POINT('',#2840);
#768=VERTEX_POINT('',#2843);
#769=VERTEX_POINT('',#2845);
#770=VERTEX_POINT('',#2847);
#771=VERTEX_POINT('',#2850);
#772=VERTEX_POINT('',#2852);
#773=VERTEX_POINT('',#2856);
#774=VERTEX_POINT('',#2860);
#775=VERTEX_POINT('',#2862);
#776=VERTEX_POINT('',#2866);
#777=VERTEX_POINT('',#2870);
#778=VERTEX_POINT('',#2893);
#779=VERTEX_POINT('',#2894);
#780=VERTEX_POINT('',#2924);
#781=VERTEX_POINT('',#2925);
#782=VERTEX_POINT('',#2936);
#783=VERTEX_POINT('',#2937);
#784=VERTEX_POINT('',#2942);
#785=VERTEX_POINT('',#2943);
#786=VERTEX_POINT('',#2951);
#787=VERTEX_POINT('',#2953);
#788=VERTEX_POINT('',#2957);
#789=VERTEX_POINT('',#2961);
#790=VERTEX_POINT('',#2963);
#791=VERTEX_POINT('',#2967);
#792=VERTEX_POINT('',#2971);
#793=VERTEX_POINT('',#2973);
#794=VERTEX_POINT('',#2977);
#795=VERTEX_POINT('',#2981);
#796=VERTEX_POINT('',#2985);
#797=VERTEX_POINT('',#2993);
#798=VERTEX_POINT('',#2997);
#799=VERTEX_POINT('',#3001);
#800=VERTEX_POINT('',#3005);
#801=VERTEX_POINT('',#3009);
#802=VERTEX_POINT('',#3017);
#803=VERTEX_POINT('',#3019);
#804=VERTEX_POINT('',#3023);
#805=VERTEX_POINT('',#3027);
#806=VERTEX_POINT('',#3031);
#807=VERTEX_POINT('',#3035);
#808=VERTEX_POINT('',#3039);
#809=VERTEX_POINT('',#3043);
#810=VERTEX_POINT('',#3047);
#811=VERTEX_POINT('',#3051);
#812=VERTEX_POINT('',#3055);
#813=VERTEX_POINT('',#3059);
#814=VERTEX_POINT('',#3065);
#815=VERTEX_POINT('',#3067);
#816=VERTEX_POINT('',#3069);
#817=VERTEX_POINT('',#3072);
#818=VERTEX_POINT('',#3078);
#819=VERTEX_POINT('',#3080);
#820=VERTEX_POINT('',#3082);
#821=VERTEX_POINT('',#3085);
#822=VERTEX_POINT('',#3087);
#823=VERTEX_POINT('',#3091);
#824=VERTEX_POINT('',#3095);
#825=VERTEX_POINT('',#3099);
#826=VERTEX_POINT('',#3103);
#827=VERTEX_POINT('',#3107);
#828=VERTEX_POINT('',#3111);
#829=VERTEX_POINT('',#3121);
#830=VERTEX_POINT('',#3125);
#831=VERTEX_POINT('',#3129);
#832=VERTEX_POINT('',#3139);
#833=VERTEX_POINT('',#3143);
#834=VERTEX_POINT('',#3147);
#835=VERTEX_POINT('',#3153);
#836=EDGE_CURVE('',#688,#689,#486,.T.);
#837=EDGE_CURVE('',#688,#690,#487,.T.);
#838=EDGE_CURVE('',#690,#691,#488,.T.);
#839=EDGE_CURVE('',#689,#691,#489,.T.);
#840=EDGE_CURVE('',#692,#688,#83,.T.);
#841=EDGE_CURVE('',#692,#693,#490,.T.);
#842=EDGE_CURVE('',#693,#690,#84,.T.);
#843=EDGE_CURVE('',#694,#692,#491,.T.);
#844=EDGE_CURVE('',#694,#695,#492,.T.);
#845=EDGE_CURVE('',#695,#693,#493,.T.);
#846=EDGE_CURVE('',#689,#694,#85,.T.);
#847=EDGE_CURVE('',#691,#695,#86,.T.);
#848=EDGE_CURVE('',#696,#696,#87,.T.);
#849=EDGE_CURVE('',#697,#697,#88,.T.);
#850=EDGE_CURVE('',#698,#698,#89,.T.);
#851=EDGE_CURVE('',#699,#700,#494,.T.);
#852=EDGE_CURVE('',#699,#701,#495,.T.);
#853=EDGE_CURVE('',#701,#702,#496,.T.);
#854=EDGE_CURVE('',#700,#702,#497,.T.);
#855=EDGE_CURVE('',#703,#699,#90,.T.);
#856=EDGE_CURVE('',#703,#704,#498,.T.);
#857=EDGE_CURVE('',#704,#701,#91,.T.);
#858=EDGE_CURVE('',#705,#703,#499,.T.);
#859=EDGE_CURVE('',#705,#706,#500,.T.);
#860=EDGE_CURVE('',#706,#704,#501,.T.);
#861=EDGE_CURVE('',#700,#705,#92,.T.);
#862=EDGE_CURVE('',#702,#706,#93,.T.);
#863=EDGE_CURVE('',#707,#707,#94,.T.);
#864=EDGE_CURVE('',#708,#708,#95,.T.);
#865=EDGE_CURVE('',#709,#709,#96,.T.);
#866=EDGE_CURVE('',#710,#711,#97,.T.);
#867=EDGE_CURVE('',#711,#710,#98,.T.);
#868=EDGE_CURVE('',#711,#712,#502,.T.);
#869=EDGE_CURVE('',#712,#712,#99,.T.);
#870=EDGE_CURVE('',#713,#713,#100,.T.);
#871=EDGE_CURVE('',#714,#715,#41,.T.);
#872=EDGE_CURVE('',#716,#714,#101,.T.);
#873=EDGE_CURVE('',#715,#716,#42,.T.);
#874=EDGE_CURVE('',#715,#717,#503,.T.);
#875=EDGE_CURVE('',#717,#717,#102,.T.);
#876=EDGE_CURVE('',#718,#718,#103,.T.);
#877=EDGE_CURVE('',#719,#720,#43,.T.);
#878=EDGE_CURVE('',#721,#719,#104,.T.);
#879=EDGE_CURVE('',#722,#721,#44,.T.);
#880=EDGE_CURVE('',#722,#723,#504,.T.);
#881=EDGE_CURVE('',#723,#723,#105,.T.);
#882=EDGE_CURVE('',#720,#722,#106,.T.);
#883=EDGE_CURVE('',#724,#724,#107,.T.);
#884=EDGE_CURVE('',#725,#722,#108,.T.);
#885=EDGE_CURVE('',#725,#726,#109,.T.);
#886=EDGE_CURVE('',#726,#720,#110,.T.);
#887=EDGE_CURVE('',#716,#711,#505,.T.);
#888=EDGE_CURVE('',#721,#714,#506,.T.);
#889=EDGE_CURVE('',#727,#719,#507,.T.);
#890=EDGE_CURVE('',#728,#727,#111,.T.);
#891=EDGE_CURVE('',#729,#728,#508,.T.);
#892=EDGE_CURVE('',#730,#729,#112,.T.);
#893=EDGE_CURVE('',#710,#730,#509,.T.);
#894=EDGE_CURVE('',#731,#711,#113,.T.);
#895=EDGE_CURVE('',#731,#725,#510,.T.);
#896=EDGE_CURVE('',#732,#733,#114,.T.);
#897=EDGE_CURVE('',#733,#734,#115,.T.);
#898=EDGE_CURVE('',#734,#735,#116,.T.);
#899=EDGE_CURVE('',#735,#732,#117,.T.);
#900=EDGE_CURVE('',#736,#737,#118,.T.);
#901=EDGE_CURVE('',#737,#733,#45,.T.);
#902=EDGE_CURVE('',#732,#736,#46,.T.);
#903=EDGE_CURVE('',#738,#739,#119,.T.);
#904=EDGE_CURVE('',#739,#737,#120,.T.);
#905=EDGE_CURVE('',#736,#738,#121,.T.);
#906=EDGE_CURVE('',#740,#727,#122,.T.);
#907=EDGE_CURVE('',#727,#739,#47,.T.);
#908=EDGE_CURVE('',#738,#740,#48,.T.);
#909=EDGE_CURVE('',#740,#741,#123,.T.);
#910=EDGE_CURVE('',#741,#728,#124,.T.);
#911=EDGE_CURVE('',#742,#729,#125,.T.);
#912=EDGE_CURVE('',#741,#742,#511,.T.);
#913=EDGE_CURVE('',#743,#730,#126,.T.);
#914=EDGE_CURVE('',#742,#743,#127,.T.);
#915=EDGE_CURVE('',#744,#745,#128,.T.);
#916=EDGE_CURVE('',#745,#730,#49,.T.);
#917=EDGE_CURVE('',#743,#744,#50,.T.);
#918=EDGE_CURVE('',#746,#747,#129,.T.);
#919=EDGE_CURVE('',#747,#745,#130,.T.);
#920=EDGE_CURVE('',#744,#746,#131,.T.);
#921=EDGE_CURVE('',#748,#749,#132,.T.);
#922=EDGE_CURVE('',#749,#747,#51,.T.);
#923=EDGE_CURVE('',#746,#748,#52,.T.);
#924=EDGE_CURVE('',#748,#750,#133,.T.);
#925=EDGE_CURVE('',#750,#751,#134,.T.);
#926=EDGE_CURVE('',#751,#749,#135,.T.);
#927=EDGE_CURVE('',#734,#751,#512,.T.);
#928=EDGE_CURVE('',#750,#735,#513,.T.);
#929=EDGE_CURVE('',#752,#745,#136,.T.);
#930=EDGE_CURVE('',#752,#753,#514,.T.);
#931=EDGE_CURVE('',#753,#710,#137,.T.);
#932=EDGE_CURVE('',#754,#747,#138,.T.);
#933=EDGE_CURVE('',#754,#752,#139,.T.);
#934=EDGE_CURVE('',#749,#755,#515,.T.);
#935=EDGE_CURVE('',#756,#755,#140,.T.);
#936=EDGE_CURVE('',#756,#754,#516,.T.);
#937=EDGE_CURVE('',#757,#733,#517,.T.);
#938=EDGE_CURVE('',#758,#757,#141,.T.);
#939=EDGE_CURVE('',#759,#758,#518,.T.);
#940=EDGE_CURVE('',#760,#759,#142,.T.);
#941=EDGE_CURVE('',#761,#760,#519,.T.);
#942=EDGE_CURVE('',#762,#761,#143,.T.);
#943=EDGE_CURVE('',#763,#762,#520,.T.);
#944=EDGE_CURVE('',#764,#763,#144,.T.);
#945=EDGE_CURVE('',#765,#764,#521,.T.);
#946=EDGE_CURVE('',#766,#765,#145,.T.);
#947=EDGE_CURVE('',#767,#766,#522,.T.);
#948=EDGE_CURVE('',#755,#767,#146,.T.);
#949=EDGE_CURVE('',#768,#768,#147,.T.);
#950=EDGE_CURVE('',#769,#769,#148,.T.);
#951=EDGE_CURVE('',#770,#770,#149,.T.);
#952=EDGE_CURVE('',#741,#771,#523,.T.);
#953=EDGE_CURVE('',#772,#771,#524,.T.);
#954=EDGE_CURVE('',#742,#772,#525,.T.);
#955=EDGE_CURVE('',#735,#773,#526,.T.);
#956=EDGE_CURVE('',#771,#773,#150,.T.);
#957=EDGE_CURVE('',#762,#774,#151,.T.);
#958=EDGE_CURVE('',#774,#775,#527,.T.);
#959=EDGE_CURVE('',#775,#763,#152,.T.);
#960=EDGE_CURVE('',#776,#764,#153,.T.);
#961=EDGE_CURVE('',#775,#776,#154,.T.);
#962=EDGE_CURVE('',#761,#777,#155,.T.);
#963=EDGE_CURVE('',#777,#774,#156,.T.);
#964=EDGE_CURVE('',#778,#779,#157,.T.);
#965=EDGE_CURVE('',#779,#764,#53,.T.);
#966=EDGE_CURVE('',#776,#778,#54,.T.);
#967=EDGE_CURVE('',#780,#781,#158,.T.);
#968=EDGE_CURVE('',#781,#777,#55,.T.);
#969=EDGE_CURVE('',#761,#780,#56,.T.);
#970=EDGE_CURVE('',#782,#783,#159,.T.);
#971=EDGE_CURVE('',#783,#779,#160,.T.);
#972=EDGE_CURVE('',#778,#782,#161,.T.);
#973=EDGE_CURVE('',#784,#785,#162,.T.);
#974=EDGE_CURVE('',#785,#783,#528,.T.);
#975=EDGE_CURVE('',#782,#784,#529,.T.);
#976=EDGE_CURVE('',#780,#785,#163,.T.);
#977=EDGE_CURVE('',#784,#781,#164,.T.);
#978=EDGE_CURVE('',#786,#780,#165,.T.);
#979=EDGE_CURVE('',#786,#787,#166,.T.);
#980=EDGE_CURVE('',#787,#785,#167,.T.);
#981=EDGE_CURVE('',#788,#760,#168,.T.);
#982=EDGE_CURVE('',#788,#786,#530,.T.);
#983=EDGE_CURVE('',#775,#789,#531,.T.);
#984=EDGE_CURVE('',#790,#789,#169,.T.);
#985=EDGE_CURVE('',#782,#790,#532,.T.);
#986=EDGE_CURVE('',#774,#791,#533,.T.);
#987=EDGE_CURVE('',#789,#791,#534,.T.);
#988=EDGE_CURVE('',#783,#792,#170,.T.);
#989=EDGE_CURVE('',#792,#793,#171,.T.);
#990=EDGE_CURVE('',#793,#779,#172,.T.);
#991=EDGE_CURVE('',#793,#794,#535,.T.);
#992=EDGE_CURVE('',#794,#765,#173,.T.);
#993=EDGE_CURVE('',#795,#766,#174,.T.);
#994=EDGE_CURVE('',#794,#795,#175,.T.);
#995=EDGE_CURVE('',#796,#767,#176,.T.);
#996=EDGE_CURVE('',#795,#796,#536,.T.);
#997=EDGE_CURVE('',#796,#756,#177,.T.);
#998=EDGE_CURVE('',#753,#731,#178,.T.);
#999=EDGE_CURVE('',#726,#797,#537,.T.);
#1000=EDGE_CURVE('',#797,#739,#179,.T.);
#1001=EDGE_CURVE('',#797,#798,#180,.T.);
#1002=EDGE_CURVE('',#798,#737,#181,.T.);
#1003=EDGE_CURVE('',#798,#799,#538,.T.);
#1004=EDGE_CURVE('',#799,#757,#182,.T.);
#1005=EDGE_CURVE('',#800,#758,#183,.T.);
#1006=EDGE_CURVE('',#799,#800,#184,.T.);
#1007=EDGE_CURVE('',#801,#759,#185,.T.);
#1008=EDGE_CURVE('',#800,#801,#539,.T.);
#1009=EDGE_CURVE('',#801,#788,#186,.T.);
#1010=EDGE_CURVE('',#787,#792,#540,.T.);
#1011=EDGE_CURVE('',#802,#731,#541,.T.);
#1012=EDGE_CURVE('',#802,#803,#542,.T.);
#1013=EDGE_CURVE('',#803,#725,#543,.T.);
#1014=EDGE_CURVE('',#804,#753,#544,.T.);
#1015=EDGE_CURVE('',#804,#802,#187,.T.);
#1016=EDGE_CURVE('',#805,#752,#545,.T.);
#1017=EDGE_CURVE('',#805,#804,#546,.T.);
#1018=EDGE_CURVE('',#806,#754,#547,.T.);
#1019=EDGE_CURVE('',#806,#805,#188,.T.);
#1020=EDGE_CURVE('',#807,#756,#548,.T.);
#1021=EDGE_CURVE('',#807,#806,#549,.T.);
#1022=EDGE_CURVE('',#796,#808,#550,.T.);
#1023=EDGE_CURVE('',#808,#807,#189,.T.);
#1024=EDGE_CURVE('',#809,#795,#551,.T.);
#1025=EDGE_CURVE('',#809,#808,#552,.T.);
#1026=EDGE_CURVE('',#794,#810,#553,.T.);
#1027=EDGE_CURVE('',#810,#809,#190,.T.);
#1028=EDGE_CURVE('',#811,#793,#554,.T.);
#1029=EDGE_CURVE('',#811,#810,#555,.T.);
#1030=EDGE_CURVE('',#812,#792,#556,.T.);
#1031=EDGE_CURVE('',#812,#811,#191,.T.);
#1032=EDGE_CURVE('',#813,#790,#557,.T.);
#1033=EDGE_CURVE('',#784,#813,#558,.T.);
#1034=EDGE_CURVE('',#791,#813,#192,.T.);
#1035=EDGE_CURVE('',#814,#814,#193,.T.);
#1036=EDGE_CURVE('',#815,#815,#194,.T.);
#1037=EDGE_CURVE('',#816,#816,#195,.T.);
#1038=EDGE_CURVE('',#750,#817,#559,.T.);
#1039=EDGE_CURVE('',#773,#817,#560,.T.);
#1040=EDGE_CURVE('',#817,#772,#196,.T.);
#1041=EDGE_CURVE('',#818,#818,#197,.T.);
#1042=EDGE_CURVE('',#819,#819,#198,.T.);
#1043=EDGE_CURVE('',#820,#820,#199,.T.);
#1044=EDGE_CURVE('',#799,#821,#561,.T.);
#1045=EDGE_CURVE('',#821,#822,#200,.T.);
#1046=EDGE_CURVE('',#822,#800,#562,.T.);
#1047=EDGE_CURVE('',#822,#823,#563,.T.);
#1048=EDGE_CURVE('',#801,#823,#564,.T.);
#1049=EDGE_CURVE('',#823,#824,#201,.T.);
#1050=EDGE_CURVE('',#824,#788,#565,.T.);
#1051=EDGE_CURVE('',#824,#825,#566,.T.);
#1052=EDGE_CURVE('',#825,#786,#567,.T.);
#1053=EDGE_CURVE('',#770,#826,#568,.T.);
#1054=EDGE_CURVE('',#826,#826,#202,.T.);
#1055=EDGE_CURVE('',#769,#827,#569,.T.);
#1056=EDGE_CURVE('',#827,#827,#203,.T.);
#1057=EDGE_CURVE('',#768,#828,#570,.T.);
#1058=EDGE_CURVE('',#828,#828,#204,.T.);
#1059=EDGE_CURVE('',#819,#698,#571,.T.);
#1060=EDGE_CURVE('',#818,#696,#572,.T.);
#1061=EDGE_CURVE('',#820,#697,#573,.T.);
#1062=EDGE_CURVE('',#718,#829,#574,.T.);
#1063=EDGE_CURVE('',#829,#829,#205,.T.);
#1064=EDGE_CURVE('',#724,#830,#575,.T.);
#1065=EDGE_CURVE('',#830,#830,#206,.T.);
#1066=EDGE_CURVE('',#713,#831,#576,.T.);
#1067=EDGE_CURVE('',#831,#831,#207,.T.);
#1068=EDGE_CURVE('',#815,#709,#577,.T.);
#1069=EDGE_CURVE('',#816,#708,#578,.T.);
#1070=EDGE_CURVE('',#814,#707,#579,.T.);
#1071=EDGE_CURVE('',#832,#798,#580,.T.);
#1072=EDGE_CURVE('',#832,#821,#581,.T.);
#1073=EDGE_CURVE('',#833,#797,#582,.T.);
#1074=EDGE_CURVE('',#833,#832,#208,.T.);
#1075=EDGE_CURVE('',#834,#726,#583,.T.);
#1076=EDGE_CURVE('',#834,#833,#584,.T.);
#1077=EDGE_CURVE('',#803,#834,#209,.T.);
#1078=EDGE_CURVE('',#835,#787,#585,.T.);
#1079=EDGE_CURVE('',#835,#812,#586,.T.);
#1080=EDGE_CURVE('',#825,#835,#210,.T.);
#1081=ORIENTED_EDGE('',*,*,#836,.F.);
#1082=ORIENTED_EDGE('',*,*,#837,.T.);
#1083=ORIENTED_EDGE('',*,*,#838,.T.);
#1084=ORIENTED_EDGE('',*,*,#839,.F.);
#1085=ORIENTED_EDGE('',*,*,#840,.F.);
#1086=ORIENTED_EDGE('',*,*,#841,.T.);
#1087=ORIENTED_EDGE('',*,*,#842,.T.);
#1088=ORIENTED_EDGE('',*,*,#837,.F.);
#1089=ORIENTED_EDGE('',*,*,#843,.F.);
#1090=ORIENTED_EDGE('',*,*,#844,.T.);
#1091=ORIENTED_EDGE('',*,*,#845,.T.);
#1092=ORIENTED_EDGE('',*,*,#841,.F.);
#1093=ORIENTED_EDGE('',*,*,#846,.F.);
#1094=ORIENTED_EDGE('',*,*,#839,.T.);
#1095=ORIENTED_EDGE('',*,*,#847,.T.);
#1096=ORIENTED_EDGE('',*,*,#844,.F.);
#1097=ORIENTED_EDGE('',*,*,#847,.F.);
#1098=ORIENTED_EDGE('',*,*,#838,.F.);
#1099=ORIENTED_EDGE('',*,*,#842,.F.);
#1100=ORIENTED_EDGE('',*,*,#845,.F.);
#1101=ORIENTED_EDGE('',*,*,#848,.F.);
#1102=ORIENTED_EDGE('',*,*,#849,.F.);
#1103=ORIENTED_EDGE('',*,*,#850,.F.);
#1104=ORIENTED_EDGE('',*,*,#851,.F.);
#1105=ORIENTED_EDGE('',*,*,#852,.T.);
#1106=ORIENTED_EDGE('',*,*,#853,.T.);
#1107=ORIENTED_EDGE('',*,*,#854,.F.);
#1108=ORIENTED_EDGE('',*,*,#855,.F.);
#1109=ORIENTED_EDGE('',*,*,#856,.T.);
#1110=ORIENTED_EDGE('',*,*,#857,.T.);
#1111=ORIENTED_EDGE('',*,*,#852,.F.);
#1112=ORIENTED_EDGE('',*,*,#858,.F.);
#1113=ORIENTED_EDGE('',*,*,#859,.T.);
#1114=ORIENTED_EDGE('',*,*,#860,.T.);
#1115=ORIENTED_EDGE('',*,*,#856,.F.);
#1116=ORIENTED_EDGE('',*,*,#861,.F.);
#1117=ORIENTED_EDGE('',*,*,#854,.T.);
#1118=ORIENTED_EDGE('',*,*,#862,.T.);
#1119=ORIENTED_EDGE('',*,*,#859,.F.);
#1120=ORIENTED_EDGE('',*,*,#862,.F.);
#1121=ORIENTED_EDGE('',*,*,#853,.F.);
#1122=ORIENTED_EDGE('',*,*,#857,.F.);
#1123=ORIENTED_EDGE('',*,*,#860,.F.);
#1124=ORIENTED_EDGE('',*,*,#863,.F.);
#1125=ORIENTED_EDGE('',*,*,#864,.F.);
#1126=ORIENTED_EDGE('',*,*,#865,.F.);
#1127=ORIENTED_EDGE('',*,*,#866,.F.);
#1128=ORIENTED_EDGE('',*,*,#867,.F.);
#1129=ORIENTED_EDGE('',*,*,#868,.T.);
#1130=ORIENTED_EDGE('',*,*,#869,.T.);
#1131=ORIENTED_EDGE('',*,*,#868,.F.);
#1132=ORIENTED_EDGE('',*,*,#869,.F.);
#1133=ORIENTED_EDGE('',*,*,#870,.F.);
#1134=ORIENTED_EDGE('',*,*,#871,.F.);
#1135=ORIENTED_EDGE('',*,*,#872,.F.);
#1136=ORIENTED_EDGE('',*,*,#873,.F.);
#1137=ORIENTED_EDGE('',*,*,#874,.T.);
#1138=ORIENTED_EDGE('',*,*,#875,.T.);
#1139=ORIENTED_EDGE('',*,*,#874,.F.);
#1140=ORIENTED_EDGE('',*,*,#875,.F.);
#1141=ORIENTED_EDGE('',*,*,#876,.F.);
#1142=ORIENTED_EDGE('',*,*,#877,.F.);
#1143=ORIENTED_EDGE('',*,*,#878,.F.);
#1144=ORIENTED_EDGE('',*,*,#879,.F.);
#1145=ORIENTED_EDGE('',*,*,#880,.T.);
#1146=ORIENTED_EDGE('',*,*,#881,.T.);
#1147=ORIENTED_EDGE('',*,*,#880,.F.);
#1148=ORIENTED_EDGE('',*,*,#882,.F.);
#1149=ORIENTED_EDGE('',*,*,#881,.F.);
#1150=ORIENTED_EDGE('',*,*,#883,.F.);
#1151=ORIENTED_EDGE('',*,*,#882,.T.);
#1152=ORIENTED_EDGE('',*,*,#884,.F.);
#1153=ORIENTED_EDGE('',*,*,#885,.T.);
#1154=ORIENTED_EDGE('',*,*,#886,.T.);
#1155=ORIENTED_EDGE('',*,*,#866,.T.);
#1156=ORIENTED_EDGE('',*,*,#887,.F.);
#1157=ORIENTED_EDGE('',*,*,#872,.T.);
#1158=ORIENTED_EDGE('',*,*,#888,.F.);
#1159=ORIENTED_EDGE('',*,*,#878,.T.);
#1160=ORIENTED_EDGE('',*,*,#889,.F.);
#1161=ORIENTED_EDGE('',*,*,#890,.F.);
#1162=ORIENTED_EDGE('',*,*,#891,.F.);
#1163=ORIENTED_EDGE('',*,*,#892,.F.);
#1164=ORIENTED_EDGE('',*,*,#893,.F.);
#1165=ORIENTED_EDGE('',*,*,#871,.T.);
#1166=ORIENTED_EDGE('',*,*,#873,.T.);
#1167=ORIENTED_EDGE('',*,*,#887,.T.);
#1168=ORIENTED_EDGE('',*,*,#894,.F.);
#1169=ORIENTED_EDGE('',*,*,#895,.T.);
#1170=ORIENTED_EDGE('',*,*,#884,.T.);
#1171=ORIENTED_EDGE('',*,*,#879,.T.);
#1172=ORIENTED_EDGE('',*,*,#888,.T.);
#1173=ORIENTED_EDGE('',*,*,#896,.T.);
#1174=ORIENTED_EDGE('',*,*,#897,.T.);
#1175=ORIENTED_EDGE('',*,*,#898,.T.);
#1176=ORIENTED_EDGE('',*,*,#899,.T.);
#1177=ORIENTED_EDGE('',*,*,#900,.T.);
#1178=ORIENTED_EDGE('',*,*,#901,.T.);
#1179=ORIENTED_EDGE('',*,*,#896,.F.);
#1180=ORIENTED_EDGE('',*,*,#902,.T.);
#1181=ORIENTED_EDGE('',*,*,#903,.T.);
#1182=ORIENTED_EDGE('',*,*,#904,.T.);
#1183=ORIENTED_EDGE('',*,*,#900,.F.);
#1184=ORIENTED_EDGE('',*,*,#905,.T.);
#1185=ORIENTED_EDGE('',*,*,#906,.T.);
#1186=ORIENTED_EDGE('',*,*,#907,.T.);
#1187=ORIENTED_EDGE('',*,*,#903,.F.);
#1188=ORIENTED_EDGE('',*,*,#908,.T.);
#1189=ORIENTED_EDGE('',*,*,#906,.F.);
#1190=ORIENTED_EDGE('',*,*,#909,.T.);
#1191=ORIENTED_EDGE('',*,*,#910,.T.);
#1192=ORIENTED_EDGE('',*,*,#890,.T.);
#1193=ORIENTED_EDGE('',*,*,#911,.T.);
#1194=ORIENTED_EDGE('',*,*,#891,.T.);
#1195=ORIENTED_EDGE('',*,*,#910,.F.);
#1196=ORIENTED_EDGE('',*,*,#912,.T.);
#1197=ORIENTED_EDGE('',*,*,#913,.T.);
#1198=ORIENTED_EDGE('',*,*,#892,.T.);
#1199=ORIENTED_EDGE('',*,*,#911,.F.);
#1200=ORIENTED_EDGE('',*,*,#914,.T.);
#1201=ORIENTED_EDGE('',*,*,#915,.T.);
#1202=ORIENTED_EDGE('',*,*,#916,.T.);
#1203=ORIENTED_EDGE('',*,*,#913,.F.);
#1204=ORIENTED_EDGE('',*,*,#917,.T.);
#1205=ORIENTED_EDGE('',*,*,#918,.T.);
#1206=ORIENTED_EDGE('',*,*,#919,.T.);
#1207=ORIENTED_EDGE('',*,*,#915,.F.);
#1208=ORIENTED_EDGE('',*,*,#920,.T.);
#1209=ORIENTED_EDGE('',*,*,#921,.T.);
#1210=ORIENTED_EDGE('',*,*,#922,.T.);
#1211=ORIENTED_EDGE('',*,*,#918,.F.);
#1212=ORIENTED_EDGE('',*,*,#923,.T.);
#1213=ORIENTED_EDGE('',*,*,#921,.F.);
#1214=ORIENTED_EDGE('',*,*,#924,.T.);
#1215=ORIENTED_EDGE('',*,*,#925,.T.);
#1216=ORIENTED_EDGE('',*,*,#926,.T.);
#1217=ORIENTED_EDGE('',*,*,#898,.F.);
#1218=ORIENTED_EDGE('',*,*,#927,.T.);
#1219=ORIENTED_EDGE('',*,*,#925,.F.);
#1220=ORIENTED_EDGE('',*,*,#928,.T.);
#1221=ORIENTED_EDGE('',*,*,#916,.F.);
#1222=ORIENTED_EDGE('',*,*,#929,.F.);
#1223=ORIENTED_EDGE('',*,*,#930,.T.);
#1224=ORIENTED_EDGE('',*,*,#931,.T.);
#1225=ORIENTED_EDGE('',*,*,#893,.T.);
#1226=ORIENTED_EDGE('',*,*,#919,.F.);
#1227=ORIENTED_EDGE('',*,*,#932,.F.);
#1228=ORIENTED_EDGE('',*,*,#933,.T.);
#1229=ORIENTED_EDGE('',*,*,#929,.T.);
#1230=ORIENTED_EDGE('',*,*,#922,.F.);
#1231=ORIENTED_EDGE('',*,*,#934,.T.);
#1232=ORIENTED_EDGE('',*,*,#935,.F.);
#1233=ORIENTED_EDGE('',*,*,#936,.T.);
#1234=ORIENTED_EDGE('',*,*,#932,.T.);
#1235=ORIENTED_EDGE('',*,*,#926,.F.);
#1236=ORIENTED_EDGE('',*,*,#927,.F.);
#1237=ORIENTED_EDGE('',*,*,#897,.F.);
#1238=ORIENTED_EDGE('',*,*,#937,.F.);
#1239=ORIENTED_EDGE('',*,*,#938,.F.);
#1240=ORIENTED_EDGE('',*,*,#939,.F.);
#1241=ORIENTED_EDGE('',*,*,#940,.F.);
#1242=ORIENTED_EDGE('',*,*,#941,.F.);
#1243=ORIENTED_EDGE('',*,*,#942,.F.);
#1244=ORIENTED_EDGE('',*,*,#943,.F.);
#1245=ORIENTED_EDGE('',*,*,#944,.F.);
#1246=ORIENTED_EDGE('',*,*,#945,.F.);
#1247=ORIENTED_EDGE('',*,*,#946,.F.);
#1248=ORIENTED_EDGE('',*,*,#947,.F.);
#1249=ORIENTED_EDGE('',*,*,#948,.F.);
#1250=ORIENTED_EDGE('',*,*,#934,.F.);
#1251=ORIENTED_EDGE('',*,*,#949,.T.);
#1252=ORIENTED_EDGE('',*,*,#950,.T.);
#1253=ORIENTED_EDGE('',*,*,#951,.T.);
#1254=ORIENTED_EDGE('',*,*,#912,.F.);
#1255=ORIENTED_EDGE('',*,*,#952,.T.);
#1256=ORIENTED_EDGE('',*,*,#953,.F.);
#1257=ORIENTED_EDGE('',*,*,#954,.F.);
#1258=ORIENTED_EDGE('',*,*,#909,.F.);
#1259=ORIENTED_EDGE('',*,*,#908,.F.);
#1260=ORIENTED_EDGE('',*,*,#905,.F.);
#1261=ORIENTED_EDGE('',*,*,#902,.F.);
#1262=ORIENTED_EDGE('',*,*,#899,.F.);
#1263=ORIENTED_EDGE('',*,*,#955,.T.);
#1264=ORIENTED_EDGE('',*,*,#956,.F.);
#1265=ORIENTED_EDGE('',*,*,#952,.F.);
#1266=ORIENTED_EDGE('',*,*,#957,.T.);
#1267=ORIENTED_EDGE('',*,*,#958,.T.);
#1268=ORIENTED_EDGE('',*,*,#959,.T.);
#1269=ORIENTED_EDGE('',*,*,#943,.T.);
#1270=ORIENTED_EDGE('',*,*,#960,.T.);
#1271=ORIENTED_EDGE('',*,*,#944,.T.);
#1272=ORIENTED_EDGE('',*,*,#959,.F.);
#1273=ORIENTED_EDGE('',*,*,#961,.T.);
#1274=ORIENTED_EDGE('',*,*,#962,.T.);
#1275=ORIENTED_EDGE('',*,*,#963,.T.);
#1276=ORIENTED_EDGE('',*,*,#957,.F.);
#1277=ORIENTED_EDGE('',*,*,#942,.T.);
#1278=ORIENTED_EDGE('',*,*,#964,.T.);
#1279=ORIENTED_EDGE('',*,*,#965,.T.);
#1280=ORIENTED_EDGE('',*,*,#960,.F.);
#1281=ORIENTED_EDGE('',*,*,#966,.T.);
#1282=ORIENTED_EDGE('',*,*,#967,.T.);
#1283=ORIENTED_EDGE('',*,*,#968,.T.);
#1284=ORIENTED_EDGE('',*,*,#962,.F.);
#1285=ORIENTED_EDGE('',*,*,#969,.T.);
#1286=ORIENTED_EDGE('',*,*,#970,.T.);
#1287=ORIENTED_EDGE('',*,*,#971,.T.);
#1288=ORIENTED_EDGE('',*,*,#964,.F.);
#1289=ORIENTED_EDGE('',*,*,#972,.T.);
#1290=ORIENTED_EDGE('',*,*,#973,.T.);
#1291=ORIENTED_EDGE('',*,*,#974,.T.);
#1292=ORIENTED_EDGE('',*,*,#970,.F.);
#1293=ORIENTED_EDGE('',*,*,#975,.T.);
#1294=ORIENTED_EDGE('',*,*,#967,.F.);
#1295=ORIENTED_EDGE('',*,*,#976,.T.);
#1296=ORIENTED_EDGE('',*,*,#973,.F.);
#1297=ORIENTED_EDGE('',*,*,#977,.T.);
#1298=ORIENTED_EDGE('',*,*,#976,.F.);
#1299=ORIENTED_EDGE('',*,*,#978,.F.);
#1300=ORIENTED_EDGE('',*,*,#979,.T.);
#1301=ORIENTED_EDGE('',*,*,#980,.T.);
#1302=ORIENTED_EDGE('',*,*,#969,.F.);
#1303=ORIENTED_EDGE('',*,*,#941,.T.);
#1304=ORIENTED_EDGE('',*,*,#981,.F.);
#1305=ORIENTED_EDGE('',*,*,#982,.T.);
#1306=ORIENTED_EDGE('',*,*,#978,.T.);
#1307=ORIENTED_EDGE('',*,*,#972,.F.);
#1308=ORIENTED_EDGE('',*,*,#966,.F.);
#1309=ORIENTED_EDGE('',*,*,#961,.F.);
#1310=ORIENTED_EDGE('',*,*,#983,.T.);
#1311=ORIENTED_EDGE('',*,*,#984,.F.);
#1312=ORIENTED_EDGE('',*,*,#985,.F.);
#1313=ORIENTED_EDGE('',*,*,#958,.F.);
#1314=ORIENTED_EDGE('',*,*,#986,.T.);
#1315=ORIENTED_EDGE('',*,*,#987,.F.);
#1316=ORIENTED_EDGE('',*,*,#983,.F.);
#1317=ORIENTED_EDGE('',*,*,#971,.F.);
#1318=ORIENTED_EDGE('',*,*,#988,.T.);
#1319=ORIENTED_EDGE('',*,*,#989,.T.);
#1320=ORIENTED_EDGE('',*,*,#990,.T.);
#1321=ORIENTED_EDGE('',*,*,#965,.F.);
#1322=ORIENTED_EDGE('',*,*,#990,.F.);
#1323=ORIENTED_EDGE('',*,*,#991,.T.);
#1324=ORIENTED_EDGE('',*,*,#992,.T.);
#1325=ORIENTED_EDGE('',*,*,#945,.T.);
#1326=ORIENTED_EDGE('',*,*,#993,.T.);
#1327=ORIENTED_EDGE('',*,*,#946,.T.);
#1328=ORIENTED_EDGE('',*,*,#992,.F.);
#1329=ORIENTED_EDGE('',*,*,#994,.T.);
#1330=ORIENTED_EDGE('',*,*,#995,.T.);
#1331=ORIENTED_EDGE('',*,*,#947,.T.);
#1332=ORIENTED_EDGE('',*,*,#993,.F.);
#1333=ORIENTED_EDGE('',*,*,#996,.T.);
#1334=ORIENTED_EDGE('',*,*,#935,.T.);
#1335=ORIENTED_EDGE('',*,*,#948,.T.);
#1336=ORIENTED_EDGE('',*,*,#995,.F.);
#1337=ORIENTED_EDGE('',*,*,#997,.T.);
#1338=ORIENTED_EDGE('',*,*,#894,.T.);
#1339=ORIENTED_EDGE('',*,*,#867,.T.);
#1340=ORIENTED_EDGE('',*,*,#931,.F.);
#1341=ORIENTED_EDGE('',*,*,#998,.T.);
#1342=ORIENTED_EDGE('',*,*,#877,.T.);
#1343=ORIENTED_EDGE('',*,*,#886,.F.);
#1344=ORIENTED_EDGE('',*,*,#999,.T.);
#1345=ORIENTED_EDGE('',*,*,#1000,.T.);
#1346=ORIENTED_EDGE('',*,*,#907,.F.);
#1347=ORIENTED_EDGE('',*,*,#889,.T.);
#1348=ORIENTED_EDGE('',*,*,#904,.F.);
#1349=ORIENTED_EDGE('',*,*,#1000,.F.);
#1350=ORIENTED_EDGE('',*,*,#1001,.T.);
#1351=ORIENTED_EDGE('',*,*,#1002,.T.);
#1352=ORIENTED_EDGE('',*,*,#901,.F.);
#1353=ORIENTED_EDGE('',*,*,#1002,.F.);
#1354=ORIENTED_EDGE('',*,*,#1003,.T.);
#1355=ORIENTED_EDGE('',*,*,#1004,.T.);
#1356=ORIENTED_EDGE('',*,*,#937,.T.);
#1357=ORIENTED_EDGE('',*,*,#1005,.T.);
#1358=ORIENTED_EDGE('',*,*,#938,.T.);
#1359=ORIENTED_EDGE('',*,*,#1004,.F.);
#1360=ORIENTED_EDGE('',*,*,#1006,.T.);
#1361=ORIENTED_EDGE('',*,*,#1007,.T.);
#1362=ORIENTED_EDGE('',*,*,#939,.T.);
#1363=ORIENTED_EDGE('',*,*,#1005,.F.);
#1364=ORIENTED_EDGE('',*,*,#1008,.T.);
#1365=ORIENTED_EDGE('',*,*,#981,.T.);
#1366=ORIENTED_EDGE('',*,*,#940,.T.);
#1367=ORIENTED_EDGE('',*,*,#1007,.F.);
#1368=ORIENTED_EDGE('',*,*,#1009,.T.);
#1369=ORIENTED_EDGE('',*,*,#974,.F.);
#1370=ORIENTED_EDGE('',*,*,#980,.F.);
#1371=ORIENTED_EDGE('',*,*,#1010,.T.);
#1372=ORIENTED_EDGE('',*,*,#988,.F.);
#1373=ORIENTED_EDGE('',*,*,#895,.F.);
#1374=ORIENTED_EDGE('',*,*,#1011,.F.);
#1375=ORIENTED_EDGE('',*,*,#1012,.T.);
#1376=ORIENTED_EDGE('',*,*,#1013,.T.);
#1377=ORIENTED_EDGE('',*,*,#998,.F.);
#1378=ORIENTED_EDGE('',*,*,#1014,.F.);
#1379=ORIENTED_EDGE('',*,*,#1015,.T.);
#1380=ORIENTED_EDGE('',*,*,#1011,.T.);
#1381=ORIENTED_EDGE('',*,*,#930,.F.);
#1382=ORIENTED_EDGE('',*,*,#1016,.F.);
#1383=ORIENTED_EDGE('',*,*,#1017,.T.);
#1384=ORIENTED_EDGE('',*,*,#1014,.T.);
#1385=ORIENTED_EDGE('',*,*,#933,.F.);
#1386=ORIENTED_EDGE('',*,*,#1018,.F.);
#1387=ORIENTED_EDGE('',*,*,#1019,.T.);
#1388=ORIENTED_EDGE('',*,*,#1016,.T.);
#1389=ORIENTED_EDGE('',*,*,#936,.F.);
#1390=ORIENTED_EDGE('',*,*,#1020,.F.);
#1391=ORIENTED_EDGE('',*,*,#1021,.T.);
#1392=ORIENTED_EDGE('',*,*,#1018,.T.);
#1393=ORIENTED_EDGE('',*,*,#997,.F.);
#1394=ORIENTED_EDGE('',*,*,#1022,.T.);
#1395=ORIENTED_EDGE('',*,*,#1023,.T.);
#1396=ORIENTED_EDGE('',*,*,#1020,.T.);
#1397=ORIENTED_EDGE('',*,*,#996,.F.);
#1398=ORIENTED_EDGE('',*,*,#1024,.F.);
#1399=ORIENTED_EDGE('',*,*,#1025,.T.);
#1400=ORIENTED_EDGE('',*,*,#1022,.F.);
#1401=ORIENTED_EDGE('',*,*,#994,.F.);
#1402=ORIENTED_EDGE('',*,*,#1026,.T.);
#1403=ORIENTED_EDGE('',*,*,#1027,.T.);
#1404=ORIENTED_EDGE('',*,*,#1024,.T.);
#1405=ORIENTED_EDGE('',*,*,#991,.F.);
#1406=ORIENTED_EDGE('',*,*,#1028,.F.);
#1407=ORIENTED_EDGE('',*,*,#1029,.T.);
#1408=ORIENTED_EDGE('',*,*,#1026,.F.);
#1409=ORIENTED_EDGE('',*,*,#989,.F.);
#1410=ORIENTED_EDGE('',*,*,#1030,.F.);
#1411=ORIENTED_EDGE('',*,*,#1031,.T.);
#1412=ORIENTED_EDGE('',*,*,#1028,.T.);
#1413=ORIENTED_EDGE('',*,*,#975,.F.);
#1414=ORIENTED_EDGE('',*,*,#985,.T.);
#1415=ORIENTED_EDGE('',*,*,#1032,.F.);
#1416=ORIENTED_EDGE('',*,*,#1033,.F.);
#1417=ORIENTED_EDGE('',*,*,#977,.F.);
#1418=ORIENTED_EDGE('',*,*,#1033,.T.);
#1419=ORIENTED_EDGE('',*,*,#1034,.F.);
#1420=ORIENTED_EDGE('',*,*,#986,.F.);
#1421=ORIENTED_EDGE('',*,*,#963,.F.);
#1422=ORIENTED_EDGE('',*,*,#968,.F.);
#1423=ORIENTED_EDGE('',*,*,#987,.T.);
#1424=ORIENTED_EDGE('',*,*,#1034,.T.);
#1425=ORIENTED_EDGE('',*,*,#1032,.T.);
#1426=ORIENTED_EDGE('',*,*,#984,.T.);
#1427=ORIENTED_EDGE('',*,*,#1035,.T.);
#1428=ORIENTED_EDGE('',*,*,#1036,.T.);
#1429=ORIENTED_EDGE('',*,*,#1037,.T.);
#1430=ORIENTED_EDGE('',*,*,#928,.F.);
#1431=ORIENTED_EDGE('',*,*,#1038,.T.);
#1432=ORIENTED_EDGE('',*,*,#1039,.F.);
#1433=ORIENTED_EDGE('',*,*,#955,.F.);
#1434=ORIENTED_EDGE('',*,*,#914,.F.);
#1435=ORIENTED_EDGE('',*,*,#954,.T.);
#1436=ORIENTED_EDGE('',*,*,#1040,.F.);
#1437=ORIENTED_EDGE('',*,*,#1038,.F.);
#1438=ORIENTED_EDGE('',*,*,#924,.F.);
#1439=ORIENTED_EDGE('',*,*,#923,.F.);
#1440=ORIENTED_EDGE('',*,*,#920,.F.);
#1441=ORIENTED_EDGE('',*,*,#917,.F.);
#1442=ORIENTED_EDGE('',*,*,#1040,.T.);
#1443=ORIENTED_EDGE('',*,*,#953,.T.);
#1444=ORIENTED_EDGE('',*,*,#956,.T.);
#1445=ORIENTED_EDGE('',*,*,#1039,.T.);
#1446=ORIENTED_EDGE('',*,*,#1041,.T.);
#1447=ORIENTED_EDGE('',*,*,#1042,.T.);
#1448=ORIENTED_EDGE('',*,*,#1043,.T.);
#1449=ORIENTED_EDGE('',*,*,#1006,.F.);
#1450=ORIENTED_EDGE('',*,*,#1044,.T.);
#1451=ORIENTED_EDGE('',*,*,#1045,.T.);
#1452=ORIENTED_EDGE('',*,*,#1046,.T.);
#1453=ORIENTED_EDGE('',*,*,#1008,.F.);
#1454=ORIENTED_EDGE('',*,*,#1046,.F.);
#1455=ORIENTED_EDGE('',*,*,#1047,.T.);
#1456=ORIENTED_EDGE('',*,*,#1048,.F.);
#1457=ORIENTED_EDGE('',*,*,#1009,.F.);
#1458=ORIENTED_EDGE('',*,*,#1048,.T.);
#1459=ORIENTED_EDGE('',*,*,#1049,.T.);
#1460=ORIENTED_EDGE('',*,*,#1050,.T.);
#1461=ORIENTED_EDGE('',*,*,#982,.F.);
#1462=ORIENTED_EDGE('',*,*,#1050,.F.);
#1463=ORIENTED_EDGE('',*,*,#1051,.T.);
#1464=ORIENTED_EDGE('',*,*,#1052,.T.);
#1465=ORIENTED_EDGE('',*,*,#951,.F.);
#1466=ORIENTED_EDGE('',*,*,#1053,.T.);
#1467=ORIENTED_EDGE('',*,*,#1054,.T.);
#1468=ORIENTED_EDGE('',*,*,#1053,.F.);
#1469=ORIENTED_EDGE('',*,*,#950,.F.);
#1470=ORIENTED_EDGE('',*,*,#1055,.T.);
#1471=ORIENTED_EDGE('',*,*,#1056,.T.);
#1472=ORIENTED_EDGE('',*,*,#1055,.F.);
#1473=ORIENTED_EDGE('',*,*,#949,.F.);
#1474=ORIENTED_EDGE('',*,*,#1057,.T.);
#1475=ORIENTED_EDGE('',*,*,#1058,.T.);
#1476=ORIENTED_EDGE('',*,*,#1057,.F.);
#1477=ORIENTED_EDGE('',*,*,#1042,.F.);
#1478=ORIENTED_EDGE('',*,*,#1059,.T.);
#1479=ORIENTED_EDGE('',*,*,#850,.T.);
#1480=ORIENTED_EDGE('',*,*,#1059,.F.);
#1481=ORIENTED_EDGE('',*,*,#1041,.F.);
#1482=ORIENTED_EDGE('',*,*,#1060,.T.);
#1483=ORIENTED_EDGE('',*,*,#848,.T.);
#1484=ORIENTED_EDGE('',*,*,#1060,.F.);
#1485=ORIENTED_EDGE('',*,*,#1043,.F.);
#1486=ORIENTED_EDGE('',*,*,#1061,.T.);
#1487=ORIENTED_EDGE('',*,*,#849,.T.);
#1488=ORIENTED_EDGE('',*,*,#1061,.F.);
#1489=ORIENTED_EDGE('',*,*,#876,.T.);
#1490=ORIENTED_EDGE('',*,*,#1062,.T.);
#1491=ORIENTED_EDGE('',*,*,#1063,.T.);
#1492=ORIENTED_EDGE('',*,*,#1062,.F.);
#1493=ORIENTED_EDGE('',*,*,#883,.T.);
#1494=ORIENTED_EDGE('',*,*,#1064,.T.);
#1495=ORIENTED_EDGE('',*,*,#1065,.T.);
#1496=ORIENTED_EDGE('',*,*,#1064,.F.);
#1497=ORIENTED_EDGE('',*,*,#870,.T.);
#1498=ORIENTED_EDGE('',*,*,#1066,.T.);
#1499=ORIENTED_EDGE('',*,*,#1067,.T.);
#1500=ORIENTED_EDGE('',*,*,#1066,.F.);
#1501=ORIENTED_EDGE('',*,*,#1036,.F.);
#1502=ORIENTED_EDGE('',*,*,#1068,.T.);
#1503=ORIENTED_EDGE('',*,*,#865,.T.);
#1504=ORIENTED_EDGE('',*,*,#1068,.F.);
#1505=ORIENTED_EDGE('',*,*,#1037,.F.);
#1506=ORIENTED_EDGE('',*,*,#1069,.T.);
#1507=ORIENTED_EDGE('',*,*,#864,.T.);
#1508=ORIENTED_EDGE('',*,*,#1069,.F.);
#1509=ORIENTED_EDGE('',*,*,#1035,.F.);
#1510=ORIENTED_EDGE('',*,*,#1070,.T.);
#1511=ORIENTED_EDGE('',*,*,#863,.T.);
#1512=ORIENTED_EDGE('',*,*,#1070,.F.);
#1513=ORIENTED_EDGE('',*,*,#1003,.F.);
#1514=ORIENTED_EDGE('',*,*,#1071,.F.);
#1515=ORIENTED_EDGE('',*,*,#1072,.T.);
#1516=ORIENTED_EDGE('',*,*,#1044,.F.);
#1517=ORIENTED_EDGE('',*,*,#1001,.F.);
#1518=ORIENTED_EDGE('',*,*,#1073,.F.);
#1519=ORIENTED_EDGE('',*,*,#1074,.T.);
#1520=ORIENTED_EDGE('',*,*,#1071,.T.);
#1521=ORIENTED_EDGE('',*,*,#999,.F.);
#1522=ORIENTED_EDGE('',*,*,#1075,.F.);
#1523=ORIENTED_EDGE('',*,*,#1076,.T.);
#1524=ORIENTED_EDGE('',*,*,#1073,.T.);
#1525=ORIENTED_EDGE('',*,*,#885,.F.);
#1526=ORIENTED_EDGE('',*,*,#1013,.F.);
#1527=ORIENTED_EDGE('',*,*,#1077,.T.);
#1528=ORIENTED_EDGE('',*,*,#1075,.T.);
#1529=ORIENTED_EDGE('',*,*,#1010,.F.);
#1530=ORIENTED_EDGE('',*,*,#1078,.F.);
#1531=ORIENTED_EDGE('',*,*,#1079,.T.);
#1532=ORIENTED_EDGE('',*,*,#1030,.T.);
#1533=ORIENTED_EDGE('',*,*,#979,.F.);
#1534=ORIENTED_EDGE('',*,*,#1052,.F.);
#1535=ORIENTED_EDGE('',*,*,#1080,.T.);
#1536=ORIENTED_EDGE('',*,*,#1078,.T.);
#1537=ORIENTED_EDGE('',*,*,#1080,.F.);
#1538=ORIENTED_EDGE('',*,*,#1051,.F.);
#1539=ORIENTED_EDGE('',*,*,#1049,.F.);
#1540=ORIENTED_EDGE('',*,*,#1047,.F.);
#1541=ORIENTED_EDGE('',*,*,#1045,.F.);
#1542=ORIENTED_EDGE('',*,*,#1072,.F.);
#1543=ORIENTED_EDGE('',*,*,#1074,.F.);
#1544=ORIENTED_EDGE('',*,*,#1076,.F.);
#1545=ORIENTED_EDGE('',*,*,#1077,.F.);
#1546=ORIENTED_EDGE('',*,*,#1012,.F.);
#1547=ORIENTED_EDGE('',*,*,#1015,.F.);
#1548=ORIENTED_EDGE('',*,*,#1017,.F.);
#1549=ORIENTED_EDGE('',*,*,#1019,.F.);
#1550=ORIENTED_EDGE('',*,*,#1021,.F.);
#1551=ORIENTED_EDGE('',*,*,#1023,.F.);
#1552=ORIENTED_EDGE('',*,*,#1025,.F.);
#1553=ORIENTED_EDGE('',*,*,#1027,.F.);
#1554=ORIENTED_EDGE('',*,*,#1029,.F.);
#1555=ORIENTED_EDGE('',*,*,#1031,.F.);
#1556=ORIENTED_EDGE('',*,*,#1079,.F.);
#1557=ORIENTED_EDGE('',*,*,#836,.T.);
#1558=ORIENTED_EDGE('',*,*,#846,.T.);
#1559=ORIENTED_EDGE('',*,*,#843,.T.);
#1560=ORIENTED_EDGE('',*,*,#840,.T.);
#1561=ORIENTED_EDGE('',*,*,#851,.T.);
#1562=ORIENTED_EDGE('',*,*,#861,.T.);
#1563=ORIENTED_EDGE('',*,*,#858,.T.);
#1564=ORIENTED_EDGE('',*,*,#855,.T.);
#1565=ORIENTED_EDGE('',*,*,#1067,.F.);
#1566=ORIENTED_EDGE('',*,*,#1065,.F.);
#1567=ORIENTED_EDGE('',*,*,#1063,.F.);
#1568=ORIENTED_EDGE('',*,*,#1058,.F.);
#1569=ORIENTED_EDGE('',*,*,#1056,.F.);
#1570=ORIENTED_EDGE('',*,*,#1054,.F.);
#1571=PLANE('',#1722);
#1572=PLANE('',#1726);
#1573=PLANE('',#1730);
#1574=PLANE('',#1734);
#1575=PLANE('',#1738);
#1576=PLANE('',#1742);
#1577=PLANE('',#1750);
#1578=PLANE('',#1755);
#1579=PLANE('',#1761);
#1580=PLANE('',#1767);
#1581=PLANE('',#1810);
#1582=PLANE('',#1820);
#1583=PLANE('',#1851);
#1584=PLANE('',#1882);
#1585=PLANE('',#1885);
#1586=PLANE('',#1888);
#1587=PLANE('',#1891);
#1588=PLANE('',#1894);
#1589=PLANE('',#1897);
#1590=PLANE('',#1900);
#1591=PLANE('',#1904);
#1592=PLANE('',#1907);
#1593=PLANE('',#1913);
#1594=PLANE('',#1916);
#1595=PLANE('',#1935);
#1596=PLANE('',#1938);
#1597=PLANE('',#1941);
#1598=PLANE('',#1944);
#1599=ADVANCED_FACE('',(#258),#1571,.F.);
#1600=ADVANCED_FACE('',(#259),#211,.F.);
#1601=ADVANCED_FACE('',(#260),#1572,.F.);
#1602=ADVANCED_FACE('',(#261),#212,.F.);
#1603=ADVANCED_FACE('',(#262,#57,#58,#59),#1573,.T.);
#1604=ADVANCED_FACE('',(#263),#1574,.F.);
#1605=ADVANCED_FACE('',(#264),#213,.F.);
#1606=ADVANCED_FACE('',(#265),#1575,.F.);
#1607=ADVANCED_FACE('',(#266),#214,.F.);
#1608=ADVANCED_FACE('',(#267,#60,#61,#62),#1576,.T.);
#1609=ADVANCED_FACE('',(#268),#215,.F.);
#1610=ADVANCED_FACE('',(#269,#63),#1577,.T.);
#1611=ADVANCED_FACE('',(#270),#216,.F.);
#1612=ADVANCED_FACE('',(#271,#64),#1578,.T.);
#1613=ADVANCED_FACE('',(#272),#217,.F.);
#1614=ADVANCED_FACE('',(#273,#65),#1579,.T.);
#1615=ADVANCED_FACE('',(#274),#21,.T.);
#1616=ADVANCED_FACE('',(#275),#1580,.T.);
#1617=ADVANCED_FACE('',(#276),#218,.T.);
#1618=ADVANCED_FACE('',(#277),#22,.F.);
#1619=ADVANCED_FACE('',(#278),#15,.T.);
#1620=ADVANCED_FACE('',(#279),#23,.F.);
#1621=ADVANCED_FACE('',(#280),#16,.T.);
#1622=ADVANCED_FACE('',(#281),#24,.F.);
#1623=ADVANCED_FACE('',(#282),#219,.F.);
#1624=ADVANCED_FACE('',(#283),#25,.F.);
#1625=ADVANCED_FACE('',(#284),#17,.T.);
#1626=ADVANCED_FACE('',(#285),#26,.F.);
#1627=ADVANCED_FACE('',(#286),#18,.T.);
#1628=ADVANCED_FACE('',(#287),#27,.F.);
#1629=ADVANCED_FACE('',(#288),#220,.F.);
#1630=ADVANCED_FACE('',(#289),#221,.T.);
#1631=ADVANCED_FACE('',(#290),#28,.T.);
#1632=ADVANCED_FACE('',(#291),#222,.T.);
#1633=ADVANCED_FACE('',(#292,#66,#67,#68),#1581,.T.);
#1634=ADVANCED_FACE('',(#293),#1582,.T.);
#1635=ADVANCED_FACE('',(#294),#223,.T.);
#1636=ADVANCED_FACE('',(#295),#224,.F.);
#1637=ADVANCED_FACE('',(#296),#29,.F.);
#1638=ADVANCED_FACE('',(#297),#30,.F.);
#1639=ADVANCED_FACE('',(#298),#19,.T.);
#1640=ADVANCED_FACE('',(#299),#20,.T.);
#1641=ADVANCED_FACE('',(#300),#31,.F.);
#1642=ADVANCED_FACE('',(#301),#225,.F.);
#1643=ADVANCED_FACE('',(#302),#32,.F.);
#1644=ADVANCED_FACE('',(#303),#33,.T.);
#1645=ADVANCED_FACE('',(#304),#226,.T.);
#1646=ADVANCED_FACE('',(#305),#227,.T.);
#1647=ADVANCED_FACE('',(#306),#1583,.T.);
#1648=ADVANCED_FACE('',(#307),#34,.T.);
#1649=ADVANCED_FACE('',(#308),#228,.T.);
#1650=ADVANCED_FACE('',(#309),#35,.T.);
#1651=ADVANCED_FACE('',(#310),#229,.T.);
#1652=ADVANCED_FACE('',(#311),#36,.T.);
#1653=ADVANCED_FACE('',(#312),#37,.T.);
#1654=ADVANCED_FACE('',(#313),#230,.T.);
#1655=ADVANCED_FACE('',(#314),#38,.T.);
#1656=ADVANCED_FACE('',(#315),#231,.T.);
#1657=ADVANCED_FACE('',(#316),#39,.T.);
#1658=ADVANCED_FACE('',(#317),#232,.T.);
#1659=ADVANCED_FACE('',(#318),#40,.T.);
#1660=ADVANCED_FACE('',(#319),#233,.T.);
#1661=ADVANCED_FACE('',(#320),#1584,.T.);
#1662=ADVANCED_FACE('',(#321),#234,.T.);
#1663=ADVANCED_FACE('',(#322),#1585,.T.);
#1664=ADVANCED_FACE('',(#323),#235,.T.);
#1665=ADVANCED_FACE('',(#324),#1586,.T.);
#1666=ADVANCED_FACE('',(#325),#236,.F.);
#1667=ADVANCED_FACE('',(#326),#1587,.T.);
#1668=ADVANCED_FACE('',(#327),#237,.F.);
#1669=ADVANCED_FACE('',(#328),#1588,.T.);
#1670=ADVANCED_FACE('',(#329),#238,.T.);
#1671=ADVANCED_FACE('',(#330),#1589,.T.);
#1672=ADVANCED_FACE('',(#331),#239,.T.);
#1673=ADVANCED_FACE('',(#332,#69,#70,#71),#1590,.T.);
#1674=ADVANCED_FACE('',(#333),#1591,.T.);
#1675=ADVANCED_FACE('',(#334),#240,.T.);
#1676=ADVANCED_FACE('',(#335,#72,#73,#74),#1592,.T.);
#1677=ADVANCED_FACE('',(#336),#241,.F.);
#1678=ADVANCED_FACE('',(#337),#1593,.T.);
#1679=ADVANCED_FACE('',(#338),#242,.F.);
#1680=ADVANCED_FACE('',(#339),#1594,.T.);
#1681=ADVANCED_FACE('',(#340),#243,.F.);
#1682=ADVANCED_FACE('',(#341),#244,.F.);
#1683=ADVANCED_FACE('',(#342),#245,.F.);
#1684=ADVANCED_FACE('',(#343),#246,.F.);
#1685=ADVANCED_FACE('',(#344),#247,.F.);
#1686=ADVANCED_FACE('',(#345),#248,.F.);
#1687=ADVANCED_FACE('',(#346),#249,.F.);
#1688=ADVANCED_FACE('',(#347),#250,.F.);
#1689=ADVANCED_FACE('',(#348),#251,.F.);
#1690=ADVANCED_FACE('',(#349),#252,.F.);
#1691=ADVANCED_FACE('',(#350),#253,.F.);
#1692=ADVANCED_FACE('',(#351),#254,.F.);
#1693=ADVANCED_FACE('',(#352),#1595,.T.);
#1694=ADVANCED_FACE('',(#353),#255,.T.);
#1695=ADVANCED_FACE('',(#354),#1596,.T.);
#1696=ADVANCED_FACE('',(#355),#256,.T.);
#1697=ADVANCED_FACE('',(#356),#1597,.T.);
#1698=ADVANCED_FACE('',(#357),#257,.T.);
#1699=ADVANCED_FACE('',(#358,#75,#76,#77,#78,#79,#80,#81,#82),#1598,.F.);
#1700=CLOSED_SHELL('',(#1599,#1600,#1601,#1602,#1603,#1604,#1605,#1606,
#1607,#1608,#1609,#1610,#1611,#1612,#1613,#1614,#1615,#1616,#1617,#1618,
#1619,#1620,#1621,#1622,#1623,#1624,#1625,#1626,#1627,#1628,#1629,#1630,
#1631,#1632,#1633,#1634,#1635,#1636,#1637,#1638,#1639,#1640,#1641,#1642,
#1643,#1644,#1645,#1646,#1647,#1648,#1649,#1650,#1651,#1652,#1653,#1654,
#1655,#1656,#1657,#1658,#1659,#1660,#1661,#1662,#1663,#1664,#1665,#1666,
#1667,#1668,#1669,#1670,#1671,#1672,#1673,#1674,#1675,#1676,#1677,#1678,
#1679,#1680,#1681,#1682,#1683,#1684,#1685,#1686,#1687,#1688,#1689,#1690,
#1691,#1692,#1693,#1694,#1695,#1696,#1697,#1698,#1699));
#1701=DERIVED_UNIT_ELEMENT(#1703,1.);
#1702=DERIVED_UNIT_ELEMENT(#3167,-3.);
#1703=(
CONVERSION_BASED_UNIT('gram',#1705)
MASS_UNIT()
NAMED_UNIT(#3164)
);
#1704=(
MASS_UNIT()
NAMED_UNIT(*)
SI_UNIT(.KILO.,.GRAM.)
);
#1705=MASS_MEASURE_WITH_UNIT(MASS_MEASURE(0.001),#1704);
#1706=DERIVED_UNIT((#1701,#1702));
#1707=MEASURE_REPRESENTATION_ITEM('density measure',
POSITIVE_RATIO_MEASURE(0.952),#1706);
#1708=PROPERTY_DEFINITION_REPRESENTATION(#1713,#1710);
#1709=PROPERTY_DEFINITION_REPRESENTATION(#1714,#1711);
#1710=REPRESENTATION('material name',(#1712),#3161);
#1711=REPRESENTATION('density',(#1707),#3161);
#1712=DESCRIPTIVE_REPRESENTATION_ITEM('Plastic, Opaque Black',
'Plastic, Opaque Black');
#1713=PROPERTY_DEFINITION('material property','material name',#3175);
#1714=PROPERTY_DEFINITION('material property','density of part',#3175);
#1715=DATE_TIME_ROLE('creation_date');
#1716=APPLIED_DATE_AND_TIME_ASSIGNMENT(#1717,#1715,(#3175));
#1717=DATE_AND_TIME(#1718,#1719);
#1718=CALENDAR_DATE(2025,6,10);
#1719=LOCAL_TIME(0,0,0.,#1720);
#1720=COORDINATED_UNIVERSAL_TIME_OFFSET(0,0,.BEHIND.);
#1721=AXIS2_PLACEMENT_3D('',#2494,#1945,#1946);
#1722=AXIS2_PLACEMENT_3D('',#2495,#1947,#1948);
#1723=AXIS2_PLACEMENT_3D('',#2504,#1953,#1954);
#1724=AXIS2_PLACEMENT_3D('',#2506,#1955,#1956);
#1725=AXIS2_PLACEMENT_3D('',#2509,#1958,#1959);
#1726=AXIS2_PLACEMENT_3D('',#2510,#1960,#1961);
#1727=AXIS2_PLACEMENT_3D('',#2516,#1965,#1966);
#1728=AXIS2_PLACEMENT_3D('',#2517,#1967,#1968);
#1729=AXIS2_PLACEMENT_3D('',#2518,#1969,#1970);
#1730=AXIS2_PLACEMENT_3D('',#2519,#1971,#1972);
#1731=AXIS2_PLACEMENT_3D('',#2521,#1973,#1974);
#1732=AXIS2_PLACEMENT_3D('',#2523,#1975,#1976);
#1733=AXIS2_PLACEMENT_3D('',#2525,#1977,#1978);
#1734=AXIS2_PLACEMENT_3D('',#2526,#1979,#1980);
#1735=AXIS2_PLACEMENT_3D('',#2535,#1985,#1986);
#1736=AXIS2_PLACEMENT_3D('',#2537,#1987,#1988);
#1737=AXIS2_PLACEMENT_3D('',#2540,#1990,#1991);
#1738=AXIS2_PLACEMENT_3D('',#2541,#1992,#1993);
#1739=AXIS2_PLACEMENT_3D('',#2547,#1997,#1998);
#1740=AXIS2_PLACEMENT_3D('',#2548,#1999,#2000);
#1741=AXIS2_PLACEMENT_3D('',#2549,#2001,#2002);
#1742=AXIS2_PLACEMENT_3D('',#2550,#2003,#2004);
#1743=AXIS2_PLACEMENT_3D('',#2552,#2005,#2006);
#1744=AXIS2_PLACEMENT_3D('',#2554,#2007,#2008);
#1745=AXIS2_PLACEMENT_3D('',#2556,#2009,#2010);
#1746=AXIS2_PLACEMENT_3D('',#2557,#2011,#2012);
#1747=AXIS2_PLACEMENT_3D('',#2560,#2013,#2014);
#1748=AXIS2_PLACEMENT_3D('',#2561,#2015,#2016);
#1749=AXIS2_PLACEMENT_3D('',#2564,#2018,#2019);
#1750=AXIS2_PLACEMENT_3D('',#2565,#2020,#2021);
#1751=AXIS2_PLACEMENT_3D('',#2567,#2022,#2023);
#1752=AXIS2_PLACEMENT_3D('',#2568,#2024,#2025);
#1753=AXIS2_PLACEMENT_3D('',#2578,#2026,#2027);
#1754=AXIS2_PLACEMENT_3D('',#2587,#2029,#2030);
#1755=AXIS2_PLACEMENT_3D('',#2588,#2031,#2032);
#1756=AXIS2_PLACEMENT_3D('',#2590,#2033,#2034);
#1757=AXIS2_PLACEMENT_3D('',#2591,#2035,#2036);
#1758=AXIS2_PLACEMENT_3D('',#2601,#2037,#2038);
#1759=AXIS2_PLACEMENT_3D('',#2611,#2040,#2041);
#1760=AXIS2_PLACEMENT_3D('',#2612,#2042,#2043);
#1761=AXIS2_PLACEMENT_3D('',#2613,#2044,#2045);
#1762=AXIS2_PLACEMENT_3D('',#2615,#2046,#2047);
#1763=AXIS2_PLACEMENT_3D('',#2616,#2048,#2049);
#1764=AXIS2_PLACEMENT_3D('',#2618,#2050,#2051);
#1765=AXIS2_PLACEMENT_3D('',#2620,#2052,#2053);
#1766=AXIS2_PLACEMENT_3D('',#2621,#2054,#2055);
#1767=AXIS2_PLACEMENT_3D('',#2622,#2056,#2057);
#1768=AXIS2_PLACEMENT_3D('',#2628,#2061,#2062);
#1769=AXIS2_PLACEMENT_3D('',#2632,#2064,#2065);
#1770=AXIS2_PLACEMENT_3D('',#2634,#2067,#2068);
#1771=AXIS2_PLACEMENT_3D('',#2636,#2069,#2070);
#1772=AXIS2_PLACEMENT_3D('',#2638,#2072,#2073);
#1773=AXIS2_PLACEMENT_3D('',#2641,#2074,#2075);
#1774=AXIS2_PLACEMENT_3D('',#2643,#2076,#2077);
#1775=AXIS2_PLACEMENT_3D('',#2645,#2078,#2079);
#1776=AXIS2_PLACEMENT_3D('',#2646,#2080,#2081);
#1777=AXIS2_PLACEMENT_3D('',#2669,#2082,#2083);
#1778=AXIS2_PLACEMENT_3D('',#2678,#2084,#2085);
#1779=AXIS2_PLACEMENT_3D('',#2681,#2086,#2087);
#1780=AXIS2_PLACEMENT_3D('',#2682,#2088,#2089);
#1781=AXIS2_PLACEMENT_3D('',#2683,#2090,#2091);
#1782=AXIS2_PLACEMENT_3D('',#2705,#2092,#2093);
#1783=AXIS2_PLACEMENT_3D('',#2714,#2094,#2095);
#1784=AXIS2_PLACEMENT_3D('',#2716,#2096,#2097);
#1785=AXIS2_PLACEMENT_3D('',#2717,#2098,#2099);
#1786=AXIS2_PLACEMENT_3D('',#2718,#2100,#2101);
#1787=AXIS2_PLACEMENT_3D('',#2720,#2102,#2103);
#1788=AXIS2_PLACEMENT_3D('',#2722,#2105,#2106);
#1789=AXIS2_PLACEMENT_3D('',#2724,#2107,#2108);
#1790=AXIS2_PLACEMENT_3D('',#2725,#2109,#2110);
#1791=AXIS2_PLACEMENT_3D('',#2748,#2111,#2112);
#1792=AXIS2_PLACEMENT_3D('',#2757,#2113,#2114);
#1793=AXIS2_PLACEMENT_3D('',#2760,#2115,#2116);
#1794=AXIS2_PLACEMENT_3D('',#2761,#2117,#2118);
#1795=AXIS2_PLACEMENT_3D('',#2762,#2119,#2120);
#1796=AXIS2_PLACEMENT_3D('',#2785,#2121,#2122);
#1797=AXIS2_PLACEMENT_3D('',#2794,#2123,#2124);
#1798=AXIS2_PLACEMENT_3D('',#2796,#2125,#2126);
#1799=AXIS2_PLACEMENT_3D('',#2798,#2127,#2128);
#1800=AXIS2_PLACEMENT_3D('',#2799,#2129,#2130);
#1801=AXIS2_PLACEMENT_3D('',#2800,#2131,#2132);
#1802=AXIS2_PLACEMENT_3D('',#2803,#2135,#2136);
#1803=AXIS2_PLACEMENT_3D('',#2805,#2137,#2138);
#1804=AXIS2_PLACEMENT_3D('',#2808,#2140,#2141);
#1805=AXIS2_PLACEMENT_3D('',#2809,#2142,#2143);
#1806=AXIS2_PLACEMENT_3D('',#2811,#2144,#2145);
#1807=AXIS2_PLACEMENT_3D('',#2812,#2146,#2147);
#1808=AXIS2_PLACEMENT_3D('',#2813,#2148,#2149);
#1809=AXIS2_PLACEMENT_3D('',#2817,#2151,#2152);
#1810=AXIS2_PLACEMENT_3D('',#2819,#2154,#2155);
#1811=AXIS2_PLACEMENT_3D('',#2823,#2157,#2158);
#1812=AXIS2_PLACEMENT_3D('',#2827,#2160,#2161);
#1813=AXIS2_PLACEMENT_3D('',#2831,#2163,#2164);
#1814=AXIS2_PLACEMENT_3D('',#2835,#2166,#2167);
#1815=AXIS2_PLACEMENT_3D('',#2839,#2169,#2170);
#1816=AXIS2_PLACEMENT_3D('',#2842,#2172,#2173);
#1817=AXIS2_PLACEMENT_3D('',#2844,#2174,#2175);
#1818=AXIS2_PLACEMENT_3D('',#2846,#2176,#2177);
#1819=AXIS2_PLACEMENT_3D('',#2848,#2178,#2179);
#1820=AXIS2_PLACEMENT_3D('',#2849,#2180,#2181);
#1821=AXIS2_PLACEMENT_3D('',#2855,#2185,#2186);
#1822=AXIS2_PLACEMENT_3D('',#2858,#2188,#2189);
#1823=AXIS2_PLACEMENT_3D('',#2859,#2190,#2191);
#1824=AXIS2_PLACEMENT_3D('',#2861,#2192,#2193);
#1825=AXIS2_PLACEMENT_3D('',#2864,#2195,#2196);
#1826=AXIS2_PLACEMENT_3D('',#2865,#2197,#2198);
#1827=AXIS2_PLACEMENT_3D('',#2867,#2199,#2200);
#1828=AXIS2_PLACEMENT_3D('',#2868,#2201,#2202);
#1829=AXIS2_PLACEMENT_3D('',#2869,#2203,#2204);
#1830=AXIS2_PLACEMENT_3D('',#2871,#2205,#2206);
#1831=AXIS2_PLACEMENT_3D('',#2872,#2207,#2208);
#1832=AXIS2_PLACEMENT_3D('',#2895,#2209,#2210);
#1833=AXIS2_PLACEMENT_3D('',#2926,#2211,#2212);
#1834=AXIS2_PLACEMENT_3D('',#2935,#2213,#2214);
#1835=AXIS2_PLACEMENT_3D('',#2938,#2215,#2216);
#1836=AXIS2_PLACEMENT_3D('',#2939,#2217,#2218);
#1837=AXIS2_PLACEMENT_3D('',#2940,#2219,#2220);
#1838=AXIS2_PLACEMENT_3D('',#2941,#2221,#2222);
#1839=AXIS2_PLACEMENT_3D('',#2944,#2223,#2224);
#1840=AXIS2_PLACEMENT_3D('',#2947,#2227,#2228);
#1841=AXIS2_PLACEMENT_3D('',#2948,#2229,#2230);
#1842=AXIS2_PLACEMENT_3D('',#2949,#2231,#2232);
#1843=AXIS2_PLACEMENT_3D('',#2950,#2233,#2234);
#1844=AXIS2_PLACEMENT_3D('',#2952,#2235,#2236);
#1845=AXIS2_PLACEMENT_3D('',#2954,#2237,#2238);
#1846=AXIS2_PLACEMENT_3D('',#2955,#2239,#2240);
#1847=AXIS2_PLACEMENT_3D('',#2956,#2241,#2242);
#1848=AXIS2_PLACEMENT_3D('',#2958,#2243,#2244);
#1849=AXIS2_PLACEMENT_3D('',#2960,#2246,#2247);
#1850=AXIS2_PLACEMENT_3D('',#2964,#2249,#2250);
#1851=AXIS2_PLACEMENT_3D('',#2966,#2252,#2253);
#1852=AXIS2_PLACEMENT_3D('',#2970,#2256,#2257);
#1853=AXIS2_PLACEMENT_3D('',#2972,#2258,#2259);
#1854=AXIS2_PLACEMENT_3D('',#2974,#2260,#2261);
#1855=AXIS2_PLACEMENT_3D('',#2975,#2262,#2263);
#1856=AXIS2_PLACEMENT_3D('',#2976,#2264,#2265);
#1857=AXIS2_PLACEMENT_3D('',#2979,#2267,#2268);
#1858=AXIS2_PLACEMENT_3D('',#2980,#2269,#2270);
#1859=AXIS2_PLACEMENT_3D('',#2982,#2271,#2272);
#1860=AXIS2_PLACEMENT_3D('',#2983,#2273,#2274);
#1861=AXIS2_PLACEMENT_3D('',#2984,#2275,#2276);
#1862=AXIS2_PLACEMENT_3D('',#2986,#2277,#2278);
#1863=AXIS2_PLACEMENT_3D('',#2988,#2280,#2281);
#1864=AXIS2_PLACEMENT_3D('',#2989,#2282,#2283);
#1865=AXIS2_PLACEMENT_3D('',#2990,#2284,#2285);
#1866=AXIS2_PLACEMENT_3D('',#2991,#2286,#2287);
#1867=AXIS2_PLACEMENT_3D('',#2992,#2288,#2289);
#1868=AXIS2_PLACEMENT_3D('',#2995,#2291,#2292);
#1869=AXIS2_PLACEMENT_3D('',#2996,#2293,#2294);
#1870=AXIS2_PLACEMENT_3D('',#2998,#2295,#2296);
#1871=AXIS2_PLACEMENT_3D('',#2999,#2297,#2298);
#1872=AXIS2_PLACEMENT_3D('',#3000,#2299,#2300);
#1873=AXIS2_PLACEMENT_3D('',#3003,#2302,#2303);
#1874=AXIS2_PLACEMENT_3D('',#3004,#2304,#2305);
#1875=AXIS2_PLACEMENT_3D('',#3006,#2306,#2307);
#1876=AXIS2_PLACEMENT_3D('',#3007,#2308,#2309);
#1877=AXIS2_PLACEMENT_3D('',#3008,#2310,#2311);
#1878=AXIS2_PLACEMENT_3D('',#3010,#2312,#2313);
#1879=AXIS2_PLACEMENT_3D('',#3012,#2315,#2316);
#1880=AXIS2_PLACEMENT_3D('',#3013,#2317,#2318);
#1881=AXIS2_PLACEMENT_3D('',#3014,#2319,#2320);
#1882=AXIS2_PLACEMENT_3D('',#3016,#2322,#2323);
#1883=AXIS2_PLACEMENT_3D('',#3022,#2327,#2328);
#1884=AXIS2_PLACEMENT_3D('',#3025,#2330,#2331);
#1885=AXIS2_PLACEMENT_3D('',#3026,#2332,#2333);
#1886=AXIS2_PLACEMENT_3D('',#3030,#2336,#2337);
#1887=AXIS2_PLACEMENT_3D('',#3033,#2339,#2340);
#1888=AXIS2_PLACEMENT_3D('',#3034,#2341,#2342);
#1889=AXIS2_PLACEMENT_3D('',#3038,#2345,#2346);
#1890=AXIS2_PLACEMENT_3D('',#3041,#2348,#2349);
#1891=AXIS2_PLACEMENT_3D('',#3042,#2350,#2351);
#1892=AXIS2_PLACEMENT_3D('',#3046,#2354,#2355);
#1893=AXIS2_PLACEMENT_3D('',#3049,#2357,#2358);
#1894=AXIS2_PLACEMENT_3D('',#3050,#2359,#2360);
#1895=AXIS2_PLACEMENT_3D('',#3054,#2363,#2364);
#1896=AXIS2_PLACEMENT_3D('',#3057,#2366,#2367);
#1897=AXIS2_PLACEMENT_3D('',#3058,#2368,#2369);
#1898=AXIS2_PLACEMENT_3D('',#3062,#2372,#2373);
#1899=AXIS2_PLACEMENT_3D('',#3063,#2374,#2375);
#1900=AXIS2_PLACEMENT_3D('',#3064,#2376,#2377);
#1901=AXIS2_PLACEMENT_3D('',#3066,#2378,#2379);
#1902=AXIS2_PLACEMENT_3D('',#3068,#2380,#2381);
#1903=AXIS2_PLACEMENT_3D('',#3070,#2382,#2383);
#1904=AXIS2_PLACEMENT_3D('',#3071,#2384,#2385);
#1905=AXIS2_PLACEMENT_3D('',#3075,#2388,#2389);
#1906=AXIS2_PLACEMENT_3D('',#3076,#2390,#2391);
#1907=AXIS2_PLACEMENT_3D('',#3077,#2392,#2393);
#1908=AXIS2_PLACEMENT_3D('',#3079,#2394,#2395);
#1909=AXIS2_PLACEMENT_3D('',#3081,#2396,#2397);
#1910=AXIS2_PLACEMENT_3D('',#3083,#2398,#2399);
#1911=AXIS2_PLACEMENT_3D('',#3084,#2400,#2401);
#1912=AXIS2_PLACEMENT_3D('',#3088,#2403,#2404);
#1913=AXIS2_PLACEMENT_3D('',#3090,#2406,#2407);
#1914=AXIS2_PLACEMENT_3D('',#3094,#2410,#2411);
#1915=AXIS2_PLACEMENT_3D('',#3096,#2412,#2413);
#1916=AXIS2_PLACEMENT_3D('',#3098,#2415,#2416);
#1917=AXIS2_PLACEMENT_3D('',#3102,#2419,#2420);
#1918=AXIS2_PLACEMENT_3D('',#3105,#2422,#2423);
#1919=AXIS2_PLACEMENT_3D('',#3106,#2424,#2425);
#1920=AXIS2_PLACEMENT_3D('',#3109,#2427,#2428);
#1921=AXIS2_PLACEMENT_3D('',#3110,#2429,#2430);
#1922=AXIS2_PLACEMENT_3D('',#3113,#2432,#2433);
#1923=AXIS2_PLACEMENT_3D('',#3114,#2434,#2435);
#1924=AXIS2_PLACEMENT_3D('',#3116,#2437,#2438);
#1925=AXIS2_PLACEMENT_3D('',#3118,#2440,#2441);
#1926=AXIS2_PLACEMENT_3D('',#3120,#2443,#2444);
#1927=AXIS2_PLACEMENT_3D('',#3123,#2446,#2447);
#1928=AXIS2_PLACEMENT_3D('',#3124,#2448,#2449);
#1929=AXIS2_PLACEMENT_3D('',#3127,#2451,#2452);
#1930=AXIS2_PLACEMENT_3D('',#3128,#2453,#2454);
#1931=AXIS2_PLACEMENT_3D('',#3131,#2456,#2457);
#1932=AXIS2_PLACEMENT_3D('',#3132,#2458,#2459);
#1933=AXIS2_PLACEMENT_3D('',#3134,#2461,#2462);
#1934=AXIS2_PLACEMENT_3D('',#3136,#2464,#2465);
#1935=AXIS2_PLACEMENT_3D('',#3138,#2467,#2468);
#1936=AXIS2_PLACEMENT_3D('',#3142,#2471,#2472);
#1937=AXIS2_PLACEMENT_3D('',#3145,#2474,#2475);
#1938=AXIS2_PLACEMENT_3D('',#3146,#2476,#2477);
#1939=AXIS2_PLACEMENT_3D('',#3150,#2480,#2481);
#1940=AXIS2_PLACEMENT_3D('',#3151,#2482,#2483);
#1941=AXIS2_PLACEMENT_3D('',#3152,#2484,#2485);
#1942=AXIS2_PLACEMENT_3D('',#3156,#2488,#2489);
#1943=AXIS2_PLACEMENT_3D('',#3157,#2490,#2491);
#1944=AXIS2_PLACEMENT_3D('',#3158,#2492,#2493);
#1945=DIRECTION('axis',(0.,0.,1.));
#1946=DIRECTION('refdir',(1.,0.,0.));
#1947=DIRECTION('center_axis',(1.,0.,0.));
#1948=DIRECTION('ref_axis',(0.,1.,0.));
#1949=DIRECTION('',(0.,1.,0.));
#1950=DIRECTION('',(0.,0.,1.));
#1951=DIRECTION('',(0.,1.,0.));
#1952=DIRECTION('',(0.,0.,1.));
#1953=DIRECTION('center_axis',(0.,0.,1.));
#1954=DIRECTION('ref_axis',(1.,0.,0.));
#1955=DIRECTION('center_axis',(0.,0.,1.));
#1956=DIRECTION('ref_axis',(1.,0.,0.));
#1957=DIRECTION('',(0.,0.,1.));
#1958=DIRECTION('center_axis',(0.,0.,1.));
#1959=DIRECTION('ref_axis',(1.,0.,0.));
#1960=DIRECTION('center_axis',(-1.,0.,0.));
#1961=DIRECTION('ref_axis',(0.,-1.,0.));
#1962=DIRECTION('',(0.,-1.,0.));
#1963=DIRECTION('',(0.,0.,1.));
#1964=DIRECTION('',(0.,-1.,0.));
#1965=DIRECTION('center_axis',(0.,0.,1.));
#1966=DIRECTION('ref_axis',(-1.,-8.74191357972564E-16,0.));
#1967=DIRECTION('center_axis',(0.,0.,1.));
#1968=DIRECTION('ref_axis',(-1.,-8.74191357972564E-16,0.));
#1969=DIRECTION('center_axis',(0.,0.,1.));
#1970=DIRECTION('ref_axis',(-1.,-8.74191357972564E-16,0.));
#1971=DIRECTION('center_axis',(0.,0.,-1.));
#1972=DIRECTION('ref_axis',(-1.,0.,0.));
#1973=DIRECTION('center_axis',(0.,0.,-1.));
#1974=DIRECTION('ref_axis',(-1.,0.,0.));
#1975=DIRECTION('center_axis',(0.,0.,-1.));
#1976=DIRECTION('ref_axis',(-1.,0.,0.));
#1977=DIRECTION('center_axis',(0.,0.,-1.));
#1978=DIRECTION('ref_axis',(-1.,0.,0.));
#1979=DIRECTION('center_axis',(-1.,0.,0.));
#1980=DIRECTION('ref_axis',(0.,-1.,0.));
#1981=DIRECTION('',(0.,-1.,0.));
#1982=DIRECTION('',(0.,0.,1.));
#1983=DIRECTION('',(0.,-1.,0.));
#1984=DIRECTION('',(0.,0.,1.));
#1985=DIRECTION('center_axis',(0.,0.,1.));
#1986=DIRECTION('ref_axis',(-1.,0.,0.));
#1987=DIRECTION('center_axis',(0.,0.,1.));
#1988=DIRECTION('ref_axis',(-1.,0.,0.));
#1989=DIRECTION('',(0.,0.,1.));
#1990=DIRECTION('center_axis',(0.,0.,1.));
#1991=DIRECTION('ref_axis',(-1.,0.,0.));
#1992=DIRECTION('center_axis',(1.,0.,0.));
#1993=DIRECTION('ref_axis',(0.,1.,0.));
#1994=DIRECTION('',(0.,1.,0.));
#1995=DIRECTION('',(0.,0.,1.));
#1996=DIRECTION('',(0.,1.,0.));
#1997=DIRECTION('center_axis',(0.,0.,1.));
#1998=DIRECTION('ref_axis',(1.,0.,0.));
#1999=DIRECTION('center_axis',(0.,0.,1.));
#2000=DIRECTION('ref_axis',(1.,0.,0.));
#2001=DIRECTION('center_axis',(0.,0.,1.));
#2002=DIRECTION('ref_axis',(1.,0.,0.));
#2003=DIRECTION('center_axis',(0.,0.,-1.));
#2004=DIRECTION('ref_axis',(-1.,0.,0.));
#2005=DIRECTION('center_axis',(0.,0.,-1.));
#2006=DIRECTION('ref_axis',(-1.,0.,0.));
#2007=DIRECTION('center_axis',(0.,0.,-1.));
#2008=DIRECTION('ref_axis',(-1.,0.,0.));
#2009=DIRECTION('center_axis',(0.,0.,-1.));
#2010=DIRECTION('ref_axis',(-1.,0.,0.));
#2011=DIRECTION('center_axis',(0.,0.,-1.));
#2012=DIRECTION('ref_axis',(1.,0.,0.));
#2013=DIRECTION('center_axis',(0.,0.,-1.));
#2014=DIRECTION('ref_axis',(1.,0.,0.));
#2015=DIRECTION('center_axis',(0.,0.,-1.));
#2016=DIRECTION('ref_axis',(-0.814111433777284,0.580708682036953,0.));
#2017=DIRECTION('',(0.,0.,-1.));
#2018=DIRECTION('center_axis',(0.,0.,-1.));
#2019=DIRECTION('ref_axis',(1.,0.,0.));
#2020=DIRECTION('center_axis',(0.,0.,1.));
#2021=DIRECTION('ref_axis',(1.,0.,0.));
#2022=DIRECTION('center_axis',(0.,0.,1.));
#2023=DIRECTION('ref_axis',(-1.,0.,0.));
#2024=DIRECTION('center_axis',(0.,0.,-1.));
#2025=DIRECTION('ref_axis',(1.,0.,0.));
#2026=DIRECTION('center_axis',(0.,0.,-1.));
#2027=DIRECTION('ref_axis',(1.,0.,0.));
#2028=DIRECTION('',(0.,0.,-1.));
#2029=DIRECTION('center_axis',(0.,0.,-1.));
#2030=DIRECTION('ref_axis',(1.,0.,0.));
#2031=DIRECTION('center_axis',(0.,0.,1.));
#2032=DIRECTION('ref_axis',(1.,0.,0.));
#2033=DIRECTION('center_axis',(0.,0.,1.));
#2034=DIRECTION('ref_axis',(-1.,0.,0.));
#2035=DIRECTION('center_axis',(0.,0.,-1.));
#2036=DIRECTION('ref_axis',(1.,0.,0.));
#2037=DIRECTION('center_axis',(0.,0.,-1.));
#2038=DIRECTION('ref_axis',(1.,0.,0.));
#2039=DIRECTION('',(0.,0.,-1.));
#2040=DIRECTION('center_axis',(0.,0.,-1.));
#2041=DIRECTION('ref_axis',(1.,0.,0.));
#2042=DIRECTION('center_axis',(0.,0.,-1.));
#2043=DIRECTION('ref_axis',(1.,0.,0.));
#2044=DIRECTION('center_axis',(0.,0.,1.));
#2045=DIRECTION('ref_axis',(1.,0.,0.));
#2046=DIRECTION('center_axis',(0.,0.,1.));
#2047=DIRECTION('ref_axis',(-1.,0.,0.));
#2048=DIRECTION('center_axis',(0.,0.,1.));
#2049=DIRECTION('ref_axis',(1.,0.,0.));
#2050=DIRECTION('center_axis',(1.74838271594513E-15,1.,0.));
#2051=DIRECTION('ref_axis',(-1.,1.74838271594513E-15,0.));
#2052=DIRECTION('center_axis',(0.,0.,1.));
#2053=DIRECTION('ref_axis',(-0.568798534645658,-0.822476885380344,0.));
#2054=DIRECTION('center_axis',(-0.93564729436853,-0.352936453969902,0.));
#2055=DIRECTION('ref_axis',(0.352936453969902,-0.93564729436853,0.));
#2056=DIRECTION('center_axis',(0.,0.,1.));
#2057=DIRECTION('ref_axis',(1.,0.,0.));
#2058=DIRECTION('',(0.,1.,0.));
#2059=DIRECTION('',(0.,1.,0.));
#2060=DIRECTION('',(-0.93564729436853,-0.352936453969903,0.));
#2061=DIRECTION('center_axis',(0.,0.,1.));
#2062=DIRECTION('ref_axis',(0.,-1.,0.));
#2063=DIRECTION('',(0.,-1.,0.));
#2064=DIRECTION('center_axis',(0.,0.,1.));
#2065=DIRECTION('ref_axis',(0.,1.,0.));
#2066=DIRECTION('',(0.945523155480041,0.325554853213812,0.));
#2067=DIRECTION('center_axis',(0.,-1.,0.));
#2068=DIRECTION('ref_axis',(-0.707106781186549,0.,0.707106781186546));
#2069=DIRECTION('center_axis',(0.,1.,0.));
#2070=DIRECTION('ref_axis',(-1.,0.,0.));
#2071=DIRECTION('',(0.,-1.,0.));
#2072=DIRECTION('center_axis',(0.,0.,-1.));
#2073=DIRECTION('ref_axis',(-1.,0.,0.));
#2074=DIRECTION('center_axis',(-0.682168984520006,-0.731194554519482,-1.27840792111506E-15));
#2075=DIRECTION('ref_axis',(-0.731194554519482,0.682168984520006,0.));
#2076=DIRECTION('center_axis',(0.,0.,1.));
#2077=DIRECTION('ref_axis',(0.,-1.,0.));
#2078=DIRECTION('center_axis',(0.,1.,0.));
#2079=DIRECTION('ref_axis',(0.,0.,-1.));
#2080=DIRECTION('center_axis',(0.,0.,-1.));
#2081=DIRECTION('ref_axis',(0.,-1.,0.));
#2082=DIRECTION('center_axis',(-0.863895178708091,-0.503671639269987,5.98598523926382E-15));
#2083=DIRECTION('ref_axis',(-0.503671639269987,0.863895178708091,0.));
#2084=DIRECTION('center_axis',(0.,0.,-1.));
#2085=DIRECTION('ref_axis',(-1.,0.,0.));
#2086=DIRECTION('center_axis',(-0.935647294368529,-0.352936453969905,-1.13376045117962E-15));
#2087=DIRECTION('ref_axis',(-0.352936453969905,0.935647294368529,0.));
#2088=DIRECTION('center_axis',(0.,0.,1.));
#2089=DIRECTION('ref_axis',(0.503671639269986,-0.863895178708091,0.));
#2090=DIRECTION('center_axis',(0.,0.,-1.));
#2091=DIRECTION('ref_axis',(0.503671639269986,-0.863895178708091,0.));
#2092=DIRECTION('center_axis',(-0.997656168957011,-0.0684263731467669,-7.17812928747716E-16));
#2093=DIRECTION('ref_axis',(-0.0684263731467669,0.997656168957011,0.));
#2094=DIRECTION('center_axis',(0.,0.,-1.));
#2095=DIRECTION('ref_axis',(-1.,0.,0.));
#2096=DIRECTION('center_axis',(0.,0.,-1.));
#2097=DIRECTION('ref_axis',(0.,-1.,0.));
#2098=DIRECTION('center_axis',(0.,1.,0.));
#2099=DIRECTION('ref_axis',(1.,0.,0.));
#2100=DIRECTION('center_axis',(0.,1.,0.));
#2101=DIRECTION('ref_axis',(0.707106781186549,0.,-0.707106781186546));
#2102=DIRECTION('center_axis',(0.,1.,0.));
#2103=DIRECTION('ref_axis',(1.,0.,0.));
#2104=DIRECTION('',(0.,1.,0.));
#2105=DIRECTION('center_axis',(0.,0.,-1.));
#2106=DIRECTION('ref_axis',(-1.,0.,0.));
#2107=DIRECTION('center_axis',(0.811649301106467,0.584145026524564,7.95529082965265E-16));
#2108=DIRECTION('ref_axis',(0.584145026524564,-0.811649301106467,0.));
#2109=DIRECTION('center_axis',(0.,0.,-1.));
#2110=DIRECTION('ref_axis',(0.,1.,0.));
#2111=DIRECTION('center_axis',(0.945523155480039,0.325554853213816,6.87679702233356E-15));
#2112=DIRECTION('ref_axis',(0.325554853213816,-0.945523155480039,0.));
#2113=DIRECTION('center_axis',(0.,0.,-1.));
#2114=DIRECTION('ref_axis',(-1.,0.,0.));
#2115=DIRECTION('center_axis',(0.476499732750533,-0.879174615584794,-6.00623096160632E-16));
#2116=DIRECTION('ref_axis',(-0.879174615584794,-0.476499732750533,0.));
#2117=DIRECTION('center_axis',(0.,0.,1.));
#2118=DIRECTION('ref_axis',(-0.325554853213813,0.94552315548004,0.));
#2119=DIRECTION('center_axis',(0.,0.,-1.));
#2120=DIRECTION('ref_axis',(-0.325554853213813,0.94552315548004,0.));
#2121=DIRECTION('center_axis',(0.203020123523409,-0.979174565358261,-6.84788754386187E-15));
#2122=DIRECTION('ref_axis',(-0.979174565358261,-0.203020123523409,8.74191357972562E-16));
#2123=DIRECTION('center_axis',(0.,0.,-1.));
#2124=DIRECTION('ref_axis',(-1.,0.,0.));
#2125=DIRECTION('center_axis',(0.,0.,-1.));
#2126=DIRECTION('ref_axis',(0.,1.,0.));
#2127=DIRECTION('center_axis',(0.,-1.,0.));
#2128=DIRECTION('ref_axis',(-1.,0.,0.));
#2129=DIRECTION('center_axis',(0.,0.,1.));
#2130=DIRECTION('ref_axis',(0.,1.,0.));
#2131=DIRECTION('center_axis',(1.74838271594513E-16,-1.,0.));
#2132=DIRECTION('ref_axis',(-0.707106781186547,-3.09073318638539E-16,-0.707106781186548));
#2133=DIRECTION('',(-1.74838271594513E-16,1.,0.));
#2134=DIRECTION('',(1.74838271594513E-16,-1.,0.));
#2135=DIRECTION('center_axis',(-0.945523155480041,-0.325554853213812,0.));
#2136=DIRECTION('ref_axis',(-0.230202044355677,0.668585835008841,0.707106781186546));
#2137=DIRECTION('center_axis',(0.945523155480041,0.325554853213812,0.));
#2138=DIRECTION('ref_axis',(-0.325554853213812,0.945523155480041,0.));
#2139=DIRECTION('',(-0.945523155480041,-0.325554853213812,0.));
#2140=DIRECTION('center_axis',(0.94552315548004,0.325554853213814,0.));
#2141=DIRECTION('ref_axis',(-0.325554853213814,0.94552315548004,0.));
#2142=DIRECTION('center_axis',(0.,0.,1.));
#2143=DIRECTION('ref_axis',(1.,0.,0.));
#2144=DIRECTION('center_axis',(0.476499732750529,-0.879174615584796,0.));
#2145=DIRECTION('ref_axis',(0.879174615584796,0.476499732750529,0.));
#2146=DIRECTION('center_axis',(0.,0.,1.));
#2147=DIRECTION('ref_axis',(0.362793954041618,0.931869382966759,0.));
#2148=DIRECTION('center_axis',(-0.476499732750531,0.879174615584795,0.));
#2149=DIRECTION('ref_axis',(0.621670332527084,0.336936192261478,0.707106781186548));
#2150=DIRECTION('',(0.476499732750531,-0.879174615584795,0.));
#2151=DIRECTION('center_axis',(0.476499732750532,-0.879174615584795,0.));
#2152=DIRECTION('ref_axis',(0.879174615584795,0.476499732750532,0.));
#2153=DIRECTION('',(-0.476499732750531,0.879174615584795,0.));
#2154=DIRECTION('center_axis',(0.,0.,1.));
#2155=DIRECTION('ref_axis',(1.,0.,0.));
#2156=DIRECTION('',(-0.863895178708092,-0.503671639269985,0.));
#2157=DIRECTION('center_axis',(0.,0.,1.));
#2158=DIRECTION('ref_axis',(-0.260868569678208,0.965374326028016,0.));
#2159=DIRECTION('',(-1.,-9.68971398320582E-17,0.));
#2160=DIRECTION('center_axis',(0.,0.,1.));
#2161=DIRECTION('ref_axis',(0.198761042515873,0.980047982487594,0.));
#2162=DIRECTION('',(-0.920988095956006,0.389590717429626,0.));
#2163=DIRECTION('center_axis',(0.,0.,1.));
#2164=DIRECTION('ref_axis',(0.,-1.,0.));
#2165=DIRECTION('',(1.74838271594513E-16,-1.,0.));
#2166=DIRECTION('center_axis',(0.,0.,1.));
#2167=DIRECTION('ref_axis',(-9.9907583768293E-16,1.,0.));
#2168=DIRECTION('',(0.631710997005951,0.775203983646722,0.));
#2169=DIRECTION('center_axis',(0.,0.,1.));
#2170=DIRECTION('ref_axis',(0.429120614159964,-0.903247196786669,0.));
#2171=DIRECTION('',(1.,1.6149523305343E-16,0.));
#2172=DIRECTION('center_axis',(0.,0.,1.));
#2173=DIRECTION('ref_axis',(-0.511615220282523,-0.859214680027795,0.));
#2174=DIRECTION('center_axis',(0.,0.,-1.));
#2175=DIRECTION('ref_axis',(-1.,0.,0.));
#2176=DIRECTION('center_axis',(0.,0.,-1.));
#2177=DIRECTION('ref_axis',(-1.,0.,0.));
#2178=DIRECTION('center_axis',(0.,0.,-1.));
#2179=DIRECTION('ref_axis',(-1.,0.,0.));
#2180=DIRECTION('center_axis',(-1.,0.,0.));
#2181=DIRECTION('ref_axis',(0.,-1.,0.));
#2182=DIRECTION('',(0.,0.,1.));
#2183=DIRECTION('',(0.,-1.,0.));
#2184=DIRECTION('',(0.,0.,1.));
#2185=DIRECTION('center_axis',(0.,0.,1.));
#2186=DIRECTION('ref_axis',(-1.,0.,0.));
#2187=DIRECTION('',(0.,0.,1.));
#2188=DIRECTION('center_axis',(0.,0.,1.));
#2189=DIRECTION('ref_axis',(-1.,0.,0.));
#2190=DIRECTION('center_axis',(-1.74838271594513E-16,1.,0.));
#2191=DIRECTION('ref_axis',(0.707106781186547,0.,-0.707106781186548));
#2192=DIRECTION('center_axis',(8.74191357972566E-16,-1.,0.));
#2193=DIRECTION('ref_axis',(0.,0.,-1.));
#2194=DIRECTION('',(-1.74838271594513E-16,1.,0.));
#2195=DIRECTION('center_axis',(0.,1.,0.));
#2196=DIRECTION('ref_axis',(1.,0.,0.));
#2197=DIRECTION('center_axis',(0.,0.,-1.));
#2198=DIRECTION('ref_axis',(-1.,0.,0.));
#2199=DIRECTION('center_axis',(0.206382230008065,0.978471448299284,1.71074256825227E-15));
#2200=DIRECTION('ref_axis',(0.978471448299284,-0.206382230008065,0.));
#2201=DIRECTION('center_axis',(0.,0.,-1.));
#2202=DIRECTION('ref_axis',(-9.9907583768293E-16,1.,0.));
#2203=DIRECTION('center_axis',(0.,0.,-1.));
#2204=DIRECTION('ref_axis',(-1.,0.,0.));
#2205=DIRECTION('center_axis',(0.640175676547285,-0.768228548777788,0.));
#2206=DIRECTION('ref_axis',(0.,0.,-1.));
#2207=DIRECTION('center_axis',(0.,0.,-1.));
#2208=DIRECTION('ref_axis',(0.,-1.,0.));
#2209=DIRECTION('center_axis',(0.631710997005952,0.775203983646722,8.3310250266392E-16));
#2210=DIRECTION('ref_axis',(0.775203983646722,-0.631710997005952,0.));
#2211=DIRECTION('center_axis',(0.920988095956007,-0.389590717429623,-2.90197371761267E-15));
#2212=DIRECTION('ref_axis',(0.097397679357404,0.230247023989005,-0.968245836551854));
#2213=DIRECTION('center_axis',(0.,0.,-1.));
#2214=DIRECTION('ref_axis',(-1.,0.,0.));
#2215=DIRECTION('center_axis',(1.74838271594513E-15,-1.,3.16001333277112E-15));
#2216=DIRECTION('ref_axis',(-1.,-1.74838271594513E-15,0.));
#2217=DIRECTION('center_axis',(0.,0.,1.));
#2218=DIRECTION('ref_axis',(-0.238936060102062,-0.971035302748002,0.));
#2219=DIRECTION('center_axis',(0.,0.,-1.));
#2220=DIRECTION('ref_axis',(-0.238936060102063,-0.971035302748002,0.));
#2221=DIRECTION('center_axis',(1.74838271594513E-16,-1.,0.));
#2222=DIRECTION('ref_axis',(-0.790569415042094,-2.7644358020289E-16,-0.612372435695795));
#2223=DIRECTION('center_axis',(0.,-1.,-1.80572190444063E-15));
#2224=DIRECTION('ref_axis',(-1.,0.,0.));
#2225=DIRECTION('',(-1.74838271594513E-16,1.,0.));
#2226=DIRECTION('',(5.24514814783539E-16,-1.,0.));
#2227=DIRECTION('center_axis',(0.,0.,-1.));
#2228=DIRECTION('ref_axis',(-1.,0.,0.));
#2229=DIRECTION('center_axis',(0.,0.,1.));
#2230=DIRECTION('ref_axis',(1.,4.11384168457677E-16,0.));
#2231=DIRECTION('center_axis',(0.,0.,-1.));
#2232=DIRECTION('ref_axis',(1.,3.88529492432252E-16,0.));
#2233=DIRECTION('center_axis',(0.,0.,1.));
#2234=DIRECTION('ref_axis',(1.,0.,0.));
#2235=DIRECTION('center_axis',(-0.920988095956006,0.389590717429626,0.));
#2236=DIRECTION('ref_axis',(-0.389590717429626,-0.920988095956006,0.));
#2237=DIRECTION('center_axis',(0.,0.,1.));
#2238=DIRECTION('ref_axis',(0.552453293306492,-0.833543855303854,0.));
#2239=DIRECTION('center_axis',(1.74838271594514E-15,-1.,0.));
#2240=DIRECTION('ref_axis',(1.,1.74838271594514E-15,0.));
#2241=DIRECTION('center_axis',(0.920988095956006,-0.389590717429626,0.));
#2242=DIRECTION('ref_axis',(-0.275482238181821,-0.651236928042578,0.707106781186548));
#2243=DIRECTION('center_axis',(-0.920988095956007,0.389590717429625,0.));
#2244=DIRECTION('ref_axis',(-0.389590717429625,-0.920988095956007,0.));
#2245=DIRECTION('',(0.920988095956006,-0.389590717429626,0.));
#2246=DIRECTION('center_axis',(0.,0.,1.));
#2247=DIRECTION('ref_axis',(1.,4.99537918841466E-16,0.));
#2248=DIRECTION('',(0.,0.,1.));
#2249=DIRECTION('center_axis',(0.,0.,1.));
#2250=DIRECTION('ref_axis',(1.,4.99537918841466E-16,0.));
#2251=DIRECTION('',(0.,0.,1.));
#2252=DIRECTION('center_axis',(-1.,-1.74838271594513E-16,0.));
#2253=DIRECTION('ref_axis',(1.74838271594513E-16,-1.,0.));
#2254=DIRECTION('',(0.,0.,1.));
#2255=DIRECTION('',(1.74838271594513E-16,-1.,0.));
#2256=DIRECTION('center_axis',(0.,0.,1.));
#2257=DIRECTION('ref_axis',(1.,0.,0.));
#2258=DIRECTION('center_axis',(0.,1.,0.));
#2259=DIRECTION('ref_axis',(0.,0.,1.));
#2260=DIRECTION('center_axis',(0.,0.,1.));
#2261=DIRECTION('ref_axis',(0.335258121716147,0.94212631415504,0.));
#2262=DIRECTION('center_axis',(0.631710997005951,0.775203983646722,0.));
#2263=DIRECTION('ref_axis',(-0.775203983646722,0.631710997005951,0.));
#2264=DIRECTION('center_axis',(-0.631710997005951,-0.775203983646722,0.));
#2265=DIRECTION('ref_axis',(-0.548151993639422,0.446687129733023,0.707106781186548));
#2266=DIRECTION('',(-0.631710997005951,-0.775203983646722,0.));
#2267=DIRECTION('center_axis',(0.631710997005951,0.775203983646722,0.));
#2268=DIRECTION('ref_axis',(-0.775203983646722,0.631710997005951,0.));
#2269=DIRECTION('center_axis',(0.,0.,1.));
#2270=DIRECTION('ref_axis',(1.,0.,0.));
#2271=DIRECTION('center_axis',(1.,-8.74191357972562E-16,0.));
#2272=DIRECTION('ref_axis',(8.74191357972562E-16,1.,0.));
#2273=DIRECTION('center_axis',(0.,0.,-1.));
#2274=DIRECTION('ref_axis',(0.429120614159964,-0.903247196786669,0.));
#2275=DIRECTION('center_axis',(-1.,-1.6149523305343E-16,0.));
#2276=DIRECTION('ref_axis',(0.,0.707106781186547,0.707106781186547));
#2277=DIRECTION('center_axis',(1.,0.,0.));
#2278=DIRECTION('ref_axis',(0.,1.,0.));
#2279=DIRECTION('',(-1.,-1.6149523305343E-16,0.));
#2280=DIRECTION('center_axis',(0.,0.,1.));
#2281=DIRECTION('ref_axis',(1.,0.,0.));
#2282=DIRECTION('center_axis',(0.,0.,-1.));
#2283=DIRECTION('ref_axis',(-0.511615220282523,-0.859214680027795,0.));
#2284=DIRECTION('center_axis',(0.,0.,1.));
#2285=DIRECTION('ref_axis',(1.,0.,0.));
#2286=DIRECTION('center_axis',(0.,0.,1.));
#2287=DIRECTION('ref_axis',(-0.814111433777284,0.580708682036953,0.));
#2288=DIRECTION('center_axis',(0.93564729436853,0.352936453969903,0.));
#2289=DIRECTION('ref_axis',(0.249563759930054,-0.661602546646833,0.707106781186547));
#2290=DIRECTION('',(0.93564729436853,0.352936453969903,0.));
#2291=DIRECTION('center_axis',(-0.93564729436853,-0.352936453969903,0.));
#2292=DIRECTION('ref_axis',(0.352936453969903,-0.93564729436853,0.));
#2293=DIRECTION('center_axis',(0.,0.,1.));
#2294=DIRECTION('ref_axis',(1.,0.,0.));
#2295=DIRECTION('center_axis',(0.,0.,1.));
#2296=DIRECTION('ref_axis',(0.429803964472707,-0.902922229277552,0.));
#2297=DIRECTION('center_axis',(-0.863895178708092,-0.503671639269984,0.));
#2298=DIRECTION('ref_axis',(0.503671639269984,-0.863895178708092,0.));
#2299=DIRECTION('center_axis',(0.863895178708092,0.503671639269985,0.));
#2300=DIRECTION('ref_axis',(0.35614963161915,-0.610866139098856,0.707106781186548));
#2301=DIRECTION('',(0.863895178708092,0.503671639269985,0.));
#2302=DIRECTION('center_axis',(-0.86389517870809,-0.503671639269988,0.));
#2303=DIRECTION('ref_axis',(0.503671639269988,-0.86389517870809,0.));
#2304=DIRECTION('center_axis',(0.,0.,1.));
#2305=DIRECTION('ref_axis',(1.,0.,0.));
#2306=DIRECTION('center_axis',(-1.,1.74838271594514E-15,0.));
#2307=DIRECTION('ref_axis',(-1.74838271594514E-15,-1.,0.));
#2308=DIRECTION('center_axis',(0.,0.,-1.));
#2309=DIRECTION('ref_axis',(-0.260868569678208,0.965374326028016,0.));
#2310=DIRECTION('center_axis',(1.,9.68971398320582E-17,0.));
#2311=DIRECTION('ref_axis',(0.,-0.707106781186547,0.707106781186548));
#2312=DIRECTION('center_axis',(-1.,0.,0.));
#2313=DIRECTION('ref_axis',(0.,-1.,0.));
#2314=DIRECTION('',(1.,9.68971398320582E-17,0.));
#2315=DIRECTION('center_axis',(0.,0.,1.));
#2316=DIRECTION('ref_axis',(1.,0.,0.));
#2317=DIRECTION('center_axis',(0.,0.,-1.));
#2318=DIRECTION('ref_axis',(0.198761042515873,0.980047982487594,0.));
#2319=DIRECTION('center_axis',(-1.74838271594513E-16,1.,0.));
#2320=DIRECTION('ref_axis',(0.707106781186549,3.09073318638538E-16,0.707106781186546));
#2321=DIRECTION('',(-1.74838271594513E-16,1.,0.));
#2322=DIRECTION('center_axis',(-1.,0.,0.));
#2323=DIRECTION('ref_axis',(0.,-1.,0.));
#2324=DIRECTION('',(0.,0.,1.));
#2325=DIRECTION('',(0.,-1.,0.));
#2326=DIRECTION('',(0.,0.,1.));
#2327=DIRECTION('center_axis',(0.,0.,1.));
#2328=DIRECTION('ref_axis',(0.936115316985154,0.351693209069759,0.));
#2329=DIRECTION('',(0.,0.,1.));
#2330=DIRECTION('center_axis',(0.,0.,1.));
#2331=DIRECTION('ref_axis',(0.936115316985154,0.351693209069759,0.));
#2332=DIRECTION('center_axis',(-0.325554853213812,0.945523155480041,0.));
#2333=DIRECTION('ref_axis',(-0.945523155480041,-0.325554853213812,0.));
#2334=DIRECTION('',(0.,0.,1.));
#2335=DIRECTION('',(-0.945523155480041,-0.325554853213812,0.));
#2336=DIRECTION('center_axis',(0.,0.,1.));
#2337=DIRECTION('ref_axis',(0.879174615584795,0.476499732750531,0.));
#2338=DIRECTION('',(0.,0.,1.));
#2339=DIRECTION('center_axis',(0.,0.,1.));
#2340=DIRECTION('ref_axis',(0.879174615584795,0.476499732750531,0.));
#2341=DIRECTION('center_axis',(0.879174615584795,0.476499732750531,0.));
#2342=DIRECTION('ref_axis',(-0.476499732750531,0.879174615584795,0.));
#2343=DIRECTION('',(0.,0.,1.));
#2344=DIRECTION('',(-0.476499732750531,0.879174615584795,0.));
#2345=DIRECTION('center_axis',(0.,0.,1.));
#2346=DIRECTION('ref_axis',(-0.511615220282523,-0.859214680027795,0.));
#2347=DIRECTION('',(0.,0.,-1.));
#2348=DIRECTION('center_axis',(0.,0.,-1.));
#2349=DIRECTION('ref_axis',(-0.511615220282523,-0.859214680027795,0.));
#2350=DIRECTION('center_axis',(-1.6149523305343E-16,1.,0.));
#2351=DIRECTION('ref_axis',(-1.,-1.6149523305343E-16,0.));
#2352=DIRECTION('',(0.,0.,1.));
#2353=DIRECTION('',(-1.,-1.6149523305343E-16,0.));
#2354=DIRECTION('center_axis',(0.,0.,1.));
#2355=DIRECTION('ref_axis',(0.429120614159964,-0.903247196786669,0.));
#2356=DIRECTION('',(0.,0.,-1.));
#2357=DIRECTION('center_axis',(0.,0.,-1.));
#2358=DIRECTION('ref_axis',(0.429120614159964,-0.903247196786669,0.));
#2359=DIRECTION('center_axis',(-0.775203983646722,0.631710997005951,0.));
#2360=DIRECTION('ref_axis',(-0.631710997005951,-0.775203983646722,0.));
#2361=DIRECTION('',(0.,0.,1.));
#2362=DIRECTION('',(-0.631710997005951,-0.775203983646722,0.));
#2363=DIRECTION('center_axis',(0.,0.,1.));
#2364=DIRECTION('ref_axis',(1.,-3.49676543189026E-16,0.));
#2365=DIRECTION('',(0.,0.,1.));
#2366=DIRECTION('center_axis',(0.,0.,1.));
#2367=DIRECTION('ref_axis',(1.,-3.49676543189026E-16,0.));
#2368=DIRECTION('center_axis',(1.,5.24514814783539E-16,0.));
#2369=DIRECTION('ref_axis',(-5.24514814783539E-16,1.,0.));
#2370=DIRECTION('',(-5.24514814783539E-16,1.,0.));
#2371=DIRECTION('',(0.,0.,1.));
#2372=DIRECTION('center_axis',(0.,0.,1.));
#2373=DIRECTION('ref_axis',(-1.,-2.49768959420732E-16,0.));
#2374=DIRECTION('center_axis',(0.,0.,1.));
#2375=DIRECTION('ref_axis',(-1.,-2.49768959420732E-16,0.));
#2376=DIRECTION('center_axis',(0.,0.,1.));
#2377=DIRECTION('ref_axis',(1.,0.,0.));
#2378=DIRECTION('center_axis',(0.,0.,-1.));
#2379=DIRECTION('ref_axis',(-1.,0.,0.));
#2380=DIRECTION('center_axis',(0.,0.,-1.));
#2381=DIRECTION('ref_axis',(-1.,0.,0.));
#2382=DIRECTION('center_axis',(0.,0.,-1.));
#2383=DIRECTION('ref_axis',(-1.,0.,0.));
#2384=DIRECTION('center_axis',(1.,1.74838271594513E-16,0.));
#2385=DIRECTION('ref_axis',(-1.74838271594513E-16,1.,0.));
#2386=DIRECTION('',(0.,0.,1.));
#2387=DIRECTION('',(-1.74838271594513E-16,1.,0.));
#2388=DIRECTION('center_axis',(0.,0.,1.));
#2389=DIRECTION('ref_axis',(1.,0.,0.));
#2390=DIRECTION('center_axis',(0.,0.,1.));
#2391=DIRECTION('ref_axis',(1.,0.,0.));
#2392=DIRECTION('center_axis',(0.,0.,1.));
#2393=DIRECTION('ref_axis',(1.,0.,0.));
#2394=DIRECTION('center_axis',(0.,0.,-1.));
#2395=DIRECTION('ref_axis',(-1.,0.,0.));
#2396=DIRECTION('center_axis',(0.,0.,-1.));
#2397=DIRECTION('ref_axis',(-1.,0.,0.));
#2398=DIRECTION('center_axis',(0.,0.,-1.));
#2399=DIRECTION('ref_axis',(-1.,0.,0.));
#2400=DIRECTION('center_axis',(0.,0.,1.));
#2401=DIRECTION('ref_axis',(-0.260868569678208,0.965374326028016,0.));
#2402=DIRECTION('',(0.,0.,-1.));
#2403=DIRECTION('center_axis',(0.,0.,-1.));
#2404=DIRECTION('ref_axis',(-0.260868569678208,0.965374326028016,0.));
#2405=DIRECTION('',(0.,0.,1.));
#2406=DIRECTION('center_axis',(9.68971398320582E-17,-1.,0.));
#2407=DIRECTION('ref_axis',(1.,9.68971398320582E-17,0.));
#2408=DIRECTION('',(1.,9.68971398320582E-17,0.));
#2409=DIRECTION('',(0.,0.,-1.));
#2410=DIRECTION('center_axis',(0.,0.,1.));
#2411=DIRECTION('ref_axis',(0.198761042515874,0.980047982487594,0.));
#2412=DIRECTION('center_axis',(0.,0.,-1.));
#2413=DIRECTION('ref_axis',(0.198761042515874,0.980047982487594,0.));
#2414=DIRECTION('',(0.,0.,1.));
#2415=DIRECTION('center_axis',(-0.389590717429626,-0.920988095956006,0.));
#2416=DIRECTION('ref_axis',(0.920988095956006,-0.389590717429626,0.));
#2417=DIRECTION('',(0.920988095956006,-0.389590717429626,0.));
#2418=DIRECTION('',(0.,0.,1.));
#2419=DIRECTION('center_axis',(0.,0.,1.));
#2420=DIRECTION('ref_axis',(-1.,0.,0.));
#2421=DIRECTION('',(0.,0.,-1.));
#2422=DIRECTION('center_axis',(0.,0.,-1.));
#2423=DIRECTION('ref_axis',(-1.,0.,0.));
#2424=DIRECTION('center_axis',(0.,0.,1.));
#2425=DIRECTION('ref_axis',(-1.,0.,0.));
#2426=DIRECTION('',(0.,0.,-1.));
#2427=DIRECTION('center_axis',(0.,0.,-1.));
#2428=DIRECTION('ref_axis',(-1.,0.,0.));
#2429=DIRECTION('center_axis',(0.,0.,1.));
#2430=DIRECTION('ref_axis',(-1.,0.,0.));
#2431=DIRECTION('',(0.,0.,-1.));
#2432=DIRECTION('center_axis',(0.,0.,-1.));
#2433=DIRECTION('ref_axis',(-1.,0.,0.));
#2434=DIRECTION('center_axis',(0.,0.,1.));
#2435=DIRECTION('ref_axis',(-1.,0.,0.));
#2436=DIRECTION('',(0.,0.,-1.));
#2437=DIRECTION('center_axis',(0.,0.,1.));
#2438=DIRECTION('ref_axis',(-1.,0.,0.));
#2439=DIRECTION('',(0.,0.,-1.));
#2440=DIRECTION('center_axis',(0.,0.,1.));
#2441=DIRECTION('ref_axis',(-1.,0.,0.));
#2442=DIRECTION('',(0.,0.,-1.));
#2443=DIRECTION('center_axis',(0.,0.,1.));
#2444=DIRECTION('ref_axis',(-1.,0.,0.));
#2445=DIRECTION('',(0.,0.,-1.));
#2446=DIRECTION('center_axis',(0.,0.,-1.));
#2447=DIRECTION('ref_axis',(-1.,0.,0.));
#2448=DIRECTION('center_axis',(0.,0.,1.));
#2449=DIRECTION('ref_axis',(-1.,0.,0.));
#2450=DIRECTION('',(0.,0.,-1.));
#2451=DIRECTION('center_axis',(0.,0.,-1.));
#2452=DIRECTION('ref_axis',(-1.,0.,0.));
#2453=DIRECTION('center_axis',(0.,0.,1.));
#2454=DIRECTION('ref_axis',(-1.,0.,0.));
#2455=DIRECTION('',(0.,0.,-1.));
#2456=DIRECTION('center_axis',(0.,0.,-1.));
#2457=DIRECTION('ref_axis',(-1.,0.,0.));
#2458=DIRECTION('center_axis',(0.,0.,1.));
#2459=DIRECTION('ref_axis',(-1.,0.,0.));
#2460=DIRECTION('',(0.,0.,-1.));
#2461=DIRECTION('center_axis',(0.,0.,1.));
#2462=DIRECTION('ref_axis',(-1.,0.,0.));
#2463=DIRECTION('',(0.,0.,-1.));
#2464=DIRECTION('center_axis',(0.,0.,1.));
#2465=DIRECTION('ref_axis',(-1.,0.,0.));
#2466=DIRECTION('',(0.,0.,-1.));
#2467=DIRECTION('center_axis',(0.503671639269985,-0.863895178708092,0.));
#2468=DIRECTION('ref_axis',(0.863895178708092,0.503671639269985,0.));
#2469=DIRECTION('',(0.,0.,1.));
#2470=DIRECTION('',(0.863895178708092,0.503671639269985,0.));
#2471=DIRECTION('center_axis',(0.,0.,1.));
#2472=DIRECTION('ref_axis',(0.352936453969903,-0.93564729436853,0.));
#2473=DIRECTION('',(0.,0.,1.));
#2474=DIRECTION('center_axis',(0.,0.,1.));
#2475=DIRECTION('ref_axis',(0.352936453969903,-0.93564729436853,0.));
#2476=DIRECTION('center_axis',(0.352936453969903,-0.93564729436853,0.));
#2477=DIRECTION('ref_axis',(0.93564729436853,0.352936453969903,0.));
#2478=DIRECTION('',(0.,0.,1.));
#2479=DIRECTION('',(0.93564729436853,0.352936453969903,0.));
#2480=DIRECTION('center_axis',(0.,0.,1.));
#2481=DIRECTION('ref_axis',(-1.,0.,0.));
#2482=DIRECTION('center_axis',(0.,0.,1.));
#2483=DIRECTION('ref_axis',(-1.,0.,0.));
#2484=DIRECTION('center_axis',(1.,1.74838271594513E-16,0.));
#2485=DIRECTION('ref_axis',(-1.74838271594513E-16,1.,0.));
#2486=DIRECTION('',(0.,0.,1.));
#2487=DIRECTION('',(-1.74838271594513E-16,1.,0.));
#2488=DIRECTION('center_axis',(0.,0.,1.));
#2489=DIRECTION('ref_axis',(-0.389590717429626,-0.920988095956006,0.));
#2490=DIRECTION('center_axis',(0.,0.,1.));
#2491=DIRECTION('ref_axis',(-0.389590717429626,-0.920988095956006,0.));
#2492=DIRECTION('center_axis',(0.,0.,1.));
#2493=DIRECTION('ref_axis',(1.,0.,0.));
#2494=CARTESIAN_POINT('',(0.,0.,0.));
#2495=CARTESIAN_POINT('Origin',(-1.15327734051961,-0.302125049057153,0.));
#2496=CARTESIAN_POINT('',(-1.15327734051961,-0.302125049057153,0.));
#2497=CARTESIAN_POINT('',(-1.15327734051961,0.697874950942847,0.));
#2498=CARTESIAN_POINT('',(-1.15327734051961,-0.0521250490571527,0.));
#2499=CARTESIAN_POINT('',(-1.15327734051961,-0.302125049057153,0.1));
#2500=CARTESIAN_POINT('',(-1.15327734051961,-0.302125049057153,0.));
#2501=CARTESIAN_POINT('',(-1.15327734051961,0.697874950942847,0.1));
#2502=CARTESIAN_POINT('',(-1.15327734051961,0.697874950942847,0.1));
#2503=CARTESIAN_POINT('',(-1.15327734051961,0.697874950942847,0.));
#2504=CARTESIAN_POINT('Origin',(-1.35327734051961,-0.302125049057153,0.));
#2505=CARTESIAN_POINT('',(-1.55327734051961,-0.302125049057153,0.));
#2506=CARTESIAN_POINT('Origin',(-1.35327734051961,-0.302125049057153,0.));
#2507=CARTESIAN_POINT('',(-1.55327734051961,-0.302125049057153,0.1));
#2508=CARTESIAN_POINT('',(-1.55327734051961,-0.302125049057153,0.));
#2509=CARTESIAN_POINT('Origin',(-1.35327734051961,-0.302125049057153,0.1));
#2510=CARTESIAN_POINT('Origin',(-1.55327734051961,0.697874950942847,0.));
#2511=CARTESIAN_POINT('',(-1.55327734051961,0.697874950942847,0.));
#2512=CARTESIAN_POINT('',(-1.55327734051961,0.447874950942847,0.));
#2513=CARTESIAN_POINT('',(-1.55327734051961,0.697874950942847,0.1));
#2514=CARTESIAN_POINT('',(-1.55327734051961,0.697874950942847,0.));
#2515=CARTESIAN_POINT('',(-1.55327734051961,-0.302125049057153,0.1));
#2516=CARTESIAN_POINT('Origin',(-1.35327734051961,0.697874950942847,0.));
#2517=CARTESIAN_POINT('Origin',(-1.35327734051961,0.697874950942847,0.));
#2518=CARTESIAN_POINT('Origin',(-1.35327734051961,0.697874950942847,0.1));
#2519=CARTESIAN_POINT('Origin',(-1.35327734051961,0.197874950942847,0.1));
#2520=CARTESIAN_POINT('',(-1.26327734051961,0.197874950942847,0.1));
#2521=CARTESIAN_POINT('Origin',(-1.35327734051961,0.197874950942847,0.1));
#2522=CARTESIAN_POINT('',(-1.26327734051961,-0.302125049057153,0.1));
#2523=CARTESIAN_POINT('Origin',(-1.35327734051961,-0.302125049057153,0.1));
#2524=CARTESIAN_POINT('',(-1.26327734051961,0.697874950942847,0.1));
#2525=CARTESIAN_POINT('Origin',(-1.35327734051961,0.697874950942847,0.1));
#2526=CARTESIAN_POINT('Origin',(0.946722659480389,0.697874950942847,0.));
#2527=CARTESIAN_POINT('',(0.946722659480389,0.697874950942847,0.));
#2528=CARTESIAN_POINT('',(0.946722659480389,-0.302125049057153,0.));
#2529=CARTESIAN_POINT('',(0.946722659480389,0.447874950942847,0.));
#2530=CARTESIAN_POINT('',(0.946722659480389,0.697874950942847,0.1));
#2531=CARTESIAN_POINT('',(0.946722659480389,0.697874950942847,0.));
#2532=CARTESIAN_POINT('',(0.946722659480389,-0.302125049057153,0.1));
#2533=CARTESIAN_POINT('',(0.946722659480389,-0.302125049057153,0.1));
#2534=CARTESIAN_POINT('',(0.946722659480389,-0.302125049057153,0.));
#2535=CARTESIAN_POINT('Origin',(1.14672265948039,0.697874950942847,0.));
#2536=CARTESIAN_POINT('',(1.34672265948039,0.697874950942847,0.));
#2537=CARTESIAN_POINT('Origin',(1.14672265948039,0.697874950942847,0.));
#2538=CARTESIAN_POINT('',(1.34672265948039,0.697874950942847,0.1));
#2539=CARTESIAN_POINT('',(1.34672265948039,0.697874950942847,0.));
#2540=CARTESIAN_POINT('Origin',(1.14672265948039,0.697874950942847,0.1));
#2541=CARTESIAN_POINT('Origin',(1.34672265948039,-0.302125049057153,0.));
#2542=CARTESIAN_POINT('',(1.34672265948039,-0.302125049057153,0.));
#2543=CARTESIAN_POINT('',(1.34672265948039,-0.0521250490571527,0.));
#2544=CARTESIAN_POINT('',(1.34672265948039,-0.302125049057153,0.1));
#2545=CARTESIAN_POINT('',(1.34672265948039,-0.302125049057153,0.));
#2546=CARTESIAN_POINT('',(1.34672265948039,0.697874950942847,0.1));
#2547=CARTESIAN_POINT('Origin',(1.14672265948039,-0.302125049057153,0.));
#2548=CARTESIAN_POINT('Origin',(1.14672265948039,-0.302125049057153,0.));
#2549=CARTESIAN_POINT('Origin',(1.14672265948039,-0.302125049057153,0.1));
#2550=CARTESIAN_POINT('Origin',(1.14672265948039,0.197874950942847,0.1));
#2551=CARTESIAN_POINT('',(1.23672265948039,0.197874950942847,0.1));
#2552=CARTESIAN_POINT('Origin',(1.14672265948039,0.197874950942847,0.1));
#2553=CARTESIAN_POINT('',(1.23672265948039,-0.302125049057153,0.1));
#2554=CARTESIAN_POINT('Origin',(1.14672265948039,-0.302125049057153,0.1));
#2555=CARTESIAN_POINT('',(1.23672265948039,0.697874950942847,0.1));
#2556=CARTESIAN_POINT('Origin',(1.14672265948039,0.697874950942847,0.1));
#2557=CARTESIAN_POINT('Origin',(-1.85327734051961,0.525719012017942,0.25));
#2558=CARTESIAN_POINT('',(-1.91838831116237,0.714823643113949,0.25));
#2559=CARTESIAN_POINT('',(-2.05327734051961,0.525719012017942,0.25));
#2560=CARTESIAN_POINT('Origin',(-1.85327734051961,0.525719012017942,0.25));
#2561=CARTESIAN_POINT('Origin',(-1.85327734051961,0.525719012017942,0.25));
#2562=CARTESIAN_POINT('',(-2.05327734051961,0.525719012017942,0.15));
#2563=CARTESIAN_POINT('',(-2.05327734051961,0.525719012017942,0.25));
#2564=CARTESIAN_POINT('Origin',(-1.85327734051961,0.525719012017942,0.15));
#2565=CARTESIAN_POINT('Origin',(-1.85327734051961,0.525719012017942,0.15));
#2566=CARTESIAN_POINT('',(-1.76327734051961,0.525719012017942,0.15));
#2567=CARTESIAN_POINT('Origin',(-1.85327734051961,0.525719012017942,0.15));
#2568=CARTESIAN_POINT('Origin',(-1.86137183091802,0.00587495094284735,0.25));
#2569=CARTESIAN_POINT('',(-2.05327734051961,-0.0504480051634738,0.25));
#2570=CARTESIAN_POINT('',(-2.06137183091802,0.00587495094284737,0.249340442085474));
#2571=CARTESIAN_POINT('Ctrl Pts',(-2.05327734051961,-0.0504480051634738,
0.25));
#2572=CARTESIAN_POINT('Ctrl Pts',(-2.05416491415463,-0.0474238338040016,
0.25));
#2573=CARTESIAN_POINT('Ctrl Pts',(-2.05498376895742,-0.0443686852067597,
0.249976453603565));
#2574=CARTESIAN_POINT('Ctrl Pts',(-2.05956582259735,-0.0254888053577883,
0.249751442384494));
#2575=CARTESIAN_POINT('Ctrl Pts',(-2.06137183091802,-0.00915482749351447,
0.249340442085474));
#2576=CARTESIAN_POINT('Ctrl Pts',(-2.06137183091802,0.00587495094284737,
0.249340442085474));
#2577=CARTESIAN_POINT('',(-2.05327734051961,0.0621979070491685,0.25));
#2578=CARTESIAN_POINT('Origin',(-1.86137183091802,0.00587495094284735,0.25));
#2579=CARTESIAN_POINT('Ctrl Pts',(-2.06137183091802,0.00587495094284738,
0.249340442085474));
#2580=CARTESIAN_POINT('Ctrl Pts',(-2.06137183091802,0.0209047293792092,
0.249340442085474));
#2581=CARTESIAN_POINT('Ctrl Pts',(-2.05956582259735,0.037238707243483,0.249751442384494));
#2582=CARTESIAN_POINT('Ctrl Pts',(-2.05498376895742,0.0561185870924544,
0.249976453603565));
#2583=CARTESIAN_POINT('Ctrl Pts',(-2.05416491415463,0.0591737356896964,
0.25));
#2584=CARTESIAN_POINT('Ctrl Pts',(-2.05327734051961,0.0621979070491685,
0.25));
#2585=CARTESIAN_POINT('',(-2.06137183091802,0.00587495094284737,0.15));
#2586=CARTESIAN_POINT('',(-2.06137183091802,0.00587495094284737,0.25));
#2587=CARTESIAN_POINT('Origin',(-1.86137183091802,0.00587495094284735,0.15));
#2588=CARTESIAN_POINT('Origin',(-1.86137183091802,0.00587495094284736,0.15));
#2589=CARTESIAN_POINT('',(-1.77137183091802,0.00587495094284736,0.15));
#2590=CARTESIAN_POINT('Origin',(-1.86137183091802,0.00587495094284735,0.15));
#2591=CARTESIAN_POINT('Origin',(-1.86946903798466,-0.514143579897825,0.25));
#2592=CARTESIAN_POINT('',(-1.7308372993504,-0.658300581265233,0.25));
#2593=CARTESIAN_POINT('',(-1.79888174719068,-0.701273038771531,0.247305696625252));
#2594=CARTESIAN_POINT('Ctrl Pts',(-1.7308372993504,-0.658300581265233,0.25));
#2595=CARTESIAN_POINT('Ctrl Pts',(-1.73784169760483,-0.665036514302737,
0.25));
#2596=CARTESIAN_POINT('Ctrl Pts',(-1.74552064256312,-0.671420526809144,
0.249561469012917));
#2597=CARTESIAN_POINT('Ctrl Pts',(-1.76793326522268,-0.687342301715226,
0.248190876830171));
#2598=CARTESIAN_POINT('Ctrl Pts',(-1.78366212343131,-0.695532029234373,
0.247305696625252));
#2599=CARTESIAN_POINT('Ctrl Pts',(-1.79888174719068,-0.701273038771531,
0.247305696625252));
#2600=CARTESIAN_POINT('',(-2.05327734051961,-0.435311429608624,0.25));
#2601=CARTESIAN_POINT('Origin',(-1.86946903798466,-0.514143579897825,0.25));
#2602=CARTESIAN_POINT('',(-2.06946903798466,-0.514143579897825,0.247305696625252));
#2603=CARTESIAN_POINT('Ctrl Pts',(-2.06946903798466,-0.514143579897825,
0.247305696625252));
#2604=CARTESIAN_POINT('Ctrl Pts',(-2.06946903798466,-0.497877168557818,
0.247305696625252));
#2605=CARTESIAN_POINT('Ctrl Pts',(-2.0673576290309,-0.480270051541816,0.248190876830171));
#2606=CARTESIAN_POINT('Ctrl Pts',(-2.06037069498411,-0.45368036701444,0.249561469012917));
#2607=CARTESIAN_POINT('Ctrl Pts',(-2.05710769055909,-0.444242432204496,
0.25));
#2608=CARTESIAN_POINT('Ctrl Pts',(-2.05327734051961,-0.435311429608624,
0.25));
#2609=CARTESIAN_POINT('',(-2.06946903798466,-0.514143579897825,0.15));
#2610=CARTESIAN_POINT('',(-2.06946903798466,-0.514143579897825,0.25));
#2611=CARTESIAN_POINT('Origin',(-1.86946903798466,-0.514143579897825,0.15));
#2612=CARTESIAN_POINT('Origin',(-1.86946903798466,-0.514143579897825,0.247305696625252));
#2613=CARTESIAN_POINT('Origin',(-1.86946903798466,-0.514143579897825,0.15));
#2614=CARTESIAN_POINT('',(-1.77946903798466,-0.514143579897825,0.15));
#2615=CARTESIAN_POINT('Origin',(-1.86946903798466,-0.514143579897825,0.15));
#2616=CARTESIAN_POINT('Origin',(-1.86946903798466,-0.514143579897825,0.2));
#2617=CARTESIAN_POINT('',(-2.10327734051961,-0.514143579897825,0.2));
#2618=CARTESIAN_POINT('Origin',(-2.05327734051961,-0.514143579897825,0.2));
#2619=CARTESIAN_POINT('',(-1.78694956477925,-0.732905685565553,0.2));
#2620=CARTESIAN_POINT('Origin',(-1.86946903798466,-0.514143579897825,0.2));
#2621=CARTESIAN_POINT('Origin',(-1.80459638747774,-0.686123320847126,0.2));
#2622=CARTESIAN_POINT('Origin',(0.948361329740195,0.197874950942847,0.25));
#2623=CARTESIAN_POINT('',(-2.05327734051961,0.361796981480394,0.25));
#2624=CARTESIAN_POINT('',(-2.05327734051961,0.361796981480394,0.25));
#2625=CARTESIAN_POINT('',(-1.33898618456923,-0.510490029396584,0.25));
#2626=CARTESIAN_POINT('',(-0.453618695309792,-0.176519671121404,0.25));
#2627=CARTESIAN_POINT('',(-1.56213184051961,-0.302125049057153,0.25));
#2628=CARTESIAN_POINT('Origin',(-1.35327734051961,-0.302125049057153,0.25));
#2629=CARTESIAN_POINT('',(-1.56213184051961,0.697874950942847,0.25));
#2630=CARTESIAN_POINT('',(-1.56213184051961,0.447874950942847,0.25));
#2631=CARTESIAN_POINT('',(-1.47527865796189,0.867391559900788,0.25));
#2632=CARTESIAN_POINT('Origin',(-1.35327734051961,0.697874950942847,0.25));
#2633=CARTESIAN_POINT('',(-0.466494583896652,1.21472789878717,0.25));
#2634=CARTESIAN_POINT('Origin',(-2.05327734051961,0.361796981480394,0.2));
#2635=CARTESIAN_POINT('',(-2.10327734051961,0.525719012017942,0.2));
#2636=CARTESIAN_POINT('Origin',(-2.05327734051961,0.525719012017942,0.2));
#2637=CARTESIAN_POINT('',(-2.10327734051961,0.361796981480394,0.2));
#2638=CARTESIAN_POINT('Origin',(-1.35327734051961,-0.302125049057153,0.3));
#2639=CARTESIAN_POINT('',(-1.2371237951587,-0.410490662008586,0.3));
#2640=CARTESIAN_POINT('',(-1.20056406743272,-0.444599111234586,0.25));
#2641=CARTESIAN_POINT('Origin',(-1.20056406743272,-0.444599111234586,0.3));
#2642=CARTESIAN_POINT('',(-1.14442284051961,-0.302125049057153,0.25));
#2643=CARTESIAN_POINT('Origin',(-1.35327734051961,-0.302125049057153,0.25));
#2644=CARTESIAN_POINT('',(-1.19442284051961,-0.302125049057153,0.3));
#2645=CARTESIAN_POINT('Origin',(-1.14442284051961,-0.302125049057153,0.3));
#2646=CARTESIAN_POINT('Origin',(-1.35327734051961,-0.302125049057153,0.3));
#2647=CARTESIAN_POINT('Ctrl Pts',(-1.20056406743272,-0.444599111234586,
0.25));
#2648=CARTESIAN_POINT('Ctrl Pts',(-1.2159180083539,-0.456942905846428,0.25));
#2649=CARTESIAN_POINT('Ctrl Pts',(-1.23273768096728,-0.468481854394518,
0.249803608879653));
#2650=CARTESIAN_POINT('Ctrl Pts',(-1.25031313240066,-0.478728764728707,
0.249803608879653));
#2651=CARTESIAN_POINT('Ctrl Pts',(-1.21150271238902,-0.43439388709042,0.25));
#2652=CARTESIAN_POINT('Ctrl Pts',(-1.22546370240659,-0.446032000527814,
0.25086526596673));
#2653=CARTESIAN_POINT('Ctrl Pts',(-1.24101599742705,-0.457033038578271,
0.251053472332824));
#2654=CARTESIAN_POINT('Ctrl Pts',(-1.25739482112976,-0.466582286203423,
0.251053472332824));
#2655=CARTESIAN_POINT('Ctrl Pts',(-1.23043821467204,-0.416727983694479,
0.262559262600255));
#2656=CARTESIAN_POINT('Ctrl Pts',(-1.24167194104624,-0.427767138633055,
0.263893476942557));
#2657=CARTESIAN_POINT('Ctrl Pts',(-1.25487067257071,-0.438011737968818,
0.26428502792688));
#2658=CARTESIAN_POINT('Ctrl Pts',(-1.26918608488506,-0.44635796719304,0.26428502792688));
#2659=CARTESIAN_POINT('Ctrl Pts',(-1.2371237951587,-0.410490662008586,0.288780026237179));
#2660=CARTESIAN_POINT('Ctrl Pts',(-1.24754241571286,-0.42166864671915,0.289177433444383));
#2661=CARTESIAN_POINT('Ctrl Pts',(-1.25982246686567,-0.431520296702957,
0.289020537654529));
#2662=CARTESIAN_POINT('Ctrl Pts',(-1.2732668340992,-0.439358685723237,0.289020537654529));
#2663=CARTESIAN_POINT('Ctrl Pts',(-1.2371237951587,-0.410490662008586,0.3));
#2664=CARTESIAN_POINT('Ctrl Pts',(-1.2476793724401,-0.42180483899862,0.3));
#2665=CARTESIAN_POINT('Ctrl Pts',(-1.25989896532106,-0.431564897139882,
0.299607217759307));
#2666=CARTESIAN_POINT('Ctrl Pts',(-1.2732668340992,-0.439358685723237,0.299607217759307));
#2667=CARTESIAN_POINT('',(-1.2732668340992,-0.439358685723237,0.299607217759307));
#2668=CARTESIAN_POINT('',(-1.25031313240066,-0.478728764728706,0.249803608879653));
#2669=CARTESIAN_POINT('Origin',(-1.2480832521357,-0.482553444658642,0.299607217759307));
#2670=CARTESIAN_POINT('Ctrl Pts',(-1.25031313240066,-0.478728764728707,
0.249803608879653));
#2671=CARTESIAN_POINT('Ctrl Pts',(-1.23273768096728,-0.468481854394518,
0.249803608879653));
#2672=CARTESIAN_POINT('Ctrl Pts',(-1.2159180083539,-0.456942905846428,0.25));
#2673=CARTESIAN_POINT('Ctrl Pts',(-1.20056406743272,-0.444599111234586,
0.25));
#2674=CARTESIAN_POINT('Ctrl Pts',(-1.2371237951587,-0.410490662008586,0.3));
#2675=CARTESIAN_POINT('Ctrl Pts',(-1.2476793724401,-0.42180483899862,0.3));
#2676=CARTESIAN_POINT('Ctrl Pts',(-1.25989896532106,-0.431564897139882,
0.299607217759307));
#2677=CARTESIAN_POINT('Ctrl Pts',(-1.2732668340992,-0.439358685723237,0.299607217759307));
#2678=CARTESIAN_POINT('Origin',(-1.35327734051961,-0.302125049057153,0.299607217759307));
#2679=CARTESIAN_POINT('',(-1.29721179659245,-0.450756832180418,0.299607217759307));
#2680=CARTESIAN_POINT('',(-1.28112751180979,-0.493396852414852,0.249803608879653));
#2681=CARTESIAN_POINT('Origin',(-1.27956497389395,-0.497539196898845,0.299607217759307));
#2682=CARTESIAN_POINT('Origin',(-1.35327734051961,-0.302125049057153,0.249803608879653));
#2683=CARTESIAN_POINT('Origin',(-1.35327734051961,-0.302125049057153,0.299607217759307));
#2684=CARTESIAN_POINT('Ctrl Pts',(-1.28112751180979,-0.493396852414851,
0.249803608879654));
#2685=CARTESIAN_POINT('Ctrl Pts',(-1.30016296315211,-0.500577234100246,
0.249803608879654));
#2686=CARTESIAN_POINT('Ctrl Pts',(-1.31972346680558,-0.506355990073283,
0.25));
#2687=CARTESIAN_POINT('Ctrl Pts',(-1.33898618456923,-0.510490029396584,
0.25));
#2688=CARTESIAN_POINT('Ctrl Pts',(-1.28608984423691,-0.480241529815085,
0.251053472332824));
#2689=CARTESIAN_POINT('Ctrl Pts',(-1.3038292634956,-0.486933033938839,0.251053472332824));
#2690=CARTESIAN_POINT('Ctrl Pts',(-1.32217320581674,-0.492067306483872,
0.250865299195068));
#2691=CARTESIAN_POINT('Ctrl Pts',(-1.34000984071775,-0.495565128009899,
0.25));
#2692=CARTESIAN_POINT('Ctrl Pts',(-1.29435219868857,-0.458337729567606,
0.264285258381416));
#2693=CARTESIAN_POINT('Ctrl Pts',(-1.30985679813446,-0.464186235069189,
0.264285258381416));
#2694=CARTESIAN_POINT('Ctrl Pts',(-1.32612980798568,-0.467970889288033,
0.263893829908004));
#2695=CARTESIAN_POINT('Ctrl Pts',(-1.34178183098137,-0.46972951906943,0.262559564328596));
#2696=CARTESIAN_POINT('Ctrl Pts',(-1.29721179659245,-0.450756832180418,
0.289020537654529));
#2697=CARTESIAN_POINT('Ctrl Pts',(-1.31177299288787,-0.456249475633778,
0.289020537654529));
#2698=CARTESIAN_POINT('Ctrl Pts',(-1.32716169630148,-0.45956880795259,0.289177448705795));
#2699=CARTESIAN_POINT('Ctrl Pts',(-1.34240750322657,-0.460607220948734,
0.288780026237179));
#2700=CARTESIAN_POINT('Ctrl Pts',(-1.29721179659245,-0.450756832180418,
0.299607217759307));
#2701=CARTESIAN_POINT('Ctrl Pts',(-1.31169013967464,-0.456218222490146,
0.299607217759307));
#2702=CARTESIAN_POINT('Ctrl Pts',(-1.3269696257495,-0.459548381242521,0.3));
#2703=CARTESIAN_POINT('Ctrl Pts',(-1.34240750322657,-0.460607220948734,
0.3));
#2704=CARTESIAN_POINT('',(-1.34240750322657,-0.460607220948734,0.3));
#2705=CARTESIAN_POINT('Origin',(-1.33898618456923,-0.510490029396585,0.3));
#2706=CARTESIAN_POINT('Ctrl Pts',(-1.33898618456923,-0.510490029396584,
0.25));
#2707=CARTESIAN_POINT('Ctrl Pts',(-1.31972346680558,-0.506355990073283,
0.25));
#2708=CARTESIAN_POINT('Ctrl Pts',(-1.30016296315211,-0.500577234100246,
0.249803608879654));
#2709=CARTESIAN_POINT('Ctrl Pts',(-1.28112751180979,-0.493396852414851,
0.249803608879654));
#2710=CARTESIAN_POINT('Ctrl Pts',(-1.29721179659245,-0.450756832180418,
0.299607217759307));
#2711=CARTESIAN_POINT('Ctrl Pts',(-1.31169013967464,-0.456218222490146,
0.299607217759307));
#2712=CARTESIAN_POINT('Ctrl Pts',(-1.3269696257495,-0.459548381242521,0.3));
#2713=CARTESIAN_POINT('Ctrl Pts',(-1.34240750322657,-0.460607220948734,
0.3));
#2714=CARTESIAN_POINT('Origin',(-1.35327734051961,-0.302125049057153,0.3));
#2715=CARTESIAN_POINT('',(-1.51213184051961,-0.302125049057153,0.3));
#2716=CARTESIAN_POINT('Origin',(-1.35327734051961,-0.302125049057153,0.3));
#2717=CARTESIAN_POINT('Origin',(-1.56213184051961,-0.302125049057153,0.3));
#2718=CARTESIAN_POINT('Origin',(-1.56213184051961,0.447874950942847,0.3));
#2719=CARTESIAN_POINT('',(-1.51213184051961,0.697874950942847,0.3));
#2720=CARTESIAN_POINT('Origin',(-1.56213184051961,0.697874950942847,0.3));
#2721=CARTESIAN_POINT('',(-1.51213184051961,0.447874950942847,0.3));
#2722=CARTESIAN_POINT('Origin',(-1.35327734051961,0.697874950942847,0.3));
#2723=CARTESIAN_POINT('',(-1.44607140663566,0.826809094845465,0.3));
#2724=CARTESIAN_POINT('Origin',(-1.47527865796189,0.867391559900788,0.3));
#2725=CARTESIAN_POINT('Origin',(-1.35327734051961,0.697874950942847,0.3));
#2726=CARTESIAN_POINT('Ctrl Pts',(-1.47527865796189,0.867391559900786,0.25));
#2727=CARTESIAN_POINT('Ctrl Pts',(-1.4578125351253,0.876504590148061,0.25));
#2728=CARTESIAN_POINT('Ctrl Pts',(-1.43906574964301,0.884542422847093,0.249803608879654));
#2729=CARTESIAN_POINT('Ctrl Pts',(-1.41982962388626,0.891165649428953,0.249803608879654));
#2730=CARTESIAN_POINT('Ctrl Pts',(-1.46653986880017,0.855249314750085,0.25));
#2731=CARTESIAN_POINT('Ctrl Pts',(-1.45057755937999,0.863941817532748,0.250865265966731));
#2732=CARTESIAN_POINT('Ctrl Pts',(-1.43317871104557,0.871699187913684,0.251053472332824));
#2733=CARTESIAN_POINT('Ctrl Pts',(-1.41525228032558,0.877871470938026,0.251053472332824));
#2734=CARTESIAN_POINT('Ctrl Pts',(-1.45141359283297,0.834231877710234,0.262560879937117));
#2735=CARTESIAN_POINT('Ctrl Pts',(-1.43824298865892,0.842868702109223,0.26389509427942));
#2736=CARTESIAN_POINT('Ctrl Pts',(-1.42329941383428,0.850343011514087,0.264286263218911));
#2737=CARTESIAN_POINT('Ctrl Pts',(-1.40763136271295,0.855737707617919,0.264286263218911));
#2738=CARTESIAN_POINT('Ctrl Pts',(-1.44607140663566,0.826809094845464,0.288780026237179));
#2739=CARTESIAN_POINT('Ctrl Pts',(-1.4336731927189,0.83574102006434,0.289177433444383));
#2740=CARTESIAN_POINT('Ctrl Pts',(-1.41970789643118,0.84300911220157,0.289020537654529));
#2741=CARTESIAN_POINT('Ctrl Pts',(-1.40499319394946,0.848075559045051,0.289020537654529));
#2742=CARTESIAN_POINT('Ctrl Pts',(-1.44607140663566,0.826809094845464,0.3));
#2743=CARTESIAN_POINT('Ctrl Pts',(-1.43351230893752,0.835847893311749,0.3));
#2744=CARTESIAN_POINT('Ctrl Pts',(-1.41962416976768,0.843037940286307,0.299607217759307));
#2745=CARTESIAN_POINT('Ctrl Pts',(-1.40499319394946,0.848075559045051,0.299607217759307));
#2746=CARTESIAN_POINT('',(-1.40499319394946,0.848075559045051,0.299607217759307));
#2747=CARTESIAN_POINT('',(-1.41982962388626,0.891165649428953,0.249803608879654));
#2748=CARTESIAN_POINT('Origin',(-1.42127093661016,0.895351716819053,0.299607217759307));
#2749=CARTESIAN_POINT('Ctrl Pts',(-1.41982962388626,0.891165649428953,0.249803608879654));
#2750=CARTESIAN_POINT('Ctrl Pts',(-1.43906574964301,0.884542422847093,0.249803608879654));
#2751=CARTESIAN_POINT('Ctrl Pts',(-1.4578125351253,0.876504590148061,0.25));
#2752=CARTESIAN_POINT('Ctrl Pts',(-1.47527865796189,0.867391559900786,0.25));
#2753=CARTESIAN_POINT('Ctrl Pts',(-1.44607140663566,0.826809094845464,0.3));
#2754=CARTESIAN_POINT('Ctrl Pts',(-1.43351230893752,0.835847893311749,0.3));
#2755=CARTESIAN_POINT('Ctrl Pts',(-1.41962416976768,0.843037940286307,0.299607217759307));
#2756=CARTESIAN_POINT('Ctrl Pts',(-1.40499319394946,0.848075559045051,0.299607217759307));
#2757=CARTESIAN_POINT('Origin',(-1.35327734051961,0.697874950942847,0.299607217759307));
#2758=CARTESIAN_POINT('',(-1.2136164965482,0.773569077739066,0.299607217759307));
#2759=CARTESIAN_POINT('',(-1.1735500915858,0.795284480934773,0.249803608879653));
#2760=CARTESIAN_POINT('Origin',(-1.16965776576896,0.797394064376593,0.299607217759307));
#2761=CARTESIAN_POINT('Origin',(-1.35327734051961,0.697874950942847,0.249803608879653));
#2762=CARTESIAN_POINT('Origin',(-1.35327734051961,0.697874950942847,0.299607217759307));
#2763=CARTESIAN_POINT('Ctrl Pts',(-1.1735500915858,0.795284480934774,0.249803608879653));
#2764=CARTESIAN_POINT('Ctrl Pts',(-1.16385585366945,0.777397948566122,0.249803608879653));
#2765=CARTESIAN_POINT('Ctrl Pts',(-1.15547913940891,0.758801228909943,0.25));
#2766=CARTESIAN_POINT('Ctrl Pts',(-1.14877232625899,0.740276617331268,0.25));
#2767=CARTESIAN_POINT('Ctrl Pts',(-1.18591140098001,0.788584832743875,0.251053472332824));
#2768=CARTESIAN_POINT('Ctrl Pts',(-1.17687719697302,0.77191610810659,0.251053472332824));
#2769=CARTESIAN_POINT('Ctrl Pts',(-1.16930391477854,0.75443736755554,0.250865299195068));
#2770=CARTESIAN_POINT('Ctrl Pts',(-1.16342074350238,0.737239443385591,0.25));
#2771=CARTESIAN_POINT('Ctrl Pts',(-1.20649267888139,0.777430082315659,0.264285677876925));
#2772=CARTESIAN_POINT('Ctrl Pts',(-1.19859660785459,0.762861290913522,0.264285677876925));
#2773=CARTESIAN_POINT('Ctrl Pts',(-1.19264102294846,0.747251314159464,0.26389437914295));
#2774=CARTESIAN_POINT('Ctrl Pts',(-1.18877710190941,0.731982106034294,0.262560113563541));
#2775=CARTESIAN_POINT('Ctrl Pts',(-1.2136164965482,0.773569077739067,0.289020537654529));
#2776=CARTESIAN_POINT('Ctrl Pts',(-1.20620087510083,0.759886748689939,0.289020537654529));
#2777=CARTESIAN_POINT('Ctrl Pts',(-1.20082634560823,0.74508997226641,0.289177448705795));
#2778=CARTESIAN_POINT('Ctrl Pts',(-1.19773105452691,0.730125611155097,0.288780026237179));
#2779=CARTESIAN_POINT('Ctrl Pts',(-1.2136164965482,0.773569077739066,0.299607217759307));
#2780=CARTESIAN_POINT('Ctrl Pts',(-1.20624306999008,0.759964601148163,0.299607217759307));
#2781=CARTESIAN_POINT('Ctrl Pts',(-1.20087261761233,0.745277501594943,0.3));
#2782=CARTESIAN_POINT('Ctrl Pts',(-1.19773105452691,0.730125611155097,0.3));
#2783=CARTESIAN_POINT('',(-1.19773105452691,0.730125611155097,0.3));
#2784=CARTESIAN_POINT('',(-1.14877232625899,0.740276617331268,0.25));
#2785=CARTESIAN_POINT('Origin',(-1.14877232625899,0.740276617331267,0.3));
#2786=CARTESIAN_POINT('Ctrl Pts',(-1.14877232625899,0.740276617331268,0.25));
#2787=CARTESIAN_POINT('Ctrl Pts',(-1.15547913940891,0.758801228909943,0.25));
#2788=CARTESIAN_POINT('Ctrl Pts',(-1.16385585366945,0.777397948566122,0.249803608879653));
#2789=CARTESIAN_POINT('Ctrl Pts',(-1.1735500915858,0.795284480934774,0.249803608879653));
#2790=CARTESIAN_POINT('Ctrl Pts',(-1.2136164965482,0.773569077739066,0.299607217759307));
#2791=CARTESIAN_POINT('Ctrl Pts',(-1.20624306999008,0.759964601148163,0.299607217759307));
#2792=CARTESIAN_POINT('Ctrl Pts',(-1.20087261761233,0.745277501594943,0.3));
#2793=CARTESIAN_POINT('Ctrl Pts',(-1.19773105452691,0.730125611155097,0.3));
#2794=CARTESIAN_POINT('Origin',(-1.35327734051961,0.697874950942847,0.3));
#2795=CARTESIAN_POINT('',(-1.19442284051961,0.697874950942847,0.3));
#2796=CARTESIAN_POINT('Origin',(-1.35327734051961,0.697874950942847,0.3));
#2797=CARTESIAN_POINT('',(-1.14442284051961,0.697874950942847,0.25));
#2798=CARTESIAN_POINT('Origin',(-1.14442284051961,0.697874950942847,0.3));
#2799=CARTESIAN_POINT('Origin',(-1.35327734051961,0.697874950942847,0.25));
#2800=CARTESIAN_POINT('Origin',(-1.14442284051961,-0.0521250490571529,0.3));
#2801=CARTESIAN_POINT('',(-1.14442284051961,-0.0521250490571529,0.25));
#2802=CARTESIAN_POINT('',(-1.19442284051961,-0.0521250490571529,0.3));
#2803=CARTESIAN_POINT('Origin',(-0.466494583896652,1.21472789878717,0.2));
#2804=CARTESIAN_POINT('',(-1.43466605382306,0.934255739812857,0.2));
#2805=CARTESIAN_POINT('Origin',(-1.41838831116237,0.886979582038855,0.2));
#2806=CARTESIAN_POINT('',(-1.93466605382306,0.762099800887951,0.2));
#2807=CARTESIAN_POINT('',(-0.482772326557342,1.26200405656117,0.2));
#2808=CARTESIAN_POINT('Origin',(-1.91838831116237,0.714823643113949,0.2));
#2809=CARTESIAN_POINT('Origin',(-1.35327734051961,0.697874950942847,0.2));
#2810=CARTESIAN_POINT('',(-1.13348368662341,0.81699988413048,0.2));
#2811=CARTESIAN_POINT('Origin',(-1.17744241740265,0.793174897492954,0.2));
#2812=CARTESIAN_POINT('Origin',(-1.35327734051961,0.697874950942847,0.2));
#2813=CARTESIAN_POINT('Origin',(-0.67131180072485,-0.14067072668994,0.2));
#2814=CARTESIAN_POINT('',(-1.03910080045352,0.537925146987208,0.25));
#2815=CARTESIAN_POINT('',(-0.67131180072485,-0.14067072668994,0.25));
#2816=CARTESIAN_POINT('',(-0.995142069674285,0.561750133624734,0.2));
#2817=CARTESIAN_POINT('Origin',(-1.03910080045352,0.537925146987208,0.2));
#2818=CARTESIAN_POINT('',(-0.62735306994561,-0.116845740052414,0.2));
#2819=CARTESIAN_POINT('Origin',(0.948361329740195,0.197874950942847,0.25));
#2820=CARTESIAN_POINT('',(-0.995184090660125,-0.324857651710549,0.25));
#2821=CARTESIAN_POINT('',(-0.284889543697944,0.089261129885125,0.25));
#2822=CARTESIAN_POINT('',(-0.718164689061633,-0.25,0.25));
#2823=CARTESIAN_POINT('Origin',(-0.718164689061633,-0.8,0.25));
#2824=CARTESIAN_POINT('',(0.398596269740094,-0.25,0.25));
#2825=CARTESIAN_POINT('',(0.0475419946102918,-0.25,0.25));
#2826=CARTESIAN_POINT('',(0.612871164326388,-0.293456547224197,0.25));
#2827=CARTESIAN_POINT('Origin',(0.398596269740094,-0.8,0.25));
#2828=CARTESIAN_POINT('',(0.973871236005387,-0.446164576280291,0.25));
#2829=CARTESIAN_POINT('',(0.620312991066069,-0.296604542981394,0.25));
#2830=CARTESIAN_POINT('',(0.921722659480389,-0.302125049057153,0.25));
#2831=CARTESIAN_POINT('Origin',(1.14672265948039,-0.302125049057153,0.25));
#2832=CARTESIAN_POINT('',(0.921722659480389,0.697874950942847,0.25));
#2833=CARTESIAN_POINT('',(0.921722659480389,0.447874950942847,0.25));
#2834=CARTESIAN_POINT('',(0.92656658361305,0.744310952694662,0.25));
#2835=CARTESIAN_POINT('Origin',(1.14672265948039,0.697874950942847,0.25));
#2836=CARTESIAN_POINT('',(0.688818905133029,0.452558951646727,0.25));
#2837=CARTESIAN_POINT('',(0.829676726909518,0.625412590551965,0.25));
#2838=CARTESIAN_POINT('',(0.262456714127332,0.25,0.25));
#2839=CARTESIAN_POINT('Origin',(0.262456714127332,0.8,0.25));
#2840=CARTESIAN_POINT('',(-0.555554761881888,0.25,0.25));
#2841=CARTESIAN_POINT('',(0.724180664870097,0.25,0.25));
#2842=CARTESIAN_POINT('Origin',(-0.555554761881888,0.8,0.25));
#2843=CARTESIAN_POINT('',(-0.41,8.74191357972564E-17,0.25));
#2844=CARTESIAN_POINT('Origin',(-0.5,3.45031931289557E-17,0.25));
#2845=CARTESIAN_POINT('',(0.118110236220475,0.,0.25));
#2846=CARTESIAN_POINT('Origin',(2.09805925913415E-15,2.18547839493141E-17,
0.25));
#2847=CARTESIAN_POINT('',(0.59,8.74191357972564E-17,0.25));
#2848=CARTESIAN_POINT('Origin',(0.5,3.38282297993694E-17,0.25));
#2849=CARTESIAN_POINT('Origin',(-1.51213184051961,0.697874950942847,0.25));
#2850=CARTESIAN_POINT('',(-1.51213184051961,-0.302125049057153,0.8));
#2851=CARTESIAN_POINT('',(-1.51213184051961,-0.302125049057153,0.25));
#2852=CARTESIAN_POINT('',(-1.51213184051961,0.697874950942847,0.8));
#2853=CARTESIAN_POINT('',(-1.51213184051961,0.697874950942847,0.8));
#2854=CARTESIAN_POINT('',(-1.51213184051961,0.697874950942847,0.25));
#2855=CARTESIAN_POINT('Origin',(-1.35327734051961,-0.302125049057153,0.25));
#2856=CARTESIAN_POINT('',(-1.19442284051961,-0.302125049057153,0.8));
#2857=CARTESIAN_POINT('',(-1.19442284051961,-0.302125049057153,0.25));
#2858=CARTESIAN_POINT('Origin',(-1.35327734051961,-0.302125049057153,0.8));
#2859=CARTESIAN_POINT('Origin',(0.921722659480389,0.447874950942847,0.3));
#2860=CARTESIAN_POINT('',(0.971722659480389,-0.302125049057153,0.3));
#2861=CARTESIAN_POINT('Origin',(0.921722659480389,-0.302125049057153,0.3));
#2862=CARTESIAN_POINT('',(0.971722659480389,0.697874950942847,0.3));
#2863=CARTESIAN_POINT('',(0.971722659480389,0.447874950942847,0.3));
#2864=CARTESIAN_POINT('Origin',(0.921722659480389,0.697874950942847,0.3));
#2865=CARTESIAN_POINT('Origin',(1.14672265948039,0.697874950942847,0.3));
#2866=CARTESIAN_POINT('',(0.975490156028014,0.733991841194259,0.3));
#2867=CARTESIAN_POINT('Origin',(0.92656658361305,0.744310952694662,0.3));
#2868=CARTESIAN_POINT('Origin',(1.14672265948039,0.697874950942847,0.3));
#2869=CARTESIAN_POINT('Origin',(1.14672265948039,-0.302125049057153,0.3));
#2870=CARTESIAN_POINT('',(1.01228266344428,-0.414155792452927,0.3));
#2871=CARTESIAN_POINT('Origin',(0.973871236005387,-0.446164576280291,0.3));
#2872=CARTESIAN_POINT('Origin',(1.14672265948039,-0.302125049057153,0.3));
#2873=CARTESIAN_POINT('Ctrl Pts',(0.92656658361305,0.744310952694662,0.25));
#2874=CARTESIAN_POINT('Ctrl Pts',(0.940277312770717,0.774084515948868,0.25));
#2875=CARTESIAN_POINT('Ctrl Pts',(0.959430325166952,0.80442721400737,0.248412291827593));
#2876=CARTESIAN_POINT('Ctrl Pts',(0.98199181295546,0.832113537806612,0.248412291827593));
#2877=CARTESIAN_POINT('Ctrl Pts',(0.941204482249833,0.741223481753592,0.25));
#2878=CARTESIAN_POINT('Ctrl Pts',(0.953058869607244,0.768939316712662,0.252241919940036));
#2879=CARTESIAN_POINT('Ctrl Pts',(0.970155674570376,0.798347650136432,0.251550663426766));
#2880=CARTESIAN_POINT('Ctrl Pts',(0.991414309575122,0.82443517848512,0.251550663426766));
#2881=CARTESIAN_POINT('Ctrl Pts',(0.966543228035669,0.735878954971561,0.262559606718947));
#2882=CARTESIAN_POINT('Ctrl Pts',(0.97372988828254,0.761370769166999,0.266016580474187));
#2883=CARTESIAN_POINT('Ctrl Pts',(0.98713267683452,0.789126202946247,0.265419892273538));
#2884=CARTESIAN_POINT('Ctrl Pts',(1.00613227766675,0.812441558104936,0.265419892273538));
#2885=CARTESIAN_POINT('Ctrl Pts',(0.975490156028014,0.733991841194259,0.288780026237179));
#2886=CARTESIAN_POINT('Ctrl Pts',(0.981029366427067,0.760344436947118,0.289809715577106));
#2887=CARTESIAN_POINT('Ctrl Pts',(0.993272368316722,0.786593879794498,0.287409468857665));
#2888=CARTESIAN_POINT('Ctrl Pts',(1.01106196234221,0.808424375418889,0.287409468857665));
#2889=CARTESIAN_POINT('Ctrl Pts',(0.975490156028014,0.733991841194259,0.3));
#2890=CARTESIAN_POINT('Ctrl Pts',(0.981222232145832,0.761167983348281,0.3));
#2891=CARTESIAN_POINT('Ctrl Pts',(0.993514138506706,0.786890568019479,0.296824583655185));
#2892=CARTESIAN_POINT('Ctrl Pts',(1.01106196234221,0.808424375418889,0.296824583655185));
#2893=CARTESIAN_POINT('',(1.01106196234221,0.808424375418888,0.296824583655185));
#2894=CARTESIAN_POINT('',(0.98199181295546,0.832113537806612,0.248412291827593));
#2895=CARTESIAN_POINT('Origin',(0.972301763159876,0.840009925269186,0.296824583655185));
#2896=CARTESIAN_POINT('Ctrl Pts',(0.98199181295546,0.832113537806612,0.248412291827593));
#2897=CARTESIAN_POINT('Ctrl Pts',(0.959430325166952,0.80442721400737,0.248412291827593));
#2898=CARTESIAN_POINT('Ctrl Pts',(0.940277312770717,0.774084515948868,0.25));
#2899=CARTESIAN_POINT('Ctrl Pts',(0.92656658361305,0.744310952694662,0.25));
#2900=CARTESIAN_POINT('Ctrl Pts',(0.975490156028014,0.733991841194259,0.3));
#2901=CARTESIAN_POINT('Ctrl Pts',(0.981222232145832,0.761167983348281,0.3));
#2902=CARTESIAN_POINT('Ctrl Pts',(0.993514138506706,0.786890568019479,0.296824583655185));
#2903=CARTESIAN_POINT('Ctrl Pts',(1.01106196234221,0.808424375418889,0.296824583655185));
#2904=CARTESIAN_POINT('Ctrl Pts',(1.06393463202659,-0.497835019447804,0.248412291827593));
#2905=CARTESIAN_POINT('Ctrl Pts',(1.03104164491892,-0.48392083043499,0.248412291827593));
#2906=CARTESIAN_POINT('Ctrl Pts',(0.999918333289312,-0.466064271905338,
0.25));
#2907=CARTESIAN_POINT('Ctrl Pts',(0.973871236005387,-0.446164576280291,
0.25));
#2908=CARTESIAN_POINT('Ctrl Pts',(1.06867005301961,-0.486640537216081,0.251550663426766));
#2909=CARTESIAN_POINT('Ctrl Pts',(1.03767652929047,-0.473529847514088,0.251550663426766));
#2910=CARTESIAN_POINT('Ctrl Pts',(1.00880765328352,-0.455537104176736,0.252241919940037));
#2911=CARTESIAN_POINT('Ctrl Pts',(0.985363908220235,-0.436587570554349,
0.25));
#2912=CARTESIAN_POINT('Ctrl Pts',(1.07606705107883,-0.469154116586524,0.265419457286204));
#2913=CARTESIAN_POINT('Ctrl Pts',(1.04836703275185,-0.457436625274522,0.265419457286204));
#2914=CARTESIAN_POINT('Ctrl Pts',(1.02353692272856,-0.439176352158594,0.266015592457304));
#2915=CARTESIAN_POINT('Ctrl Pts',(1.00525906106352,-0.420008659302323,0.262558618702063));
#2916=CARTESIAN_POINT('Ctrl Pts',(1.0785442839302,-0.463297965849454,0.287409468857665));
#2917=CARTESIAN_POINT('Ctrl Pts',(1.05260836638716,-0.452326713596401,0.287409468857665));
#2918=CARTESIAN_POINT('Ctrl Pts',(1.02950720375839,-0.434855004170438,0.289809715577107));
#2919=CARTESIAN_POINT('Ctrl Pts',(1.01228266344428,-0.414155792452927,0.288780026237179));
#2920=CARTESIAN_POINT('Ctrl Pts',(1.0785442839302,-0.463297965849454,0.296824583655185));
#2921=CARTESIAN_POINT('Ctrl Pts',(1.05296084951312,-0.452475818839487,0.296824583655185));
#2922=CARTESIAN_POINT('Ctrl Pts',(1.03006295250599,-0.435492631953613,0.3));
#2923=CARTESIAN_POINT('Ctrl Pts',(1.01228266344428,-0.414155792452927,0.3));
#2924=CARTESIAN_POINT('',(1.06393463202659,-0.497835019447804,0.248412291827593));
#2925=CARTESIAN_POINT('',(1.0785442839302,-0.463297965849454,0.296824583655185));
#2926=CARTESIAN_POINT('Origin',(1.05906474805872,-0.509347370647254,0.296824583655185));
#2927=CARTESIAN_POINT('Ctrl Pts',(1.0785442839302,-0.463297965849454,0.296824583655185));
#2928=CARTESIAN_POINT('Ctrl Pts',(1.05296084951312,-0.452475818839487,0.296824583655185));
#2929=CARTESIAN_POINT('Ctrl Pts',(1.03006295250599,-0.435492631953613,0.3));
#2930=CARTESIAN_POINT('Ctrl Pts',(1.01228266344428,-0.414155792452927,0.3));
#2931=CARTESIAN_POINT('Ctrl Pts',(0.973871236005387,-0.446164576280291,
0.25));
#2932=CARTESIAN_POINT('Ctrl Pts',(0.999918333289312,-0.466064271905338,
0.25));
#2933=CARTESIAN_POINT('Ctrl Pts',(1.03104164491892,-0.48392083043499,0.248412291827593));
#2934=CARTESIAN_POINT('Ctrl Pts',(1.06393463202659,-0.497835019447804,0.248412291827593));
#2935=CARTESIAN_POINT('Origin',(1.14672265948039,0.697874950942847,0.296824583655185));
#2936=CARTESIAN_POINT('',(1.32172265948039,0.697874950942847,0.296824583655185));
#2937=CARTESIAN_POINT('',(1.35922265948039,0.697874950942847,0.248412291827593));
#2938=CARTESIAN_POINT('Origin',(1.37172265948039,0.697874950942847,0.296824583655185));
#2939=CARTESIAN_POINT('Origin',(1.14672265948039,0.697874950942847,0.248412291827593));
#2940=CARTESIAN_POINT('Origin',(1.14672265948039,0.697874950942847,0.296824583655185));
#2941=CARTESIAN_POINT('Origin',(1.37172265948039,-0.0521250490571525,0.296824583655185));
#2942=CARTESIAN_POINT('',(1.32172265948039,-0.302125049057153,0.296824583655185));
#2943=CARTESIAN_POINT('',(1.35922265948039,-0.302125049057153,0.248412291827593));
#2944=CARTESIAN_POINT('Origin',(1.37172265948039,-0.302125049057153,0.296824583655185));
#2945=CARTESIAN_POINT('',(1.35922265948039,-0.0521250490571525,0.248412291827593));
#2946=CARTESIAN_POINT('',(1.32172265948039,-0.0521250490571525,0.296824583655185));
#2947=CARTESIAN_POINT('Origin',(1.14672265948039,-0.302125049057153,0.296824583655185));
#2948=CARTESIAN_POINT('Origin',(1.14672265948039,-0.302125049057153,0.248412291827593));
#2949=CARTESIAN_POINT('Origin',(1.14672265948039,-0.302125049057153,0.296824583655185));
#2950=CARTESIAN_POINT('Origin',(1.14672265948039,-0.302125049057153,0.2));
#2951=CARTESIAN_POINT('',(1.04932498012298,-0.532372073046154,0.2));
#2952=CARTESIAN_POINT('Origin',(1.06880451599446,-0.486322668248354,0.2));
#2953=CARTESIAN_POINT('',(1.39672265948039,-0.302125049057152,0.2));
#2954=CARTESIAN_POINT('Origin',(1.14672265948039,-0.302125049057153,0.2));
#2955=CARTESIAN_POINT('Origin',(1.34672265948039,-0.302125049057153,0.2));
#2956=CARTESIAN_POINT('Origin',(0.620312991066069,-0.296604542981394,0.2));
#2957=CARTESIAN_POINT('',(0.593391628454907,-0.339505952021997,0.2));
#2958=CARTESIAN_POINT('Origin',(0.612871164326388,-0.293456547224197,0.2));
#2959=CARTESIAN_POINT('',(0.600833455194588,-0.342653947779195,0.2));
#2960=CARTESIAN_POINT('Origin',(1.14672265948039,0.697874950942847,0.25));
#2961=CARTESIAN_POINT('',(0.971722659480389,0.697874950942847,0.8));
#2962=CARTESIAN_POINT('',(0.971722659480389,0.697874950942847,0.25));
#2963=CARTESIAN_POINT('',(1.32172265948039,0.697874950942847,0.8));
#2964=CARTESIAN_POINT('Origin',(1.14672265948039,0.697874950942847,0.8));
#2965=CARTESIAN_POINT('',(1.32172265948039,0.697874950942847,0.25));
#2966=CARTESIAN_POINT('Origin',(0.971722659480389,0.697874950942847,0.25));
#2967=CARTESIAN_POINT('',(0.971722659480389,-0.302125049057153,0.8));
#2968=CARTESIAN_POINT('',(0.971722659480389,-0.302125049057153,0.25));
#2969=CARTESIAN_POINT('',(0.971722659480389,0.697874950942847,0.8));
#2970=CARTESIAN_POINT('Origin',(1.14672265948039,0.697874950942847,0.2));
#2971=CARTESIAN_POINT('',(1.39672265948039,0.697874950942847,0.2));
#2972=CARTESIAN_POINT('Origin',(1.34672265948039,0.697874950942847,0.2));
#2973=CARTESIAN_POINT('',(0.952921663568708,0.855802700194335,0.2));
#2974=CARTESIAN_POINT('Origin',(1.14672265948039,0.697874950942847,0.2));
#2975=CARTESIAN_POINT('Origin',(0.991681862751044,0.824217150344037,0.2));
#2976=CARTESIAN_POINT('Origin',(0.829676726909518,0.625412590551965,0.2));
#2977=CARTESIAN_POINT('',(0.650058705950693,0.484144501497024,0.2));
#2978=CARTESIAN_POINT('',(0.790916527727182,0.656998140402262,0.2));
#2979=CARTESIAN_POINT('Origin',(0.688818905133029,0.452558951646727,0.2));
#2980=CARTESIAN_POINT('Origin',(0.262456714127332,0.8,0.2));
#2981=CARTESIAN_POINT('',(0.262456714127332,0.3,0.2));
#2982=CARTESIAN_POINT('Origin',(0.262456714127332,0.25,0.2));
#2983=CARTESIAN_POINT('Origin',(0.262456714127332,0.8,0.2));
#2984=CARTESIAN_POINT('Origin',(0.724180664870097,0.25,0.2));
#2985=CARTESIAN_POINT('',(-0.555554761881888,0.3,0.2));
#2986=CARTESIAN_POINT('Origin',(-0.555554761881888,0.25,0.2));
#2987=CARTESIAN_POINT('',(0.724180664870097,0.3,0.2));
#2988=CARTESIAN_POINT('Origin',(-0.555554761881888,0.8,0.2));
#2989=CARTESIAN_POINT('Origin',(-0.555554761881888,0.8,0.2));
#2990=CARTESIAN_POINT('Origin',(-1.85327734051961,0.525719012017942,0.2));
#2991=CARTESIAN_POINT('Origin',(-1.85327734051961,0.525719012017942,0.2));
#2992=CARTESIAN_POINT('Origin',(-0.453618695309792,-0.176519671121404,0.2));
#2993=CARTESIAN_POINT('',(-1.26504322702714,-0.536036872649285,0.2));
#2994=CARTESIAN_POINT('',(-0.435971872611297,-0.22330203583983,0.2));
#2995=CARTESIAN_POINT('Origin',(-1.28269004972563,-0.489254507930859,0.2));
#2996=CARTESIAN_POINT('Origin',(-1.35327734051961,-0.302125049057153,0.2));
#2997=CARTESIAN_POINT('',(-1.22735943070211,-0.518098843734176,0.2));
#2998=CARTESIAN_POINT('Origin',(-1.35327734051961,-0.302125049057153,0.2));
#2999=CARTESIAN_POINT('Origin',(-1.25254301266561,-0.474904084798771,0.2));
#3000=CARTESIAN_POINT('Origin',(-0.284889543697944,0.089261129885125,0.2));
#3001=CARTESIAN_POINT('',(-0.970000508696625,-0.368052410645954,0.2));
#3002=CARTESIAN_POINT('',(-0.259705961734445,0.0460663709497204,0.2));
#3003=CARTESIAN_POINT('Origin',(-0.995184090660125,-0.324857651710549,0.2));
#3004=CARTESIAN_POINT('Origin',(-0.718164689061633,-0.8,0.2));
#3005=CARTESIAN_POINT('',(-0.718164689061633,-0.3,0.2));
#3006=CARTESIAN_POINT('Origin',(-0.718164689061633,-0.25,0.2));
#3007=CARTESIAN_POINT('Origin',(-0.718164689061633,-0.8,0.2));
#3008=CARTESIAN_POINT('Origin',(0.0475419946102918,-0.25,0.2));
#3009=CARTESIAN_POINT('',(0.398596269740094,-0.3,0.2));
#3010=CARTESIAN_POINT('Origin',(0.398596269740094,-0.25,0.2));
#3011=CARTESIAN_POINT('',(0.0475419946102918,-0.3,0.2));
#3012=CARTESIAN_POINT('Origin',(0.398596269740094,-0.8,0.2));
#3013=CARTESIAN_POINT('Origin',(0.398596269740094,-0.8,0.2));
#3014=CARTESIAN_POINT('Origin',(1.34672265948039,-0.0521250490571525,0.2));
#3015=CARTESIAN_POINT('',(1.39672265948039,-0.0521250490571525,0.2));
#3016=CARTESIAN_POINT('Origin',(-2.10327734051961,0.525719012017942,0.));
#3017=CARTESIAN_POINT('',(-2.10327734051961,0.525719012017942,0.));
#3018=CARTESIAN_POINT('',(-2.10327734051961,0.525719012017942,0.));
#3019=CARTESIAN_POINT('',(-2.10327734051961,-0.514143579897825,0.));
#3020=CARTESIAN_POINT('',(-2.10327734051961,0.525719012017942,0.));
#3021=CARTESIAN_POINT('',(-2.10327734051961,-0.514143579897825,0.));
#3022=CARTESIAN_POINT('Origin',(-1.85327734051961,0.525719012017942,0.));
#3023=CARTESIAN_POINT('',(-1.93466605382306,0.762099800887951,0.));
#3024=CARTESIAN_POINT('',(-1.93466605382306,0.762099800887951,0.));
#3025=CARTESIAN_POINT('Origin',(-1.85327734051961,0.525719012017942,0.));
#3026=CARTESIAN_POINT('Origin',(-1.43466605382306,0.934255739812857,0.));
#3027=CARTESIAN_POINT('',(-1.43466605382306,0.934255739812857,0.));
#3028=CARTESIAN_POINT('',(-1.43466605382306,0.934255739812857,0.));
#3029=CARTESIAN_POINT('',(-1.43466605382306,0.934255739812857,0.));
#3030=CARTESIAN_POINT('Origin',(-1.35327734051961,0.697874950942847,0.));
#3031=CARTESIAN_POINT('',(-1.13348368662341,0.81699988413048,0.));
#3032=CARTESIAN_POINT('',(-1.13348368662341,0.81699988413048,0.));
#3033=CARTESIAN_POINT('Origin',(-1.35327734051961,0.697874950942847,0.));
#3034=CARTESIAN_POINT('Origin',(-0.853277340519611,0.3,0.));
#3035=CARTESIAN_POINT('',(-0.995142069674285,0.561750133624734,0.));
#3036=CARTESIAN_POINT('',(-0.995142069674285,0.561750133624734,0.));
#3037=CARTESIAN_POINT('',(-0.853277340519611,0.3,0.));
#3038=CARTESIAN_POINT('Origin',(-0.555554761881888,0.8,0.));
#3039=CARTESIAN_POINT('',(-0.555554761881888,0.3,0.));
#3040=CARTESIAN_POINT('',(-0.555554761881888,0.3,0.));
#3041=CARTESIAN_POINT('Origin',(-0.555554761881888,0.8,0.));
#3042=CARTESIAN_POINT('Origin',(0.5,0.3,0.));
#3043=CARTESIAN_POINT('',(0.262456714127332,0.3,0.));
#3044=CARTESIAN_POINT('',(0.262456714127332,0.3,0.));
#3045=CARTESIAN_POINT('',(0.5,0.3,0.));
#3046=CARTESIAN_POINT('Origin',(0.262456714127332,0.8,0.));
#3047=CARTESIAN_POINT('',(0.650058705950693,0.484144501497024,0.));
#3048=CARTESIAN_POINT('',(0.650058705950693,0.484144501497024,0.));
#3049=CARTESIAN_POINT('Origin',(0.262456714127332,0.8,0.));
#3050=CARTESIAN_POINT('Origin',(0.952921663568708,0.855802700194335,0.));
#3051=CARTESIAN_POINT('',(0.952921663568708,0.855802700194335,0.));
#3052=CARTESIAN_POINT('',(0.952921663568708,0.855802700194335,0.));
#3053=CARTESIAN_POINT('',(0.952921663568708,0.855802700194335,0.));
#3054=CARTESIAN_POINT('Origin',(1.14672265948039,0.697874950942847,0.));
#3055=CARTESIAN_POINT('',(1.39672265948039,0.697874950942847,0.));
#3056=CARTESIAN_POINT('',(1.39672265948039,0.697874950942847,0.));
#3057=CARTESIAN_POINT('Origin',(1.14672265948039,0.697874950942847,0.));
#3058=CARTESIAN_POINT('Origin',(1.32172265948039,-0.302125049057153,0.25));
#3059=CARTESIAN_POINT('',(1.32172265948039,-0.302125049057153,0.8));
#3060=CARTESIAN_POINT('',(1.32172265948039,-0.302125049057153,0.8));
#3061=CARTESIAN_POINT('',(1.32172265948039,-0.302125049057153,0.25));
#3062=CARTESIAN_POINT('Origin',(1.14672265948039,-0.302125049057153,0.25));
#3063=CARTESIAN_POINT('Origin',(1.14672265948039,-0.302125049057153,0.8));
#3064=CARTESIAN_POINT('Origin',(1.14672265948039,0.197874950942847,0.8));
#3065=CARTESIAN_POINT('',(1.23672265948039,0.197874950942847,0.8));
#3066=CARTESIAN_POINT('Origin',(1.14672265948039,0.197874950942847,0.8));
#3067=CARTESIAN_POINT('',(1.23672265948039,0.697874950942847,0.8));
#3068=CARTESIAN_POINT('Origin',(1.14672265948039,0.697874950942847,0.8));
#3069=CARTESIAN_POINT('',(1.23672265948039,-0.302125049057153,0.8));
#3070=CARTESIAN_POINT('Origin',(1.14672265948039,-0.302125049057153,0.8));
#3071=CARTESIAN_POINT('Origin',(-1.19442284051961,-0.302125049057153,0.25));
#3072=CARTESIAN_POINT('',(-1.19442284051961,0.697874950942847,0.8));
#3073=CARTESIAN_POINT('',(-1.19442284051961,0.697874950942847,0.25));
#3074=CARTESIAN_POINT('',(-1.19442284051961,-0.302125049057153,0.8));
#3075=CARTESIAN_POINT('Origin',(-1.35327734051961,0.697874950942847,0.25));
#3076=CARTESIAN_POINT('Origin',(-1.35327734051961,0.697874950942847,0.8));
#3077=CARTESIAN_POINT('Origin',(-1.35327734051961,0.197874950942847,0.8));
#3078=CARTESIAN_POINT('',(-1.26327734051961,0.197874950942847,0.8));
#3079=CARTESIAN_POINT('Origin',(-1.35327734051961,0.197874950942847,0.8));
#3080=CARTESIAN_POINT('',(-1.26327734051961,0.697874950942847,0.8));
#3081=CARTESIAN_POINT('Origin',(-1.35327734051961,0.697874950942847,0.8));
#3082=CARTESIAN_POINT('',(-1.26327734051961,-0.302125049057153,0.8));
#3083=CARTESIAN_POINT('Origin',(-1.35327734051961,-0.302125049057153,0.8));
#3084=CARTESIAN_POINT('Origin',(-0.718164689061633,-0.8,0.));
#3085=CARTESIAN_POINT('',(-0.970000508696625,-0.368052410645954,0.));
#3086=CARTESIAN_POINT('',(-0.970000508696625,-0.368052410645954,0.));
#3087=CARTESIAN_POINT('',(-0.718164689061633,-0.3,0.));
#3088=CARTESIAN_POINT('Origin',(-0.718164689061633,-0.8,0.));
#3089=CARTESIAN_POINT('',(-0.718164689061633,-0.3,0.));
#3090=CARTESIAN_POINT('Origin',(-0.853277340519611,-0.3,0.));
#3091=CARTESIAN_POINT('',(0.398596269740094,-0.3,0.));
#3092=CARTESIAN_POINT('',(-0.853277340519611,-0.3,0.));
#3093=CARTESIAN_POINT('',(0.398596269740094,-0.3,0.));
#3094=CARTESIAN_POINT('Origin',(0.398596269740094,-0.8,0.));
#3095=CARTESIAN_POINT('',(0.593391628454907,-0.339505952021997,0.));
#3096=CARTESIAN_POINT('Origin',(0.398596269740094,-0.8,0.));
#3097=CARTESIAN_POINT('',(0.593391628454907,-0.339505952021997,0.));
#3098=CARTESIAN_POINT('Origin',(0.5,-0.3,0.));
#3099=CARTESIAN_POINT('',(1.04932498012298,-0.532372073046154,0.));
#3100=CARTESIAN_POINT('',(0.5,-0.3,0.));
#3101=CARTESIAN_POINT('',(1.04932498012298,-0.532372073046154,0.));
#3102=CARTESIAN_POINT('Origin',(0.5,3.38282297993694E-17,0.));
#3103=CARTESIAN_POINT('',(0.59,4.48500509916955E-17,0.));
#3104=CARTESIAN_POINT('',(0.59,4.48500509916955E-17,0.));
#3105=CARTESIAN_POINT('Origin',(0.5,3.38282297993694E-17,0.));
#3106=CARTESIAN_POINT('Origin',(2.09805925913415E-15,2.18547839493141E-17,
0.));
#3107=CARTESIAN_POINT('',(0.118110236220475,3.6319116222708E-17,0.));
#3108=CARTESIAN_POINT('',(0.118110236220475,3.6319116222708E-17,0.));
#3109=CARTESIAN_POINT('Origin',(2.09805925913415E-15,2.18547839493141E-17,
0.));
#3110=CARTESIAN_POINT('Origin',(-0.5,3.45031931289557E-17,0.));
#3111=CARTESIAN_POINT('',(-0.41,4.55250143212818E-17,0.));
#3112=CARTESIAN_POINT('',(-0.41,4.55250143212818E-17,0.));
#3113=CARTESIAN_POINT('Origin',(-0.5,3.45031931289557E-17,0.));
#3114=CARTESIAN_POINT('Origin',(-1.35327734051961,0.697874950942847,0.));
#3115=CARTESIAN_POINT('',(-1.26327734051961,0.697874950942847,0.));
#3116=CARTESIAN_POINT('Origin',(-1.35327734051961,0.197874950942847,0.));
#3117=CARTESIAN_POINT('',(-1.26327734051961,0.197874950942847,0.));
#3118=CARTESIAN_POINT('Origin',(-1.35327734051961,-0.302125049057153,0.));
#3119=CARTESIAN_POINT('',(-1.26327734051961,-0.302125049057153,0.));
#3120=CARTESIAN_POINT('Origin',(-1.86137183091802,0.00587495094284735,0.));
#3121=CARTESIAN_POINT('',(-1.77137183091802,0.00587495094284736,0.));
#3122=CARTESIAN_POINT('',(-1.77137183091802,0.00587495094284736,0.));
#3123=CARTESIAN_POINT('Origin',(-1.86137183091802,0.00587495094284735,0.));
#3124=CARTESIAN_POINT('Origin',(-1.86946903798466,-0.514143579897825,0.));
#3125=CARTESIAN_POINT('',(-1.77946903798466,-0.514143579897825,0.));
#3126=CARTESIAN_POINT('',(-1.77946903798466,-0.514143579897825,0.));
#3127=CARTESIAN_POINT('Origin',(-1.86946903798466,-0.514143579897825,0.));
#3128=CARTESIAN_POINT('Origin',(-1.85327734051961,0.525719012017942,0.));
#3129=CARTESIAN_POINT('',(-1.76327734051961,0.525719012017942,0.));
#3130=CARTESIAN_POINT('',(-1.76327734051961,0.525719012017942,0.));
#3131=CARTESIAN_POINT('Origin',(-1.85327734051961,0.525719012017942,0.));
#3132=CARTESIAN_POINT('Origin',(1.14672265948039,0.697874950942847,0.));
#3133=CARTESIAN_POINT('',(1.23672265948039,0.697874950942847,0.));
#3134=CARTESIAN_POINT('Origin',(1.14672265948039,-0.302125049057153,0.));
#3135=CARTESIAN_POINT('',(1.23672265948039,-0.302125049057153,0.));
#3136=CARTESIAN_POINT('Origin',(1.14672265948039,0.197874950942847,0.));
#3137=CARTESIAN_POINT('',(1.23672265948039,0.197874950942847,0.));
#3138=CARTESIAN_POINT('Origin',(-1.22735943070211,-0.518098843734176,0.));
#3139=CARTESIAN_POINT('',(-1.22735943070211,-0.518098843734176,0.));
#3140=CARTESIAN_POINT('',(-1.22735943070211,-0.518098843734176,0.));
#3141=CARTESIAN_POINT('',(-1.22735943070211,-0.518098843734176,0.));
#3142=CARTESIAN_POINT('Origin',(-1.35327734051961,-0.302125049057153,0.));
#3143=CARTESIAN_POINT('',(-1.26504322702714,-0.536036872649285,0.));
#3144=CARTESIAN_POINT('',(-1.26504322702714,-0.536036872649285,0.));
#3145=CARTESIAN_POINT('Origin',(-1.35327734051961,-0.302125049057153,0.));
#3146=CARTESIAN_POINT('Origin',(-1.78694956477925,-0.732905685565553,0.));
#3147=CARTESIAN_POINT('',(-1.78694956477925,-0.732905685565553,0.));
#3148=CARTESIAN_POINT('',(-1.78694956477925,-0.732905685565553,0.));
#3149=CARTESIAN_POINT('',(-1.78694956477925,-0.732905685565553,0.));
#3150=CARTESIAN_POINT('Origin',(-1.86946903798466,-0.514143579897825,0.));
#3151=CARTESIAN_POINT('Origin',(-1.86946903798466,-0.514143579897825,0.));
#3152=CARTESIAN_POINT('Origin',(1.39672265948039,-0.302125049057152,0.));
#3153=CARTESIAN_POINT('',(1.39672265948039,-0.302125049057152,0.));
#3154=CARTESIAN_POINT('',(1.39672265948039,-0.302125049057152,0.));
#3155=CARTESIAN_POINT('',(1.39672265948039,-0.302125049057152,0.));
#3156=CARTESIAN_POINT('Origin',(1.14672265948039,-0.302125049057153,0.));
#3157=CARTESIAN_POINT('Origin',(1.14672265948039,-0.302125049057153,0.));
#3158=CARTESIAN_POINT('Origin',(0.948361329740195,0.197874950942847,0.));
#3159=UNCERTAINTY_MEASURE_WITH_UNIT(LENGTH_MEASURE(0.000393700787401575),
#3165,'DISTANCE_ACCURACY_VALUE',
'Maximum model space distance between geometric entities at asserted c
onnectivities');
#3160=UNCERTAINTY_MEASURE_WITH_UNIT(LENGTH_MEASURE(0.000393700787401575),
#3165,'DISTANCE_ACCURACY_VALUE',
'Maximum model space distance between geometric entities at asserted c
onnectivities');
#3161=(
GEOMETRIC_REPRESENTATION_CONTEXT(3)
GLOBAL_UNCERTAINTY_ASSIGNED_CONTEXT((#3159))
GLOBAL_UNIT_ASSIGNED_CONTEXT((#3165,#3169,#3170))
REPRESENTATION_CONTEXT('','3D')
);
#3162=(
GEOMETRIC_REPRESENTATION_CONTEXT(3)
GLOBAL_UNCERTAINTY_ASSIGNED_CONTEXT((#3160))
GLOBAL_UNIT_ASSIGNED_CONTEXT((#3165,#3169,#3170))
REPRESENTATION_CONTEXT('','3D')
);
#3163=DIMENSIONAL_EXPONENTS(1.,0.,0.,0.,0.,0.,0.);
#3164=DIMENSIONAL_EXPONENTS(0.,1.,0.,0.,0.,0.,0.);
#3165=(
CONVERSION_BASED_UNIT('inch',#3168)
LENGTH_UNIT()
NAMED_UNIT(#3163)
);
#3166=(
LENGTH_UNIT()
NAMED_UNIT(*)
SI_UNIT(.MILLI.,.METRE.)
);
#3167=(
LENGTH_UNIT()
NAMED_UNIT(*)
SI_UNIT(.CENTI.,.METRE.)
);
#3168=LENGTH_MEASURE_WITH_UNIT(LENGTH_MEASURE(25.4),#3166);
#3169=(
NAMED_UNIT(*)
PLANE_ANGLE_UNIT()
SI_UNIT($,.RADIAN.)
);
#3170=(
NAMED_UNIT(*)
SI_UNIT($,.STERADIAN.)
SOLID_ANGLE_UNIT()
);
#3171=SHAPE_DEFINITION_REPRESENTATION(#3172,#3173);
#3172=PRODUCT_DEFINITION_SHAPE('',$,#3175);
#3173=SHAPE_REPRESENTATION('',(#1721),#3161);
#3174=PRODUCT_DEFINITION_CONTEXT('part definition',#3179,'design');
#3175=PRODUCT_DEFINITION('OdomPodPart2','OdomPodPart2',#3176,#3174);
#3176=PRODUCT_DEFINITION_FORMATION('',$,#3181);
#3177=PRODUCT_RELATED_PRODUCT_CATEGORY('OdomPodPart2','OdomPodPart2',(#3181));
#3178=APPLICATION_PROTOCOL_DEFINITION('international standard',
'automotive_design',2009,#3179);
#3179=APPLICATION_CONTEXT(
'Core Data for Automotive Mechanical Design Process');
#3180=PRODUCT_CONTEXT('part definition',#3179,'mechanical');
#3181=PRODUCT('OdomPodPart2','OdomPodPart2',$,(#3180));
#3182=PRESENTATION_STYLE_ASSIGNMENT((#3183));
#3183=SURFACE_STYLE_USAGE(.BOTH.,#3186);
#3184=SURFACE_STYLE_RENDERING_WITH_PROPERTIES($,#3190,(#3185));
#3185=SURFACE_STYLE_TRANSPARENT(0.);
#3186=SURFACE_SIDE_STYLE('',(#3187,#3184));
#3187=SURFACE_STYLE_FILL_AREA(#3188);
#3188=FILL_AREA_STYLE('',(#3189));
#3189=FILL_AREA_STYLE_COLOUR('',#3190);
#3190=COLOUR_RGB('',0.0196078431372549,0.0196078431372549,0.0196078431372549);
ENDSEC;
END-ISO-10303-21;
