ISO-10303-21;
HEADER;
/* Generated by software containing ST-Developer
 * from STEP Tools, Inc. (www.steptools.com) 
 */

FILE_DESCRIPTION(
/* description */ (''),
/* implementation_level */ '2;1');

FILE_NAME(
/* name */ 'Sprocket.stp',
/* time_stamp */ '2025-10-04T20:50:44-04:00',
/* author */ ('Teddy'),
/* organization */ (''),
/* preprocessor_version */ 'ST-DEVELOPER v20.1',
/* originating_system */ 'Autodesk Inventor 2026',
/* authorisation */ '');

FILE_SCHEMA (('AUTOMOTIVE_DESIGN { 1 0 10303 214 3 1 1 }'));
ENDSEC;

DATA;
#10=MECHANICAL_DESIGN_GEOMETRIC_PRESENTATION_REPRESENTATION('',(#13),#3483);
#11=SHAPE_REPRESENTATION_RELATIONSHIP('SRR','None',#3494,#12);
#12=ADVANCED_BREP_SHAPE_REPRESENTATION('',(#14),#3482);
#13=STYLED_ITEM('',(#3503),#14);
#14=MANIFOLD_SOLID_BREP('Solid1',#2007);
#15=FACE_BOUND('',#400,.T.);
#16=FACE_BOUND('',#402,.T.);
#17=CIRCLE('',#2034,0.0367957746478875);
#18=CIRCLE('',#2035,0.0367957746478875);
#19=CIRCLE('',#2038,0.025);
#20=CIRCLE('',#2039,0.025);
#21=CIRCLE('',#2042,0.025);
#22=CIRCLE('',#2043,0.025);
#23=CIRCLE('',#2046,0.0367957746478875);
#24=CIRCLE('',#2047,0.0367957746478875);
#25=CIRCLE('',#2049,0.925);
#26=CIRCLE('',#2050,0.925);
#27=CIRCLE('',#2052,0.0367957746478875);
#28=CIRCLE('',#2053,0.0367957746478875);
#29=CIRCLE('',#2056,0.025);
#30=CIRCLE('',#2057,0.025);
#31=CIRCLE('',#2060,0.025);
#32=CIRCLE('',#2061,0.025);
#33=CIRCLE('',#2064,0.0367957746478875);
#34=CIRCLE('',#2065,0.0367957746478875);
#35=CIRCLE('',#2067,0.925);
#36=CIRCLE('',#2068,0.925);
#37=CIRCLE('',#2070,0.0367957746478875);
#38=CIRCLE('',#2071,0.0367957746478875);
#39=CIRCLE('',#2074,0.025);
#40=CIRCLE('',#2075,0.025);
#41=CIRCLE('',#2078,0.025);
#42=CIRCLE('',#2079,0.025);
#43=CIRCLE('',#2082,0.0367957746478875);
#44=CIRCLE('',#2083,0.0367957746478875);
#45=CIRCLE('',#2085,0.925);
#46=CIRCLE('',#2086,0.925);
#47=CIRCLE('',#2088,0.0367957746478875);
#48=CIRCLE('',#2089,0.0367957746478875);
#49=CIRCLE('',#2092,0.025);
#50=CIRCLE('',#2093,0.025);
#51=CIRCLE('',#2096,0.025);
#52=CIRCLE('',#2097,0.025);
#53=CIRCLE('',#2100,0.0367957746478875);
#54=CIRCLE('',#2101,0.0367957746478875);
#55=CIRCLE('',#2103,0.925);
#56=CIRCLE('',#2104,0.925);
#57=CIRCLE('',#2106,0.0367957746478875);
#58=CIRCLE('',#2107,0.0367957746478875);
#59=CIRCLE('',#2110,0.025);
#60=CIRCLE('',#2111,0.025);
#61=CIRCLE('',#2114,0.025);
#62=CIRCLE('',#2115,0.025);
#63=CIRCLE('',#2118,0.0367957746478875);
#64=CIRCLE('',#2119,0.0367957746478875);
#65=CIRCLE('',#2121,0.925);
#66=CIRCLE('',#2122,0.925);
#67=CIRCLE('',#2124,0.0367957746478875);
#68=CIRCLE('',#2125,0.0367957746478875);
#69=CIRCLE('',#2128,0.025);
#70=CIRCLE('',#2129,0.025);
#71=CIRCLE('',#2132,0.025);
#72=CIRCLE('',#2133,0.025);
#73=CIRCLE('',#2136,0.0367957746478875);
#74=CIRCLE('',#2137,0.0367957746478875);
#75=CIRCLE('',#2139,0.925);
#76=CIRCLE('',#2140,0.925);
#77=CIRCLE('',#2142,0.0367957746478875);
#78=CIRCLE('',#2143,0.0367957746478875);
#79=CIRCLE('',#2146,0.025);
#80=CIRCLE('',#2147,0.025);
#81=CIRCLE('',#2150,0.025);
#82=CIRCLE('',#2151,0.025);
#83=CIRCLE('',#2154,0.0367957746478875);
#84=CIRCLE('',#2155,0.0367957746478875);
#85=CIRCLE('',#2157,0.925);
#86=CIRCLE('',#2158,0.925);
#87=CIRCLE('',#2160,0.0367957746478875);
#88=CIRCLE('',#2161,0.0367957746478875);
#89=CIRCLE('',#2164,0.025);
#90=CIRCLE('',#2165,0.025);
#91=CIRCLE('',#2168,0.025);
#92=CIRCLE('',#2169,0.025);
#93=CIRCLE('',#2172,0.0367957746478875);
#94=CIRCLE('',#2173,0.0367957746478875);
#95=CIRCLE('',#2175,0.925);
#96=CIRCLE('',#2176,0.925);
#97=CIRCLE('',#2178,0.0367957746478875);
#98=CIRCLE('',#2179,0.0367957746478875);
#99=CIRCLE('',#2182,0.025);
#100=CIRCLE('',#2183,0.025);
#101=CIRCLE('',#2186,0.025);
#102=CIRCLE('',#2187,0.025);
#103=CIRCLE('',#2190,0.0367957746478875);
#104=CIRCLE('',#2191,0.0367957746478875);
#105=CIRCLE('',#2193,0.925);
#106=CIRCLE('',#2194,0.925);
#107=CIRCLE('',#2196,0.0367957746478875);
#108=CIRCLE('',#2197,0.0367957746478875);
#109=CIRCLE('',#2200,0.025);
#110=CIRCLE('',#2201,0.025);
#111=CIRCLE('',#2204,0.025);
#112=CIRCLE('',#2205,0.025);
#113=CIRCLE('',#2208,0.0367957746478875);
#114=CIRCLE('',#2209,0.0367957746478875);
#115=CIRCLE('',#2211,0.925);
#116=CIRCLE('',#2212,0.925);
#117=CIRCLE('',#2214,0.0367957746478875);
#118=CIRCLE('',#2215,0.0367957746478875);
#119=CIRCLE('',#2218,0.025);
#120=CIRCLE('',#2219,0.025);
#121=CIRCLE('',#2222,0.025);
#122=CIRCLE('',#2223,0.025);
#123=CIRCLE('',#2226,0.0367957746478875);
#124=CIRCLE('',#2227,0.0367957746478875);
#125=CIRCLE('',#2229,0.925);
#126=CIRCLE('',#2230,0.925);
#127=CIRCLE('',#2232,0.0367957746478875);
#128=CIRCLE('',#2233,0.0367957746478875);
#129=CIRCLE('',#2236,0.025);
#130=CIRCLE('',#2237,0.025);
#131=CIRCLE('',#2240,0.025);
#132=CIRCLE('',#2241,0.025);
#133=CIRCLE('',#2244,0.0367957746478875);
#134=CIRCLE('',#2245,0.0367957746478875);
#135=CIRCLE('',#2247,0.925);
#136=CIRCLE('',#2248,0.925);
#137=CYLINDRICAL_SURFACE('',#2033,0.0367957746478875);
#138=CYLINDRICAL_SURFACE('',#2037,0.025);
#139=CYLINDRICAL_SURFACE('',#2041,0.025);
#140=CYLINDRICAL_SURFACE('',#2045,0.0367957746478875);
#141=CYLINDRICAL_SURFACE('',#2048,0.925);
#142=CYLINDRICAL_SURFACE('',#2051,0.0367957746478875);
#143=CYLINDRICAL_SURFACE('',#2055,0.025);
#144=CYLINDRICAL_SURFACE('',#2059,0.025);
#145=CYLINDRICAL_SURFACE('',#2063,0.0367957746478875);
#146=CYLINDRICAL_SURFACE('',#2066,0.925);
#147=CYLINDRICAL_SURFACE('',#2069,0.0367957746478875);
#148=CYLINDRICAL_SURFACE('',#2073,0.025);
#149=CYLINDRICAL_SURFACE('',#2077,0.025);
#150=CYLINDRICAL_SURFACE('',#2081,0.0367957746478875);
#151=CYLINDRICAL_SURFACE('',#2084,0.925);
#152=CYLINDRICAL_SURFACE('',#2087,0.0367957746478875);
#153=CYLINDRICAL_SURFACE('',#2091,0.025);
#154=CYLINDRICAL_SURFACE('',#2095,0.025);
#155=CYLINDRICAL_SURFACE('',#2099,0.0367957746478875);
#156=CYLINDRICAL_SURFACE('',#2102,0.925);
#157=CYLINDRICAL_SURFACE('',#2105,0.0367957746478875);
#158=CYLINDRICAL_SURFACE('',#2109,0.025);
#159=CYLINDRICAL_SURFACE('',#2113,0.025);
#160=CYLINDRICAL_SURFACE('',#2117,0.0367957746478875);
#161=CYLINDRICAL_SURFACE('',#2120,0.925);
#162=CYLINDRICAL_SURFACE('',#2123,0.0367957746478875);
#163=CYLINDRICAL_SURFACE('',#2127,0.025);
#164=CYLINDRICAL_SURFACE('',#2131,0.025);
#165=CYLINDRICAL_SURFACE('',#2135,0.0367957746478875);
#166=CYLINDRICAL_SURFACE('',#2138,0.925);
#167=CYLINDRICAL_SURFACE('',#2141,0.0367957746478875);
#168=CYLINDRICAL_SURFACE('',#2145,0.025);
#169=CYLINDRICAL_SURFACE('',#2149,0.025);
#170=CYLINDRICAL_SURFACE('',#2153,0.0367957746478875);
#171=CYLINDRICAL_SURFACE('',#2156,0.925);
#172=CYLINDRICAL_SURFACE('',#2159,0.0367957746478874);
#173=CYLINDRICAL_SURFACE('',#2163,0.025);
#174=CYLINDRICAL_SURFACE('',#2167,0.025);
#175=CYLINDRICAL_SURFACE('',#2171,0.0367957746478875);
#176=CYLINDRICAL_SURFACE('',#2174,0.925);
#177=CYLINDRICAL_SURFACE('',#2177,0.0367957746478875);
#178=CYLINDRICAL_SURFACE('',#2181,0.025);
#179=CYLINDRICAL_SURFACE('',#2185,0.025);
#180=CYLINDRICAL_SURFACE('',#2189,0.0367957746478875);
#181=CYLINDRICAL_SURFACE('',#2192,0.925);
#182=CYLINDRICAL_SURFACE('',#2195,0.0367957746478875);
#183=CYLINDRICAL_SURFACE('',#2199,0.025);
#184=CYLINDRICAL_SURFACE('',#2203,0.025);
#185=CYLINDRICAL_SURFACE('',#2207,0.0367957746478875);
#186=CYLINDRICAL_SURFACE('',#2210,0.925);
#187=CYLINDRICAL_SURFACE('',#2213,0.0367957746478875);
#188=CYLINDRICAL_SURFACE('',#2217,0.025);
#189=CYLINDRICAL_SURFACE('',#2221,0.025);
#190=CYLINDRICAL_SURFACE('',#2225,0.0367957746478875);
#191=CYLINDRICAL_SURFACE('',#2228,0.925);
#192=CYLINDRICAL_SURFACE('',#2231,0.0367957746478875);
#193=CYLINDRICAL_SURFACE('',#2235,0.025);
#194=CYLINDRICAL_SURFACE('',#2239,0.025);
#195=CYLINDRICAL_SURFACE('',#2243,0.0367957746478875);
#196=CYLINDRICAL_SURFACE('',#2246,0.925);
#197=FACE_OUTER_BOUND('',#299,.T.);
#198=FACE_OUTER_BOUND('',#300,.T.);
#199=FACE_OUTER_BOUND('',#301,.T.);
#200=FACE_OUTER_BOUND('',#302,.T.);
#201=FACE_OUTER_BOUND('',#303,.T.);
#202=FACE_OUTER_BOUND('',#304,.T.);
#203=FACE_OUTER_BOUND('',#305,.T.);
#204=FACE_OUTER_BOUND('',#306,.T.);
#205=FACE_OUTER_BOUND('',#307,.T.);
#206=FACE_OUTER_BOUND('',#308,.T.);
#207=FACE_OUTER_BOUND('',#309,.T.);
#208=FACE_OUTER_BOUND('',#310,.T.);
#209=FACE_OUTER_BOUND('',#311,.T.);
#210=FACE_OUTER_BOUND('',#312,.T.);
#211=FACE_OUTER_BOUND('',#313,.T.);
#212=FACE_OUTER_BOUND('',#314,.T.);
#213=FACE_OUTER_BOUND('',#315,.T.);
#214=FACE_OUTER_BOUND('',#316,.T.);
#215=FACE_OUTER_BOUND('',#317,.T.);
#216=FACE_OUTER_BOUND('',#318,.T.);
#217=FACE_OUTER_BOUND('',#319,.T.);
#218=FACE_OUTER_BOUND('',#320,.T.);
#219=FACE_OUTER_BOUND('',#321,.T.);
#220=FACE_OUTER_BOUND('',#322,.T.);
#221=FACE_OUTER_BOUND('',#323,.T.);
#222=FACE_OUTER_BOUND('',#324,.T.);
#223=FACE_OUTER_BOUND('',#325,.T.);
#224=FACE_OUTER_BOUND('',#326,.T.);
#225=FACE_OUTER_BOUND('',#327,.T.);
#226=FACE_OUTER_BOUND('',#328,.T.);
#227=FACE_OUTER_BOUND('',#329,.T.);
#228=FACE_OUTER_BOUND('',#330,.T.);
#229=FACE_OUTER_BOUND('',#331,.T.);
#230=FACE_OUTER_BOUND('',#332,.T.);
#231=FACE_OUTER_BOUND('',#333,.T.);
#232=FACE_OUTER_BOUND('',#334,.T.);
#233=FACE_OUTER_BOUND('',#335,.T.);
#234=FACE_OUTER_BOUND('',#336,.T.);
#235=FACE_OUTER_BOUND('',#337,.T.);
#236=FACE_OUTER_BOUND('',#338,.T.);
#237=FACE_OUTER_BOUND('',#339,.T.);
#238=FACE_OUTER_BOUND('',#340,.T.);
#239=FACE_OUTER_BOUND('',#341,.T.);
#240=FACE_OUTER_BOUND('',#342,.T.);
#241=FACE_OUTER_BOUND('',#343,.T.);
#242=FACE_OUTER_BOUND('',#344,.T.);
#243=FACE_OUTER_BOUND('',#345,.T.);
#244=FACE_OUTER_BOUND('',#346,.T.);
#245=FACE_OUTER_BOUND('',#347,.T.);
#246=FACE_OUTER_BOUND('',#348,.T.);
#247=FACE_OUTER_BOUND('',#349,.T.);
#248=FACE_OUTER_BOUND('',#350,.T.);
#249=FACE_OUTER_BOUND('',#351,.T.);
#250=FACE_OUTER_BOUND('',#352,.T.);
#251=FACE_OUTER_BOUND('',#353,.T.);
#252=FACE_OUTER_BOUND('',#354,.T.);
#253=FACE_OUTER_BOUND('',#355,.T.);
#254=FACE_OUTER_BOUND('',#356,.T.);
#255=FACE_OUTER_BOUND('',#357,.T.);
#256=FACE_OUTER_BOUND('',#358,.T.);
#257=FACE_OUTER_BOUND('',#359,.T.);
#258=FACE_OUTER_BOUND('',#360,.T.);
#259=FACE_OUTER_BOUND('',#361,.T.);
#260=FACE_OUTER_BOUND('',#362,.T.);
#261=FACE_OUTER_BOUND('',#363,.T.);
#262=FACE_OUTER_BOUND('',#364,.T.);
#263=FACE_OUTER_BOUND('',#365,.T.);
#264=FACE_OUTER_BOUND('',#366,.T.);
#265=FACE_OUTER_BOUND('',#367,.T.);
#266=FACE_OUTER_BOUND('',#368,.T.);
#267=FACE_OUTER_BOUND('',#369,.T.);
#268=FACE_OUTER_BOUND('',#370,.T.);
#269=FACE_OUTER_BOUND('',#371,.T.);
#270=FACE_OUTER_BOUND('',#372,.T.);
#271=FACE_OUTER_BOUND('',#373,.T.);
#272=FACE_OUTER_BOUND('',#374,.T.);
#273=FACE_OUTER_BOUND('',#375,.T.);
#274=FACE_OUTER_BOUND('',#376,.T.);
#275=FACE_OUTER_BOUND('',#377,.T.);
#276=FACE_OUTER_BOUND('',#378,.T.);
#277=FACE_OUTER_BOUND('',#379,.T.);
#278=FACE_OUTER_BOUND('',#380,.T.);
#279=FACE_OUTER_BOUND('',#381,.T.);
#280=FACE_OUTER_BOUND('',#382,.T.);
#281=FACE_OUTER_BOUND('',#383,.T.);
#282=FACE_OUTER_BOUND('',#384,.T.);
#283=FACE_OUTER_BOUND('',#385,.T.);
#284=FACE_OUTER_BOUND('',#386,.T.);
#285=FACE_OUTER_BOUND('',#387,.T.);
#286=FACE_OUTER_BOUND('',#388,.T.);
#287=FACE_OUTER_BOUND('',#389,.T.);
#288=FACE_OUTER_BOUND('',#390,.T.);
#289=FACE_OUTER_BOUND('',#391,.T.);
#290=FACE_OUTER_BOUND('',#392,.T.);
#291=FACE_OUTER_BOUND('',#393,.T.);
#292=FACE_OUTER_BOUND('',#394,.T.);
#293=FACE_OUTER_BOUND('',#395,.T.);
#294=FACE_OUTER_BOUND('',#396,.T.);
#295=FACE_OUTER_BOUND('',#397,.T.);
#296=FACE_OUTER_BOUND('',#398,.T.);
#297=FACE_OUTER_BOUND('',#399,.T.);
#298=FACE_OUTER_BOUND('',#401,.T.);
#299=EDGE_LOOP('',(#1263,#1264,#1265,#1266));
#300=EDGE_LOOP('',(#1267,#1268,#1269,#1270));
#301=EDGE_LOOP('',(#1271,#1272,#1273,#1274));
#302=EDGE_LOOP('',(#1275,#1276,#1277,#1278));
#303=EDGE_LOOP('',(#1279,#1280,#1281,#1282));
#304=EDGE_LOOP('',(#1283,#1284,#1285,#1286));
#305=EDGE_LOOP('',(#1287,#1288,#1289,#1290));
#306=EDGE_LOOP('',(#1291,#1292,#1293,#1294));
#307=EDGE_LOOP('',(#1295,#1296,#1297,#1298));
#308=EDGE_LOOP('',(#1299,#1300,#1301,#1302));
#309=EDGE_LOOP('',(#1303,#1304,#1305,#1306));
#310=EDGE_LOOP('',(#1307,#1308,#1309,#1310));
#311=EDGE_LOOP('',(#1311,#1312,#1313,#1314));
#312=EDGE_LOOP('',(#1315,#1316,#1317,#1318));
#313=EDGE_LOOP('',(#1319,#1320,#1321,#1322));
#314=EDGE_LOOP('',(#1323,#1324,#1325,#1326));
#315=EDGE_LOOP('',(#1327,#1328,#1329,#1330));
#316=EDGE_LOOP('',(#1331,#1332,#1333,#1334));
#317=EDGE_LOOP('',(#1335,#1336,#1337,#1338));
#318=EDGE_LOOP('',(#1339,#1340,#1341,#1342));
#319=EDGE_LOOP('',(#1343,#1344,#1345,#1346));
#320=EDGE_LOOP('',(#1347,#1348,#1349,#1350));
#321=EDGE_LOOP('',(#1351,#1352,#1353,#1354));
#322=EDGE_LOOP('',(#1355,#1356,#1357,#1358));
#323=EDGE_LOOP('',(#1359,#1360,#1361,#1362));
#324=EDGE_LOOP('',(#1363,#1364,#1365,#1366));
#325=EDGE_LOOP('',(#1367,#1368,#1369,#1370));
#326=EDGE_LOOP('',(#1371,#1372,#1373,#1374));
#327=EDGE_LOOP('',(#1375,#1376,#1377,#1378));
#328=EDGE_LOOP('',(#1379,#1380,#1381,#1382));
#329=EDGE_LOOP('',(#1383,#1384,#1385,#1386));
#330=EDGE_LOOP('',(#1387,#1388,#1389,#1390));
#331=EDGE_LOOP('',(#1391,#1392,#1393,#1394));
#332=EDGE_LOOP('',(#1395,#1396,#1397,#1398));
#333=EDGE_LOOP('',(#1399,#1400,#1401,#1402));
#334=EDGE_LOOP('',(#1403,#1404,#1405,#1406));
#335=EDGE_LOOP('',(#1407,#1408,#1409,#1410));
#336=EDGE_LOOP('',(#1411,#1412,#1413,#1414));
#337=EDGE_LOOP('',(#1415,#1416,#1417,#1418));
#338=EDGE_LOOP('',(#1419,#1420,#1421,#1422));
#339=EDGE_LOOP('',(#1423,#1424,#1425,#1426));
#340=EDGE_LOOP('',(#1427,#1428,#1429,#1430));
#341=EDGE_LOOP('',(#1431,#1432,#1433,#1434));
#342=EDGE_LOOP('',(#1435,#1436,#1437,#1438));
#343=EDGE_LOOP('',(#1439,#1440,#1441,#1442));
#344=EDGE_LOOP('',(#1443,#1444,#1445,#1446));
#345=EDGE_LOOP('',(#1447,#1448,#1449,#1450));
#346=EDGE_LOOP('',(#1451,#1452,#1453,#1454));
#347=EDGE_LOOP('',(#1455,#1456,#1457,#1458));
#348=EDGE_LOOP('',(#1459,#1460,#1461,#1462));
#349=EDGE_LOOP('',(#1463,#1464,#1465,#1466));
#350=EDGE_LOOP('',(#1467,#1468,#1469,#1470));
#351=EDGE_LOOP('',(#1471,#1472,#1473,#1474));
#352=EDGE_LOOP('',(#1475,#1476,#1477,#1478));
#353=EDGE_LOOP('',(#1479,#1480,#1481,#1482));
#354=EDGE_LOOP('',(#1483,#1484,#1485,#1486));
#355=EDGE_LOOP('',(#1487,#1488,#1489,#1490));
#356=EDGE_LOOP('',(#1491,#1492,#1493,#1494));
#357=EDGE_LOOP('',(#1495,#1496,#1497,#1498));
#358=EDGE_LOOP('',(#1499,#1500,#1501,#1502));
#359=EDGE_LOOP('',(#1503,#1504,#1505,#1506));
#360=EDGE_LOOP('',(#1507,#1508,#1509,#1510));
#361=EDGE_LOOP('',(#1511,#1512,#1513,#1514));
#362=EDGE_LOOP('',(#1515,#1516,#1517,#1518));
#363=EDGE_LOOP('',(#1519,#1520,#1521,#1522));
#364=EDGE_LOOP('',(#1523,#1524,#1525,#1526));
#365=EDGE_LOOP('',(#1527,#1528,#1529,#1530));
#366=EDGE_LOOP('',(#1531,#1532,#1533,#1534));
#367=EDGE_LOOP('',(#1535,#1536,#1537,#1538));
#368=EDGE_LOOP('',(#1539,#1540,#1541,#1542));
#369=EDGE_LOOP('',(#1543,#1544,#1545,#1546));
#370=EDGE_LOOP('',(#1547,#1548,#1549,#1550));
#371=EDGE_LOOP('',(#1551,#1552,#1553,#1554));
#372=EDGE_LOOP('',(#1555,#1556,#1557,#1558));
#373=EDGE_LOOP('',(#1559,#1560,#1561,#1562));
#374=EDGE_LOOP('',(#1563,#1564,#1565,#1566));
#375=EDGE_LOOP('',(#1567,#1568,#1569,#1570));
#376=EDGE_LOOP('',(#1571,#1572,#1573,#1574));
#377=EDGE_LOOP('',(#1575,#1576,#1577,#1578));
#378=EDGE_LOOP('',(#1579,#1580,#1581,#1582));
#379=EDGE_LOOP('',(#1583,#1584,#1585,#1586));
#380=EDGE_LOOP('',(#1587,#1588,#1589,#1590));
#381=EDGE_LOOP('',(#1591,#1592,#1593,#1594));
#382=EDGE_LOOP('',(#1595,#1596,#1597,#1598));
#383=EDGE_LOOP('',(#1599,#1600,#1601,#1602));
#384=EDGE_LOOP('',(#1603,#1604,#1605,#1606));
#385=EDGE_LOOP('',(#1607,#1608,#1609,#1610));
#386=EDGE_LOOP('',(#1611,#1612,#1613,#1614));
#387=EDGE_LOOP('',(#1615,#1616,#1617,#1618));
#388=EDGE_LOOP('',(#1619,#1620,#1621,#1622));
#389=EDGE_LOOP('',(#1623,#1624,#1625,#1626));
#390=EDGE_LOOP('',(#1627,#1628,#1629,#1630));
#391=EDGE_LOOP('',(#1631,#1632,#1633,#1634));
#392=EDGE_LOOP('',(#1635,#1636,#1637,#1638));
#393=EDGE_LOOP('',(#1639,#1640,#1641,#1642));
#394=EDGE_LOOP('',(#1643,#1644,#1645,#1646));
#395=EDGE_LOOP('',(#1647,#1648,#1649,#1650));
#396=EDGE_LOOP('',(#1651,#1652,#1653,#1654));
#397=EDGE_LOOP('',(#1655,#1656,#1657,#1658));
#398=EDGE_LOOP('',(#1659,#1660,#1661,#1662));
#399=EDGE_LOOP('',(#1663,#1664,#1665,#1666,#1667,#1668,#1669,#1670,#1671,
#1672,#1673,#1674,#1675,#1676,#1677,#1678,#1679,#1680,#1681,#1682,#1683,
#1684,#1685,#1686,#1687,#1688,#1689,#1690,#1691,#1692,#1693,#1694,#1695,
#1696,#1697,#1698,#1699,#1700,#1701,#1702,#1703,#1704,#1705,#1706,#1707,
#1708,#1709,#1710,#1711,#1712,#1713,#1714,#1715,#1716,#1717,#1718,#1719,
#1720,#1721,#1722,#1723,#1724,#1725,#1726,#1727,#1728,#1729,#1730,#1731,
#1732,#1733,#1734,#1735,#1736,#1737,#1738,#1739,#1740,#1741,#1742,#1743,
#1744,#1745,#1746,#1747,#1748,#1749,#1750,#1751,#1752,#1753,#1754,#1755,
#1756,#1757,#1758));
#400=EDGE_LOOP('',(#1759,#1760,#1761,#1762));
#401=EDGE_LOOP('',(#1763,#1764,#1765,#1766,#1767,#1768,#1769,#1770,#1771,
#1772,#1773,#1774,#1775,#1776,#1777,#1778,#1779,#1780,#1781,#1782,#1783,
#1784,#1785,#1786,#1787,#1788,#1789,#1790,#1791,#1792,#1793,#1794,#1795,
#1796,#1797,#1798,#1799,#1800,#1801,#1802,#1803,#1804,#1805,#1806,#1807,
#1808,#1809,#1810,#1811,#1812,#1813,#1814,#1815,#1816,#1817,#1818,#1819,
#1820,#1821,#1822,#1823,#1824,#1825,#1826,#1827,#1828,#1829,#1830,#1831,
#1832,#1833,#1834,#1835,#1836,#1837,#1838,#1839,#1840,#1841,#1842,#1843,
#1844,#1845,#1846,#1847,#1848,#1849,#1850,#1851,#1852,#1853,#1854,#1855,
#1856,#1857,#1858));
#402=EDGE_LOOP('',(#1859,#1860,#1861,#1862));
#403=LINE('',#2881,#583);
#404=LINE('',#2883,#584);
#405=LINE('',#2885,#585);
#406=LINE('',#2886,#586);
#407=LINE('',#2889,#587);
#408=LINE('',#2891,#588);
#409=LINE('',#2892,#589);
#410=LINE('',#2895,#590);
#411=LINE('',#2897,#591);
#412=LINE('',#2898,#592);
#413=LINE('',#2900,#593);
#414=LINE('',#2901,#594);
#415=LINE('',#2907,#595);
#416=LINE('',#2910,#596);
#417=LINE('',#2913,#597);
#418=LINE('',#2915,#598);
#419=LINE('',#2916,#599);
#420=LINE('',#2922,#600);
#421=LINE('',#2925,#601);
#422=LINE('',#2927,#602);
#423=LINE('',#2928,#603);
#424=LINE('',#2934,#604);
#425=LINE('',#2937,#605);
#426=LINE('',#2939,#606);
#427=LINE('',#2940,#607);
#428=LINE('',#2946,#608);
#429=LINE('',#2952,#609);
#430=LINE('',#2958,#610);
#431=LINE('',#2961,#611);
#432=LINE('',#2963,#612);
#433=LINE('',#2964,#613);
#434=LINE('',#2970,#614);
#435=LINE('',#2973,#615);
#436=LINE('',#2975,#616);
#437=LINE('',#2976,#617);
#438=LINE('',#2982,#618);
#439=LINE('',#2985,#619);
#440=LINE('',#2987,#620);
#441=LINE('',#2988,#621);
#442=LINE('',#2994,#622);
#443=LINE('',#3000,#623);
#444=LINE('',#3006,#624);
#445=LINE('',#3009,#625);
#446=LINE('',#3011,#626);
#447=LINE('',#3012,#627);
#448=LINE('',#3018,#628);
#449=LINE('',#3021,#629);
#450=LINE('',#3023,#630);
#451=LINE('',#3024,#631);
#452=LINE('',#3030,#632);
#453=LINE('',#3033,#633);
#454=LINE('',#3035,#634);
#455=LINE('',#3036,#635);
#456=LINE('',#3042,#636);
#457=LINE('',#3048,#637);
#458=LINE('',#3054,#638);
#459=LINE('',#3057,#639);
#460=LINE('',#3059,#640);
#461=LINE('',#3060,#641);
#462=LINE('',#3066,#642);
#463=LINE('',#3069,#643);
#464=LINE('',#3071,#644);
#465=LINE('',#3072,#645);
#466=LINE('',#3078,#646);
#467=LINE('',#3081,#647);
#468=LINE('',#3083,#648);
#469=LINE('',#3084,#649);
#470=LINE('',#3090,#650);
#471=LINE('',#3096,#651);
#472=LINE('',#3102,#652);
#473=LINE('',#3105,#653);
#474=LINE('',#3107,#654);
#475=LINE('',#3108,#655);
#476=LINE('',#3114,#656);
#477=LINE('',#3117,#657);
#478=LINE('',#3119,#658);
#479=LINE('',#3120,#659);
#480=LINE('',#3126,#660);
#481=LINE('',#3129,#661);
#482=LINE('',#3131,#662);
#483=LINE('',#3132,#663);
#484=LINE('',#3138,#664);
#485=LINE('',#3144,#665);
#486=LINE('',#3150,#666);
#487=LINE('',#3153,#667);
#488=LINE('',#3155,#668);
#489=LINE('',#3156,#669);
#490=LINE('',#3162,#670);
#491=LINE('',#3165,#671);
#492=LINE('',#3167,#672);
#493=LINE('',#3168,#673);
#494=LINE('',#3174,#674);
#495=LINE('',#3177,#675);
#496=LINE('',#3179,#676);
#497=LINE('',#3180,#677);
#498=LINE('',#3186,#678);
#499=LINE('',#3192,#679);
#500=LINE('',#3198,#680);
#501=LINE('',#3201,#681);
#502=LINE('',#3203,#682);
#503=LINE('',#3204,#683);
#504=LINE('',#3210,#684);
#505=LINE('',#3213,#685);
#506=LINE('',#3215,#686);
#507=LINE('',#3216,#687);
#508=LINE('',#3222,#688);
#509=LINE('',#3225,#689);
#510=LINE('',#3227,#690);
#511=LINE('',#3228,#691);
#512=LINE('',#3234,#692);
#513=LINE('',#3240,#693);
#514=LINE('',#3246,#694);
#515=LINE('',#3249,#695);
#516=LINE('',#3251,#696);
#517=LINE('',#3252,#697);
#518=LINE('',#3258,#698);
#519=LINE('',#3261,#699);
#520=LINE('',#3263,#700);
#521=LINE('',#3264,#701);
#522=LINE('',#3270,#702);
#523=LINE('',#3273,#703);
#524=LINE('',#3275,#704);
#525=LINE('',#3276,#705);
#526=LINE('',#3282,#706);
#527=LINE('',#3288,#707);
#528=LINE('',#3294,#708);
#529=LINE('',#3297,#709);
#530=LINE('',#3299,#710);
#531=LINE('',#3300,#711);
#532=LINE('',#3306,#712);
#533=LINE('',#3309,#713);
#534=LINE('',#3311,#714);
#535=LINE('',#3312,#715);
#536=LINE('',#3318,#716);
#537=LINE('',#3321,#717);
#538=LINE('',#3323,#718);
#539=LINE('',#3324,#719);
#540=LINE('',#3330,#720);
#541=LINE('',#3336,#721);
#542=LINE('',#3342,#722);
#543=LINE('',#3345,#723);
#544=LINE('',#3347,#724);
#545=LINE('',#3348,#725);
#546=LINE('',#3354,#726);
#547=LINE('',#3357,#727);
#548=LINE('',#3359,#728);
#549=LINE('',#3360,#729);
#550=LINE('',#3366,#730);
#551=LINE('',#3369,#731);
#552=LINE('',#3371,#732);
#553=LINE('',#3372,#733);
#554=LINE('',#3378,#734);
#555=LINE('',#3384,#735);
#556=LINE('',#3390,#736);
#557=LINE('',#3393,#737);
#558=LINE('',#3395,#738);
#559=LINE('',#3396,#739);
#560=LINE('',#3402,#740);
#561=LINE('',#3405,#741);
#562=LINE('',#3407,#742);
#563=LINE('',#3408,#743);
#564=LINE('',#3414,#744);
#565=LINE('',#3417,#745);
#566=LINE('',#3419,#746);
#567=LINE('',#3420,#747);
#568=LINE('',#3426,#748);
#569=LINE('',#3432,#749);
#570=LINE('',#3438,#750);
#571=LINE('',#3441,#751);
#572=LINE('',#3443,#752);
#573=LINE('',#3444,#753);
#574=LINE('',#3450,#754);
#575=LINE('',#3453,#755);
#576=LINE('',#3455,#756);
#577=LINE('',#3456,#757);
#578=LINE('',#3462,#758);
#579=LINE('',#3465,#759);
#580=LINE('',#3467,#760);
#581=LINE('',#3468,#761);
#582=LINE('',#3474,#762);
#583=VECTOR('',#2255,0.393700787401575);
#584=VECTOR('',#2256,0.393700787401575);
#585=VECTOR('',#2257,0.393700787401575);
#586=VECTOR('',#2258,0.393700787401575);
#587=VECTOR('',#2261,0.393700787401575);
#588=VECTOR('',#2262,0.393700787401575);
#589=VECTOR('',#2263,0.393700787401575);
#590=VECTOR('',#2266,0.393700787401575);
#591=VECTOR('',#2267,0.393700787401575);
#592=VECTOR('',#2268,0.393700787401575);
#593=VECTOR('',#2271,0.393700787401575);
#594=VECTOR('',#2272,0.393700787401575);
#595=VECTOR('',#2277,0.393700787401575);
#596=VECTOR('',#2280,0.393700787401575);
#597=VECTOR('',#2283,0.393700787401575);
#598=VECTOR('',#2284,0.393700787401575);
#599=VECTOR('',#2285,0.393700787401575);
#600=VECTOR('',#2292,0.393700787401575);
#601=VECTOR('',#2295,0.393700787401575);
#602=VECTOR('',#2296,0.393700787401575);
#603=VECTOR('',#2297,0.393700787401575);
#604=VECTOR('',#2304,0.393700787401575);
#605=VECTOR('',#2307,0.393700787401575);
#606=VECTOR('',#2308,0.393700787401575);
#607=VECTOR('',#2309,0.393700787401575);
#608=VECTOR('',#2316,0.393700787401575);
#609=VECTOR('',#2323,0.393700787401575);
#610=VECTOR('',#2330,0.393700787401575);
#611=VECTOR('',#2333,0.393700787401575);
#612=VECTOR('',#2334,0.393700787401575);
#613=VECTOR('',#2335,0.393700787401575);
#614=VECTOR('',#2342,0.393700787401575);
#615=VECTOR('',#2345,0.393700787401575);
#616=VECTOR('',#2346,0.393700787401575);
#617=VECTOR('',#2347,0.393700787401575);
#618=VECTOR('',#2354,0.393700787401575);
#619=VECTOR('',#2357,0.393700787401575);
#620=VECTOR('',#2358,0.393700787401575);
#621=VECTOR('',#2359,0.393700787401575);
#622=VECTOR('',#2366,0.393700787401575);
#623=VECTOR('',#2373,0.393700787401575);
#624=VECTOR('',#2380,0.393700787401575);
#625=VECTOR('',#2383,0.393700787401575);
#626=VECTOR('',#2384,0.393700787401575);
#627=VECTOR('',#2385,0.393700787401575);
#628=VECTOR('',#2392,0.393700787401575);
#629=VECTOR('',#2395,0.393700787401575);
#630=VECTOR('',#2396,0.393700787401575);
#631=VECTOR('',#2397,0.393700787401575);
#632=VECTOR('',#2404,0.393700787401575);
#633=VECTOR('',#2407,0.393700787401575);
#634=VECTOR('',#2408,0.393700787401575);
#635=VECTOR('',#2409,0.393700787401575);
#636=VECTOR('',#2416,0.393700787401575);
#637=VECTOR('',#2423,0.393700787401575);
#638=VECTOR('',#2430,0.393700787401575);
#639=VECTOR('',#2433,0.393700787401575);
#640=VECTOR('',#2434,0.393700787401575);
#641=VECTOR('',#2435,0.393700787401575);
#642=VECTOR('',#2442,0.393700787401575);
#643=VECTOR('',#2445,0.393700787401575);
#644=VECTOR('',#2446,0.393700787401575);
#645=VECTOR('',#2447,0.393700787401575);
#646=VECTOR('',#2454,0.393700787401575);
#647=VECTOR('',#2457,0.393700787401575);
#648=VECTOR('',#2458,0.393700787401575);
#649=VECTOR('',#2459,0.393700787401575);
#650=VECTOR('',#2466,0.393700787401575);
#651=VECTOR('',#2473,0.393700787401575);
#652=VECTOR('',#2480,0.393700787401575);
#653=VECTOR('',#2483,0.393700787401575);
#654=VECTOR('',#2484,0.393700787401575);
#655=VECTOR('',#2485,0.393700787401575);
#656=VECTOR('',#2492,0.393700787401575);
#657=VECTOR('',#2495,0.393700787401575);
#658=VECTOR('',#2496,0.393700787401575);
#659=VECTOR('',#2497,0.393700787401575);
#660=VECTOR('',#2504,0.393700787401575);
#661=VECTOR('',#2507,0.393700787401575);
#662=VECTOR('',#2508,0.393700787401575);
#663=VECTOR('',#2509,0.393700787401575);
#664=VECTOR('',#2516,0.393700787401575);
#665=VECTOR('',#2523,0.393700787401575);
#666=VECTOR('',#2530,0.393700787401575);
#667=VECTOR('',#2533,0.393700787401575);
#668=VECTOR('',#2534,0.393700787401575);
#669=VECTOR('',#2535,0.393700787401575);
#670=VECTOR('',#2542,0.393700787401575);
#671=VECTOR('',#2545,0.393700787401575);
#672=VECTOR('',#2546,0.393700787401575);
#673=VECTOR('',#2547,0.393700787401575);
#674=VECTOR('',#2554,0.393700787401575);
#675=VECTOR('',#2557,0.393700787401575);
#676=VECTOR('',#2558,0.393700787401575);
#677=VECTOR('',#2559,0.393700787401575);
#678=VECTOR('',#2566,0.393700787401575);
#679=VECTOR('',#2573,0.393700787401575);
#680=VECTOR('',#2580,0.393700787401575);
#681=VECTOR('',#2583,0.393700787401575);
#682=VECTOR('',#2584,0.393700787401575);
#683=VECTOR('',#2585,0.393700787401575);
#684=VECTOR('',#2592,0.393700787401575);
#685=VECTOR('',#2595,0.393700787401575);
#686=VECTOR('',#2596,0.393700787401575);
#687=VECTOR('',#2597,0.393700787401575);
#688=VECTOR('',#2604,0.393700787401575);
#689=VECTOR('',#2607,0.393700787401575);
#690=VECTOR('',#2608,0.393700787401575);
#691=VECTOR('',#2609,0.393700787401575);
#692=VECTOR('',#2616,0.393700787401575);
#693=VECTOR('',#2623,0.393700787401575);
#694=VECTOR('',#2630,0.393700787401575);
#695=VECTOR('',#2633,0.393700787401575);
#696=VECTOR('',#2634,0.393700787401575);
#697=VECTOR('',#2635,0.393700787401575);
#698=VECTOR('',#2642,0.393700787401575);
#699=VECTOR('',#2645,0.393700787401575);
#700=VECTOR('',#2646,0.393700787401575);
#701=VECTOR('',#2647,0.393700787401575);
#702=VECTOR('',#2654,0.393700787401575);
#703=VECTOR('',#2657,0.393700787401575);
#704=VECTOR('',#2658,0.393700787401575);
#705=VECTOR('',#2659,0.393700787401575);
#706=VECTOR('',#2666,0.393700787401575);
#707=VECTOR('',#2673,0.393700787401575);
#708=VECTOR('',#2680,0.393700787401575);
#709=VECTOR('',#2683,0.393700787401575);
#710=VECTOR('',#2684,0.393700787401575);
#711=VECTOR('',#2685,0.393700787401575);
#712=VECTOR('',#2692,0.393700787401575);
#713=VECTOR('',#2695,0.393700787401575);
#714=VECTOR('',#2696,0.393700787401575);
#715=VECTOR('',#2697,0.393700787401575);
#716=VECTOR('',#2704,0.393700787401575);
#717=VECTOR('',#2707,0.393700787401575);
#718=VECTOR('',#2708,0.393700787401575);
#719=VECTOR('',#2709,0.393700787401575);
#720=VECTOR('',#2716,0.393700787401575);
#721=VECTOR('',#2723,0.393700787401575);
#722=VECTOR('',#2730,0.393700787401575);
#723=VECTOR('',#2733,0.393700787401575);
#724=VECTOR('',#2734,0.393700787401575);
#725=VECTOR('',#2735,0.393700787401575);
#726=VECTOR('',#2742,0.393700787401575);
#727=VECTOR('',#2745,0.393700787401575);
#728=VECTOR('',#2746,0.393700787401575);
#729=VECTOR('',#2747,0.393700787401575);
#730=VECTOR('',#2754,0.393700787401575);
#731=VECTOR('',#2757,0.393700787401575);
#732=VECTOR('',#2758,0.393700787401575);
#733=VECTOR('',#2759,0.393700787401575);
#734=VECTOR('',#2766,0.393700787401575);
#735=VECTOR('',#2773,0.393700787401575);
#736=VECTOR('',#2780,0.393700787401575);
#737=VECTOR('',#2783,0.393700787401575);
#738=VECTOR('',#2784,0.393700787401575);
#739=VECTOR('',#2785,0.393700787401575);
#740=VECTOR('',#2792,0.393700787401575);
#741=VECTOR('',#2795,0.393700787401575);
#742=VECTOR('',#2796,0.393700787401575);
#743=VECTOR('',#2797,0.393700787401575);
#744=VECTOR('',#2804,0.393700787401575);
#745=VECTOR('',#2807,0.393700787401575);
#746=VECTOR('',#2808,0.393700787401575);
#747=VECTOR('',#2809,0.393700787401575);
#748=VECTOR('',#2816,0.393700787401575);
#749=VECTOR('',#2823,0.393700787401575);
#750=VECTOR('',#2830,0.393700787401575);
#751=VECTOR('',#2833,0.393700787401575);
#752=VECTOR('',#2834,0.393700787401575);
#753=VECTOR('',#2835,0.393700787401575);
#754=VECTOR('',#2842,0.393700787401575);
#755=VECTOR('',#2845,0.393700787401575);
#756=VECTOR('',#2846,0.393700787401575);
#757=VECTOR('',#2847,0.393700787401575);
#758=VECTOR('',#2854,0.393700787401575);
#759=VECTOR('',#2857,0.393700787401575);
#760=VECTOR('',#2858,0.393700787401575);
#761=VECTOR('',#2859,0.393700787401575);
#762=VECTOR('',#2866,0.393700787401575);
#763=VERTEX_POINT('',#2879);
#764=VERTEX_POINT('',#2880);
#765=VERTEX_POINT('',#2882);
#766=VERTEX_POINT('',#2884);
#767=VERTEX_POINT('',#2888);
#768=VERTEX_POINT('',#2890);
#769=VERTEX_POINT('',#2894);
#770=VERTEX_POINT('',#2896);
#771=VERTEX_POINT('',#2903);
#772=VERTEX_POINT('',#2904);
#773=VERTEX_POINT('',#2906);
#774=VERTEX_POINT('',#2908);
#775=VERTEX_POINT('',#2912);
#776=VERTEX_POINT('',#2914);
#777=VERTEX_POINT('',#2918);
#778=VERTEX_POINT('',#2920);
#779=VERTEX_POINT('',#2924);
#780=VERTEX_POINT('',#2926);
#781=VERTEX_POINT('',#2930);
#782=VERTEX_POINT('',#2932);
#783=VERTEX_POINT('',#2936);
#784=VERTEX_POINT('',#2938);
#785=VERTEX_POINT('',#2942);
#786=VERTEX_POINT('',#2944);
#787=VERTEX_POINT('',#2948);
#788=VERTEX_POINT('',#2950);
#789=VERTEX_POINT('',#2954);
#790=VERTEX_POINT('',#2956);
#791=VERTEX_POINT('',#2960);
#792=VERTEX_POINT('',#2962);
#793=VERTEX_POINT('',#2966);
#794=VERTEX_POINT('',#2968);
#795=VERTEX_POINT('',#2972);
#796=VERTEX_POINT('',#2974);
#797=VERTEX_POINT('',#2978);
#798=VERTEX_POINT('',#2980);
#799=VERTEX_POINT('',#2984);
#800=VERTEX_POINT('',#2986);
#801=VERTEX_POINT('',#2990);
#802=VERTEX_POINT('',#2992);
#803=VERTEX_POINT('',#2996);
#804=VERTEX_POINT('',#2998);
#805=VERTEX_POINT('',#3002);
#806=VERTEX_POINT('',#3004);
#807=VERTEX_POINT('',#3008);
#808=VERTEX_POINT('',#3010);
#809=VERTEX_POINT('',#3014);
#810=VERTEX_POINT('',#3016);
#811=VERTEX_POINT('',#3020);
#812=VERTEX_POINT('',#3022);
#813=VERTEX_POINT('',#3026);
#814=VERTEX_POINT('',#3028);
#815=VERTEX_POINT('',#3032);
#816=VERTEX_POINT('',#3034);
#817=VERTEX_POINT('',#3038);
#818=VERTEX_POINT('',#3040);
#819=VERTEX_POINT('',#3044);
#820=VERTEX_POINT('',#3046);
#821=VERTEX_POINT('',#3050);
#822=VERTEX_POINT('',#3052);
#823=VERTEX_POINT('',#3056);
#824=VERTEX_POINT('',#3058);
#825=VERTEX_POINT('',#3062);
#826=VERTEX_POINT('',#3064);
#827=VERTEX_POINT('',#3068);
#828=VERTEX_POINT('',#3070);
#829=VERTEX_POINT('',#3074);
#830=VERTEX_POINT('',#3076);
#831=VERTEX_POINT('',#3080);
#832=VERTEX_POINT('',#3082);
#833=VERTEX_POINT('',#3086);
#834=VERTEX_POINT('',#3088);
#835=VERTEX_POINT('',#3092);
#836=VERTEX_POINT('',#3094);
#837=VERTEX_POINT('',#3098);
#838=VERTEX_POINT('',#3100);
#839=VERTEX_POINT('',#3104);
#840=VERTEX_POINT('',#3106);
#841=VERTEX_POINT('',#3110);
#842=VERTEX_POINT('',#3112);
#843=VERTEX_POINT('',#3116);
#844=VERTEX_POINT('',#3118);
#845=VERTEX_POINT('',#3122);
#846=VERTEX_POINT('',#3124);
#847=VERTEX_POINT('',#3128);
#848=VERTEX_POINT('',#3130);
#849=VERTEX_POINT('',#3134);
#850=VERTEX_POINT('',#3136);
#851=VERTEX_POINT('',#3140);
#852=VERTEX_POINT('',#3142);
#853=VERTEX_POINT('',#3146);
#854=VERTEX_POINT('',#3148);
#855=VERTEX_POINT('',#3152);
#856=VERTEX_POINT('',#3154);
#857=VERTEX_POINT('',#3158);
#858=VERTEX_POINT('',#3160);
#859=VERTEX_POINT('',#3164);
#860=VERTEX_POINT('',#3166);
#861=VERTEX_POINT('',#3170);
#862=VERTEX_POINT('',#3172);
#863=VERTEX_POINT('',#3176);
#864=VERTEX_POINT('',#3178);
#865=VERTEX_POINT('',#3182);
#866=VERTEX_POINT('',#3184);
#867=VERTEX_POINT('',#3188);
#868=VERTEX_POINT('',#3190);
#869=VERTEX_POINT('',#3194);
#870=VERTEX_POINT('',#3196);
#871=VERTEX_POINT('',#3200);
#872=VERTEX_POINT('',#3202);
#873=VERTEX_POINT('',#3206);
#874=VERTEX_POINT('',#3208);
#875=VERTEX_POINT('',#3212);
#876=VERTEX_POINT('',#3214);
#877=VERTEX_POINT('',#3218);
#878=VERTEX_POINT('',#3220);
#879=VERTEX_POINT('',#3224);
#880=VERTEX_POINT('',#3226);
#881=VERTEX_POINT('',#3230);
#882=VERTEX_POINT('',#3232);
#883=VERTEX_POINT('',#3236);
#884=VERTEX_POINT('',#3238);
#885=VERTEX_POINT('',#3242);
#886=VERTEX_POINT('',#3244);
#887=VERTEX_POINT('',#3248);
#888=VERTEX_POINT('',#3250);
#889=VERTEX_POINT('',#3254);
#890=VERTEX_POINT('',#3256);
#891=VERTEX_POINT('',#3260);
#892=VERTEX_POINT('',#3262);
#893=VERTEX_POINT('',#3266);
#894=VERTEX_POINT('',#3268);
#895=VERTEX_POINT('',#3272);
#896=VERTEX_POINT('',#3274);
#897=VERTEX_POINT('',#3278);
#898=VERTEX_POINT('',#3280);
#899=VERTEX_POINT('',#3284);
#900=VERTEX_POINT('',#3286);
#901=VERTEX_POINT('',#3290);
#902=VERTEX_POINT('',#3292);
#903=VERTEX_POINT('',#3296);
#904=VERTEX_POINT('',#3298);
#905=VERTEX_POINT('',#3302);
#906=VERTEX_POINT('',#3304);
#907=VERTEX_POINT('',#3308);
#908=VERTEX_POINT('',#3310);
#909=VERTEX_POINT('',#3314);
#910=VERTEX_POINT('',#3316);
#911=VERTEX_POINT('',#3320);
#912=VERTEX_POINT('',#3322);
#913=VERTEX_POINT('',#3326);
#914=VERTEX_POINT('',#3328);
#915=VERTEX_POINT('',#3332);
#916=VERTEX_POINT('',#3334);
#917=VERTEX_POINT('',#3338);
#918=VERTEX_POINT('',#3340);
#919=VERTEX_POINT('',#3344);
#920=VERTEX_POINT('',#3346);
#921=VERTEX_POINT('',#3350);
#922=VERTEX_POINT('',#3352);
#923=VERTEX_POINT('',#3356);
#924=VERTEX_POINT('',#3358);
#925=VERTEX_POINT('',#3362);
#926=VERTEX_POINT('',#3364);
#927=VERTEX_POINT('',#3368);
#928=VERTEX_POINT('',#3370);
#929=VERTEX_POINT('',#3374);
#930=VERTEX_POINT('',#3376);
#931=VERTEX_POINT('',#3380);
#932=VERTEX_POINT('',#3382);
#933=VERTEX_POINT('',#3386);
#934=VERTEX_POINT('',#3388);
#935=VERTEX_POINT('',#3392);
#936=VERTEX_POINT('',#3394);
#937=VERTEX_POINT('',#3398);
#938=VERTEX_POINT('',#3400);
#939=VERTEX_POINT('',#3404);
#940=VERTEX_POINT('',#3406);
#941=VERTEX_POINT('',#3410);
#942=VERTEX_POINT('',#3412);
#943=VERTEX_POINT('',#3416);
#944=VERTEX_POINT('',#3418);
#945=VERTEX_POINT('',#3422);
#946=VERTEX_POINT('',#3424);
#947=VERTEX_POINT('',#3428);
#948=VERTEX_POINT('',#3430);
#949=VERTEX_POINT('',#3434);
#950=VERTEX_POINT('',#3436);
#951=VERTEX_POINT('',#3440);
#952=VERTEX_POINT('',#3442);
#953=VERTEX_POINT('',#3446);
#954=VERTEX_POINT('',#3448);
#955=VERTEX_POINT('',#3452);
#956=VERTEX_POINT('',#3454);
#957=VERTEX_POINT('',#3458);
#958=VERTEX_POINT('',#3460);
#959=VERTEX_POINT('',#3464);
#960=VERTEX_POINT('',#3466);
#961=VERTEX_POINT('',#3470);
#962=VERTEX_POINT('',#3472);
#963=EDGE_CURVE('',#763,#764,#403,.T.);
#964=EDGE_CURVE('',#764,#765,#404,.T.);
#965=EDGE_CURVE('',#766,#765,#405,.T.);
#966=EDGE_CURVE('',#763,#766,#406,.T.);
#967=EDGE_CURVE('',#767,#763,#407,.T.);
#968=EDGE_CURVE('',#768,#766,#408,.T.);
#969=EDGE_CURVE('',#767,#768,#409,.T.);
#970=EDGE_CURVE('',#769,#767,#410,.T.);
#971=EDGE_CURVE('',#770,#768,#411,.T.);
#972=EDGE_CURVE('',#769,#770,#412,.T.);
#973=EDGE_CURVE('',#764,#769,#413,.T.);
#974=EDGE_CURVE('',#765,#770,#414,.T.);
#975=EDGE_CURVE('',#771,#772,#17,.T.);
#976=EDGE_CURVE('',#772,#773,#415,.T.);
#977=EDGE_CURVE('',#774,#773,#18,.T.);
#978=EDGE_CURVE('',#771,#774,#416,.T.);
#979=EDGE_CURVE('',#775,#771,#417,.T.);
#980=EDGE_CURVE('',#776,#774,#418,.T.);
#981=EDGE_CURVE('',#775,#776,#419,.T.);
#982=EDGE_CURVE('',#777,#775,#19,.T.);
#983=EDGE_CURVE('',#778,#776,#20,.T.);
#984=EDGE_CURVE('',#777,#778,#420,.T.);
#985=EDGE_CURVE('',#779,#777,#421,.T.);
#986=EDGE_CURVE('',#780,#778,#422,.T.);
#987=EDGE_CURVE('',#779,#780,#423,.T.);
#988=EDGE_CURVE('',#781,#779,#21,.T.);
#989=EDGE_CURVE('',#782,#780,#22,.T.);
#990=EDGE_CURVE('',#781,#782,#424,.T.);
#991=EDGE_CURVE('',#783,#781,#425,.T.);
#992=EDGE_CURVE('',#784,#782,#426,.T.);
#993=EDGE_CURVE('',#783,#784,#427,.T.);
#994=EDGE_CURVE('',#785,#783,#23,.T.);
#995=EDGE_CURVE('',#786,#784,#24,.T.);
#996=EDGE_CURVE('',#785,#786,#428,.T.);
#997=EDGE_CURVE('',#787,#785,#25,.T.);
#998=EDGE_CURVE('',#788,#786,#26,.T.);
#999=EDGE_CURVE('',#787,#788,#429,.T.);
#1000=EDGE_CURVE('',#789,#787,#27,.T.);
#1001=EDGE_CURVE('',#790,#788,#28,.T.);
#1002=EDGE_CURVE('',#789,#790,#430,.T.);
#1003=EDGE_CURVE('',#791,#789,#431,.T.);
#1004=EDGE_CURVE('',#792,#790,#432,.T.);
#1005=EDGE_CURVE('',#791,#792,#433,.T.);
#1006=EDGE_CURVE('',#793,#791,#29,.T.);
#1007=EDGE_CURVE('',#794,#792,#30,.T.);
#1008=EDGE_CURVE('',#793,#794,#434,.T.);
#1009=EDGE_CURVE('',#795,#793,#435,.T.);
#1010=EDGE_CURVE('',#796,#794,#436,.T.);
#1011=EDGE_CURVE('',#795,#796,#437,.T.);
#1012=EDGE_CURVE('',#797,#795,#31,.T.);
#1013=EDGE_CURVE('',#798,#796,#32,.T.);
#1014=EDGE_CURVE('',#797,#798,#438,.T.);
#1015=EDGE_CURVE('',#799,#797,#439,.T.);
#1016=EDGE_CURVE('',#800,#798,#440,.T.);
#1017=EDGE_CURVE('',#799,#800,#441,.T.);
#1018=EDGE_CURVE('',#801,#799,#33,.T.);
#1019=EDGE_CURVE('',#802,#800,#34,.T.);
#1020=EDGE_CURVE('',#801,#802,#442,.T.);
#1021=EDGE_CURVE('',#803,#801,#35,.T.);
#1022=EDGE_CURVE('',#804,#802,#36,.T.);
#1023=EDGE_CURVE('',#803,#804,#443,.T.);
#1024=EDGE_CURVE('',#805,#803,#37,.T.);
#1025=EDGE_CURVE('',#806,#804,#38,.T.);
#1026=EDGE_CURVE('',#805,#806,#444,.T.);
#1027=EDGE_CURVE('',#807,#805,#445,.T.);
#1028=EDGE_CURVE('',#808,#806,#446,.T.);
#1029=EDGE_CURVE('',#807,#808,#447,.T.);
#1030=EDGE_CURVE('',#809,#807,#39,.T.);
#1031=EDGE_CURVE('',#810,#808,#40,.T.);
#1032=EDGE_CURVE('',#809,#810,#448,.T.);
#1033=EDGE_CURVE('',#811,#809,#449,.T.);
#1034=EDGE_CURVE('',#812,#810,#450,.T.);
#1035=EDGE_CURVE('',#811,#812,#451,.T.);
#1036=EDGE_CURVE('',#813,#811,#41,.T.);
#1037=EDGE_CURVE('',#814,#812,#42,.T.);
#1038=EDGE_CURVE('',#813,#814,#452,.T.);
#1039=EDGE_CURVE('',#815,#813,#453,.T.);
#1040=EDGE_CURVE('',#816,#814,#454,.T.);
#1041=EDGE_CURVE('',#815,#816,#455,.T.);
#1042=EDGE_CURVE('',#817,#815,#43,.T.);
#1043=EDGE_CURVE('',#818,#816,#44,.T.);
#1044=EDGE_CURVE('',#817,#818,#456,.T.);
#1045=EDGE_CURVE('',#819,#817,#45,.T.);
#1046=EDGE_CURVE('',#820,#818,#46,.T.);
#1047=EDGE_CURVE('',#819,#820,#457,.T.);
#1048=EDGE_CURVE('',#821,#819,#47,.T.);
#1049=EDGE_CURVE('',#822,#820,#48,.T.);
#1050=EDGE_CURVE('',#821,#822,#458,.T.);
#1051=EDGE_CURVE('',#823,#821,#459,.T.);
#1052=EDGE_CURVE('',#824,#822,#460,.T.);
#1053=EDGE_CURVE('',#823,#824,#461,.T.);
#1054=EDGE_CURVE('',#825,#823,#49,.T.);
#1055=EDGE_CURVE('',#826,#824,#50,.T.);
#1056=EDGE_CURVE('',#825,#826,#462,.T.);
#1057=EDGE_CURVE('',#827,#825,#463,.T.);
#1058=EDGE_CURVE('',#828,#826,#464,.T.);
#1059=EDGE_CURVE('',#827,#828,#465,.T.);
#1060=EDGE_CURVE('',#829,#827,#51,.T.);
#1061=EDGE_CURVE('',#830,#828,#52,.T.);
#1062=EDGE_CURVE('',#829,#830,#466,.T.);
#1063=EDGE_CURVE('',#831,#829,#467,.T.);
#1064=EDGE_CURVE('',#832,#830,#468,.T.);
#1065=EDGE_CURVE('',#831,#832,#469,.T.);
#1066=EDGE_CURVE('',#833,#831,#53,.T.);
#1067=EDGE_CURVE('',#834,#832,#54,.T.);
#1068=EDGE_CURVE('',#833,#834,#470,.T.);
#1069=EDGE_CURVE('',#835,#833,#55,.T.);
#1070=EDGE_CURVE('',#836,#834,#56,.T.);
#1071=EDGE_CURVE('',#835,#836,#471,.T.);
#1072=EDGE_CURVE('',#837,#835,#57,.T.);
#1073=EDGE_CURVE('',#838,#836,#58,.T.);
#1074=EDGE_CURVE('',#837,#838,#472,.T.);
#1075=EDGE_CURVE('',#839,#837,#473,.T.);
#1076=EDGE_CURVE('',#840,#838,#474,.T.);
#1077=EDGE_CURVE('',#839,#840,#475,.T.);
#1078=EDGE_CURVE('',#841,#839,#59,.T.);
#1079=EDGE_CURVE('',#842,#840,#60,.T.);
#1080=EDGE_CURVE('',#841,#842,#476,.T.);
#1081=EDGE_CURVE('',#843,#841,#477,.T.);
#1082=EDGE_CURVE('',#844,#842,#478,.T.);
#1083=EDGE_CURVE('',#843,#844,#479,.T.);
#1084=EDGE_CURVE('',#845,#843,#61,.T.);
#1085=EDGE_CURVE('',#846,#844,#62,.T.);
#1086=EDGE_CURVE('',#845,#846,#480,.T.);
#1087=EDGE_CURVE('',#847,#845,#481,.T.);
#1088=EDGE_CURVE('',#848,#846,#482,.T.);
#1089=EDGE_CURVE('',#847,#848,#483,.T.);
#1090=EDGE_CURVE('',#849,#847,#63,.T.);
#1091=EDGE_CURVE('',#850,#848,#64,.T.);
#1092=EDGE_CURVE('',#849,#850,#484,.T.);
#1093=EDGE_CURVE('',#851,#849,#65,.T.);
#1094=EDGE_CURVE('',#852,#850,#66,.T.);
#1095=EDGE_CURVE('',#851,#852,#485,.T.);
#1096=EDGE_CURVE('',#853,#851,#67,.T.);
#1097=EDGE_CURVE('',#854,#852,#68,.T.);
#1098=EDGE_CURVE('',#853,#854,#486,.T.);
#1099=EDGE_CURVE('',#855,#853,#487,.T.);
#1100=EDGE_CURVE('',#856,#854,#488,.T.);
#1101=EDGE_CURVE('',#855,#856,#489,.T.);
#1102=EDGE_CURVE('',#857,#855,#69,.T.);
#1103=EDGE_CURVE('',#858,#856,#70,.T.);
#1104=EDGE_CURVE('',#857,#858,#490,.T.);
#1105=EDGE_CURVE('',#859,#857,#491,.T.);
#1106=EDGE_CURVE('',#860,#858,#492,.T.);
#1107=EDGE_CURVE('',#859,#860,#493,.T.);
#1108=EDGE_CURVE('',#861,#859,#71,.T.);
#1109=EDGE_CURVE('',#862,#860,#72,.T.);
#1110=EDGE_CURVE('',#861,#862,#494,.T.);
#1111=EDGE_CURVE('',#863,#861,#495,.T.);
#1112=EDGE_CURVE('',#864,#862,#496,.T.);
#1113=EDGE_CURVE('',#863,#864,#497,.T.);
#1114=EDGE_CURVE('',#865,#863,#73,.T.);
#1115=EDGE_CURVE('',#866,#864,#74,.T.);
#1116=EDGE_CURVE('',#865,#866,#498,.T.);
#1117=EDGE_CURVE('',#867,#865,#75,.T.);
#1118=EDGE_CURVE('',#868,#866,#76,.T.);
#1119=EDGE_CURVE('',#867,#868,#499,.T.);
#1120=EDGE_CURVE('',#869,#867,#77,.T.);
#1121=EDGE_CURVE('',#870,#868,#78,.T.);
#1122=EDGE_CURVE('',#869,#870,#500,.T.);
#1123=EDGE_CURVE('',#871,#869,#501,.T.);
#1124=EDGE_CURVE('',#872,#870,#502,.T.);
#1125=EDGE_CURVE('',#871,#872,#503,.T.);
#1126=EDGE_CURVE('',#873,#871,#79,.T.);
#1127=EDGE_CURVE('',#874,#872,#80,.T.);
#1128=EDGE_CURVE('',#873,#874,#504,.T.);
#1129=EDGE_CURVE('',#875,#873,#505,.T.);
#1130=EDGE_CURVE('',#876,#874,#506,.T.);
#1131=EDGE_CURVE('',#875,#876,#507,.T.);
#1132=EDGE_CURVE('',#877,#875,#81,.T.);
#1133=EDGE_CURVE('',#878,#876,#82,.T.);
#1134=EDGE_CURVE('',#877,#878,#508,.T.);
#1135=EDGE_CURVE('',#879,#877,#509,.T.);
#1136=EDGE_CURVE('',#880,#878,#510,.T.);
#1137=EDGE_CURVE('',#879,#880,#511,.T.);
#1138=EDGE_CURVE('',#881,#879,#83,.T.);
#1139=EDGE_CURVE('',#882,#880,#84,.T.);
#1140=EDGE_CURVE('',#881,#882,#512,.T.);
#1141=EDGE_CURVE('',#883,#881,#85,.T.);
#1142=EDGE_CURVE('',#884,#882,#86,.T.);
#1143=EDGE_CURVE('',#883,#884,#513,.T.);
#1144=EDGE_CURVE('',#885,#883,#87,.T.);
#1145=EDGE_CURVE('',#886,#884,#88,.T.);
#1146=EDGE_CURVE('',#885,#886,#514,.T.);
#1147=EDGE_CURVE('',#887,#885,#515,.T.);
#1148=EDGE_CURVE('',#888,#886,#516,.T.);
#1149=EDGE_CURVE('',#887,#888,#517,.T.);
#1150=EDGE_CURVE('',#889,#887,#89,.T.);
#1151=EDGE_CURVE('',#890,#888,#90,.T.);
#1152=EDGE_CURVE('',#889,#890,#518,.T.);
#1153=EDGE_CURVE('',#891,#889,#519,.T.);
#1154=EDGE_CURVE('',#892,#890,#520,.T.);
#1155=EDGE_CURVE('',#891,#892,#521,.T.);
#1156=EDGE_CURVE('',#893,#891,#91,.T.);
#1157=EDGE_CURVE('',#894,#892,#92,.T.);
#1158=EDGE_CURVE('',#893,#894,#522,.T.);
#1159=EDGE_CURVE('',#895,#893,#523,.T.);
#1160=EDGE_CURVE('',#896,#894,#524,.T.);
#1161=EDGE_CURVE('',#895,#896,#525,.T.);
#1162=EDGE_CURVE('',#897,#895,#93,.T.);
#1163=EDGE_CURVE('',#898,#896,#94,.T.);
#1164=EDGE_CURVE('',#897,#898,#526,.T.);
#1165=EDGE_CURVE('',#899,#897,#95,.T.);
#1166=EDGE_CURVE('',#900,#898,#96,.T.);
#1167=EDGE_CURVE('',#899,#900,#527,.T.);
#1168=EDGE_CURVE('',#901,#899,#97,.T.);
#1169=EDGE_CURVE('',#902,#900,#98,.T.);
#1170=EDGE_CURVE('',#901,#902,#528,.T.);
#1171=EDGE_CURVE('',#903,#901,#529,.T.);
#1172=EDGE_CURVE('',#904,#902,#530,.T.);
#1173=EDGE_CURVE('',#903,#904,#531,.T.);
#1174=EDGE_CURVE('',#905,#903,#99,.T.);
#1175=EDGE_CURVE('',#906,#904,#100,.T.);
#1176=EDGE_CURVE('',#905,#906,#532,.T.);
#1177=EDGE_CURVE('',#907,#905,#533,.T.);
#1178=EDGE_CURVE('',#908,#906,#534,.T.);
#1179=EDGE_CURVE('',#907,#908,#535,.T.);
#1180=EDGE_CURVE('',#909,#907,#101,.T.);
#1181=EDGE_CURVE('',#910,#908,#102,.T.);
#1182=EDGE_CURVE('',#909,#910,#536,.T.);
#1183=EDGE_CURVE('',#911,#909,#537,.T.);
#1184=EDGE_CURVE('',#912,#910,#538,.T.);
#1185=EDGE_CURVE('',#911,#912,#539,.T.);
#1186=EDGE_CURVE('',#913,#911,#103,.T.);
#1187=EDGE_CURVE('',#914,#912,#104,.T.);
#1188=EDGE_CURVE('',#913,#914,#540,.T.);
#1189=EDGE_CURVE('',#915,#913,#105,.T.);
#1190=EDGE_CURVE('',#916,#914,#106,.T.);
#1191=EDGE_CURVE('',#915,#916,#541,.T.);
#1192=EDGE_CURVE('',#917,#915,#107,.T.);
#1193=EDGE_CURVE('',#918,#916,#108,.T.);
#1194=EDGE_CURVE('',#917,#918,#542,.T.);
#1195=EDGE_CURVE('',#919,#917,#543,.T.);
#1196=EDGE_CURVE('',#920,#918,#544,.T.);
#1197=EDGE_CURVE('',#919,#920,#545,.T.);
#1198=EDGE_CURVE('',#921,#919,#109,.T.);
#1199=EDGE_CURVE('',#922,#920,#110,.T.);
#1200=EDGE_CURVE('',#921,#922,#546,.T.);
#1201=EDGE_CURVE('',#923,#921,#547,.T.);
#1202=EDGE_CURVE('',#924,#922,#548,.T.);
#1203=EDGE_CURVE('',#923,#924,#549,.T.);
#1204=EDGE_CURVE('',#925,#923,#111,.T.);
#1205=EDGE_CURVE('',#926,#924,#112,.T.);
#1206=EDGE_CURVE('',#925,#926,#550,.T.);
#1207=EDGE_CURVE('',#927,#925,#551,.T.);
#1208=EDGE_CURVE('',#928,#926,#552,.T.);
#1209=EDGE_CURVE('',#927,#928,#553,.T.);
#1210=EDGE_CURVE('',#929,#927,#113,.T.);
#1211=EDGE_CURVE('',#930,#928,#114,.T.);
#1212=EDGE_CURVE('',#929,#930,#554,.T.);
#1213=EDGE_CURVE('',#931,#929,#115,.T.);
#1214=EDGE_CURVE('',#932,#930,#116,.T.);
#1215=EDGE_CURVE('',#931,#932,#555,.T.);
#1216=EDGE_CURVE('',#933,#931,#117,.T.);
#1217=EDGE_CURVE('',#934,#932,#118,.T.);
#1218=EDGE_CURVE('',#933,#934,#556,.T.);
#1219=EDGE_CURVE('',#935,#933,#557,.T.);
#1220=EDGE_CURVE('',#936,#934,#558,.T.);
#1221=EDGE_CURVE('',#935,#936,#559,.T.);
#1222=EDGE_CURVE('',#937,#935,#119,.T.);
#1223=EDGE_CURVE('',#938,#936,#120,.T.);
#1224=EDGE_CURVE('',#937,#938,#560,.T.);
#1225=EDGE_CURVE('',#939,#937,#561,.T.);
#1226=EDGE_CURVE('',#940,#938,#562,.T.);
#1227=EDGE_CURVE('',#939,#940,#563,.T.);
#1228=EDGE_CURVE('',#941,#939,#121,.T.);
#1229=EDGE_CURVE('',#942,#940,#122,.T.);
#1230=EDGE_CURVE('',#941,#942,#564,.T.);
#1231=EDGE_CURVE('',#943,#941,#565,.T.);
#1232=EDGE_CURVE('',#944,#942,#566,.T.);
#1233=EDGE_CURVE('',#943,#944,#567,.T.);
#1234=EDGE_CURVE('',#945,#943,#123,.T.);
#1235=EDGE_CURVE('',#946,#944,#124,.T.);
#1236=EDGE_CURVE('',#945,#946,#568,.T.);
#1237=EDGE_CURVE('',#947,#945,#125,.T.);
#1238=EDGE_CURVE('',#948,#946,#126,.T.);
#1239=EDGE_CURVE('',#947,#948,#569,.T.);
#1240=EDGE_CURVE('',#949,#947,#127,.T.);
#1241=EDGE_CURVE('',#950,#948,#128,.T.);
#1242=EDGE_CURVE('',#949,#950,#570,.T.);
#1243=EDGE_CURVE('',#951,#949,#571,.T.);
#1244=EDGE_CURVE('',#952,#950,#572,.T.);
#1245=EDGE_CURVE('',#951,#952,#573,.T.);
#1246=EDGE_CURVE('',#953,#951,#129,.T.);
#1247=EDGE_CURVE('',#954,#952,#130,.T.);
#1248=EDGE_CURVE('',#953,#954,#574,.T.);
#1249=EDGE_CURVE('',#955,#953,#575,.T.);
#1250=EDGE_CURVE('',#956,#954,#576,.T.);
#1251=EDGE_CURVE('',#955,#956,#577,.T.);
#1252=EDGE_CURVE('',#957,#955,#131,.T.);
#1253=EDGE_CURVE('',#958,#956,#132,.T.);
#1254=EDGE_CURVE('',#957,#958,#578,.T.);
#1255=EDGE_CURVE('',#959,#957,#579,.T.);
#1256=EDGE_CURVE('',#960,#958,#580,.T.);
#1257=EDGE_CURVE('',#959,#960,#581,.T.);
#1258=EDGE_CURVE('',#961,#959,#133,.T.);
#1259=EDGE_CURVE('',#962,#960,#134,.T.);
#1260=EDGE_CURVE('',#961,#962,#582,.T.);
#1261=EDGE_CURVE('',#772,#961,#135,.T.);
#1262=EDGE_CURVE('',#773,#962,#136,.T.);
#1263=ORIENTED_EDGE('',*,*,#963,.T.);
#1264=ORIENTED_EDGE('',*,*,#964,.T.);
#1265=ORIENTED_EDGE('',*,*,#965,.F.);
#1266=ORIENTED_EDGE('',*,*,#966,.F.);
#1267=ORIENTED_EDGE('',*,*,#967,.T.);
#1268=ORIENTED_EDGE('',*,*,#966,.T.);
#1269=ORIENTED_EDGE('',*,*,#968,.F.);
#1270=ORIENTED_EDGE('',*,*,#969,.F.);
#1271=ORIENTED_EDGE('',*,*,#970,.T.);
#1272=ORIENTED_EDGE('',*,*,#969,.T.);
#1273=ORIENTED_EDGE('',*,*,#971,.F.);
#1274=ORIENTED_EDGE('',*,*,#972,.F.);
#1275=ORIENTED_EDGE('',*,*,#973,.T.);
#1276=ORIENTED_EDGE('',*,*,#972,.T.);
#1277=ORIENTED_EDGE('',*,*,#974,.F.);
#1278=ORIENTED_EDGE('',*,*,#964,.F.);
#1279=ORIENTED_EDGE('',*,*,#975,.T.);
#1280=ORIENTED_EDGE('',*,*,#976,.T.);
#1281=ORIENTED_EDGE('',*,*,#977,.F.);
#1282=ORIENTED_EDGE('',*,*,#978,.F.);
#1283=ORIENTED_EDGE('',*,*,#979,.T.);
#1284=ORIENTED_EDGE('',*,*,#978,.T.);
#1285=ORIENTED_EDGE('',*,*,#980,.F.);
#1286=ORIENTED_EDGE('',*,*,#981,.F.);
#1287=ORIENTED_EDGE('',*,*,#982,.T.);
#1288=ORIENTED_EDGE('',*,*,#981,.T.);
#1289=ORIENTED_EDGE('',*,*,#983,.F.);
#1290=ORIENTED_EDGE('',*,*,#984,.F.);
#1291=ORIENTED_EDGE('',*,*,#985,.T.);
#1292=ORIENTED_EDGE('',*,*,#984,.T.);
#1293=ORIENTED_EDGE('',*,*,#986,.F.);
#1294=ORIENTED_EDGE('',*,*,#987,.F.);
#1295=ORIENTED_EDGE('',*,*,#988,.T.);
#1296=ORIENTED_EDGE('',*,*,#987,.T.);
#1297=ORIENTED_EDGE('',*,*,#989,.F.);
#1298=ORIENTED_EDGE('',*,*,#990,.F.);
#1299=ORIENTED_EDGE('',*,*,#991,.T.);
#1300=ORIENTED_EDGE('',*,*,#990,.T.);
#1301=ORIENTED_EDGE('',*,*,#992,.F.);
#1302=ORIENTED_EDGE('',*,*,#993,.F.);
#1303=ORIENTED_EDGE('',*,*,#994,.T.);
#1304=ORIENTED_EDGE('',*,*,#993,.T.);
#1305=ORIENTED_EDGE('',*,*,#995,.F.);
#1306=ORIENTED_EDGE('',*,*,#996,.F.);
#1307=ORIENTED_EDGE('',*,*,#997,.T.);
#1308=ORIENTED_EDGE('',*,*,#996,.T.);
#1309=ORIENTED_EDGE('',*,*,#998,.F.);
#1310=ORIENTED_EDGE('',*,*,#999,.F.);
#1311=ORIENTED_EDGE('',*,*,#1000,.T.);
#1312=ORIENTED_EDGE('',*,*,#999,.T.);
#1313=ORIENTED_EDGE('',*,*,#1001,.F.);
#1314=ORIENTED_EDGE('',*,*,#1002,.F.);
#1315=ORIENTED_EDGE('',*,*,#1003,.T.);
#1316=ORIENTED_EDGE('',*,*,#1002,.T.);
#1317=ORIENTED_EDGE('',*,*,#1004,.F.);
#1318=ORIENTED_EDGE('',*,*,#1005,.F.);
#1319=ORIENTED_EDGE('',*,*,#1006,.T.);
#1320=ORIENTED_EDGE('',*,*,#1005,.T.);
#1321=ORIENTED_EDGE('',*,*,#1007,.F.);
#1322=ORIENTED_EDGE('',*,*,#1008,.F.);
#1323=ORIENTED_EDGE('',*,*,#1009,.T.);
#1324=ORIENTED_EDGE('',*,*,#1008,.T.);
#1325=ORIENTED_EDGE('',*,*,#1010,.F.);
#1326=ORIENTED_EDGE('',*,*,#1011,.F.);
#1327=ORIENTED_EDGE('',*,*,#1012,.T.);
#1328=ORIENTED_EDGE('',*,*,#1011,.T.);
#1329=ORIENTED_EDGE('',*,*,#1013,.F.);
#1330=ORIENTED_EDGE('',*,*,#1014,.F.);
#1331=ORIENTED_EDGE('',*,*,#1015,.T.);
#1332=ORIENTED_EDGE('',*,*,#1014,.T.);
#1333=ORIENTED_EDGE('',*,*,#1016,.F.);
#1334=ORIENTED_EDGE('',*,*,#1017,.F.);
#1335=ORIENTED_EDGE('',*,*,#1018,.T.);
#1336=ORIENTED_EDGE('',*,*,#1017,.T.);
#1337=ORIENTED_EDGE('',*,*,#1019,.F.);
#1338=ORIENTED_EDGE('',*,*,#1020,.F.);
#1339=ORIENTED_EDGE('',*,*,#1021,.T.);
#1340=ORIENTED_EDGE('',*,*,#1020,.T.);
#1341=ORIENTED_EDGE('',*,*,#1022,.F.);
#1342=ORIENTED_EDGE('',*,*,#1023,.F.);
#1343=ORIENTED_EDGE('',*,*,#1024,.T.);
#1344=ORIENTED_EDGE('',*,*,#1023,.T.);
#1345=ORIENTED_EDGE('',*,*,#1025,.F.);
#1346=ORIENTED_EDGE('',*,*,#1026,.F.);
#1347=ORIENTED_EDGE('',*,*,#1027,.T.);
#1348=ORIENTED_EDGE('',*,*,#1026,.T.);
#1349=ORIENTED_EDGE('',*,*,#1028,.F.);
#1350=ORIENTED_EDGE('',*,*,#1029,.F.);
#1351=ORIENTED_EDGE('',*,*,#1030,.T.);
#1352=ORIENTED_EDGE('',*,*,#1029,.T.);
#1353=ORIENTED_EDGE('',*,*,#1031,.F.);
#1354=ORIENTED_EDGE('',*,*,#1032,.F.);
#1355=ORIENTED_EDGE('',*,*,#1033,.T.);
#1356=ORIENTED_EDGE('',*,*,#1032,.T.);
#1357=ORIENTED_EDGE('',*,*,#1034,.F.);
#1358=ORIENTED_EDGE('',*,*,#1035,.F.);
#1359=ORIENTED_EDGE('',*,*,#1036,.T.);
#1360=ORIENTED_EDGE('',*,*,#1035,.T.);
#1361=ORIENTED_EDGE('',*,*,#1037,.F.);
#1362=ORIENTED_EDGE('',*,*,#1038,.F.);
#1363=ORIENTED_EDGE('',*,*,#1039,.T.);
#1364=ORIENTED_EDGE('',*,*,#1038,.T.);
#1365=ORIENTED_EDGE('',*,*,#1040,.F.);
#1366=ORIENTED_EDGE('',*,*,#1041,.F.);
#1367=ORIENTED_EDGE('',*,*,#1042,.T.);
#1368=ORIENTED_EDGE('',*,*,#1041,.T.);
#1369=ORIENTED_EDGE('',*,*,#1043,.F.);
#1370=ORIENTED_EDGE('',*,*,#1044,.F.);
#1371=ORIENTED_EDGE('',*,*,#1045,.T.);
#1372=ORIENTED_EDGE('',*,*,#1044,.T.);
#1373=ORIENTED_EDGE('',*,*,#1046,.F.);
#1374=ORIENTED_EDGE('',*,*,#1047,.F.);
#1375=ORIENTED_EDGE('',*,*,#1048,.T.);
#1376=ORIENTED_EDGE('',*,*,#1047,.T.);
#1377=ORIENTED_EDGE('',*,*,#1049,.F.);
#1378=ORIENTED_EDGE('',*,*,#1050,.F.);
#1379=ORIENTED_EDGE('',*,*,#1051,.T.);
#1380=ORIENTED_EDGE('',*,*,#1050,.T.);
#1381=ORIENTED_EDGE('',*,*,#1052,.F.);
#1382=ORIENTED_EDGE('',*,*,#1053,.F.);
#1383=ORIENTED_EDGE('',*,*,#1054,.T.);
#1384=ORIENTED_EDGE('',*,*,#1053,.T.);
#1385=ORIENTED_EDGE('',*,*,#1055,.F.);
#1386=ORIENTED_EDGE('',*,*,#1056,.F.);
#1387=ORIENTED_EDGE('',*,*,#1057,.T.);
#1388=ORIENTED_EDGE('',*,*,#1056,.T.);
#1389=ORIENTED_EDGE('',*,*,#1058,.F.);
#1390=ORIENTED_EDGE('',*,*,#1059,.F.);
#1391=ORIENTED_EDGE('',*,*,#1060,.T.);
#1392=ORIENTED_EDGE('',*,*,#1059,.T.);
#1393=ORIENTED_EDGE('',*,*,#1061,.F.);
#1394=ORIENTED_EDGE('',*,*,#1062,.F.);
#1395=ORIENTED_EDGE('',*,*,#1063,.T.);
#1396=ORIENTED_EDGE('',*,*,#1062,.T.);
#1397=ORIENTED_EDGE('',*,*,#1064,.F.);
#1398=ORIENTED_EDGE('',*,*,#1065,.F.);
#1399=ORIENTED_EDGE('',*,*,#1066,.T.);
#1400=ORIENTED_EDGE('',*,*,#1065,.T.);
#1401=ORIENTED_EDGE('',*,*,#1067,.F.);
#1402=ORIENTED_EDGE('',*,*,#1068,.F.);
#1403=ORIENTED_EDGE('',*,*,#1069,.T.);
#1404=ORIENTED_EDGE('',*,*,#1068,.T.);
#1405=ORIENTED_EDGE('',*,*,#1070,.F.);
#1406=ORIENTED_EDGE('',*,*,#1071,.F.);
#1407=ORIENTED_EDGE('',*,*,#1072,.T.);
#1408=ORIENTED_EDGE('',*,*,#1071,.T.);
#1409=ORIENTED_EDGE('',*,*,#1073,.F.);
#1410=ORIENTED_EDGE('',*,*,#1074,.F.);
#1411=ORIENTED_EDGE('',*,*,#1075,.T.);
#1412=ORIENTED_EDGE('',*,*,#1074,.T.);
#1413=ORIENTED_EDGE('',*,*,#1076,.F.);
#1414=ORIENTED_EDGE('',*,*,#1077,.F.);
#1415=ORIENTED_EDGE('',*,*,#1078,.T.);
#1416=ORIENTED_EDGE('',*,*,#1077,.T.);
#1417=ORIENTED_EDGE('',*,*,#1079,.F.);
#1418=ORIENTED_EDGE('',*,*,#1080,.F.);
#1419=ORIENTED_EDGE('',*,*,#1081,.T.);
#1420=ORIENTED_EDGE('',*,*,#1080,.T.);
#1421=ORIENTED_EDGE('',*,*,#1082,.F.);
#1422=ORIENTED_EDGE('',*,*,#1083,.F.);
#1423=ORIENTED_EDGE('',*,*,#1084,.T.);
#1424=ORIENTED_EDGE('',*,*,#1083,.T.);
#1425=ORIENTED_EDGE('',*,*,#1085,.F.);
#1426=ORIENTED_EDGE('',*,*,#1086,.F.);
#1427=ORIENTED_EDGE('',*,*,#1087,.T.);
#1428=ORIENTED_EDGE('',*,*,#1086,.T.);
#1429=ORIENTED_EDGE('',*,*,#1088,.F.);
#1430=ORIENTED_EDGE('',*,*,#1089,.F.);
#1431=ORIENTED_EDGE('',*,*,#1090,.T.);
#1432=ORIENTED_EDGE('',*,*,#1089,.T.);
#1433=ORIENTED_EDGE('',*,*,#1091,.F.);
#1434=ORIENTED_EDGE('',*,*,#1092,.F.);
#1435=ORIENTED_EDGE('',*,*,#1093,.T.);
#1436=ORIENTED_EDGE('',*,*,#1092,.T.);
#1437=ORIENTED_EDGE('',*,*,#1094,.F.);
#1438=ORIENTED_EDGE('',*,*,#1095,.F.);
#1439=ORIENTED_EDGE('',*,*,#1096,.T.);
#1440=ORIENTED_EDGE('',*,*,#1095,.T.);
#1441=ORIENTED_EDGE('',*,*,#1097,.F.);
#1442=ORIENTED_EDGE('',*,*,#1098,.F.);
#1443=ORIENTED_EDGE('',*,*,#1099,.T.);
#1444=ORIENTED_EDGE('',*,*,#1098,.T.);
#1445=ORIENTED_EDGE('',*,*,#1100,.F.);
#1446=ORIENTED_EDGE('',*,*,#1101,.F.);
#1447=ORIENTED_EDGE('',*,*,#1102,.T.);
#1448=ORIENTED_EDGE('',*,*,#1101,.T.);
#1449=ORIENTED_EDGE('',*,*,#1103,.F.);
#1450=ORIENTED_EDGE('',*,*,#1104,.F.);
#1451=ORIENTED_EDGE('',*,*,#1105,.T.);
#1452=ORIENTED_EDGE('',*,*,#1104,.T.);
#1453=ORIENTED_EDGE('',*,*,#1106,.F.);
#1454=ORIENTED_EDGE('',*,*,#1107,.F.);
#1455=ORIENTED_EDGE('',*,*,#1108,.T.);
#1456=ORIENTED_EDGE('',*,*,#1107,.T.);
#1457=ORIENTED_EDGE('',*,*,#1109,.F.);
#1458=ORIENTED_EDGE('',*,*,#1110,.F.);
#1459=ORIENTED_EDGE('',*,*,#1111,.T.);
#1460=ORIENTED_EDGE('',*,*,#1110,.T.);
#1461=ORIENTED_EDGE('',*,*,#1112,.F.);
#1462=ORIENTED_EDGE('',*,*,#1113,.F.);
#1463=ORIENTED_EDGE('',*,*,#1114,.T.);
#1464=ORIENTED_EDGE('',*,*,#1113,.T.);
#1465=ORIENTED_EDGE('',*,*,#1115,.F.);
#1466=ORIENTED_EDGE('',*,*,#1116,.F.);
#1467=ORIENTED_EDGE('',*,*,#1117,.T.);
#1468=ORIENTED_EDGE('',*,*,#1116,.T.);
#1469=ORIENTED_EDGE('',*,*,#1118,.F.);
#1470=ORIENTED_EDGE('',*,*,#1119,.F.);
#1471=ORIENTED_EDGE('',*,*,#1120,.T.);
#1472=ORIENTED_EDGE('',*,*,#1119,.T.);
#1473=ORIENTED_EDGE('',*,*,#1121,.F.);
#1474=ORIENTED_EDGE('',*,*,#1122,.F.);
#1475=ORIENTED_EDGE('',*,*,#1123,.T.);
#1476=ORIENTED_EDGE('',*,*,#1122,.T.);
#1477=ORIENTED_EDGE('',*,*,#1124,.F.);
#1478=ORIENTED_EDGE('',*,*,#1125,.F.);
#1479=ORIENTED_EDGE('',*,*,#1126,.T.);
#1480=ORIENTED_EDGE('',*,*,#1125,.T.);
#1481=ORIENTED_EDGE('',*,*,#1127,.F.);
#1482=ORIENTED_EDGE('',*,*,#1128,.F.);
#1483=ORIENTED_EDGE('',*,*,#1129,.T.);
#1484=ORIENTED_EDGE('',*,*,#1128,.T.);
#1485=ORIENTED_EDGE('',*,*,#1130,.F.);
#1486=ORIENTED_EDGE('',*,*,#1131,.F.);
#1487=ORIENTED_EDGE('',*,*,#1132,.T.);
#1488=ORIENTED_EDGE('',*,*,#1131,.T.);
#1489=ORIENTED_EDGE('',*,*,#1133,.F.);
#1490=ORIENTED_EDGE('',*,*,#1134,.F.);
#1491=ORIENTED_EDGE('',*,*,#1135,.T.);
#1492=ORIENTED_EDGE('',*,*,#1134,.T.);
#1493=ORIENTED_EDGE('',*,*,#1136,.F.);
#1494=ORIENTED_EDGE('',*,*,#1137,.F.);
#1495=ORIENTED_EDGE('',*,*,#1138,.T.);
#1496=ORIENTED_EDGE('',*,*,#1137,.T.);
#1497=ORIENTED_EDGE('',*,*,#1139,.F.);
#1498=ORIENTED_EDGE('',*,*,#1140,.F.);
#1499=ORIENTED_EDGE('',*,*,#1141,.T.);
#1500=ORIENTED_EDGE('',*,*,#1140,.T.);
#1501=ORIENTED_EDGE('',*,*,#1142,.F.);
#1502=ORIENTED_EDGE('',*,*,#1143,.F.);
#1503=ORIENTED_EDGE('',*,*,#1144,.T.);
#1504=ORIENTED_EDGE('',*,*,#1143,.T.);
#1505=ORIENTED_EDGE('',*,*,#1145,.F.);
#1506=ORIENTED_EDGE('',*,*,#1146,.F.);
#1507=ORIENTED_EDGE('',*,*,#1147,.T.);
#1508=ORIENTED_EDGE('',*,*,#1146,.T.);
#1509=ORIENTED_EDGE('',*,*,#1148,.F.);
#1510=ORIENTED_EDGE('',*,*,#1149,.F.);
#1511=ORIENTED_EDGE('',*,*,#1150,.T.);
#1512=ORIENTED_EDGE('',*,*,#1149,.T.);
#1513=ORIENTED_EDGE('',*,*,#1151,.F.);
#1514=ORIENTED_EDGE('',*,*,#1152,.F.);
#1515=ORIENTED_EDGE('',*,*,#1153,.T.);
#1516=ORIENTED_EDGE('',*,*,#1152,.T.);
#1517=ORIENTED_EDGE('',*,*,#1154,.F.);
#1518=ORIENTED_EDGE('',*,*,#1155,.F.);
#1519=ORIENTED_EDGE('',*,*,#1156,.T.);
#1520=ORIENTED_EDGE('',*,*,#1155,.T.);
#1521=ORIENTED_EDGE('',*,*,#1157,.F.);
#1522=ORIENTED_EDGE('',*,*,#1158,.F.);
#1523=ORIENTED_EDGE('',*,*,#1159,.T.);
#1524=ORIENTED_EDGE('',*,*,#1158,.T.);
#1525=ORIENTED_EDGE('',*,*,#1160,.F.);
#1526=ORIENTED_EDGE('',*,*,#1161,.F.);
#1527=ORIENTED_EDGE('',*,*,#1162,.T.);
#1528=ORIENTED_EDGE('',*,*,#1161,.T.);
#1529=ORIENTED_EDGE('',*,*,#1163,.F.);
#1530=ORIENTED_EDGE('',*,*,#1164,.F.);
#1531=ORIENTED_EDGE('',*,*,#1165,.T.);
#1532=ORIENTED_EDGE('',*,*,#1164,.T.);
#1533=ORIENTED_EDGE('',*,*,#1166,.F.);
#1534=ORIENTED_EDGE('',*,*,#1167,.F.);
#1535=ORIENTED_EDGE('',*,*,#1168,.T.);
#1536=ORIENTED_EDGE('',*,*,#1167,.T.);
#1537=ORIENTED_EDGE('',*,*,#1169,.F.);
#1538=ORIENTED_EDGE('',*,*,#1170,.F.);
#1539=ORIENTED_EDGE('',*,*,#1171,.T.);
#1540=ORIENTED_EDGE('',*,*,#1170,.T.);
#1541=ORIENTED_EDGE('',*,*,#1172,.F.);
#1542=ORIENTED_EDGE('',*,*,#1173,.F.);
#1543=ORIENTED_EDGE('',*,*,#1174,.T.);
#1544=ORIENTED_EDGE('',*,*,#1173,.T.);
#1545=ORIENTED_EDGE('',*,*,#1175,.F.);
#1546=ORIENTED_EDGE('',*,*,#1176,.F.);
#1547=ORIENTED_EDGE('',*,*,#1177,.T.);
#1548=ORIENTED_EDGE('',*,*,#1176,.T.);
#1549=ORIENTED_EDGE('',*,*,#1178,.F.);
#1550=ORIENTED_EDGE('',*,*,#1179,.F.);
#1551=ORIENTED_EDGE('',*,*,#1180,.T.);
#1552=ORIENTED_EDGE('',*,*,#1179,.T.);
#1553=ORIENTED_EDGE('',*,*,#1181,.F.);
#1554=ORIENTED_EDGE('',*,*,#1182,.F.);
#1555=ORIENTED_EDGE('',*,*,#1183,.T.);
#1556=ORIENTED_EDGE('',*,*,#1182,.T.);
#1557=ORIENTED_EDGE('',*,*,#1184,.F.);
#1558=ORIENTED_EDGE('',*,*,#1185,.F.);
#1559=ORIENTED_EDGE('',*,*,#1186,.T.);
#1560=ORIENTED_EDGE('',*,*,#1185,.T.);
#1561=ORIENTED_EDGE('',*,*,#1187,.F.);
#1562=ORIENTED_EDGE('',*,*,#1188,.F.);
#1563=ORIENTED_EDGE('',*,*,#1189,.T.);
#1564=ORIENTED_EDGE('',*,*,#1188,.T.);
#1565=ORIENTED_EDGE('',*,*,#1190,.F.);
#1566=ORIENTED_EDGE('',*,*,#1191,.F.);
#1567=ORIENTED_EDGE('',*,*,#1192,.T.);
#1568=ORIENTED_EDGE('',*,*,#1191,.T.);
#1569=ORIENTED_EDGE('',*,*,#1193,.F.);
#1570=ORIENTED_EDGE('',*,*,#1194,.F.);
#1571=ORIENTED_EDGE('',*,*,#1195,.T.);
#1572=ORIENTED_EDGE('',*,*,#1194,.T.);
#1573=ORIENTED_EDGE('',*,*,#1196,.F.);
#1574=ORIENTED_EDGE('',*,*,#1197,.F.);
#1575=ORIENTED_EDGE('',*,*,#1198,.T.);
#1576=ORIENTED_EDGE('',*,*,#1197,.T.);
#1577=ORIENTED_EDGE('',*,*,#1199,.F.);
#1578=ORIENTED_EDGE('',*,*,#1200,.F.);
#1579=ORIENTED_EDGE('',*,*,#1201,.T.);
#1580=ORIENTED_EDGE('',*,*,#1200,.T.);
#1581=ORIENTED_EDGE('',*,*,#1202,.F.);
#1582=ORIENTED_EDGE('',*,*,#1203,.F.);
#1583=ORIENTED_EDGE('',*,*,#1204,.T.);
#1584=ORIENTED_EDGE('',*,*,#1203,.T.);
#1585=ORIENTED_EDGE('',*,*,#1205,.F.);
#1586=ORIENTED_EDGE('',*,*,#1206,.F.);
#1587=ORIENTED_EDGE('',*,*,#1207,.T.);
#1588=ORIENTED_EDGE('',*,*,#1206,.T.);
#1589=ORIENTED_EDGE('',*,*,#1208,.F.);
#1590=ORIENTED_EDGE('',*,*,#1209,.F.);
#1591=ORIENTED_EDGE('',*,*,#1210,.T.);
#1592=ORIENTED_EDGE('',*,*,#1209,.T.);
#1593=ORIENTED_EDGE('',*,*,#1211,.F.);
#1594=ORIENTED_EDGE('',*,*,#1212,.F.);
#1595=ORIENTED_EDGE('',*,*,#1213,.T.);
#1596=ORIENTED_EDGE('',*,*,#1212,.T.);
#1597=ORIENTED_EDGE('',*,*,#1214,.F.);
#1598=ORIENTED_EDGE('',*,*,#1215,.F.);
#1599=ORIENTED_EDGE('',*,*,#1216,.T.);
#1600=ORIENTED_EDGE('',*,*,#1215,.T.);
#1601=ORIENTED_EDGE('',*,*,#1217,.F.);
#1602=ORIENTED_EDGE('',*,*,#1218,.F.);
#1603=ORIENTED_EDGE('',*,*,#1219,.T.);
#1604=ORIENTED_EDGE('',*,*,#1218,.T.);
#1605=ORIENTED_EDGE('',*,*,#1220,.F.);
#1606=ORIENTED_EDGE('',*,*,#1221,.F.);
#1607=ORIENTED_EDGE('',*,*,#1222,.T.);
#1608=ORIENTED_EDGE('',*,*,#1221,.T.);
#1609=ORIENTED_EDGE('',*,*,#1223,.F.);
#1610=ORIENTED_EDGE('',*,*,#1224,.F.);
#1611=ORIENTED_EDGE('',*,*,#1225,.T.);
#1612=ORIENTED_EDGE('',*,*,#1224,.T.);
#1613=ORIENTED_EDGE('',*,*,#1226,.F.);
#1614=ORIENTED_EDGE('',*,*,#1227,.F.);
#1615=ORIENTED_EDGE('',*,*,#1228,.T.);
#1616=ORIENTED_EDGE('',*,*,#1227,.T.);
#1617=ORIENTED_EDGE('',*,*,#1229,.F.);
#1618=ORIENTED_EDGE('',*,*,#1230,.F.);
#1619=ORIENTED_EDGE('',*,*,#1231,.T.);
#1620=ORIENTED_EDGE('',*,*,#1230,.T.);
#1621=ORIENTED_EDGE('',*,*,#1232,.F.);
#1622=ORIENTED_EDGE('',*,*,#1233,.F.);
#1623=ORIENTED_EDGE('',*,*,#1234,.T.);
#1624=ORIENTED_EDGE('',*,*,#1233,.T.);
#1625=ORIENTED_EDGE('',*,*,#1235,.F.);
#1626=ORIENTED_EDGE('',*,*,#1236,.F.);
#1627=ORIENTED_EDGE('',*,*,#1237,.T.);
#1628=ORIENTED_EDGE('',*,*,#1236,.T.);
#1629=ORIENTED_EDGE('',*,*,#1238,.F.);
#1630=ORIENTED_EDGE('',*,*,#1239,.F.);
#1631=ORIENTED_EDGE('',*,*,#1240,.T.);
#1632=ORIENTED_EDGE('',*,*,#1239,.T.);
#1633=ORIENTED_EDGE('',*,*,#1241,.F.);
#1634=ORIENTED_EDGE('',*,*,#1242,.F.);
#1635=ORIENTED_EDGE('',*,*,#1243,.T.);
#1636=ORIENTED_EDGE('',*,*,#1242,.T.);
#1637=ORIENTED_EDGE('',*,*,#1244,.F.);
#1638=ORIENTED_EDGE('',*,*,#1245,.F.);
#1639=ORIENTED_EDGE('',*,*,#1246,.T.);
#1640=ORIENTED_EDGE('',*,*,#1245,.T.);
#1641=ORIENTED_EDGE('',*,*,#1247,.F.);
#1642=ORIENTED_EDGE('',*,*,#1248,.F.);
#1643=ORIENTED_EDGE('',*,*,#1249,.T.);
#1644=ORIENTED_EDGE('',*,*,#1248,.T.);
#1645=ORIENTED_EDGE('',*,*,#1250,.F.);
#1646=ORIENTED_EDGE('',*,*,#1251,.F.);
#1647=ORIENTED_EDGE('',*,*,#1252,.T.);
#1648=ORIENTED_EDGE('',*,*,#1251,.T.);
#1649=ORIENTED_EDGE('',*,*,#1253,.F.);
#1650=ORIENTED_EDGE('',*,*,#1254,.F.);
#1651=ORIENTED_EDGE('',*,*,#1255,.T.);
#1652=ORIENTED_EDGE('',*,*,#1254,.T.);
#1653=ORIENTED_EDGE('',*,*,#1256,.F.);
#1654=ORIENTED_EDGE('',*,*,#1257,.F.);
#1655=ORIENTED_EDGE('',*,*,#1258,.T.);
#1656=ORIENTED_EDGE('',*,*,#1257,.T.);
#1657=ORIENTED_EDGE('',*,*,#1259,.F.);
#1658=ORIENTED_EDGE('',*,*,#1260,.F.);
#1659=ORIENTED_EDGE('',*,*,#1261,.T.);
#1660=ORIENTED_EDGE('',*,*,#1260,.T.);
#1661=ORIENTED_EDGE('',*,*,#1262,.F.);
#1662=ORIENTED_EDGE('',*,*,#976,.F.);
#1663=ORIENTED_EDGE('',*,*,#1262,.T.);
#1664=ORIENTED_EDGE('',*,*,#1259,.T.);
#1665=ORIENTED_EDGE('',*,*,#1256,.T.);
#1666=ORIENTED_EDGE('',*,*,#1253,.T.);
#1667=ORIENTED_EDGE('',*,*,#1250,.T.);
#1668=ORIENTED_EDGE('',*,*,#1247,.T.);
#1669=ORIENTED_EDGE('',*,*,#1244,.T.);
#1670=ORIENTED_EDGE('',*,*,#1241,.T.);
#1671=ORIENTED_EDGE('',*,*,#1238,.T.);
#1672=ORIENTED_EDGE('',*,*,#1235,.T.);
#1673=ORIENTED_EDGE('',*,*,#1232,.T.);
#1674=ORIENTED_EDGE('',*,*,#1229,.T.);
#1675=ORIENTED_EDGE('',*,*,#1226,.T.);
#1676=ORIENTED_EDGE('',*,*,#1223,.T.);
#1677=ORIENTED_EDGE('',*,*,#1220,.T.);
#1678=ORIENTED_EDGE('',*,*,#1217,.T.);
#1679=ORIENTED_EDGE('',*,*,#1214,.T.);
#1680=ORIENTED_EDGE('',*,*,#1211,.T.);
#1681=ORIENTED_EDGE('',*,*,#1208,.T.);
#1682=ORIENTED_EDGE('',*,*,#1205,.T.);
#1683=ORIENTED_EDGE('',*,*,#1202,.T.);
#1684=ORIENTED_EDGE('',*,*,#1199,.T.);
#1685=ORIENTED_EDGE('',*,*,#1196,.T.);
#1686=ORIENTED_EDGE('',*,*,#1193,.T.);
#1687=ORIENTED_EDGE('',*,*,#1190,.T.);
#1688=ORIENTED_EDGE('',*,*,#1187,.T.);
#1689=ORIENTED_EDGE('',*,*,#1184,.T.);
#1690=ORIENTED_EDGE('',*,*,#1181,.T.);
#1691=ORIENTED_EDGE('',*,*,#1178,.T.);
#1692=ORIENTED_EDGE('',*,*,#1175,.T.);
#1693=ORIENTED_EDGE('',*,*,#1172,.T.);
#1694=ORIENTED_EDGE('',*,*,#1169,.T.);
#1695=ORIENTED_EDGE('',*,*,#1166,.T.);
#1696=ORIENTED_EDGE('',*,*,#1163,.T.);
#1697=ORIENTED_EDGE('',*,*,#1160,.T.);
#1698=ORIENTED_EDGE('',*,*,#1157,.T.);
#1699=ORIENTED_EDGE('',*,*,#1154,.T.);
#1700=ORIENTED_EDGE('',*,*,#1151,.T.);
#1701=ORIENTED_EDGE('',*,*,#1148,.T.);
#1702=ORIENTED_EDGE('',*,*,#1145,.T.);
#1703=ORIENTED_EDGE('',*,*,#1142,.T.);
#1704=ORIENTED_EDGE('',*,*,#1139,.T.);
#1705=ORIENTED_EDGE('',*,*,#1136,.T.);
#1706=ORIENTED_EDGE('',*,*,#1133,.T.);
#1707=ORIENTED_EDGE('',*,*,#1130,.T.);
#1708=ORIENTED_EDGE('',*,*,#1127,.T.);
#1709=ORIENTED_EDGE('',*,*,#1124,.T.);
#1710=ORIENTED_EDGE('',*,*,#1121,.T.);
#1711=ORIENTED_EDGE('',*,*,#1118,.T.);
#1712=ORIENTED_EDGE('',*,*,#1115,.T.);
#1713=ORIENTED_EDGE('',*,*,#1112,.T.);
#1714=ORIENTED_EDGE('',*,*,#1109,.T.);
#1715=ORIENTED_EDGE('',*,*,#1106,.T.);
#1716=ORIENTED_EDGE('',*,*,#1103,.T.);
#1717=ORIENTED_EDGE('',*,*,#1100,.T.);
#1718=ORIENTED_EDGE('',*,*,#1097,.T.);
#1719=ORIENTED_EDGE('',*,*,#1094,.T.);
#1720=ORIENTED_EDGE('',*,*,#1091,.T.);
#1721=ORIENTED_EDGE('',*,*,#1088,.T.);
#1722=ORIENTED_EDGE('',*,*,#1085,.T.);
#1723=ORIENTED_EDGE('',*,*,#1082,.T.);
#1724=ORIENTED_EDGE('',*,*,#1079,.T.);
#1725=ORIENTED_EDGE('',*,*,#1076,.T.);
#1726=ORIENTED_EDGE('',*,*,#1073,.T.);
#1727=ORIENTED_EDGE('',*,*,#1070,.T.);
#1728=ORIENTED_EDGE('',*,*,#1067,.T.);
#1729=ORIENTED_EDGE('',*,*,#1064,.T.);
#1730=ORIENTED_EDGE('',*,*,#1061,.T.);
#1731=ORIENTED_EDGE('',*,*,#1058,.T.);
#1732=ORIENTED_EDGE('',*,*,#1055,.T.);
#1733=ORIENTED_EDGE('',*,*,#1052,.T.);
#1734=ORIENTED_EDGE('',*,*,#1049,.T.);
#1735=ORIENTED_EDGE('',*,*,#1046,.T.);
#1736=ORIENTED_EDGE('',*,*,#1043,.T.);
#1737=ORIENTED_EDGE('',*,*,#1040,.T.);
#1738=ORIENTED_EDGE('',*,*,#1037,.T.);
#1739=ORIENTED_EDGE('',*,*,#1034,.T.);
#1740=ORIENTED_EDGE('',*,*,#1031,.T.);
#1741=ORIENTED_EDGE('',*,*,#1028,.T.);
#1742=ORIENTED_EDGE('',*,*,#1025,.T.);
#1743=ORIENTED_EDGE('',*,*,#1022,.T.);
#1744=ORIENTED_EDGE('',*,*,#1019,.T.);
#1745=ORIENTED_EDGE('',*,*,#1016,.T.);
#1746=ORIENTED_EDGE('',*,*,#1013,.T.);
#1747=ORIENTED_EDGE('',*,*,#1010,.T.);
#1748=ORIENTED_EDGE('',*,*,#1007,.T.);
#1749=ORIENTED_EDGE('',*,*,#1004,.T.);
#1750=ORIENTED_EDGE('',*,*,#1001,.T.);
#1751=ORIENTED_EDGE('',*,*,#998,.T.);
#1752=ORIENTED_EDGE('',*,*,#995,.T.);
#1753=ORIENTED_EDGE('',*,*,#992,.T.);
#1754=ORIENTED_EDGE('',*,*,#989,.T.);
#1755=ORIENTED_EDGE('',*,*,#986,.T.);
#1756=ORIENTED_EDGE('',*,*,#983,.T.);
#1757=ORIENTED_EDGE('',*,*,#980,.T.);
#1758=ORIENTED_EDGE('',*,*,#977,.T.);
#1759=ORIENTED_EDGE('',*,*,#974,.T.);
#1760=ORIENTED_EDGE('',*,*,#971,.T.);
#1761=ORIENTED_EDGE('',*,*,#968,.T.);
#1762=ORIENTED_EDGE('',*,*,#965,.T.);
#1763=ORIENTED_EDGE('',*,*,#1261,.F.);
#1764=ORIENTED_EDGE('',*,*,#975,.F.);
#1765=ORIENTED_EDGE('',*,*,#979,.F.);
#1766=ORIENTED_EDGE('',*,*,#982,.F.);
#1767=ORIENTED_EDGE('',*,*,#985,.F.);
#1768=ORIENTED_EDGE('',*,*,#988,.F.);
#1769=ORIENTED_EDGE('',*,*,#991,.F.);
#1770=ORIENTED_EDGE('',*,*,#994,.F.);
#1771=ORIENTED_EDGE('',*,*,#997,.F.);
#1772=ORIENTED_EDGE('',*,*,#1000,.F.);
#1773=ORIENTED_EDGE('',*,*,#1003,.F.);
#1774=ORIENTED_EDGE('',*,*,#1006,.F.);
#1775=ORIENTED_EDGE('',*,*,#1009,.F.);
#1776=ORIENTED_EDGE('',*,*,#1012,.F.);
#1777=ORIENTED_EDGE('',*,*,#1015,.F.);
#1778=ORIENTED_EDGE('',*,*,#1018,.F.);
#1779=ORIENTED_EDGE('',*,*,#1021,.F.);
#1780=ORIENTED_EDGE('',*,*,#1024,.F.);
#1781=ORIENTED_EDGE('',*,*,#1027,.F.);
#1782=ORIENTED_EDGE('',*,*,#1030,.F.);
#1783=ORIENTED_EDGE('',*,*,#1033,.F.);
#1784=ORIENTED_EDGE('',*,*,#1036,.F.);
#1785=ORIENTED_EDGE('',*,*,#1039,.F.);
#1786=ORIENTED_EDGE('',*,*,#1042,.F.);
#1787=ORIENTED_EDGE('',*,*,#1045,.F.);
#1788=ORIENTED_EDGE('',*,*,#1048,.F.);
#1789=ORIENTED_EDGE('',*,*,#1051,.F.);
#1790=ORIENTED_EDGE('',*,*,#1054,.F.);
#1791=ORIENTED_EDGE('',*,*,#1057,.F.);
#1792=ORIENTED_EDGE('',*,*,#1060,.F.);
#1793=ORIENTED_EDGE('',*,*,#1063,.F.);
#1794=ORIENTED_EDGE('',*,*,#1066,.F.);
#1795=ORIENTED_EDGE('',*,*,#1069,.F.);
#1796=ORIENTED_EDGE('',*,*,#1072,.F.);
#1797=ORIENTED_EDGE('',*,*,#1075,.F.);
#1798=ORIENTED_EDGE('',*,*,#1078,.F.);
#1799=ORIENTED_EDGE('',*,*,#1081,.F.);
#1800=ORIENTED_EDGE('',*,*,#1084,.F.);
#1801=ORIENTED_EDGE('',*,*,#1087,.F.);
#1802=ORIENTED_EDGE('',*,*,#1090,.F.);
#1803=ORIENTED_EDGE('',*,*,#1093,.F.);
#1804=ORIENTED_EDGE('',*,*,#1096,.F.);
#1805=ORIENTED_EDGE('',*,*,#1099,.F.);
#1806=ORIENTED_EDGE('',*,*,#1102,.F.);
#1807=ORIENTED_EDGE('',*,*,#1105,.F.);
#1808=ORIENTED_EDGE('',*,*,#1108,.F.);
#1809=ORIENTED_EDGE('',*,*,#1111,.F.);
#1810=ORIENTED_EDGE('',*,*,#1114,.F.);
#1811=ORIENTED_EDGE('',*,*,#1117,.F.);
#1812=ORIENTED_EDGE('',*,*,#1120,.F.);
#1813=ORIENTED_EDGE('',*,*,#1123,.F.);
#1814=ORIENTED_EDGE('',*,*,#1126,.F.);
#1815=ORIENTED_EDGE('',*,*,#1129,.F.);
#1816=ORIENTED_EDGE('',*,*,#1132,.F.);
#1817=ORIENTED_EDGE('',*,*,#1135,.F.);
#1818=ORIENTED_EDGE('',*,*,#1138,.F.);
#1819=ORIENTED_EDGE('',*,*,#1141,.F.);
#1820=ORIENTED_EDGE('',*,*,#1144,.F.);
#1821=ORIENTED_EDGE('',*,*,#1147,.F.);
#1822=ORIENTED_EDGE('',*,*,#1150,.F.);
#1823=ORIENTED_EDGE('',*,*,#1153,.F.);
#1824=ORIENTED_EDGE('',*,*,#1156,.F.);
#1825=ORIENTED_EDGE('',*,*,#1159,.F.);
#1826=ORIENTED_EDGE('',*,*,#1162,.F.);
#1827=ORIENTED_EDGE('',*,*,#1165,.F.);
#1828=ORIENTED_EDGE('',*,*,#1168,.F.);
#1829=ORIENTED_EDGE('',*,*,#1171,.F.);
#1830=ORIENTED_EDGE('',*,*,#1174,.F.);
#1831=ORIENTED_EDGE('',*,*,#1177,.F.);
#1832=ORIENTED_EDGE('',*,*,#1180,.F.);
#1833=ORIENTED_EDGE('',*,*,#1183,.F.);
#1834=ORIENTED_EDGE('',*,*,#1186,.F.);
#1835=ORIENTED_EDGE('',*,*,#1189,.F.);
#1836=ORIENTED_EDGE('',*,*,#1192,.F.);
#1837=ORIENTED_EDGE('',*,*,#1195,.F.);
#1838=ORIENTED_EDGE('',*,*,#1198,.F.);
#1839=ORIENTED_EDGE('',*,*,#1201,.F.);
#1840=ORIENTED_EDGE('',*,*,#1204,.F.);
#1841=ORIENTED_EDGE('',*,*,#1207,.F.);
#1842=ORIENTED_EDGE('',*,*,#1210,.F.);
#1843=ORIENTED_EDGE('',*,*,#1213,.F.);
#1844=ORIENTED_EDGE('',*,*,#1216,.F.);
#1845=ORIENTED_EDGE('',*,*,#1219,.F.);
#1846=ORIENTED_EDGE('',*,*,#1222,.F.);
#1847=ORIENTED_EDGE('',*,*,#1225,.F.);
#1848=ORIENTED_EDGE('',*,*,#1228,.F.);
#1849=ORIENTED_EDGE('',*,*,#1231,.F.);
#1850=ORIENTED_EDGE('',*,*,#1234,.F.);
#1851=ORIENTED_EDGE('',*,*,#1237,.F.);
#1852=ORIENTED_EDGE('',*,*,#1240,.F.);
#1853=ORIENTED_EDGE('',*,*,#1243,.F.);
#1854=ORIENTED_EDGE('',*,*,#1246,.F.);
#1855=ORIENTED_EDGE('',*,*,#1249,.F.);
#1856=ORIENTED_EDGE('',*,*,#1252,.F.);
#1857=ORIENTED_EDGE('',*,*,#1255,.F.);
#1858=ORIENTED_EDGE('',*,*,#1258,.F.);
#1859=ORIENTED_EDGE('',*,*,#973,.F.);
#1860=ORIENTED_EDGE('',*,*,#963,.F.);
#1861=ORIENTED_EDGE('',*,*,#967,.F.);
#1862=ORIENTED_EDGE('',*,*,#970,.F.);
#1863=PLANE('',#2029);
#1864=PLANE('',#2030);
#1865=PLANE('',#2031);
#1866=PLANE('',#2032);
#1867=PLANE('',#2036);
#1868=PLANE('',#2040);
#1869=PLANE('',#2044);
#1870=PLANE('',#2054);
#1871=PLANE('',#2058);
#1872=PLANE('',#2062);
#1873=PLANE('',#2072);
#1874=PLANE('',#2076);
#1875=PLANE('',#2080);
#1876=PLANE('',#2090);
#1877=PLANE('',#2094);
#1878=PLANE('',#2098);
#1879=PLANE('',#2108);
#1880=PLANE('',#2112);
#1881=PLANE('',#2116);
#1882=PLANE('',#2126);
#1883=PLANE('',#2130);
#1884=PLANE('',#2134);
#1885=PLANE('',#2144);
#1886=PLANE('',#2148);
#1887=PLANE('',#2152);
#1888=PLANE('',#2162);
#1889=PLANE('',#2166);
#1890=PLANE('',#2170);
#1891=PLANE('',#2180);
#1892=PLANE('',#2184);
#1893=PLANE('',#2188);
#1894=PLANE('',#2198);
#1895=PLANE('',#2202);
#1896=PLANE('',#2206);
#1897=PLANE('',#2216);
#1898=PLANE('',#2220);
#1899=PLANE('',#2224);
#1900=PLANE('',#2234);
#1901=PLANE('',#2238);
#1902=PLANE('',#2242);
#1903=PLANE('',#2249);
#1904=PLANE('',#2250);
#1905=ADVANCED_FACE('',(#197),#1863,.T.);
#1906=ADVANCED_FACE('',(#198),#1864,.T.);
#1907=ADVANCED_FACE('',(#199),#1865,.T.);
#1908=ADVANCED_FACE('',(#200),#1866,.T.);
#1909=ADVANCED_FACE('',(#201),#137,.T.);
#1910=ADVANCED_FACE('',(#202),#1867,.T.);
#1911=ADVANCED_FACE('',(#203),#138,.F.);
#1912=ADVANCED_FACE('',(#204),#1868,.T.);
#1913=ADVANCED_FACE('',(#205),#139,.F.);
#1914=ADVANCED_FACE('',(#206),#1869,.T.);
#1915=ADVANCED_FACE('',(#207),#140,.T.);
#1916=ADVANCED_FACE('',(#208),#141,.T.);
#1917=ADVANCED_FACE('',(#209),#142,.T.);
#1918=ADVANCED_FACE('',(#210),#1870,.T.);
#1919=ADVANCED_FACE('',(#211),#143,.F.);
#1920=ADVANCED_FACE('',(#212),#1871,.T.);
#1921=ADVANCED_FACE('',(#213),#144,.F.);
#1922=ADVANCED_FACE('',(#214),#1872,.T.);
#1923=ADVANCED_FACE('',(#215),#145,.T.);
#1924=ADVANCED_FACE('',(#216),#146,.T.);
#1925=ADVANCED_FACE('',(#217),#147,.T.);
#1926=ADVANCED_FACE('',(#218),#1873,.T.);
#1927=ADVANCED_FACE('',(#219),#148,.F.);
#1928=ADVANCED_FACE('',(#220),#1874,.T.);
#1929=ADVANCED_FACE('',(#221),#149,.F.);
#1930=ADVANCED_FACE('',(#222),#1875,.T.);
#1931=ADVANCED_FACE('',(#223),#150,.T.);
#1932=ADVANCED_FACE('',(#224),#151,.T.);
#1933=ADVANCED_FACE('',(#225),#152,.T.);
#1934=ADVANCED_FACE('',(#226),#1876,.T.);
#1935=ADVANCED_FACE('',(#227),#153,.F.);
#1936=ADVANCED_FACE('',(#228),#1877,.T.);
#1937=ADVANCED_FACE('',(#229),#154,.F.);
#1938=ADVANCED_FACE('',(#230),#1878,.T.);
#1939=ADVANCED_FACE('',(#231),#155,.T.);
#1940=ADVANCED_FACE('',(#232),#156,.T.);
#1941=ADVANCED_FACE('',(#233),#157,.T.);
#1942=ADVANCED_FACE('',(#234),#1879,.T.);
#1943=ADVANCED_FACE('',(#235),#158,.F.);
#1944=ADVANCED_FACE('',(#236),#1880,.T.);
#1945=ADVANCED_FACE('',(#237),#159,.F.);
#1946=ADVANCED_FACE('',(#238),#1881,.T.);
#1947=ADVANCED_FACE('',(#239),#160,.T.);
#1948=ADVANCED_FACE('',(#240),#161,.T.);
#1949=ADVANCED_FACE('',(#241),#162,.T.);
#1950=ADVANCED_FACE('',(#242),#1882,.T.);
#1951=ADVANCED_FACE('',(#243),#163,.F.);
#1952=ADVANCED_FACE('',(#244),#1883,.T.);
#1953=ADVANCED_FACE('',(#245),#164,.F.);
#1954=ADVANCED_FACE('',(#246),#1884,.T.);
#1955=ADVANCED_FACE('',(#247),#165,.T.);
#1956=ADVANCED_FACE('',(#248),#166,.T.);
#1957=ADVANCED_FACE('',(#249),#167,.T.);
#1958=ADVANCED_FACE('',(#250),#1885,.T.);
#1959=ADVANCED_FACE('',(#251),#168,.F.);
#1960=ADVANCED_FACE('',(#252),#1886,.T.);
#1961=ADVANCED_FACE('',(#253),#169,.F.);
#1962=ADVANCED_FACE('',(#254),#1887,.T.);
#1963=ADVANCED_FACE('',(#255),#170,.T.);
#1964=ADVANCED_FACE('',(#256),#171,.T.);
#1965=ADVANCED_FACE('',(#257),#172,.T.);
#1966=ADVANCED_FACE('',(#258),#1888,.T.);
#1967=ADVANCED_FACE('',(#259),#173,.F.);
#1968=ADVANCED_FACE('',(#260),#1889,.T.);
#1969=ADVANCED_FACE('',(#261),#174,.F.);
#1970=ADVANCED_FACE('',(#262),#1890,.T.);
#1971=ADVANCED_FACE('',(#263),#175,.T.);
#1972=ADVANCED_FACE('',(#264),#176,.T.);
#1973=ADVANCED_FACE('',(#265),#177,.T.);
#1974=ADVANCED_FACE('',(#266),#1891,.T.);
#1975=ADVANCED_FACE('',(#267),#178,.F.);
#1976=ADVANCED_FACE('',(#268),#1892,.T.);
#1977=ADVANCED_FACE('',(#269),#179,.F.);
#1978=ADVANCED_FACE('',(#270),#1893,.T.);
#1979=ADVANCED_FACE('',(#271),#180,.T.);
#1980=ADVANCED_FACE('',(#272),#181,.T.);
#1981=ADVANCED_FACE('',(#273),#182,.T.);
#1982=ADVANCED_FACE('',(#274),#1894,.T.);
#1983=ADVANCED_FACE('',(#275),#183,.F.);
#1984=ADVANCED_FACE('',(#276),#1895,.T.);
#1985=ADVANCED_FACE('',(#277),#184,.F.);
#1986=ADVANCED_FACE('',(#278),#1896,.T.);
#1987=ADVANCED_FACE('',(#279),#185,.T.);
#1988=ADVANCED_FACE('',(#280),#186,.T.);
#1989=ADVANCED_FACE('',(#281),#187,.T.);
#1990=ADVANCED_FACE('',(#282),#1897,.T.);
#1991=ADVANCED_FACE('',(#283),#188,.F.);
#1992=ADVANCED_FACE('',(#284),#1898,.T.);
#1993=ADVANCED_FACE('',(#285),#189,.F.);
#1994=ADVANCED_FACE('',(#286),#1899,.T.);
#1995=ADVANCED_FACE('',(#287),#190,.T.);
#1996=ADVANCED_FACE('',(#288),#191,.T.);
#1997=ADVANCED_FACE('',(#289),#192,.T.);
#1998=ADVANCED_FACE('',(#290),#1900,.T.);
#1999=ADVANCED_FACE('',(#291),#193,.F.);
#2000=ADVANCED_FACE('',(#292),#1901,.T.);
#2001=ADVANCED_FACE('',(#293),#194,.F.);
#2002=ADVANCED_FACE('',(#294),#1902,.T.);
#2003=ADVANCED_FACE('',(#295),#195,.T.);
#2004=ADVANCED_FACE('',(#296),#196,.T.);
#2005=ADVANCED_FACE('',(#297,#15),#1903,.T.);
#2006=ADVANCED_FACE('',(#298,#16),#1904,.F.);
#2007=CLOSED_SHELL('',(#1905,#1906,#1907,#1908,#1909,#1910,#1911,#1912,
#1913,#1914,#1915,#1916,#1917,#1918,#1919,#1920,#1921,#1922,#1923,#1924,
#1925,#1926,#1927,#1928,#1929,#1930,#1931,#1932,#1933,#1934,#1935,#1936,
#1937,#1938,#1939,#1940,#1941,#1942,#1943,#1944,#1945,#1946,#1947,#1948,
#1949,#1950,#1951,#1952,#1953,#1954,#1955,#1956,#1957,#1958,#1959,#1960,
#1961,#1962,#1963,#1964,#1965,#1966,#1967,#1968,#1969,#1970,#1971,#1972,
#1973,#1974,#1975,#1976,#1977,#1978,#1979,#1980,#1981,#1982,#1983,#1984,
#1985,#1986,#1987,#1988,#1989,#1990,#1991,#1992,#1993,#1994,#1995,#1996,
#1997,#1998,#1999,#2000,#2001,#2002,#2003,#2004,#2005,#2006));
#2008=DERIVED_UNIT_ELEMENT(#2010,1.);
#2009=DERIVED_UNIT_ELEMENT(#3488,-3.);
#2010=(
CONVERSION_BASED_UNIT('gram',#2012)
MASS_UNIT()
NAMED_UNIT(#3485)
);
#2011=(
MASS_UNIT()
NAMED_UNIT(*)
SI_UNIT(.KILO.,.GRAM.)
);
#2012=MASS_MEASURE_WITH_UNIT(MASS_MEASURE(0.001),#2011);
#2013=DERIVED_UNIT((#2008,#2009));
#2014=MEASURE_REPRESENTATION_ITEM('density measure',
POSITIVE_RATIO_MEASURE(0.952),#2013);
#2015=PROPERTY_DEFINITION_REPRESENTATION(#2020,#2017);
#2016=PROPERTY_DEFINITION_REPRESENTATION(#2021,#2018);
#2017=REPRESENTATION('material name',(#2019),#3482);
#2018=REPRESENTATION('density',(#2014),#3482);
#2019=DESCRIPTIVE_REPRESENTATION_ITEM('Plastic, Opaque Black',
'Plastic, Opaque Black');
#2020=PROPERTY_DEFINITION('material property','material name',#3496);
#2021=PROPERTY_DEFINITION('material property','density of part',#3496);
#2022=DATE_TIME_ROLE('creation_date');
#2023=APPLIED_DATE_AND_TIME_ASSIGNMENT(#2024,#2022,(#3496));
#2024=DATE_AND_TIME(#2025,#2026);
#2025=CALENDAR_DATE(2025,4,10);
#2026=LOCAL_TIME(0,0,0.,#2027);
#2027=COORDINATED_UNIVERSAL_TIME_OFFSET(0,0,.BEHIND.);
#2028=AXIS2_PLACEMENT_3D('',#2877,#2251,#2252);
#2029=AXIS2_PLACEMENT_3D('',#2878,#2253,#2254);
#2030=AXIS2_PLACEMENT_3D('',#2887,#2259,#2260);
#2031=AXIS2_PLACEMENT_3D('',#2893,#2264,#2265);
#2032=AXIS2_PLACEMENT_3D('',#2899,#2269,#2270);
#2033=AXIS2_PLACEMENT_3D('',#2902,#2273,#2274);
#2034=AXIS2_PLACEMENT_3D('',#2905,#2275,#2276);
#2035=AXIS2_PLACEMENT_3D('',#2909,#2278,#2279);
#2036=AXIS2_PLACEMENT_3D('',#2911,#2281,#2282);
#2037=AXIS2_PLACEMENT_3D('',#2917,#2286,#2287);
#2038=AXIS2_PLACEMENT_3D('',#2919,#2288,#2289);
#2039=AXIS2_PLACEMENT_3D('',#2921,#2290,#2291);
#2040=AXIS2_PLACEMENT_3D('',#2923,#2293,#2294);
#2041=AXIS2_PLACEMENT_3D('',#2929,#2298,#2299);
#2042=AXIS2_PLACEMENT_3D('',#2931,#2300,#2301);
#2043=AXIS2_PLACEMENT_3D('',#2933,#2302,#2303);
#2044=AXIS2_PLACEMENT_3D('',#2935,#2305,#2306);
#2045=AXIS2_PLACEMENT_3D('',#2941,#2310,#2311);
#2046=AXIS2_PLACEMENT_3D('',#2943,#2312,#2313);
#2047=AXIS2_PLACEMENT_3D('',#2945,#2314,#2315);
#2048=AXIS2_PLACEMENT_3D('',#2947,#2317,#2318);
#2049=AXIS2_PLACEMENT_3D('',#2949,#2319,#2320);
#2050=AXIS2_PLACEMENT_3D('',#2951,#2321,#2322);
#2051=AXIS2_PLACEMENT_3D('',#2953,#2324,#2325);
#2052=AXIS2_PLACEMENT_3D('',#2955,#2326,#2327);
#2053=AXIS2_PLACEMENT_3D('',#2957,#2328,#2329);
#2054=AXIS2_PLACEMENT_3D('',#2959,#2331,#2332);
#2055=AXIS2_PLACEMENT_3D('',#2965,#2336,#2337);
#2056=AXIS2_PLACEMENT_3D('',#2967,#2338,#2339);
#2057=AXIS2_PLACEMENT_3D('',#2969,#2340,#2341);
#2058=AXIS2_PLACEMENT_3D('',#2971,#2343,#2344);
#2059=AXIS2_PLACEMENT_3D('',#2977,#2348,#2349);
#2060=AXIS2_PLACEMENT_3D('',#2979,#2350,#2351);
#2061=AXIS2_PLACEMENT_3D('',#2981,#2352,#2353);
#2062=AXIS2_PLACEMENT_3D('',#2983,#2355,#2356);
#2063=AXIS2_PLACEMENT_3D('',#2989,#2360,#2361);
#2064=AXIS2_PLACEMENT_3D('',#2991,#2362,#2363);
#2065=AXIS2_PLACEMENT_3D('',#2993,#2364,#2365);
#2066=AXIS2_PLACEMENT_3D('',#2995,#2367,#2368);
#2067=AXIS2_PLACEMENT_3D('',#2997,#2369,#2370);
#2068=AXIS2_PLACEMENT_3D('',#2999,#2371,#2372);
#2069=AXIS2_PLACEMENT_3D('',#3001,#2374,#2375);
#2070=AXIS2_PLACEMENT_3D('',#3003,#2376,#2377);
#2071=AXIS2_PLACEMENT_3D('',#3005,#2378,#2379);
#2072=AXIS2_PLACEMENT_3D('',#3007,#2381,#2382);
#2073=AXIS2_PLACEMENT_3D('',#3013,#2386,#2387);
#2074=AXIS2_PLACEMENT_3D('',#3015,#2388,#2389);
#2075=AXIS2_PLACEMENT_3D('',#3017,#2390,#2391);
#2076=AXIS2_PLACEMENT_3D('',#3019,#2393,#2394);
#2077=AXIS2_PLACEMENT_3D('',#3025,#2398,#2399);
#2078=AXIS2_PLACEMENT_3D('',#3027,#2400,#2401);
#2079=AXIS2_PLACEMENT_3D('',#3029,#2402,#2403);
#2080=AXIS2_PLACEMENT_3D('',#3031,#2405,#2406);
#2081=AXIS2_PLACEMENT_3D('',#3037,#2410,#2411);
#2082=AXIS2_PLACEMENT_3D('',#3039,#2412,#2413);
#2083=AXIS2_PLACEMENT_3D('',#3041,#2414,#2415);
#2084=AXIS2_PLACEMENT_3D('',#3043,#2417,#2418);
#2085=AXIS2_PLACEMENT_3D('',#3045,#2419,#2420);
#2086=AXIS2_PLACEMENT_3D('',#3047,#2421,#2422);
#2087=AXIS2_PLACEMENT_3D('',#3049,#2424,#2425);
#2088=AXIS2_PLACEMENT_3D('',#3051,#2426,#2427);
#2089=AXIS2_PLACEMENT_3D('',#3053,#2428,#2429);
#2090=AXIS2_PLACEMENT_3D('',#3055,#2431,#2432);
#2091=AXIS2_PLACEMENT_3D('',#3061,#2436,#2437);
#2092=AXIS2_PLACEMENT_3D('',#3063,#2438,#2439);
#2093=AXIS2_PLACEMENT_3D('',#3065,#2440,#2441);
#2094=AXIS2_PLACEMENT_3D('',#3067,#2443,#2444);
#2095=AXIS2_PLACEMENT_3D('',#3073,#2448,#2449);
#2096=AXIS2_PLACEMENT_3D('',#3075,#2450,#2451);
#2097=AXIS2_PLACEMENT_3D('',#3077,#2452,#2453);
#2098=AXIS2_PLACEMENT_3D('',#3079,#2455,#2456);
#2099=AXIS2_PLACEMENT_3D('',#3085,#2460,#2461);
#2100=AXIS2_PLACEMENT_3D('',#3087,#2462,#2463);
#2101=AXIS2_PLACEMENT_3D('',#3089,#2464,#2465);
#2102=AXIS2_PLACEMENT_3D('',#3091,#2467,#2468);
#2103=AXIS2_PLACEMENT_3D('',#3093,#2469,#2470);
#2104=AXIS2_PLACEMENT_3D('',#3095,#2471,#2472);
#2105=AXIS2_PLACEMENT_3D('',#3097,#2474,#2475);
#2106=AXIS2_PLACEMENT_3D('',#3099,#2476,#2477);
#2107=AXIS2_PLACEMENT_3D('',#3101,#2478,#2479);
#2108=AXIS2_PLACEMENT_3D('',#3103,#2481,#2482);
#2109=AXIS2_PLACEMENT_3D('',#3109,#2486,#2487);
#2110=AXIS2_PLACEMENT_3D('',#3111,#2488,#2489);
#2111=AXIS2_PLACEMENT_3D('',#3113,#2490,#2491);
#2112=AXIS2_PLACEMENT_3D('',#3115,#2493,#2494);
#2113=AXIS2_PLACEMENT_3D('',#3121,#2498,#2499);
#2114=AXIS2_PLACEMENT_3D('',#3123,#2500,#2501);
#2115=AXIS2_PLACEMENT_3D('',#3125,#2502,#2503);
#2116=AXIS2_PLACEMENT_3D('',#3127,#2505,#2506);
#2117=AXIS2_PLACEMENT_3D('',#3133,#2510,#2511);
#2118=AXIS2_PLACEMENT_3D('',#3135,#2512,#2513);
#2119=AXIS2_PLACEMENT_3D('',#3137,#2514,#2515);
#2120=AXIS2_PLACEMENT_3D('',#3139,#2517,#2518);
#2121=AXIS2_PLACEMENT_3D('',#3141,#2519,#2520);
#2122=AXIS2_PLACEMENT_3D('',#3143,#2521,#2522);
#2123=AXIS2_PLACEMENT_3D('',#3145,#2524,#2525);
#2124=AXIS2_PLACEMENT_3D('',#3147,#2526,#2527);
#2125=AXIS2_PLACEMENT_3D('',#3149,#2528,#2529);
#2126=AXIS2_PLACEMENT_3D('',#3151,#2531,#2532);
#2127=AXIS2_PLACEMENT_3D('',#3157,#2536,#2537);
#2128=AXIS2_PLACEMENT_3D('',#3159,#2538,#2539);
#2129=AXIS2_PLACEMENT_3D('',#3161,#2540,#2541);
#2130=AXIS2_PLACEMENT_3D('',#3163,#2543,#2544);
#2131=AXIS2_PLACEMENT_3D('',#3169,#2548,#2549);
#2132=AXIS2_PLACEMENT_3D('',#3171,#2550,#2551);
#2133=AXIS2_PLACEMENT_3D('',#3173,#2552,#2553);
#2134=AXIS2_PLACEMENT_3D('',#3175,#2555,#2556);
#2135=AXIS2_PLACEMENT_3D('',#3181,#2560,#2561);
#2136=AXIS2_PLACEMENT_3D('',#3183,#2562,#2563);
#2137=AXIS2_PLACEMENT_3D('',#3185,#2564,#2565);
#2138=AXIS2_PLACEMENT_3D('',#3187,#2567,#2568);
#2139=AXIS2_PLACEMENT_3D('',#3189,#2569,#2570);
#2140=AXIS2_PLACEMENT_3D('',#3191,#2571,#2572);
#2141=AXIS2_PLACEMENT_3D('',#3193,#2574,#2575);
#2142=AXIS2_PLACEMENT_3D('',#3195,#2576,#2577);
#2143=AXIS2_PLACEMENT_3D('',#3197,#2578,#2579);
#2144=AXIS2_PLACEMENT_3D('',#3199,#2581,#2582);
#2145=AXIS2_PLACEMENT_3D('',#3205,#2586,#2587);
#2146=AXIS2_PLACEMENT_3D('',#3207,#2588,#2589);
#2147=AXIS2_PLACEMENT_3D('',#3209,#2590,#2591);
#2148=AXIS2_PLACEMENT_3D('',#3211,#2593,#2594);
#2149=AXIS2_PLACEMENT_3D('',#3217,#2598,#2599);
#2150=AXIS2_PLACEMENT_3D('',#3219,#2600,#2601);
#2151=AXIS2_PLACEMENT_3D('',#3221,#2602,#2603);
#2152=AXIS2_PLACEMENT_3D('',#3223,#2605,#2606);
#2153=AXIS2_PLACEMENT_3D('',#3229,#2610,#2611);
#2154=AXIS2_PLACEMENT_3D('',#3231,#2612,#2613);
#2155=AXIS2_PLACEMENT_3D('',#3233,#2614,#2615);
#2156=AXIS2_PLACEMENT_3D('',#3235,#2617,#2618);
#2157=AXIS2_PLACEMENT_3D('',#3237,#2619,#2620);
#2158=AXIS2_PLACEMENT_3D('',#3239,#2621,#2622);
#2159=AXIS2_PLACEMENT_3D('',#3241,#2624,#2625);
#2160=AXIS2_PLACEMENT_3D('',#3243,#2626,#2627);
#2161=AXIS2_PLACEMENT_3D('',#3245,#2628,#2629);
#2162=AXIS2_PLACEMENT_3D('',#3247,#2631,#2632);
#2163=AXIS2_PLACEMENT_3D('',#3253,#2636,#2637);
#2164=AXIS2_PLACEMENT_3D('',#3255,#2638,#2639);
#2165=AXIS2_PLACEMENT_3D('',#3257,#2640,#2641);
#2166=AXIS2_PLACEMENT_3D('',#3259,#2643,#2644);
#2167=AXIS2_PLACEMENT_3D('',#3265,#2648,#2649);
#2168=AXIS2_PLACEMENT_3D('',#3267,#2650,#2651);
#2169=AXIS2_PLACEMENT_3D('',#3269,#2652,#2653);
#2170=AXIS2_PLACEMENT_3D('',#3271,#2655,#2656);
#2171=AXIS2_PLACEMENT_3D('',#3277,#2660,#2661);
#2172=AXIS2_PLACEMENT_3D('',#3279,#2662,#2663);
#2173=AXIS2_PLACEMENT_3D('',#3281,#2664,#2665);
#2174=AXIS2_PLACEMENT_3D('',#3283,#2667,#2668);
#2175=AXIS2_PLACEMENT_3D('',#3285,#2669,#2670);
#2176=AXIS2_PLACEMENT_3D('',#3287,#2671,#2672);
#2177=AXIS2_PLACEMENT_3D('',#3289,#2674,#2675);
#2178=AXIS2_PLACEMENT_3D('',#3291,#2676,#2677);
#2179=AXIS2_PLACEMENT_3D('',#3293,#2678,#2679);
#2180=AXIS2_PLACEMENT_3D('',#3295,#2681,#2682);
#2181=AXIS2_PLACEMENT_3D('',#3301,#2686,#2687);
#2182=AXIS2_PLACEMENT_3D('',#3303,#2688,#2689);
#2183=AXIS2_PLACEMENT_3D('',#3305,#2690,#2691);
#2184=AXIS2_PLACEMENT_3D('',#3307,#2693,#2694);
#2185=AXIS2_PLACEMENT_3D('',#3313,#2698,#2699);
#2186=AXIS2_PLACEMENT_3D('',#3315,#2700,#2701);
#2187=AXIS2_PLACEMENT_3D('',#3317,#2702,#2703);
#2188=AXIS2_PLACEMENT_3D('',#3319,#2705,#2706);
#2189=AXIS2_PLACEMENT_3D('',#3325,#2710,#2711);
#2190=AXIS2_PLACEMENT_3D('',#3327,#2712,#2713);
#2191=AXIS2_PLACEMENT_3D('',#3329,#2714,#2715);
#2192=AXIS2_PLACEMENT_3D('',#3331,#2717,#2718);
#2193=AXIS2_PLACEMENT_3D('',#3333,#2719,#2720);
#2194=AXIS2_PLACEMENT_3D('',#3335,#2721,#2722);
#2195=AXIS2_PLACEMENT_3D('',#3337,#2724,#2725);
#2196=AXIS2_PLACEMENT_3D('',#3339,#2726,#2727);
#2197=AXIS2_PLACEMENT_3D('',#3341,#2728,#2729);
#2198=AXIS2_PLACEMENT_3D('',#3343,#2731,#2732);
#2199=AXIS2_PLACEMENT_3D('',#3349,#2736,#2737);
#2200=AXIS2_PLACEMENT_3D('',#3351,#2738,#2739);
#2201=AXIS2_PLACEMENT_3D('',#3353,#2740,#2741);
#2202=AXIS2_PLACEMENT_3D('',#3355,#2743,#2744);
#2203=AXIS2_PLACEMENT_3D('',#3361,#2748,#2749);
#2204=AXIS2_PLACEMENT_3D('',#3363,#2750,#2751);
#2205=AXIS2_PLACEMENT_3D('',#3365,#2752,#2753);
#2206=AXIS2_PLACEMENT_3D('',#3367,#2755,#2756);
#2207=AXIS2_PLACEMENT_3D('',#3373,#2760,#2761);
#2208=AXIS2_PLACEMENT_3D('',#3375,#2762,#2763);
#2209=AXIS2_PLACEMENT_3D('',#3377,#2764,#2765);
#2210=AXIS2_PLACEMENT_3D('',#3379,#2767,#2768);
#2211=AXIS2_PLACEMENT_3D('',#3381,#2769,#2770);
#2212=AXIS2_PLACEMENT_3D('',#3383,#2771,#2772);
#2213=AXIS2_PLACEMENT_3D('',#3385,#2774,#2775);
#2214=AXIS2_PLACEMENT_3D('',#3387,#2776,#2777);
#2215=AXIS2_PLACEMENT_3D('',#3389,#2778,#2779);
#2216=AXIS2_PLACEMENT_3D('',#3391,#2781,#2782);
#2217=AXIS2_PLACEMENT_3D('',#3397,#2786,#2787);
#2218=AXIS2_PLACEMENT_3D('',#3399,#2788,#2789);
#2219=AXIS2_PLACEMENT_3D('',#3401,#2790,#2791);
#2220=AXIS2_PLACEMENT_3D('',#3403,#2793,#2794);
#2221=AXIS2_PLACEMENT_3D('',#3409,#2798,#2799);
#2222=AXIS2_PLACEMENT_3D('',#3411,#2800,#2801);
#2223=AXIS2_PLACEMENT_3D('',#3413,#2802,#2803);
#2224=AXIS2_PLACEMENT_3D('',#3415,#2805,#2806);
#2225=AXIS2_PLACEMENT_3D('',#3421,#2810,#2811);
#2226=AXIS2_PLACEMENT_3D('',#3423,#2812,#2813);
#2227=AXIS2_PLACEMENT_3D('',#3425,#2814,#2815);
#2228=AXIS2_PLACEMENT_3D('',#3427,#2817,#2818);
#2229=AXIS2_PLACEMENT_3D('',#3429,#2819,#2820);
#2230=AXIS2_PLACEMENT_3D('',#3431,#2821,#2822);
#2231=AXIS2_PLACEMENT_3D('',#3433,#2824,#2825);
#2232=AXIS2_PLACEMENT_3D('',#3435,#2826,#2827);
#2233=AXIS2_PLACEMENT_3D('',#3437,#2828,#2829);
#2234=AXIS2_PLACEMENT_3D('',#3439,#2831,#2832);
#2235=AXIS2_PLACEMENT_3D('',#3445,#2836,#2837);
#2236=AXIS2_PLACEMENT_3D('',#3447,#2838,#2839);
#2237=AXIS2_PLACEMENT_3D('',#3449,#2840,#2841);
#2238=AXIS2_PLACEMENT_3D('',#3451,#2843,#2844);
#2239=AXIS2_PLACEMENT_3D('',#3457,#2848,#2849);
#2240=AXIS2_PLACEMENT_3D('',#3459,#2850,#2851);
#2241=AXIS2_PLACEMENT_3D('',#3461,#2852,#2853);
#2242=AXIS2_PLACEMENT_3D('',#3463,#2855,#2856);
#2243=AXIS2_PLACEMENT_3D('',#3469,#2860,#2861);
#2244=AXIS2_PLACEMENT_3D('',#3471,#2862,#2863);
#2245=AXIS2_PLACEMENT_3D('',#3473,#2864,#2865);
#2246=AXIS2_PLACEMENT_3D('',#3475,#2867,#2868);
#2247=AXIS2_PLACEMENT_3D('',#3476,#2869,#2870);
#2248=AXIS2_PLACEMENT_3D('',#3477,#2871,#2872);
#2249=AXIS2_PLACEMENT_3D('',#3478,#2873,#2874);
#2250=AXIS2_PLACEMENT_3D('',#3479,#2875,#2876);
#2251=DIRECTION('axis',(0.,0.,1.));
#2252=DIRECTION('refdir',(1.,0.,0.));
#2253=DIRECTION('center_axis',(0.,1.,0.));
#2254=DIRECTION('ref_axis',(-1.,0.,0.));
#2255=DIRECTION('',(-1.,0.,0.));
#2256=DIRECTION('',(0.,0.,1.));
#2257=DIRECTION('',(-1.,0.,0.));
#2258=DIRECTION('',(0.,0.,1.));
#2259=DIRECTION('center_axis',(-1.,-8.40568613435158E-17,0.));
#2260=DIRECTION('ref_axis',(8.40568613435158E-17,-1.,0.));
#2261=DIRECTION('',(8.40568613435158E-17,-1.,0.));
#2262=DIRECTION('',(8.40568613435158E-17,-1.,0.));
#2263=DIRECTION('',(0.,0.,1.));
#2264=DIRECTION('center_axis',(8.40568613435158E-17,-1.,0.));
#2265=DIRECTION('ref_axis',(1.,8.40568613435158E-17,0.));
#2266=DIRECTION('',(1.,8.40568613435158E-17,0.));
#2267=DIRECTION('',(1.,8.40568613435158E-17,0.));
#2268=DIRECTION('',(0.,0.,1.));
#2269=DIRECTION('center_axis',(1.,3.36227445374063E-16,0.));
#2270=DIRECTION('ref_axis',(-3.36227445374063E-16,1.,0.));
#2271=DIRECTION('',(-3.36227445374063E-16,1.,0.));
#2272=DIRECTION('',(-3.36227445374063E-16,1.,0.));
#2273=DIRECTION('center_axis',(0.,0.,1.));
#2274=DIRECTION('ref_axis',(0.999603489278623,0.0281578447684129,0.));
#2275=DIRECTION('center_axis',(0.,0.,1.));
#2276=DIRECTION('ref_axis',(2.07881868379121E-15,-1.,0.));
#2277=DIRECTION('',(0.,0.,1.));
#2278=DIRECTION('center_axis',(0.,0.,1.));
#2279=DIRECTION('ref_axis',(2.07881868379121E-15,-1.,0.));
#2280=DIRECTION('',(0.,0.,1.));
#2281=DIRECTION('center_axis',(0.,-1.,0.));
#2282=DIRECTION('ref_axis',(1.,0.,0.));
#2283=DIRECTION('',(1.,0.,0.));
#2284=DIRECTION('',(1.,0.,0.));
#2285=DIRECTION('',(0.,0.,1.));
#2286=DIRECTION('center_axis',(0.,0.,1.));
#2287=DIRECTION('ref_axis',(0.,-1.,0.));
#2288=DIRECTION('center_axis',(0.,0.,-1.));
#2289=DIRECTION('ref_axis',(0.,-1.,0.));
#2290=DIRECTION('center_axis',(0.,0.,-1.));
#2291=DIRECTION('ref_axis',(0.,-1.,0.));
#2292=DIRECTION('',(0.,0.,1.));
#2293=DIRECTION('center_axis',(0.,1.,0.));
#2294=DIRECTION('ref_axis',(-1.,0.,0.));
#2295=DIRECTION('',(-1.,0.,0.));
#2296=DIRECTION('',(-1.,0.,0.));
#2297=DIRECTION('',(0.,0.,1.));
#2298=DIRECTION('center_axis',(0.,0.,1.));
#2299=DIRECTION('ref_axis',(-3.49676543189024E-15,1.,0.));
#2300=DIRECTION('center_axis',(0.,0.,-1.));
#2301=DIRECTION('ref_axis',(-3.49676543189024E-15,1.,0.));
#2302=DIRECTION('center_axis',(0.,0.,-1.));
#2303=DIRECTION('ref_axis',(-3.49676543189024E-15,1.,0.));
#2304=DIRECTION('',(0.,0.,1.));
#2305=DIRECTION('center_axis',(-2.3311769545935E-15,-1.,0.));
#2306=DIRECTION('ref_axis',(1.,-2.3311769545935E-15,0.));
#2307=DIRECTION('',(1.,-2.3311769545935E-15,0.));
#2308=DIRECTION('',(1.,-2.3311769545935E-15,0.));
#2309=DIRECTION('',(0.,0.,1.));
#2310=DIRECTION('center_axis',(0.,0.,1.));
#2311=DIRECTION('ref_axis',(-0.999603489278623,0.0281578447684142,0.));
#2312=DIRECTION('center_axis',(0.,0.,1.));
#2313=DIRECTION('ref_axis',(0.0562933597621438,0.998414271555996,0.));
#2314=DIRECTION('center_axis',(0.,0.,1.));
#2315=DIRECTION('ref_axis',(0.0562933597621438,0.998414271555996,0.));
#2316=DIRECTION('',(0.,0.,1.));
#2317=DIRECTION('center_axis',(0.,0.,1.));
#2318=DIRECTION('ref_axis',(0.450455656159607,0.892798802549498,0.));
#2319=DIRECTION('center_axis',(0.,0.,1.));
#2320=DIRECTION('ref_axis',(0.450455656159607,0.892798802549498,0.));
#2321=DIRECTION('center_axis',(0.,0.,1.));
#2322=DIRECTION('ref_axis',(0.450455656159607,0.892798802549498,0.));
#2323=DIRECTION('',(0.,0.,1.));
#2324=DIRECTION('center_axis',(0.,0.,1.));
#2325=DIRECTION('ref_axis',(0.87976093781106,-0.475416335754046,0.));
#2326=DIRECTION('center_axis',(0.,0.,1.));
#2327=DIRECTION('ref_axis',(-0.5,-0.866025403784439,0.));
#2328=DIRECTION('center_axis',(0.,0.,1.));
#2329=DIRECTION('ref_axis',(-0.5,-0.866025403784439,0.));
#2330=DIRECTION('',(0.,0.,1.));
#2331=DIRECTION('center_axis',(-0.5,-0.866025403784439,0.));
#2332=DIRECTION('ref_axis',(0.866025403784439,-0.5,0.));
#2333=DIRECTION('',(0.866025403784439,-0.5,0.));
#2334=DIRECTION('',(0.866025403784439,-0.5,0.));
#2335=DIRECTION('',(0.,0.,1.));
#2336=DIRECTION('center_axis',(0.,0.,1.));
#2337=DIRECTION('ref_axis',(-0.499999999999998,-0.866025403784439,0.));
#2338=DIRECTION('center_axis',(0.,0.,-1.));
#2339=DIRECTION('ref_axis',(-0.499999999999998,-0.866025403784439,0.));
#2340=DIRECTION('center_axis',(0.,0.,-1.));
#2341=DIRECTION('ref_axis',(-0.499999999999998,-0.866025403784439,0.));
#2342=DIRECTION('',(0.,0.,1.));
#2343=DIRECTION('center_axis',(0.5,0.866025403784439,0.));
#2344=DIRECTION('ref_axis',(-0.866025403784439,0.5,0.));
#2345=DIRECTION('',(-0.866025403784439,0.5,0.));
#2346=DIRECTION('',(-0.866025403784439,0.5,0.));
#2347=DIRECTION('',(0.,0.,1.));
#2348=DIRECTION('center_axis',(0.,0.,1.));
#2349=DIRECTION('ref_axis',(0.499999999999998,0.86602540378444,0.));
#2350=DIRECTION('center_axis',(0.,0.,-1.));
#2351=DIRECTION('ref_axis',(0.499999999999998,0.86602540378444,0.));
#2352=DIRECTION('center_axis',(0.,0.,-1.));
#2353=DIRECTION('ref_axis',(0.499999999999998,0.86602540378444,0.));
#2354=DIRECTION('',(0.,0.,1.));
#2355=DIRECTION('center_axis',(-0.500000000000001,-0.866025403784438,0.));
#2356=DIRECTION('ref_axis',(0.866025403784438,-0.500000000000001,0.));
#2357=DIRECTION('',(0.866025403784438,-0.500000000000001,0.));
#2358=DIRECTION('',(0.866025403784438,-0.500000000000001,0.));
#2359=DIRECTION('',(0.,0.,1.));
#2360=DIRECTION('center_axis',(0.,0.,1.));
#2361=DIRECTION('ref_axis',(-0.851603093042647,0.524187153524575,0.));
#2362=DIRECTION('center_axis',(0.,0.,1.));
#2363=DIRECTION('ref_axis',(0.54795861539639,0.836505442787356,0.));
#2364=DIRECTION('center_axis',(0.,0.,1.));
#2365=DIRECTION('ref_axis',(0.54795861539639,0.836505442787356,0.));
#2366=DIRECTION('',(0.,0.,1.));
#2367=DIRECTION('center_axis',(0.,0.,1.));
#2368=DIRECTION('ref_axis',(0.836505442787357,0.547958615396389,0.));
#2369=DIRECTION('center_axis',(0.,0.,1.));
#2370=DIRECTION('ref_axis',(0.836505442787357,0.547958615396389,0.));
#2371=DIRECTION('center_axis',(0.,0.,1.));
#2372=DIRECTION('ref_axis',(0.836505442787357,0.547958615396389,0.));
#2373=DIRECTION('',(0.,0.,1.));
#2374=DIRECTION('center_axis',(0.,0.,1.));
#2375=DIRECTION('ref_axis',(0.524187153524577,-0.851603093042646,0.));
#2376=DIRECTION('center_axis',(0.,0.,1.));
#2377=DIRECTION('ref_axis',(-0.866025403784438,-0.500000000000001,0.));
#2378=DIRECTION('center_axis',(0.,0.,1.));
#2379=DIRECTION('ref_axis',(-0.866025403784438,-0.500000000000001,0.));
#2380=DIRECTION('',(0.,0.,1.));
#2381=DIRECTION('center_axis',(-0.866025403784438,-0.500000000000001,0.));
#2382=DIRECTION('ref_axis',(0.500000000000001,-0.866025403784438,0.));
#2383=DIRECTION('',(0.500000000000001,-0.866025403784438,0.));
#2384=DIRECTION('',(0.500000000000001,-0.866025403784438,0.));
#2385=DIRECTION('',(0.,0.,1.));
#2386=DIRECTION('center_axis',(0.,0.,1.));
#2387=DIRECTION('ref_axis',(-0.866025403784439,-0.5,0.));
#2388=DIRECTION('center_axis',(0.,0.,-1.));
#2389=DIRECTION('ref_axis',(-0.866025403784439,-0.5,0.));
#2390=DIRECTION('center_axis',(0.,0.,-1.));
#2391=DIRECTION('ref_axis',(-0.866025403784439,-0.5,0.));
#2392=DIRECTION('',(0.,0.,1.));
#2393=DIRECTION('center_axis',(0.866025403784438,0.500000000000001,0.));
#2394=DIRECTION('ref_axis',(-0.500000000000001,0.866025403784438,0.));
#2395=DIRECTION('',(-0.500000000000001,0.866025403784438,0.));
#2396=DIRECTION('',(-0.500000000000001,0.866025403784438,0.));
#2397=DIRECTION('',(0.,0.,1.));
#2398=DIRECTION('center_axis',(0.,0.,1.));
#2399=DIRECTION('ref_axis',(0.866025403784438,0.500000000000001,0.));
#2400=DIRECTION('center_axis',(0.,0.,-1.));
#2401=DIRECTION('ref_axis',(0.866025403784438,0.500000000000001,0.));
#2402=DIRECTION('center_axis',(0.,0.,-1.));
#2403=DIRECTION('ref_axis',(0.866025403784438,0.500000000000001,0.));
#2404=DIRECTION('',(0.,0.,1.));
#2405=DIRECTION('center_axis',(-0.866025403784439,-0.5,0.));
#2406=DIRECTION('ref_axis',(0.5,-0.866025403784439,0.));
#2407=DIRECTION('',(0.5,-0.866025403784439,0.));
#2408=DIRECTION('',(0.5,-0.866025403784439,0.));
#2409=DIRECTION('',(0.,0.,1.));
#2410=DIRECTION('center_axis',(0.,0.,1.));
#2411=DIRECTION('ref_axis',(-0.475416335754047,0.87976093781106,0.));
#2412=DIRECTION('center_axis',(0.,0.,1.));
#2413=DIRECTION('ref_axis',(0.892798802549498,0.450455656159608,0.));
#2414=DIRECTION('center_axis',(0.,0.,1.));
#2415=DIRECTION('ref_axis',(0.892798802549498,0.450455656159608,0.));
#2416=DIRECTION('',(0.,0.,1.));
#2417=DIRECTION('center_axis',(0.,0.,1.));
#2418=DIRECTION('ref_axis',(0.998414271555996,0.0562933597621405,0.));
#2419=DIRECTION('center_axis',(0.,0.,1.));
#2420=DIRECTION('ref_axis',(0.998414271555996,0.0562933597621405,0.));
#2421=DIRECTION('center_axis',(0.,0.,1.));
#2422=DIRECTION('ref_axis',(0.998414271555996,0.0562933597621405,0.));
#2423=DIRECTION('',(0.,0.,1.));
#2424=DIRECTION('center_axis',(0.,0.,1.));
#2425=DIRECTION('ref_axis',(0.0281578447684076,-0.999603489278623,0.));
#2426=DIRECTION('center_axis',(0.,0.,1.));
#2427=DIRECTION('ref_axis',(-1.,7.721326539796E-15,0.));
#2428=DIRECTION('center_axis',(0.,0.,1.));
#2429=DIRECTION('ref_axis',(-1.,7.721326539796E-15,0.));
#2430=DIRECTION('',(0.,0.,1.));
#2431=DIRECTION('center_axis',(-1.,-4.66235390918705E-15,0.));
#2432=DIRECTION('ref_axis',(4.66235390918705E-15,-1.,0.));
#2433=DIRECTION('',(4.66235390918705E-15,-1.,0.));
#2434=DIRECTION('',(4.66235390918705E-15,-1.,0.));
#2435=DIRECTION('',(0.,0.,1.));
#2436=DIRECTION('center_axis',(0.,0.,1.));
#2437=DIRECTION('ref_axis',(-1.,-4.37095678986289E-15,0.));
#2438=DIRECTION('center_axis',(0.,0.,-1.));
#2439=DIRECTION('ref_axis',(-1.,-4.37095678986289E-15,0.));
#2440=DIRECTION('center_axis',(0.,0.,-1.));
#2441=DIRECTION('ref_axis',(-1.,-4.37095678986289E-15,0.));
#2442=DIRECTION('',(0.,0.,1.));
#2443=DIRECTION('center_axis',(1.,-1.3987061727561E-15,0.));
#2444=DIRECTION('ref_axis',(1.3987061727561E-15,1.,0.));
#2445=DIRECTION('',(1.3987061727561E-15,1.,0.));
#2446=DIRECTION('',(1.3987061727561E-15,1.,0.));
#2447=DIRECTION('',(0.,0.,1.));
#2448=DIRECTION('center_axis',(0.,0.,1.));
#2449=DIRECTION('ref_axis',(1.,6.99353086378048E-15,0.));
#2450=DIRECTION('center_axis',(0.,0.,-1.));
#2451=DIRECTION('ref_axis',(1.,6.99353086378048E-15,0.));
#2452=DIRECTION('center_axis',(0.,0.,-1.));
#2453=DIRECTION('ref_axis',(1.,6.99353086378048E-15,0.));
#2454=DIRECTION('',(0.,0.,1.));
#2455=DIRECTION('center_axis',(-1.,2.3311769545935E-15,0.));
#2456=DIRECTION('ref_axis',(-2.3311769545935E-15,-1.,0.));
#2457=DIRECTION('',(-2.3311769545935E-15,-1.,0.));
#2458=DIRECTION('',(-2.3311769545935E-15,-1.,0.));
#2459=DIRECTION('',(0.,0.,1.));
#2460=DIRECTION('center_axis',(0.,0.,1.));
#2461=DIRECTION('ref_axis',(0.0281578447684172,0.999603489278623,0.));
#2462=DIRECTION('center_axis',(0.,0.,1.));
#2463=DIRECTION('ref_axis',(0.998414271555996,-0.05629335976215,0.));
#2464=DIRECTION('center_axis',(0.,0.,1.));
#2465=DIRECTION('ref_axis',(0.998414271555996,-0.05629335976215,0.));
#2466=DIRECTION('',(0.,0.,1.));
#2467=DIRECTION('center_axis',(0.,0.,1.));
#2468=DIRECTION('ref_axis',(0.892798802549498,-0.450455656159608,0.));
#2469=DIRECTION('center_axis',(0.,0.,1.));
#2470=DIRECTION('ref_axis',(0.892798802549498,-0.450455656159608,0.));
#2471=DIRECTION('center_axis',(0.,0.,1.));
#2472=DIRECTION('ref_axis',(0.892798802549498,-0.450455656159608,0.));
#2473=DIRECTION('',(0.,0.,1.));
#2474=DIRECTION('center_axis',(0.,0.,1.));
#2475=DIRECTION('ref_axis',(-0.475416335754051,-0.879760937811057,0.));
#2476=DIRECTION('center_axis',(0.,0.,1.));
#2477=DIRECTION('ref_axis',(-0.866025403784436,0.500000000000004,0.));
#2478=DIRECTION('center_axis',(0.,0.,1.));
#2479=DIRECTION('ref_axis',(-0.866025403784436,0.500000000000004,0.));
#2480=DIRECTION('',(0.,0.,1.));
#2481=DIRECTION('center_axis',(-0.866025403784439,0.5,0.));
#2482=DIRECTION('ref_axis',(-0.499999999999999,-0.866025403784439,0.));
#2483=DIRECTION('',(-0.499999999999999,-0.866025403784439,0.));
#2484=DIRECTION('',(-0.499999999999999,-0.866025403784439,0.));
#2485=DIRECTION('',(0.,0.,1.));
#2486=DIRECTION('center_axis',(0.,0.,1.));
#2487=DIRECTION('ref_axis',(-0.866025403784441,0.499999999999996,0.));
#2488=DIRECTION('center_axis',(0.,0.,-1.));
#2489=DIRECTION('ref_axis',(-0.866025403784441,0.499999999999996,0.));
#2490=DIRECTION('center_axis',(0.,0.,-1.));
#2491=DIRECTION('ref_axis',(-0.866025403784441,0.499999999999996,0.));
#2492=DIRECTION('',(0.,0.,1.));
#2493=DIRECTION('center_axis',(0.866025403784438,-0.500000000000001,0.));
#2494=DIRECTION('ref_axis',(0.500000000000001,0.866025403784438,0.));
#2495=DIRECTION('',(0.500000000000001,0.866025403784438,0.));
#2496=DIRECTION('',(0.500000000000001,0.866025403784438,0.));
#2497=DIRECTION('',(0.,0.,1.));
#2498=DIRECTION('center_axis',(0.,0.,1.));
#2499=DIRECTION('ref_axis',(0.866025403784441,-0.499999999999996,0.));
#2500=DIRECTION('center_axis',(0.,0.,-1.));
#2501=DIRECTION('ref_axis',(0.866025403784441,-0.499999999999996,0.));
#2502=DIRECTION('center_axis',(0.,0.,-1.));
#2503=DIRECTION('ref_axis',(0.866025403784441,-0.499999999999996,0.));
#2504=DIRECTION('',(0.,0.,1.));
#2505=DIRECTION('center_axis',(-0.866025403784437,0.500000000000003,0.));
#2506=DIRECTION('ref_axis',(-0.500000000000003,-0.866025403784437,0.));
#2507=DIRECTION('',(-0.500000000000003,-0.866025403784437,0.));
#2508=DIRECTION('',(-0.500000000000003,-0.866025403784437,0.));
#2509=DIRECTION('',(0.,0.,1.));
#2510=DIRECTION('center_axis',(0.,0.,1.));
#2511=DIRECTION('ref_axis',(0.52418715352458,0.851603093042644,0.));
#2512=DIRECTION('center_axis',(0.,0.,1.));
#2513=DIRECTION('ref_axis',(0.836505442787352,-0.547958615396397,0.));
#2514=DIRECTION('center_axis',(0.,0.,1.));
#2515=DIRECTION('ref_axis',(0.836505442787352,-0.547958615396397,0.));
#2516=DIRECTION('',(0.,0.,1.));
#2517=DIRECTION('center_axis',(0.,0.,1.));
#2518=DIRECTION('ref_axis',(0.547958615396389,-0.836505442787357,0.));
#2519=DIRECTION('center_axis',(0.,0.,1.));
#2520=DIRECTION('ref_axis',(0.547958615396389,-0.836505442787357,0.));
#2521=DIRECTION('center_axis',(0.,0.,1.));
#2522=DIRECTION('ref_axis',(0.547958615396389,-0.836505442787357,0.));
#2523=DIRECTION('',(0.,0.,1.));
#2524=DIRECTION('center_axis',(0.,0.,1.));
#2525=DIRECTION('ref_axis',(-0.851603093042649,-0.524187153524572,0.));
#2526=DIRECTION('center_axis',(0.,0.,1.));
#2527=DIRECTION('ref_axis',(-0.499999999999998,0.86602540378444,0.));
#2528=DIRECTION('center_axis',(0.,0.,1.));
#2529=DIRECTION('ref_axis',(-0.499999999999998,0.86602540378444,0.));
#2530=DIRECTION('',(0.,0.,1.));
#2531=DIRECTION('center_axis',(-0.500000000000002,0.866025403784437,0.));
#2532=DIRECTION('ref_axis',(-0.866025403784437,-0.500000000000002,0.));
#2533=DIRECTION('',(-0.866025403784437,-0.500000000000002,0.));
#2534=DIRECTION('',(-0.866025403784437,-0.500000000000002,0.));
#2535=DIRECTION('',(0.,0.,1.));
#2536=DIRECTION('center_axis',(0.,0.,1.));
#2537=DIRECTION('ref_axis',(-0.5,0.866025403784439,0.));
#2538=DIRECTION('center_axis',(0.,0.,-1.));
#2539=DIRECTION('ref_axis',(-0.5,0.866025403784439,0.));
#2540=DIRECTION('center_axis',(0.,0.,-1.));
#2541=DIRECTION('ref_axis',(-0.5,0.866025403784439,0.));
#2542=DIRECTION('',(0.,0.,1.));
#2543=DIRECTION('center_axis',(0.499999999999999,-0.866025403784439,0.));
#2544=DIRECTION('ref_axis',(0.866025403784439,0.499999999999999,0.));
#2545=DIRECTION('',(0.866025403784439,0.499999999999999,0.));
#2546=DIRECTION('',(0.866025403784439,0.499999999999999,0.));
#2547=DIRECTION('',(0.,0.,1.));
#2548=DIRECTION('center_axis',(0.,0.,1.));
#2549=DIRECTION('ref_axis',(0.500000000000004,-0.866025403784436,0.));
#2550=DIRECTION('center_axis',(0.,0.,-1.));
#2551=DIRECTION('ref_axis',(0.500000000000004,-0.866025403784436,0.));
#2552=DIRECTION('center_axis',(0.,0.,-1.));
#2553=DIRECTION('ref_axis',(0.500000000000004,-0.866025403784436,0.));
#2554=DIRECTION('',(0.,0.,1.));
#2555=DIRECTION('center_axis',(-0.499999999999998,0.86602540378444,0.));
#2556=DIRECTION('ref_axis',(-0.86602540378444,-0.499999999999998,0.));
#2557=DIRECTION('',(-0.86602540378444,-0.499999999999998,0.));
#2558=DIRECTION('',(-0.86602540378444,-0.499999999999998,0.));
#2559=DIRECTION('',(0.,0.,1.));
#2560=DIRECTION('center_axis',(0.,0.,1.));
#2561=DIRECTION('ref_axis',(0.879760937811061,0.475416335754044,0.));
#2562=DIRECTION('center_axis',(0.,0.,1.));
#2563=DIRECTION('ref_axis',(0.450455656159598,-0.892798802549503,0.));
#2564=DIRECTION('center_axis',(0.,0.,1.));
#2565=DIRECTION('ref_axis',(0.450455656159598,-0.892798802549503,0.));
#2566=DIRECTION('',(0.,0.,1.));
#2567=DIRECTION('center_axis',(0.,0.,1.));
#2568=DIRECTION('ref_axis',(0.0562933597621407,-0.998414271555996,0.));
#2569=DIRECTION('center_axis',(0.,0.,1.));
#2570=DIRECTION('ref_axis',(0.0562933597621407,-0.998414271555996,0.));
#2571=DIRECTION('center_axis',(0.,0.,1.));
#2572=DIRECTION('ref_axis',(0.0562933597621407,-0.998414271555996,0.));
#2573=DIRECTION('',(0.,0.,1.));
#2574=DIRECTION('center_axis',(0.,0.,1.));
#2575=DIRECTION('ref_axis',(-0.999603489278623,-0.0281578447684081,0.));
#2576=DIRECTION('center_axis',(0.,0.,1.));
#2577=DIRECTION('ref_axis',(5.64250785600474E-15,1.,0.));
#2578=DIRECTION('center_axis',(0.,0.,1.));
#2579=DIRECTION('ref_axis',(5.64250785600474E-15,1.,0.));
#2580=DIRECTION('',(0.,0.,1.));
#2581=DIRECTION('center_axis',(-2.33117695459352E-15,1.,0.));
#2582=DIRECTION('ref_axis',(-1.,-2.33117695459352E-15,0.));
#2583=DIRECTION('',(-1.,-2.33117695459352E-15,0.));
#2584=DIRECTION('',(-1.,-2.33117695459352E-15,0.));
#2585=DIRECTION('',(0.,0.,1.));
#2586=DIRECTION('center_axis',(0.,0.,1.));
#2587=DIRECTION('ref_axis',(-1.74838271594514E-15,1.,0.));
#2588=DIRECTION('center_axis',(0.,0.,-1.));
#2589=DIRECTION('ref_axis',(-1.74838271594514E-15,1.,0.));
#2590=DIRECTION('center_axis',(0.,0.,-1.));
#2591=DIRECTION('ref_axis',(-1.74838271594514E-15,1.,0.));
#2592=DIRECTION('',(0.,0.,1.));
#2593=DIRECTION('center_axis',(-1.3987061727561E-15,-1.,0.));
#2594=DIRECTION('ref_axis',(1.,-1.3987061727561E-15,0.));
#2595=DIRECTION('',(1.,-1.3987061727561E-15,0.));
#2596=DIRECTION('',(1.,-1.3987061727561E-15,0.));
#2597=DIRECTION('',(0.,0.,1.));
#2598=DIRECTION('center_axis',(0.,0.,1.));
#2599=DIRECTION('ref_axis',(1.74838271594513E-15,-1.,0.));
#2600=DIRECTION('center_axis',(0.,0.,-1.));
#2601=DIRECTION('ref_axis',(1.74838271594513E-15,-1.,0.));
#2602=DIRECTION('center_axis',(0.,0.,-1.));
#2603=DIRECTION('ref_axis',(1.74838271594513E-15,-1.,0.));
#2604=DIRECTION('',(0.,0.,1.));
#2605=DIRECTION('center_axis',(0.,1.,0.));
#2606=DIRECTION('ref_axis',(-1.,0.,0.));
#2607=DIRECTION('',(-1.,0.,0.));
#2608=DIRECTION('',(-1.,0.,0.));
#2609=DIRECTION('',(0.,0.,1.));
#2610=DIRECTION('center_axis',(0.,0.,1.));
#2611=DIRECTION('ref_axis',(0.999603489278623,-0.0281578447684169,0.));
#2612=DIRECTION('center_axis',(0.,0.,1.));
#2613=DIRECTION('ref_axis',(-0.0562933597621506,-0.998414271555996,0.));
#2614=DIRECTION('center_axis',(0.,0.,1.));
#2615=DIRECTION('ref_axis',(-0.0562933597621506,-0.998414271555996,0.));
#2616=DIRECTION('',(0.,0.,1.));
#2617=DIRECTION('center_axis',(0.,0.,1.));
#2618=DIRECTION('ref_axis',(-0.450455656159607,-0.892798802549498,0.));
#2619=DIRECTION('center_axis',(0.,0.,1.));
#2620=DIRECTION('ref_axis',(-0.450455656159607,-0.892798802549498,0.));
#2621=DIRECTION('center_axis',(0.,0.,1.));
#2622=DIRECTION('ref_axis',(-0.450455656159607,-0.892798802549498,0.));
#2623=DIRECTION('',(0.,0.,1.));
#2624=DIRECTION('center_axis',(0.,0.,1.));
#2625=DIRECTION('ref_axis',(-0.879760937811058,0.475416335754051,0.));
#2626=DIRECTION('center_axis',(0.,0.,1.));
#2627=DIRECTION('ref_axis',(0.500000000000007,0.866025403784435,0.));
#2628=DIRECTION('center_axis',(0.,0.,1.));
#2629=DIRECTION('ref_axis',(0.500000000000007,0.866025403784435,0.));
#2630=DIRECTION('',(0.,0.,1.));
#2631=DIRECTION('center_axis',(0.499999999999999,0.866025403784439,0.));
#2632=DIRECTION('ref_axis',(-0.866025403784439,0.499999999999999,0.));
#2633=DIRECTION('',(-0.866025403784439,0.499999999999999,0.));
#2634=DIRECTION('',(-0.866025403784439,0.499999999999999,0.));
#2635=DIRECTION('',(0.,0.,1.));
#2636=DIRECTION('center_axis',(0.,0.,1.));
#2637=DIRECTION('ref_axis',(0.499999999999998,0.866025403784439,0.));
#2638=DIRECTION('center_axis',(0.,0.,-1.));
#2639=DIRECTION('ref_axis',(0.499999999999998,0.866025403784439,0.));
#2640=DIRECTION('center_axis',(0.,0.,-1.));
#2641=DIRECTION('ref_axis',(0.499999999999998,0.866025403784439,0.));
#2642=DIRECTION('',(0.,0.,1.));
#2643=DIRECTION('center_axis',(-0.500000000000001,-0.866025403784438,0.));
#2644=DIRECTION('ref_axis',(0.866025403784438,-0.500000000000001,0.));
#2645=DIRECTION('',(0.866025403784438,-0.500000000000001,0.));
#2646=DIRECTION('',(0.866025403784438,-0.500000000000001,0.));
#2647=DIRECTION('',(0.,0.,1.));
#2648=DIRECTION('center_axis',(0.,0.,1.));
#2649=DIRECTION('ref_axis',(-0.5,-0.866025403784439,0.));
#2650=DIRECTION('center_axis',(0.,0.,-1.));
#2651=DIRECTION('ref_axis',(-0.5,-0.866025403784439,0.));
#2652=DIRECTION('center_axis',(0.,0.,-1.));
#2653=DIRECTION('ref_axis',(-0.5,-0.866025403784439,0.));
#2654=DIRECTION('',(0.,0.,1.));
#2655=DIRECTION('center_axis',(0.500000000000002,0.866025403784438,0.));
#2656=DIRECTION('ref_axis',(-0.866025403784437,0.500000000000002,0.));
#2657=DIRECTION('',(-0.866025403784438,0.500000000000002,0.));
#2658=DIRECTION('',(-0.866025403784438,0.500000000000002,0.));
#2659=DIRECTION('',(0.,0.,1.));
#2660=DIRECTION('center_axis',(0.,0.,1.));
#2661=DIRECTION('ref_axis',(0.851603093042644,-0.52418715352458,0.));
#2662=DIRECTION('center_axis',(0.,0.,1.));
#2663=DIRECTION('ref_axis',(-0.547958615396395,-0.836505442787353,0.));
#2664=DIRECTION('center_axis',(0.,0.,1.));
#2665=DIRECTION('ref_axis',(-0.547958615396395,-0.836505442787353,0.));
#2666=DIRECTION('',(0.,0.,1.));
#2667=DIRECTION('center_axis',(0.,0.,1.));
#2668=DIRECTION('ref_axis',(-0.836505442787357,-0.547958615396389,0.));
#2669=DIRECTION('center_axis',(0.,0.,1.));
#2670=DIRECTION('ref_axis',(-0.836505442787357,-0.547958615396389,0.));
#2671=DIRECTION('center_axis',(0.,0.,1.));
#2672=DIRECTION('ref_axis',(-0.836505442787357,-0.547958615396389,0.));
#2673=DIRECTION('',(0.,0.,1.));
#2674=DIRECTION('center_axis',(0.,0.,1.));
#2675=DIRECTION('ref_axis',(-0.524187153524572,0.851603093042649,0.));
#2676=DIRECTION('center_axis',(0.,0.,1.));
#2677=DIRECTION('ref_axis',(0.866025403784437,0.500000000000002,0.));
#2678=DIRECTION('center_axis',(0.,0.,1.));
#2679=DIRECTION('ref_axis',(0.866025403784437,0.500000000000002,0.));
#2680=DIRECTION('',(0.,0.,1.));
#2681=DIRECTION('center_axis',(0.866025403784438,0.500000000000001,0.));
#2682=DIRECTION('ref_axis',(-0.500000000000001,0.866025403784438,0.));
#2683=DIRECTION('',(-0.500000000000001,0.866025403784438,0.));
#2684=DIRECTION('',(-0.500000000000001,0.866025403784438,0.));
#2685=DIRECTION('',(0.,0.,1.));
#2686=DIRECTION('center_axis',(0.,0.,1.));
#2687=DIRECTION('ref_axis',(0.866025403784436,0.500000000000004,0.));
#2688=DIRECTION('center_axis',(0.,0.,-1.));
#2689=DIRECTION('ref_axis',(0.866025403784436,0.500000000000004,0.));
#2690=DIRECTION('center_axis',(0.,0.,-1.));
#2691=DIRECTION('ref_axis',(0.866025403784436,0.500000000000004,0.));
#2692=DIRECTION('',(0.,0.,1.));
#2693=DIRECTION('center_axis',(-0.866025403784439,-0.499999999999999,0.));
#2694=DIRECTION('ref_axis',(0.499999999999999,-0.866025403784439,0.));
#2695=DIRECTION('',(0.499999999999999,-0.866025403784439,0.));
#2696=DIRECTION('',(0.499999999999999,-0.866025403784439,0.));
#2697=DIRECTION('',(0.,0.,1.));
#2698=DIRECTION('center_axis',(0.,0.,1.));
#2699=DIRECTION('ref_axis',(-0.866025403784439,-0.5,0.));
#2700=DIRECTION('center_axis',(0.,0.,-1.));
#2701=DIRECTION('ref_axis',(-0.866025403784439,-0.5,0.));
#2702=DIRECTION('center_axis',(0.,0.,-1.));
#2703=DIRECTION('ref_axis',(-0.866025403784439,-0.5,0.));
#2704=DIRECTION('',(0.,0.,1.));
#2705=DIRECTION('center_axis',(0.86602540378444,0.499999999999998,0.));
#2706=DIRECTION('ref_axis',(-0.499999999999998,0.86602540378444,0.));
#2707=DIRECTION('',(-0.499999999999998,0.86602540378444,0.));
#2708=DIRECTION('',(-0.499999999999998,0.86602540378444,0.));
#2709=DIRECTION('',(0.,0.,1.));
#2710=DIRECTION('center_axis',(0.,0.,1.));
#2711=DIRECTION('ref_axis',(0.475416335754043,-0.879760937811061,0.));
#2712=DIRECTION('center_axis',(0.,0.,1.));
#2713=DIRECTION('ref_axis',(-0.892798802549502,-0.4504556561596,0.));
#2714=DIRECTION('center_axis',(0.,0.,1.));
#2715=DIRECTION('ref_axis',(-0.892798802549502,-0.4504556561596,0.));
#2716=DIRECTION('',(0.,0.,1.));
#2717=DIRECTION('center_axis',(0.,0.,1.));
#2718=DIRECTION('ref_axis',(-0.998414271555996,-0.056293359762141,0.));
#2719=DIRECTION('center_axis',(0.,0.,1.));
#2720=DIRECTION('ref_axis',(-0.998414271555996,-0.056293359762141,0.));
#2721=DIRECTION('center_axis',(0.,0.,1.));
#2722=DIRECTION('ref_axis',(-0.998414271555996,-0.056293359762141,0.));
#2723=DIRECTION('',(0.,0.,1.));
#2724=DIRECTION('center_axis',(0.,0.,1.));
#2725=DIRECTION('ref_axis',(-0.0281578447684089,0.999603489278623,0.));
#2726=DIRECTION('center_axis',(0.,0.,1.));
#2727=DIRECTION('ref_axis',(1.,2.96974097684459E-16,0.));
#2728=DIRECTION('center_axis',(0.,0.,1.));
#2729=DIRECTION('ref_axis',(1.,2.96974097684459E-16,0.));
#2730=DIRECTION('',(0.,0.,1.));
#2731=DIRECTION('center_axis',(1.,0.,0.));
#2732=DIRECTION('ref_axis',(0.,1.,0.));
#2733=DIRECTION('',(0.,1.,0.));
#2734=DIRECTION('',(0.,1.,0.));
#2735=DIRECTION('',(0.,0.,1.));
#2736=DIRECTION('center_axis',(0.,0.,1.));
#2737=DIRECTION('ref_axis',(1.,-8.74191357972566E-16,0.));
#2738=DIRECTION('center_axis',(0.,0.,-1.));
#2739=DIRECTION('ref_axis',(1.,-8.74191357972566E-16,0.));
#2740=DIRECTION('center_axis',(0.,0.,-1.));
#2741=DIRECTION('ref_axis',(1.,-8.74191357972566E-16,0.));
#2742=DIRECTION('',(0.,0.,1.));
#2743=DIRECTION('center_axis',(-1.,1.3987061727561E-15,0.));
#2744=DIRECTION('ref_axis',(-1.3987061727561E-15,-1.,0.));
#2745=DIRECTION('',(-1.3987061727561E-15,-1.,0.));
#2746=DIRECTION('',(-1.3987061727561E-15,-1.,0.));
#2747=DIRECTION('',(0.,0.,1.));
#2748=DIRECTION('center_axis',(0.,0.,1.));
#2749=DIRECTION('ref_axis',(-1.,3.49676543189024E-15,0.));
#2750=DIRECTION('center_axis',(0.,0.,-1.));
#2751=DIRECTION('ref_axis',(-1.,3.49676543189024E-15,0.));
#2752=DIRECTION('center_axis',(0.,0.,-1.));
#2753=DIRECTION('ref_axis',(-1.,3.49676543189024E-15,0.));
#2754=DIRECTION('',(0.,0.,1.));
#2755=DIRECTION('center_axis',(1.,-2.3311769545935E-15,0.));
#2756=DIRECTION('ref_axis',(2.3311769545935E-15,1.,0.));
#2757=DIRECTION('',(2.3311769545935E-15,1.,0.));
#2758=DIRECTION('',(2.3311769545935E-15,1.,0.));
#2759=DIRECTION('',(0.,0.,1.));
#2760=DIRECTION('center_axis',(0.,0.,1.));
#2761=DIRECTION('ref_axis',(-0.0281578447684159,-0.999603489278623,0.));
#2762=DIRECTION('center_axis',(0.,0.,1.));
#2763=DIRECTION('ref_axis',(-0.998414271555996,0.0562933597621449,0.));
#2764=DIRECTION('center_axis',(0.,0.,1.));
#2765=DIRECTION('ref_axis',(-0.998414271555996,0.0562933597621449,0.));
#2766=DIRECTION('',(0.,0.,1.));
#2767=DIRECTION('center_axis',(0.,0.,1.));
#2768=DIRECTION('ref_axis',(-0.892798802549498,0.450455656159607,0.));
#2769=DIRECTION('center_axis',(0.,0.,1.));
#2770=DIRECTION('ref_axis',(-0.892798802549498,0.450455656159607,0.));
#2771=DIRECTION('center_axis',(0.,0.,1.));
#2772=DIRECTION('ref_axis',(-0.892798802549498,0.450455656159607,0.));
#2773=DIRECTION('',(0.,0.,1.));
#2774=DIRECTION('center_axis',(0.,0.,1.));
#2775=DIRECTION('ref_axis',(0.475416335754046,0.87976093781106,0.));
#2776=DIRECTION('center_axis',(0.,0.,1.));
#2777=DIRECTION('ref_axis',(0.866025403784443,-0.499999999999993,0.));
#2778=DIRECTION('center_axis',(0.,0.,1.));
#2779=DIRECTION('ref_axis',(0.866025403784443,-0.499999999999993,0.));
#2780=DIRECTION('',(0.,0.,1.));
#2781=DIRECTION('center_axis',(0.866025403784439,-0.499999999999999,0.));
#2782=DIRECTION('ref_axis',(0.499999999999999,0.866025403784439,0.));
#2783=DIRECTION('',(0.499999999999999,0.866025403784439,0.));
#2784=DIRECTION('',(0.499999999999999,0.866025403784439,0.));
#2785=DIRECTION('',(0.,0.,1.));
#2786=DIRECTION('center_axis',(0.,0.,1.));
#2787=DIRECTION('ref_axis',(0.866025403784438,-0.500000000000001,0.));
#2788=DIRECTION('center_axis',(0.,0.,-1.));
#2789=DIRECTION('ref_axis',(0.866025403784438,-0.500000000000001,0.));
#2790=DIRECTION('center_axis',(0.,0.,-1.));
#2791=DIRECTION('ref_axis',(0.866025403784438,-0.500000000000001,0.));
#2792=DIRECTION('',(0.,0.,1.));
#2793=DIRECTION('center_axis',(-0.866025403784438,0.500000000000001,0.));
#2794=DIRECTION('ref_axis',(-0.500000000000001,-0.866025403784438,0.));
#2795=DIRECTION('',(-0.500000000000001,-0.866025403784438,0.));
#2796=DIRECTION('',(-0.500000000000001,-0.866025403784438,0.));
#2797=DIRECTION('',(0.,0.,1.));
#2798=DIRECTION('center_axis',(0.,0.,1.));
#2799=DIRECTION('ref_axis',(-0.866025403784437,0.500000000000004,0.));
#2800=DIRECTION('center_axis',(0.,0.,-1.));
#2801=DIRECTION('ref_axis',(-0.866025403784437,0.500000000000004,0.));
#2802=DIRECTION('center_axis',(0.,0.,-1.));
#2803=DIRECTION('ref_axis',(-0.866025403784437,0.500000000000004,0.));
#2804=DIRECTION('',(0.,0.,1.));
#2805=DIRECTION('center_axis',(0.866025403784438,-0.5,0.));
#2806=DIRECTION('ref_axis',(0.5,0.866025403784438,0.));
#2807=DIRECTION('',(0.5,0.866025403784438,0.));
#2808=DIRECTION('',(0.5,0.866025403784438,0.));
#2809=DIRECTION('',(0.,0.,1.));
#2810=DIRECTION('center_axis',(0.,0.,1.));
#2811=DIRECTION('ref_axis',(-0.524187153524579,-0.851603093042644,0.));
#2812=DIRECTION('center_axis',(0.,0.,1.));
#2813=DIRECTION('ref_axis',(-0.836505442787355,0.547958615396392,0.));
#2814=DIRECTION('center_axis',(0.,0.,1.));
#2815=DIRECTION('ref_axis',(-0.836505442787355,0.547958615396392,0.));
#2816=DIRECTION('',(0.,0.,1.));
#2817=DIRECTION('center_axis',(0.,0.,1.));
#2818=DIRECTION('ref_axis',(-0.547958615396389,0.836505442787357,0.));
#2819=DIRECTION('center_axis',(0.,0.,1.));
#2820=DIRECTION('ref_axis',(-0.547958615396389,0.836505442787357,0.));
#2821=DIRECTION('center_axis',(0.,0.,1.));
#2822=DIRECTION('ref_axis',(-0.547958615396389,0.836505442787357,0.));
#2823=DIRECTION('',(0.,0.,1.));
#2824=DIRECTION('center_axis',(0.,0.,1.));
#2825=DIRECTION('ref_axis',(0.851603093042644,0.524187153524579,0.));
#2826=DIRECTION('center_axis',(0.,0.,1.));
#2827=DIRECTION('ref_axis',(0.500000000000006,-0.866025403784435,0.));
#2828=DIRECTION('center_axis',(0.,0.,1.));
#2829=DIRECTION('ref_axis',(0.500000000000006,-0.866025403784435,0.));
#2830=DIRECTION('',(0.,0.,1.));
#2831=DIRECTION('center_axis',(0.500000000000001,-0.866025403784438,0.));
#2832=DIRECTION('ref_axis',(0.866025403784438,0.500000000000001,0.));
#2833=DIRECTION('',(0.866025403784438,0.500000000000001,0.));
#2834=DIRECTION('',(0.866025403784438,0.500000000000001,0.));
#2835=DIRECTION('',(0.,0.,1.));
#2836=DIRECTION('center_axis',(0.,0.,1.));
#2837=DIRECTION('ref_axis',(0.499999999999999,-0.866025403784439,0.));
#2838=DIRECTION('center_axis',(0.,0.,-1.));
#2839=DIRECTION('ref_axis',(0.499999999999999,-0.866025403784439,0.));
#2840=DIRECTION('center_axis',(0.,0.,-1.));
#2841=DIRECTION('ref_axis',(0.499999999999999,-0.866025403784439,0.));
#2842=DIRECTION('',(0.,0.,1.));
#2843=DIRECTION('center_axis',(-0.5,0.866025403784439,0.));
#2844=DIRECTION('ref_axis',(-0.866025403784439,-0.5,0.));
#2845=DIRECTION('',(-0.866025403784439,-0.5,0.));
#2846=DIRECTION('',(-0.866025403784439,-0.5,0.));
#2847=DIRECTION('',(0.,0.,1.));
#2848=DIRECTION('center_axis',(0.,0.,1.));
#2849=DIRECTION('ref_axis',(-0.500000000000001,0.866025403784438,0.));
#2850=DIRECTION('center_axis',(0.,0.,-1.));
#2851=DIRECTION('ref_axis',(-0.500000000000001,0.866025403784438,0.));
#2852=DIRECTION('center_axis',(0.,0.,-1.));
#2853=DIRECTION('ref_axis',(-0.500000000000001,0.866025403784438,0.));
#2854=DIRECTION('',(0.,0.,1.));
#2855=DIRECTION('center_axis',(0.499999999999999,-0.866025403784439,0.));
#2856=DIRECTION('ref_axis',(0.866025403784439,0.499999999999999,0.));
#2857=DIRECTION('',(0.866025403784439,0.499999999999999,0.));
#2858=DIRECTION('',(0.866025403784439,0.499999999999999,0.));
#2859=DIRECTION('',(0.,0.,1.));
#2860=DIRECTION('center_axis',(0.,0.,1.));
#2861=DIRECTION('ref_axis',(-0.879760937811059,-0.475416335754048,0.));
#2862=DIRECTION('center_axis',(0.,0.,1.));
#2863=DIRECTION('ref_axis',(-0.450455656159606,0.892798802549499,0.));
#2864=DIRECTION('center_axis',(0.,0.,1.));
#2865=DIRECTION('ref_axis',(-0.450455656159606,0.892798802549499,0.));
#2866=DIRECTION('',(0.,0.,1.));
#2867=DIRECTION('center_axis',(0.,0.,1.));
#2868=DIRECTION('ref_axis',(-0.056293359762141,0.998414271555996,0.));
#2869=DIRECTION('center_axis',(0.,0.,1.));
#2870=DIRECTION('ref_axis',(-0.056293359762141,0.998414271555996,0.));
#2871=DIRECTION('center_axis',(0.,0.,1.));
#2872=DIRECTION('ref_axis',(-0.056293359762141,0.998414271555996,0.));
#2873=DIRECTION('center_axis',(0.,0.,1.));
#2874=DIRECTION('ref_axis',(1.,0.,0.));
#2875=DIRECTION('center_axis',(0.,0.,1.));
#2876=DIRECTION('ref_axis',(1.,0.,0.));
#2877=CARTESIAN_POINT('',(0.,0.,0.));
#2878=CARTESIAN_POINT('Origin',(0.13,-0.13,0.));
#2879=CARTESIAN_POINT('',(0.13,-0.13,0.));
#2880=CARTESIAN_POINT('',(-0.13,-0.13,0.));
#2881=CARTESIAN_POINT('',(0.13,-0.13,0.));
#2882=CARTESIAN_POINT('',(-0.13,-0.13,0.2));
#2883=CARTESIAN_POINT('',(-0.13,-0.13,0.));
#2884=CARTESIAN_POINT('',(0.13,-0.13,0.2));
#2885=CARTESIAN_POINT('',(0.13,-0.13,0.2));
#2886=CARTESIAN_POINT('',(0.13,-0.13,0.));
#2887=CARTESIAN_POINT('Origin',(0.13,0.13,0.));
#2888=CARTESIAN_POINT('',(0.13,0.13,0.));
#2889=CARTESIAN_POINT('',(0.13,0.13,0.));
#2890=CARTESIAN_POINT('',(0.13,0.13,0.2));
#2891=CARTESIAN_POINT('',(0.13,0.13,0.2));
#2892=CARTESIAN_POINT('',(0.13,0.13,0.));
#2893=CARTESIAN_POINT('Origin',(-0.13,0.13,0.));
#2894=CARTESIAN_POINT('',(-0.13,0.13,0.));
#2895=CARTESIAN_POINT('',(-0.13,0.13,0.));
#2896=CARTESIAN_POINT('',(-0.13,0.13,0.2));
#2897=CARTESIAN_POINT('',(-0.13,0.13,0.2));
#2898=CARTESIAN_POINT('',(-0.13,0.13,0.));
#2899=CARTESIAN_POINT('Origin',(-0.13,-0.13,0.));
#2900=CARTESIAN_POINT('',(-0.13,-0.13,0.));
#2901=CARTESIAN_POINT('',(-0.13,-0.13,0.2));
#2902=CARTESIAN_POINT('Origin',(-0.0500000000000002,0.886795774647887,0.));
#2903=CARTESIAN_POINT('',(-0.0500000000000001,0.85,0.));
#2904=CARTESIAN_POINT('',(-0.0520713577799804,0.923533201189297,0.));
#2905=CARTESIAN_POINT('Origin',(-0.0500000000000002,0.886795774647887,0.));
#2906=CARTESIAN_POINT('',(-0.0520713577799804,0.923533201189297,0.2));
#2907=CARTESIAN_POINT('',(-0.0520713577799804,0.923533201189297,0.));
#2908=CARTESIAN_POINT('',(-0.0500000000000001,0.85,0.2));
#2909=CARTESIAN_POINT('Origin',(-0.0500000000000002,0.886795774647887,0.2));
#2910=CARTESIAN_POINT('',(-0.0500000000000001,0.85,0.));
#2911=CARTESIAN_POINT('Origin',(-0.125,0.85,0.));
#2912=CARTESIAN_POINT('',(-0.125,0.85,0.));
#2913=CARTESIAN_POINT('',(-0.125,0.85,0.));
#2914=CARTESIAN_POINT('',(-0.125,0.85,0.2));
#2915=CARTESIAN_POINT('',(-0.125,0.85,0.2));
#2916=CARTESIAN_POINT('',(-0.125,0.85,0.));
#2917=CARTESIAN_POINT('Origin',(-0.125,0.825,0.));
#2918=CARTESIAN_POINT('',(-0.125,0.8,0.));
#2919=CARTESIAN_POINT('Origin',(-0.125,0.825,0.));
#2920=CARTESIAN_POINT('',(-0.125,0.8,0.2));
#2921=CARTESIAN_POINT('Origin',(-0.125,0.825,0.2));
#2922=CARTESIAN_POINT('',(-0.125,0.8,0.));
#2923=CARTESIAN_POINT('Origin',(0.125,0.8,0.));
#2924=CARTESIAN_POINT('',(0.125,0.8,0.));
#2925=CARTESIAN_POINT('',(0.125,0.8,0.));
#2926=CARTESIAN_POINT('',(0.125,0.8,0.2));
#2927=CARTESIAN_POINT('',(0.125,0.8,0.2));
#2928=CARTESIAN_POINT('',(0.125,0.8,0.));
#2929=CARTESIAN_POINT('Origin',(0.125,0.825,0.));
#2930=CARTESIAN_POINT('',(0.125,0.85,0.));
#2931=CARTESIAN_POINT('Origin',(0.125,0.825,0.));
#2932=CARTESIAN_POINT('',(0.125,0.85,0.2));
#2933=CARTESIAN_POINT('Origin',(0.125,0.825,0.2));
#2934=CARTESIAN_POINT('',(0.125,0.85,0.));
#2935=CARTESIAN_POINT('Origin',(0.0499999999999997,0.85,0.));
#2936=CARTESIAN_POINT('',(0.0499999999999997,0.85,0.));
#2937=CARTESIAN_POINT('',(0.0499999999999997,0.85,0.));
#2938=CARTESIAN_POINT('',(0.0499999999999997,0.85,0.2));
#2939=CARTESIAN_POINT('',(0.0499999999999997,0.85,0.2));
#2940=CARTESIAN_POINT('',(0.0499999999999997,0.85,0.));
#2941=CARTESIAN_POINT('Origin',(0.0499999999999998,0.886795774647887,0.));
#2942=CARTESIAN_POINT('',(0.0520713577799801,0.923533201189297,0.));
#2943=CARTESIAN_POINT('Origin',(0.0499999999999998,0.886795774647887,0.));
#2944=CARTESIAN_POINT('',(0.0520713577799801,0.923533201189297,0.2));
#2945=CARTESIAN_POINT('Origin',(0.0499999999999998,0.886795774647887,0.2));
#2946=CARTESIAN_POINT('',(0.0520713577799801,0.923533201189297,0.));
#2947=CARTESIAN_POINT('Origin',(0.,0.,0.));
#2948=CARTESIAN_POINT('',(0.416671481947637,0.825838892358286,0.));
#2949=CARTESIAN_POINT('Origin',(0.,0.,0.));
#2950=CARTESIAN_POINT('',(0.416671481947637,0.825838892358286,0.2));
#2951=CARTESIAN_POINT('Origin',(0.,0.,0.2));
#2952=CARTESIAN_POINT('',(0.416671481947637,0.825838892358286,0.));
#2953=CARTESIAN_POINT('Origin',(0.400096617134721,0.792987668813771,0.));
#2954=CARTESIAN_POINT('',(0.381698729810778,0.761121593216773,0.));
#2955=CARTESIAN_POINT('Origin',(0.400096617134721,0.792987668813771,0.));
#2956=CARTESIAN_POINT('',(0.381698729810778,0.761121593216773,0.2));
#2957=CARTESIAN_POINT('Origin',(0.400096617134721,0.792987668813771,0.2));
#2958=CARTESIAN_POINT('',(0.381698729810778,0.761121593216773,0.));
#2959=CARTESIAN_POINT('Origin',(0.316746824526945,0.798621593216773,0.));
#2960=CARTESIAN_POINT('',(0.316746824526945,0.798621593216773,0.));
#2961=CARTESIAN_POINT('',(0.316746824526945,0.798621593216773,0.));
#2962=CARTESIAN_POINT('',(0.316746824526945,0.798621593216773,0.2));
#2963=CARTESIAN_POINT('',(0.316746824526945,0.798621593216773,0.2));
#2964=CARTESIAN_POINT('',(0.316746824526945,0.798621593216773,0.));
#2965=CARTESIAN_POINT('Origin',(0.304246824526945,0.776970958122162,0.));
#2966=CARTESIAN_POINT('',(0.291746824526945,0.755320323027551,0.));
#2967=CARTESIAN_POINT('Origin',(0.304246824526945,0.776970958122162,0.));
#2968=CARTESIAN_POINT('',(0.291746824526945,0.755320323027551,0.2));
#2969=CARTESIAN_POINT('Origin',(0.304246824526945,0.776970958122162,0.2));
#2970=CARTESIAN_POINT('',(0.291746824526945,0.755320323027551,0.));
#2971=CARTESIAN_POINT('Origin',(0.508253175473055,0.630320323027551,0.));
#2972=CARTESIAN_POINT('',(0.508253175473055,0.630320323027551,0.));
#2973=CARTESIAN_POINT('',(0.508253175473055,0.630320323027551,0.));
#2974=CARTESIAN_POINT('',(0.508253175473055,0.630320323027551,0.2));
#2975=CARTESIAN_POINT('',(0.508253175473055,0.630320323027551,0.2));
#2976=CARTESIAN_POINT('',(0.508253175473055,0.630320323027551,0.));
#2977=CARTESIAN_POINT('Origin',(0.520753175473055,0.651970958122162,0.));
#2978=CARTESIAN_POINT('',(0.533253175473055,0.673621593216773,0.));
#2979=CARTESIAN_POINT('Origin',(0.520753175473055,0.651970958122162,0.));
#2980=CARTESIAN_POINT('',(0.533253175473055,0.673621593216773,0.2));
#2981=CARTESIAN_POINT('Origin',(0.520753175473055,0.651970958122162,0.2));
#2982=CARTESIAN_POINT('',(0.533253175473055,0.673621593216773,0.));
#2983=CARTESIAN_POINT('Origin',(0.468301270189222,0.711121593216773,0.));
#2984=CARTESIAN_POINT('',(0.468301270189222,0.711121593216773,0.));
#2985=CARTESIAN_POINT('',(0.468301270189222,0.711121593216773,0.));
#2986=CARTESIAN_POINT('',(0.468301270189222,0.711121593216773,0.2));
#2987=CARTESIAN_POINT('',(0.468301270189222,0.711121593216773,0.2));
#2988=CARTESIAN_POINT('',(0.468301270189222,0.711121593216773,0.));
#2989=CARTESIAN_POINT('Origin',(0.486699157513165,0.742987668813771,0.));
#2990=CARTESIAN_POINT('',(0.506861719241659,0.773767534578306,0.));
#2991=CARTESIAN_POINT('Origin',(0.486699157513165,0.742987668813771,0.));
#2992=CARTESIAN_POINT('',(0.506861719241659,0.773767534578306,0.2));
#2993=CARTESIAN_POINT('Origin',(0.486699157513165,0.742987668813771,0.2));
#2994=CARTESIAN_POINT('',(0.506861719241659,0.773767534578306,0.));
#2995=CARTESIAN_POINT('Origin',(0.,0.,0.));
#2996=CARTESIAN_POINT('',(0.773767534578305,0.50686171924166,0.));
#2997=CARTESIAN_POINT('Origin',(0.,0.,0.));
#2998=CARTESIAN_POINT('',(0.773767534578305,0.50686171924166,0.2));
#2999=CARTESIAN_POINT('Origin',(0.,0.,0.2));
#3000=CARTESIAN_POINT('',(0.773767534578305,0.50686171924166,0.));
#3001=CARTESIAN_POINT('Origin',(0.74298766881377,0.486699157513166,0.));
#3002=CARTESIAN_POINT('',(0.711121593216773,0.468301270189222,0.));
#3003=CARTESIAN_POINT('Origin',(0.74298766881377,0.486699157513166,0.));
#3004=CARTESIAN_POINT('',(0.711121593216773,0.468301270189222,0.2));
#3005=CARTESIAN_POINT('Origin',(0.74298766881377,0.486699157513166,0.2));
#3006=CARTESIAN_POINT('',(0.711121593216773,0.468301270189222,0.));
#3007=CARTESIAN_POINT('Origin',(0.673621593216773,0.533253175473055,0.));
#3008=CARTESIAN_POINT('',(0.673621593216773,0.533253175473055,0.));
#3009=CARTESIAN_POINT('',(0.673621593216773,0.533253175473055,0.));
#3010=CARTESIAN_POINT('',(0.673621593216773,0.533253175473055,0.2));
#3011=CARTESIAN_POINT('',(0.673621593216773,0.533253175473055,0.2));
#3012=CARTESIAN_POINT('',(0.673621593216773,0.533253175473055,0.));
#3013=CARTESIAN_POINT('Origin',(0.651970958122162,0.520753175473055,0.));
#3014=CARTESIAN_POINT('',(0.63032032302755,0.508253175473055,0.));
#3015=CARTESIAN_POINT('Origin',(0.651970958122162,0.520753175473055,0.));
#3016=CARTESIAN_POINT('',(0.63032032302755,0.508253175473055,0.2));
#3017=CARTESIAN_POINT('Origin',(0.651970958122162,0.520753175473055,0.2));
#3018=CARTESIAN_POINT('',(0.63032032302755,0.508253175473055,0.));
#3019=CARTESIAN_POINT('Origin',(0.755320323027551,0.291746824526945,0.));
#3020=CARTESIAN_POINT('',(0.755320323027551,0.291746824526945,0.));
#3021=CARTESIAN_POINT('',(0.755320323027551,0.291746824526945,0.));
#3022=CARTESIAN_POINT('',(0.755320323027551,0.291746824526945,0.2));
#3023=CARTESIAN_POINT('',(0.755320323027551,0.291746824526945,0.2));
#3024=CARTESIAN_POINT('',(0.755320323027551,0.291746824526945,0.));
#3025=CARTESIAN_POINT('Origin',(0.776970958122162,0.304246824526945,0.));
#3026=CARTESIAN_POINT('',(0.798621593216773,0.316746824526945,0.));
#3027=CARTESIAN_POINT('Origin',(0.776970958122162,0.304246824526945,0.));
#3028=CARTESIAN_POINT('',(0.798621593216773,0.316746824526945,0.2));
#3029=CARTESIAN_POINT('Origin',(0.776970958122162,0.304246824526945,0.2));
#3030=CARTESIAN_POINT('',(0.798621593216773,0.316746824526945,0.));
#3031=CARTESIAN_POINT('Origin',(0.761121593216773,0.381698729810778,0.));
#3032=CARTESIAN_POINT('',(0.761121593216773,0.381698729810778,0.));
#3033=CARTESIAN_POINT('',(0.761121593216773,0.381698729810778,0.));
#3034=CARTESIAN_POINT('',(0.761121593216772,0.381698729810778,0.2));
#3035=CARTESIAN_POINT('',(0.761121593216773,0.381698729810778,0.2));
#3036=CARTESIAN_POINT('',(0.761121593216773,0.381698729810778,0.));
#3037=CARTESIAN_POINT('Origin',(0.792987668813771,0.400096617134722,0.));
#3038=CARTESIAN_POINT('',(0.825838892358286,0.416671481947637,0.));
#3039=CARTESIAN_POINT('Origin',(0.792987668813771,0.400096617134722,0.));
#3040=CARTESIAN_POINT('',(0.825838892358286,0.416671481947637,0.2));
#3041=CARTESIAN_POINT('Origin',(0.792987668813771,0.400096617134722,0.2));
#3042=CARTESIAN_POINT('',(0.825838892358286,0.416671481947637,0.));
#3043=CARTESIAN_POINT('Origin',(0.,0.,0.));
#3044=CARTESIAN_POINT('',(0.923533201189297,0.05207135777998,0.));
#3045=CARTESIAN_POINT('Origin',(0.,0.,0.));
#3046=CARTESIAN_POINT('',(0.923533201189297,0.05207135777998,0.2));
#3047=CARTESIAN_POINT('Origin',(0.,0.,0.2));
#3048=CARTESIAN_POINT('',(0.923533201189297,0.05207135777998,0.));
#3049=CARTESIAN_POINT('Origin',(0.886795774647887,0.0499999999999999,0.));
#3050=CARTESIAN_POINT('',(0.85,0.0500000000000001,0.));
#3051=CARTESIAN_POINT('Origin',(0.886795774647887,0.0499999999999999,0.));
#3052=CARTESIAN_POINT('',(0.85,0.0500000000000001,0.2));
#3053=CARTESIAN_POINT('Origin',(0.886795774647887,0.0499999999999999,0.2));
#3054=CARTESIAN_POINT('',(0.85,0.0500000000000001,0.));
#3055=CARTESIAN_POINT('Origin',(0.85,0.125,0.));
#3056=CARTESIAN_POINT('',(0.85,0.125,0.));
#3057=CARTESIAN_POINT('',(0.85,0.125,0.));
#3058=CARTESIAN_POINT('',(0.85,0.124999999999999,0.2));
#3059=CARTESIAN_POINT('',(0.85,0.125,0.2));
#3060=CARTESIAN_POINT('',(0.85,0.125,0.));
#3061=CARTESIAN_POINT('Origin',(0.825,0.124999999999999,0.));
#3062=CARTESIAN_POINT('',(0.8,0.124999999999999,0.));
#3063=CARTESIAN_POINT('Origin',(0.825,0.124999999999999,0.));
#3064=CARTESIAN_POINT('',(0.8,0.124999999999999,0.2));
#3065=CARTESIAN_POINT('Origin',(0.825,0.124999999999999,0.2));
#3066=CARTESIAN_POINT('',(0.8,0.124999999999999,0.));
#3067=CARTESIAN_POINT('Origin',(0.8,-0.125000000000001,0.));
#3068=CARTESIAN_POINT('',(0.8,-0.125000000000001,0.));
#3069=CARTESIAN_POINT('',(0.8,-0.125000000000001,0.));
#3070=CARTESIAN_POINT('',(0.8,-0.125000000000001,0.2));
#3071=CARTESIAN_POINT('',(0.8,-0.125000000000001,0.2));
#3072=CARTESIAN_POINT('',(0.8,-0.125000000000001,0.));
#3073=CARTESIAN_POINT('Origin',(0.825,-0.125000000000001,0.));
#3074=CARTESIAN_POINT('',(0.85,-0.125,0.));
#3075=CARTESIAN_POINT('Origin',(0.825,-0.125000000000001,0.));
#3076=CARTESIAN_POINT('',(0.85,-0.125,0.2));
#3077=CARTESIAN_POINT('Origin',(0.825,-0.125000000000001,0.2));
#3078=CARTESIAN_POINT('',(0.85,-0.125,0.));
#3079=CARTESIAN_POINT('Origin',(0.85,-0.0500000000000004,0.));
#3080=CARTESIAN_POINT('',(0.85,-0.0500000000000004,0.));
#3081=CARTESIAN_POINT('',(0.85,-0.0500000000000004,0.));
#3082=CARTESIAN_POINT('',(0.85,-0.0500000000000004,0.2));
#3083=CARTESIAN_POINT('',(0.85,-0.0500000000000004,0.2));
#3084=CARTESIAN_POINT('',(0.85,-0.0500000000000004,0.));
#3085=CARTESIAN_POINT('Origin',(0.886795774647887,-0.0500000000000004,0.));
#3086=CARTESIAN_POINT('',(0.923533201189297,-0.052071357779981,0.));
#3087=CARTESIAN_POINT('Origin',(0.886795774647887,-0.0500000000000004,0.));
#3088=CARTESIAN_POINT('',(0.923533201189297,-0.0520713577799809,0.2));
#3089=CARTESIAN_POINT('Origin',(0.886795774647887,-0.0500000000000004,0.2));
#3090=CARTESIAN_POINT('',(0.923533201189297,-0.052071357779981,0.));
#3091=CARTESIAN_POINT('Origin',(0.,0.,0.));
#3092=CARTESIAN_POINT('',(0.825838892358286,-0.416671481947637,0.));
#3093=CARTESIAN_POINT('Origin',(0.,0.,0.));
#3094=CARTESIAN_POINT('',(0.825838892358286,-0.416671481947637,0.2));
#3095=CARTESIAN_POINT('Origin',(0.,0.,0.2));
#3096=CARTESIAN_POINT('',(0.825838892358286,-0.416671481947637,0.));
#3097=CARTESIAN_POINT('Origin',(0.792987668813771,-0.400096617134722,0.));
#3098=CARTESIAN_POINT('',(0.761121593216773,-0.381698729810778,0.));
#3099=CARTESIAN_POINT('Origin',(0.792987668813771,-0.400096617134722,0.));
#3100=CARTESIAN_POINT('',(0.761121593216773,-0.381698729810778,0.2));
#3101=CARTESIAN_POINT('Origin',(0.792987668813771,-0.400096617134722,0.2));
#3102=CARTESIAN_POINT('',(0.761121593216773,-0.381698729810778,0.));
#3103=CARTESIAN_POINT('Origin',(0.798621593216773,-0.316746824526946,0.));
#3104=CARTESIAN_POINT('',(0.798621593216773,-0.316746824526946,0.));
#3105=CARTESIAN_POINT('',(0.798621593216773,-0.316746824526946,0.));
#3106=CARTESIAN_POINT('',(0.798621593216773,-0.316746824526946,0.2));
#3107=CARTESIAN_POINT('',(0.798621593216773,-0.316746824526946,0.2));
#3108=CARTESIAN_POINT('',(0.798621593216773,-0.316746824526946,0.));
#3109=CARTESIAN_POINT('Origin',(0.776970958122162,-0.304246824526946,0.));
#3110=CARTESIAN_POINT('',(0.755320323027551,-0.291746824526946,0.));
#3111=CARTESIAN_POINT('Origin',(0.776970958122162,-0.304246824526946,0.));
#3112=CARTESIAN_POINT('',(0.755320323027551,-0.291746824526946,0.2));
#3113=CARTESIAN_POINT('Origin',(0.776970958122162,-0.304246824526946,0.2));
#3114=CARTESIAN_POINT('',(0.755320323027551,-0.291746824526946,0.));
#3115=CARTESIAN_POINT('Origin',(0.63032032302755,-0.508253175473055,0.));
#3116=CARTESIAN_POINT('',(0.63032032302755,-0.508253175473055,0.));
#3117=CARTESIAN_POINT('',(0.63032032302755,-0.508253175473055,0.));
#3118=CARTESIAN_POINT('',(0.63032032302755,-0.508253175473055,0.2));
#3119=CARTESIAN_POINT('',(0.63032032302755,-0.508253175473055,0.2));
#3120=CARTESIAN_POINT('',(0.63032032302755,-0.508253175473055,0.));
#3121=CARTESIAN_POINT('Origin',(0.651970958122161,-0.520753175473055,0.));
#3122=CARTESIAN_POINT('',(0.673621593216772,-0.533253175473055,0.));
#3123=CARTESIAN_POINT('Origin',(0.651970958122161,-0.520753175473055,0.));
#3124=CARTESIAN_POINT('',(0.673621593216772,-0.533253175473055,0.2));
#3125=CARTESIAN_POINT('Origin',(0.651970958122161,-0.520753175473055,0.2));
#3126=CARTESIAN_POINT('',(0.673621593216772,-0.533253175473055,0.));
#3127=CARTESIAN_POINT('Origin',(0.711121593216773,-0.468301270189222,0.));
#3128=CARTESIAN_POINT('',(0.711121593216773,-0.468301270189222,0.));
#3129=CARTESIAN_POINT('',(0.711121593216773,-0.468301270189222,0.));
#3130=CARTESIAN_POINT('',(0.711121593216773,-0.468301270189222,0.2));
#3131=CARTESIAN_POINT('',(0.711121593216773,-0.468301270189222,0.2));
#3132=CARTESIAN_POINT('',(0.711121593216773,-0.468301270189222,0.));
#3133=CARTESIAN_POINT('Origin',(0.74298766881377,-0.486699157513166,0.));
#3134=CARTESIAN_POINT('',(0.773767534578305,-0.50686171924166,0.));
#3135=CARTESIAN_POINT('Origin',(0.74298766881377,-0.486699157513166,0.));
#3136=CARTESIAN_POINT('',(0.773767534578305,-0.50686171924166,0.2));
#3137=CARTESIAN_POINT('Origin',(0.74298766881377,-0.486699157513166,0.2));
#3138=CARTESIAN_POINT('',(0.773767534578305,-0.50686171924166,0.));
#3139=CARTESIAN_POINT('Origin',(0.,0.,0.));
#3140=CARTESIAN_POINT('',(0.50686171924166,-0.773767534578306,0.));
#3141=CARTESIAN_POINT('Origin',(0.,0.,0.));
#3142=CARTESIAN_POINT('',(0.50686171924166,-0.773767534578306,0.2));
#3143=CARTESIAN_POINT('Origin',(0.,0.,0.2));
#3144=CARTESIAN_POINT('',(0.50686171924166,-0.773767534578306,0.));
#3145=CARTESIAN_POINT('Origin',(0.486699157513166,-0.742987668813771,0.));
#3146=CARTESIAN_POINT('',(0.468301270189222,-0.711121593216773,0.));
#3147=CARTESIAN_POINT('Origin',(0.486699157513166,-0.742987668813771,0.));
#3148=CARTESIAN_POINT('',(0.468301270189222,-0.711121593216773,0.2));
#3149=CARTESIAN_POINT('Origin',(0.486699157513166,-0.742987668813771,0.2));
#3150=CARTESIAN_POINT('',(0.468301270189222,-0.711121593216773,0.));
#3151=CARTESIAN_POINT('Origin',(0.533253175473054,-0.673621593216773,0.));
#3152=CARTESIAN_POINT('',(0.533253175473054,-0.673621593216773,0.));
#3153=CARTESIAN_POINT('',(0.533253175473054,-0.673621593216773,0.));
#3154=CARTESIAN_POINT('',(0.533253175473054,-0.673621593216773,0.2));
#3155=CARTESIAN_POINT('',(0.533253175473054,-0.673621593216773,0.2));
#3156=CARTESIAN_POINT('',(0.533253175473054,-0.673621593216773,0.));
#3157=CARTESIAN_POINT('Origin',(0.520753175473055,-0.651970958122162,0.));
#3158=CARTESIAN_POINT('',(0.508253175473054,-0.630320323027551,0.));
#3159=CARTESIAN_POINT('Origin',(0.520753175473055,-0.651970958122162,0.));
#3160=CARTESIAN_POINT('',(0.508253175473054,-0.630320323027551,0.2));
#3161=CARTESIAN_POINT('Origin',(0.520753175473055,-0.651970958122162,0.2));
#3162=CARTESIAN_POINT('',(0.508253175473054,-0.630320323027551,0.));
#3163=CARTESIAN_POINT('Origin',(0.291746824526945,-0.755320323027551,0.));
#3164=CARTESIAN_POINT('',(0.291746824526945,-0.755320323027551,0.));
#3165=CARTESIAN_POINT('',(0.291746824526945,-0.755320323027551,0.));
#3166=CARTESIAN_POINT('',(0.291746824526945,-0.755320323027551,0.2));
#3167=CARTESIAN_POINT('',(0.291746824526945,-0.755320323027551,0.2));
#3168=CARTESIAN_POINT('',(0.291746824526945,-0.755320323027551,0.));
#3169=CARTESIAN_POINT('Origin',(0.304246824526945,-0.776970958122162,0.));
#3170=CARTESIAN_POINT('',(0.316746824526945,-0.798621593216773,0.));
#3171=CARTESIAN_POINT('Origin',(0.304246824526945,-0.776970958122162,0.));
#3172=CARTESIAN_POINT('',(0.316746824526945,-0.798621593216773,0.2));
#3173=CARTESIAN_POINT('Origin',(0.304246824526945,-0.776970958122162,0.2));
#3174=CARTESIAN_POINT('',(0.316746824526945,-0.798621593216773,0.));
#3175=CARTESIAN_POINT('Origin',(0.381698729810778,-0.761121593216773,0.));
#3176=CARTESIAN_POINT('',(0.381698729810778,-0.761121593216773,0.));
#3177=CARTESIAN_POINT('',(0.381698729810778,-0.761121593216773,0.));
#3178=CARTESIAN_POINT('',(0.381698729810778,-0.761121593216773,0.2));
#3179=CARTESIAN_POINT('',(0.381698729810778,-0.761121593216773,0.2));
#3180=CARTESIAN_POINT('',(0.381698729810778,-0.761121593216773,0.));
#3181=CARTESIAN_POINT('Origin',(0.400096617134721,-0.792987668813771,0.));
#3182=CARTESIAN_POINT('',(0.416671481947636,-0.825838892358286,0.));
#3183=CARTESIAN_POINT('Origin',(0.400096617134721,-0.792987668813771,0.));
#3184=CARTESIAN_POINT('',(0.416671481947636,-0.825838892358286,0.2));
#3185=CARTESIAN_POINT('Origin',(0.400096617134721,-0.792987668813771,0.2));
#3186=CARTESIAN_POINT('',(0.416671481947636,-0.825838892358286,0.));
#3187=CARTESIAN_POINT('Origin',(0.,0.,0.));
#3188=CARTESIAN_POINT('',(0.0520713577799802,-0.923533201189297,0.));
#3189=CARTESIAN_POINT('Origin',(0.,0.,0.));
#3190=CARTESIAN_POINT('',(0.0520713577799802,-0.923533201189297,0.2));
#3191=CARTESIAN_POINT('Origin',(0.,0.,0.2));
#3192=CARTESIAN_POINT('',(0.0520713577799802,-0.923533201189297,0.));
#3193=CARTESIAN_POINT('Origin',(0.0500000000000001,-0.886795774647887,0.));
#3194=CARTESIAN_POINT('',(0.0500000000000003,-0.85,0.));
#3195=CARTESIAN_POINT('Origin',(0.0500000000000001,-0.886795774647887,0.));
#3196=CARTESIAN_POINT('',(0.0500000000000003,-0.85,0.2));
#3197=CARTESIAN_POINT('Origin',(0.0500000000000001,-0.886795774647887,0.2));
#3198=CARTESIAN_POINT('',(0.0500000000000003,-0.85,0.));
#3199=CARTESIAN_POINT('Origin',(0.125,-0.85,0.));
#3200=CARTESIAN_POINT('',(0.125,-0.85,0.));
#3201=CARTESIAN_POINT('',(0.125,-0.85,0.));
#3202=CARTESIAN_POINT('',(0.125,-0.85,0.2));
#3203=CARTESIAN_POINT('',(0.125,-0.85,0.2));
#3204=CARTESIAN_POINT('',(0.125,-0.85,0.));
#3205=CARTESIAN_POINT('Origin',(0.125,-0.825,0.));
#3206=CARTESIAN_POINT('',(0.125,-0.8,0.));
#3207=CARTESIAN_POINT('Origin',(0.125,-0.825,0.));
#3208=CARTESIAN_POINT('',(0.125,-0.8,0.2));
#3209=CARTESIAN_POINT('Origin',(0.125,-0.825,0.2));
#3210=CARTESIAN_POINT('',(0.125,-0.8,0.));
#3211=CARTESIAN_POINT('Origin',(-0.125,-0.8,0.));
#3212=CARTESIAN_POINT('',(-0.125,-0.8,0.));
#3213=CARTESIAN_POINT('',(-0.125,-0.8,0.));
#3214=CARTESIAN_POINT('',(-0.125,-0.8,0.2));
#3215=CARTESIAN_POINT('',(-0.125,-0.8,0.2));
#3216=CARTESIAN_POINT('',(-0.125,-0.8,0.));
#3217=CARTESIAN_POINT('Origin',(-0.125,-0.825,0.));
#3218=CARTESIAN_POINT('',(-0.125,-0.85,0.));
#3219=CARTESIAN_POINT('Origin',(-0.125,-0.825,0.));
#3220=CARTESIAN_POINT('',(-0.125,-0.85,0.2));
#3221=CARTESIAN_POINT('Origin',(-0.125,-0.825,0.2));
#3222=CARTESIAN_POINT('',(-0.125,-0.85,0.));
#3223=CARTESIAN_POINT('Origin',(-0.0500000000000002,-0.85,0.));
#3224=CARTESIAN_POINT('',(-0.0500000000000002,-0.85,0.));
#3225=CARTESIAN_POINT('',(-0.0500000000000002,-0.85,0.));
#3226=CARTESIAN_POINT('',(-0.0500000000000002,-0.85,0.2));
#3227=CARTESIAN_POINT('',(-0.0500000000000002,-0.85,0.2));
#3228=CARTESIAN_POINT('',(-0.0500000000000002,-0.85,0.));
#3229=CARTESIAN_POINT('Origin',(-0.0500000000000002,-0.886795774647887,
0.));
#3230=CARTESIAN_POINT('',(-0.0520713577799807,-0.923533201189297,0.));
#3231=CARTESIAN_POINT('Origin',(-0.0500000000000002,-0.886795774647887,
0.));
#3232=CARTESIAN_POINT('',(-0.0520713577799807,-0.923533201189297,0.2));
#3233=CARTESIAN_POINT('Origin',(-0.0500000000000002,-0.886795774647887,
0.2));
#3234=CARTESIAN_POINT('',(-0.0520713577799807,-0.923533201189297,0.));
#3235=CARTESIAN_POINT('Origin',(0.,0.,0.));
#3236=CARTESIAN_POINT('',(-0.416671481947637,-0.825838892358286,0.));
#3237=CARTESIAN_POINT('Origin',(0.,0.,0.));
#3238=CARTESIAN_POINT('',(-0.416671481947637,-0.825838892358286,0.2));
#3239=CARTESIAN_POINT('Origin',(0.,0.,0.2));
#3240=CARTESIAN_POINT('',(-0.416671481947637,-0.825838892358286,0.));
#3241=CARTESIAN_POINT('Origin',(-0.400096617134722,-0.792987668813771,0.));
#3242=CARTESIAN_POINT('',(-0.381698729810778,-0.761121593216773,0.));
#3243=CARTESIAN_POINT('Origin',(-0.400096617134722,-0.792987668813771,0.));
#3244=CARTESIAN_POINT('',(-0.381698729810778,-0.761121593216773,0.2));
#3245=CARTESIAN_POINT('Origin',(-0.400096617134722,-0.792987668813771,0.2));
#3246=CARTESIAN_POINT('',(-0.381698729810778,-0.761121593216773,0.));
#3247=CARTESIAN_POINT('Origin',(-0.316746824526945,-0.798621593216773,0.));
#3248=CARTESIAN_POINT('',(-0.316746824526945,-0.798621593216773,0.));
#3249=CARTESIAN_POINT('',(-0.316746824526945,-0.798621593216773,0.));
#3250=CARTESIAN_POINT('',(-0.316746824526945,-0.798621593216773,0.2));
#3251=CARTESIAN_POINT('',(-0.316746824526945,-0.798621593216773,0.2));
#3252=CARTESIAN_POINT('',(-0.316746824526945,-0.798621593216773,0.));
#3253=CARTESIAN_POINT('Origin',(-0.304246824526945,-0.776970958122162,0.));
#3254=CARTESIAN_POINT('',(-0.291746824526945,-0.755320323027551,0.));
#3255=CARTESIAN_POINT('Origin',(-0.304246824526945,-0.776970958122162,0.));
#3256=CARTESIAN_POINT('',(-0.291746824526945,-0.755320323027551,0.2));
#3257=CARTESIAN_POINT('Origin',(-0.304246824526945,-0.776970958122162,0.2));
#3258=CARTESIAN_POINT('',(-0.291746824526945,-0.755320323027551,0.));
#3259=CARTESIAN_POINT('Origin',(-0.508253175473055,-0.63032032302755,0.));
#3260=CARTESIAN_POINT('',(-0.508253175473055,-0.63032032302755,0.));
#3261=CARTESIAN_POINT('',(-0.508253175473055,-0.63032032302755,0.));
#3262=CARTESIAN_POINT('',(-0.508253175473055,-0.63032032302755,0.2));
#3263=CARTESIAN_POINT('',(-0.508253175473055,-0.63032032302755,0.2));
#3264=CARTESIAN_POINT('',(-0.508253175473055,-0.63032032302755,0.));
#3265=CARTESIAN_POINT('Origin',(-0.520753175473055,-0.651970958122161,0.));
#3266=CARTESIAN_POINT('',(-0.533253175473055,-0.673621593216773,0.));
#3267=CARTESIAN_POINT('Origin',(-0.520753175473055,-0.651970958122161,0.));
#3268=CARTESIAN_POINT('',(-0.533253175473055,-0.673621593216773,0.2));
#3269=CARTESIAN_POINT('Origin',(-0.520753175473055,-0.651970958122161,0.2));
#3270=CARTESIAN_POINT('',(-0.533253175473055,-0.673621593216773,0.));
#3271=CARTESIAN_POINT('Origin',(-0.468301270189222,-0.711121593216773,0.));
#3272=CARTESIAN_POINT('',(-0.468301270189222,-0.711121593216773,0.));
#3273=CARTESIAN_POINT('',(-0.468301270189222,-0.711121593216773,0.));
#3274=CARTESIAN_POINT('',(-0.468301270189222,-0.711121593216773,0.2));
#3275=CARTESIAN_POINT('',(-0.468301270189222,-0.711121593216773,0.2));
#3276=CARTESIAN_POINT('',(-0.468301270189222,-0.711121593216773,0.));
#3277=CARTESIAN_POINT('Origin',(-0.486699157513166,-0.742987668813771,0.));
#3278=CARTESIAN_POINT('',(-0.50686171924166,-0.773767534578306,0.));
#3279=CARTESIAN_POINT('Origin',(-0.486699157513166,-0.742987668813771,0.));
#3280=CARTESIAN_POINT('',(-0.50686171924166,-0.773767534578306,0.2));
#3281=CARTESIAN_POINT('Origin',(-0.486699157513166,-0.742987668813771,0.2));
#3282=CARTESIAN_POINT('',(-0.50686171924166,-0.773767534578306,0.));
#3283=CARTESIAN_POINT('Origin',(0.,0.,0.));
#3284=CARTESIAN_POINT('',(-0.773767534578306,-0.50686171924166,0.));
#3285=CARTESIAN_POINT('Origin',(0.,0.,0.));
#3286=CARTESIAN_POINT('',(-0.773767534578306,-0.50686171924166,0.2));
#3287=CARTESIAN_POINT('Origin',(0.,0.,0.2));
#3288=CARTESIAN_POINT('',(-0.773767534578306,-0.50686171924166,0.));
#3289=CARTESIAN_POINT('Origin',(-0.74298766881377,-0.486699157513166,0.));
#3290=CARTESIAN_POINT('',(-0.711121593216773,-0.468301270189222,0.));
#3291=CARTESIAN_POINT('Origin',(-0.74298766881377,-0.486699157513166,0.));
#3292=CARTESIAN_POINT('',(-0.711121593216773,-0.468301270189222,0.2));
#3293=CARTESIAN_POINT('Origin',(-0.74298766881377,-0.486699157513166,0.2));
#3294=CARTESIAN_POINT('',(-0.711121593216773,-0.468301270189222,0.));
#3295=CARTESIAN_POINT('Origin',(-0.673621593216773,-0.533253175473055,0.));
#3296=CARTESIAN_POINT('',(-0.673621593216773,-0.533253175473055,0.));
#3297=CARTESIAN_POINT('',(-0.673621593216773,-0.533253175473055,0.));
#3298=CARTESIAN_POINT('',(-0.673621593216773,-0.533253175473055,0.2));
#3299=CARTESIAN_POINT('',(-0.673621593216773,-0.533253175473055,0.2));
#3300=CARTESIAN_POINT('',(-0.673621593216773,-0.533253175473055,0.));
#3301=CARTESIAN_POINT('Origin',(-0.651970958122162,-0.520753175473055,0.));
#3302=CARTESIAN_POINT('',(-0.630320323027551,-0.508253175473055,0.));
#3303=CARTESIAN_POINT('Origin',(-0.651970958122162,-0.520753175473055,0.));
#3304=CARTESIAN_POINT('',(-0.630320323027551,-0.508253175473055,0.2));
#3305=CARTESIAN_POINT('Origin',(-0.651970958122162,-0.520753175473055,0.2));
#3306=CARTESIAN_POINT('',(-0.630320323027551,-0.508253175473055,0.));
#3307=CARTESIAN_POINT('Origin',(-0.755320323027551,-0.291746824526945,0.));
#3308=CARTESIAN_POINT('',(-0.755320323027551,-0.291746824526945,0.));
#3309=CARTESIAN_POINT('',(-0.755320323027551,-0.291746824526945,0.));
#3310=CARTESIAN_POINT('',(-0.755320323027551,-0.291746824526945,0.2));
#3311=CARTESIAN_POINT('',(-0.755320323027551,-0.291746824526945,0.2));
#3312=CARTESIAN_POINT('',(-0.755320323027551,-0.291746824526945,0.));
#3313=CARTESIAN_POINT('Origin',(-0.776970958122162,-0.304246824526945,0.));
#3314=CARTESIAN_POINT('',(-0.798621593216773,-0.316746824526945,0.));
#3315=CARTESIAN_POINT('Origin',(-0.776970958122162,-0.304246824526945,0.));
#3316=CARTESIAN_POINT('',(-0.798621593216773,-0.316746824526945,0.2));
#3317=CARTESIAN_POINT('Origin',(-0.776970958122162,-0.304246824526945,0.2));
#3318=CARTESIAN_POINT('',(-0.798621593216773,-0.316746824526945,0.));
#3319=CARTESIAN_POINT('Origin',(-0.761121593216773,-0.381698729810778,0.));
#3320=CARTESIAN_POINT('',(-0.761121593216773,-0.381698729810778,0.));
#3321=CARTESIAN_POINT('',(-0.761121593216773,-0.381698729810778,0.));
#3322=CARTESIAN_POINT('',(-0.761121593216773,-0.381698729810778,0.2));
#3323=CARTESIAN_POINT('',(-0.761121593216773,-0.381698729810778,0.2));
#3324=CARTESIAN_POINT('',(-0.761121593216773,-0.381698729810778,0.));
#3325=CARTESIAN_POINT('Origin',(-0.792987668813771,-0.400096617134722,0.));
#3326=CARTESIAN_POINT('',(-0.825838892358286,-0.416671481947637,0.));
#3327=CARTESIAN_POINT('Origin',(-0.792987668813771,-0.400096617134722,0.));
#3328=CARTESIAN_POINT('',(-0.825838892358286,-0.416671481947637,0.2));
#3329=CARTESIAN_POINT('Origin',(-0.792987668813771,-0.400096617134722,0.2));
#3330=CARTESIAN_POINT('',(-0.825838892358286,-0.416671481947637,0.));
#3331=CARTESIAN_POINT('Origin',(0.,0.,0.));
#3332=CARTESIAN_POINT('',(-0.923533201189297,-0.0520713577799804,0.));
#3333=CARTESIAN_POINT('Origin',(0.,0.,0.));
#3334=CARTESIAN_POINT('',(-0.923533201189297,-0.0520713577799805,0.2));
#3335=CARTESIAN_POINT('Origin',(0.,0.,0.2));
#3336=CARTESIAN_POINT('',(-0.923533201189297,-0.0520713577799804,0.));
#3337=CARTESIAN_POINT('Origin',(-0.886795774647887,-0.0500000000000005,
0.));
#3338=CARTESIAN_POINT('',(-0.85,-0.0500000000000004,0.));
#3339=CARTESIAN_POINT('Origin',(-0.886795774647887,-0.0500000000000005,
0.));
#3340=CARTESIAN_POINT('',(-0.85,-0.0500000000000004,0.2));
#3341=CARTESIAN_POINT('Origin',(-0.886795774647887,-0.0500000000000005,
0.2));
#3342=CARTESIAN_POINT('',(-0.85,-0.0500000000000004,0.));
#3343=CARTESIAN_POINT('Origin',(-0.85,-0.125,0.));
#3344=CARTESIAN_POINT('',(-0.85,-0.125,0.));
#3345=CARTESIAN_POINT('',(-0.85,-0.125,0.));
#3346=CARTESIAN_POINT('',(-0.85,-0.125,0.2));
#3347=CARTESIAN_POINT('',(-0.85,-0.125,0.2));
#3348=CARTESIAN_POINT('',(-0.85,-0.125,0.));
#3349=CARTESIAN_POINT('Origin',(-0.825,-0.125,0.));
#3350=CARTESIAN_POINT('',(-0.8,-0.125,0.));
#3351=CARTESIAN_POINT('Origin',(-0.825,-0.125,0.));
#3352=CARTESIAN_POINT('',(-0.8,-0.125,0.2));
#3353=CARTESIAN_POINT('Origin',(-0.825,-0.125,0.2));
#3354=CARTESIAN_POINT('',(-0.8,-0.125,0.));
#3355=CARTESIAN_POINT('Origin',(-0.8,0.125,0.));
#3356=CARTESIAN_POINT('',(-0.8,0.125,0.));
#3357=CARTESIAN_POINT('',(-0.8,0.125,0.));
#3358=CARTESIAN_POINT('',(-0.8,0.125,0.2));
#3359=CARTESIAN_POINT('',(-0.8,0.125,0.2));
#3360=CARTESIAN_POINT('',(-0.8,0.125,0.));
#3361=CARTESIAN_POINT('Origin',(-0.825,0.125,0.));
#3362=CARTESIAN_POINT('',(-0.85,0.125,0.));
#3363=CARTESIAN_POINT('Origin',(-0.825,0.125,0.));
#3364=CARTESIAN_POINT('',(-0.85,0.125,0.2));
#3365=CARTESIAN_POINT('Origin',(-0.825,0.125,0.2));
#3366=CARTESIAN_POINT('',(-0.85,0.125,0.));
#3367=CARTESIAN_POINT('Origin',(-0.85,0.0499999999999998,0.));
#3368=CARTESIAN_POINT('',(-0.85,0.0499999999999998,0.));
#3369=CARTESIAN_POINT('',(-0.85,0.0499999999999998,0.));
#3370=CARTESIAN_POINT('',(-0.85,0.0499999999999999,0.2));
#3371=CARTESIAN_POINT('',(-0.85,0.0499999999999998,0.2));
#3372=CARTESIAN_POINT('',(-0.85,0.0499999999999998,0.));
#3373=CARTESIAN_POINT('Origin',(-0.886795774647887,0.05,0.));
#3374=CARTESIAN_POINT('',(-0.923533201189297,0.0520713577799803,0.));
#3375=CARTESIAN_POINT('Origin',(-0.886795774647887,0.05,0.));
#3376=CARTESIAN_POINT('',(-0.923533201189297,0.0520713577799803,0.2));
#3377=CARTESIAN_POINT('Origin',(-0.886795774647887,0.05,0.2));
#3378=CARTESIAN_POINT('',(-0.923533201189297,0.0520713577799803,0.));
#3379=CARTESIAN_POINT('Origin',(0.,0.,0.));
#3380=CARTESIAN_POINT('',(-0.825838892358286,0.416671481947637,0.));
#3381=CARTESIAN_POINT('Origin',(0.,0.,0.));
#3382=CARTESIAN_POINT('',(-0.825838892358286,0.416671481947637,0.2));
#3383=CARTESIAN_POINT('Origin',(0.,0.,0.2));
#3384=CARTESIAN_POINT('',(-0.825838892358286,0.416671481947637,0.));
#3385=CARTESIAN_POINT('Origin',(-0.792987668813771,0.400096617134721,0.));
#3386=CARTESIAN_POINT('',(-0.761121593216773,0.381698729810778,0.));
#3387=CARTESIAN_POINT('Origin',(-0.792987668813771,0.400096617134721,0.));
#3388=CARTESIAN_POINT('',(-0.761121593216773,0.381698729810778,0.2));
#3389=CARTESIAN_POINT('Origin',(-0.792987668813771,0.400096617134721,0.2));
#3390=CARTESIAN_POINT('',(-0.761121593216773,0.381698729810778,0.));
#3391=CARTESIAN_POINT('Origin',(-0.798621593216773,0.316746824526945,0.));
#3392=CARTESIAN_POINT('',(-0.798621593216773,0.316746824526945,0.));
#3393=CARTESIAN_POINT('',(-0.798621593216773,0.316746824526945,0.));
#3394=CARTESIAN_POINT('',(-0.798621593216773,0.316746824526945,0.2));
#3395=CARTESIAN_POINT('',(-0.798621593216773,0.316746824526945,0.2));
#3396=CARTESIAN_POINT('',(-0.798621593216773,0.316746824526945,0.));
#3397=CARTESIAN_POINT('Origin',(-0.776970958122162,0.304246824526945,0.));
#3398=CARTESIAN_POINT('',(-0.755320323027551,0.291746824526945,0.));
#3399=CARTESIAN_POINT('Origin',(-0.776970958122162,0.304246824526945,0.));
#3400=CARTESIAN_POINT('',(-0.755320323027551,0.291746824526945,0.2));
#3401=CARTESIAN_POINT('Origin',(-0.776970958122162,0.304246824526945,0.2));
#3402=CARTESIAN_POINT('',(-0.755320323027551,0.291746824526945,0.));
#3403=CARTESIAN_POINT('Origin',(-0.630320323027551,0.508253175473055,0.));
#3404=CARTESIAN_POINT('',(-0.630320323027551,0.508253175473055,0.));
#3405=CARTESIAN_POINT('',(-0.630320323027551,0.508253175473055,0.));
#3406=CARTESIAN_POINT('',(-0.630320323027551,0.508253175473055,0.2));
#3407=CARTESIAN_POINT('',(-0.630320323027551,0.508253175473055,0.2));
#3408=CARTESIAN_POINT('',(-0.630320323027551,0.508253175473055,0.));
#3409=CARTESIAN_POINT('Origin',(-0.651970958122162,0.520753175473055,0.));
#3410=CARTESIAN_POINT('',(-0.673621593216773,0.533253175473055,0.));
#3411=CARTESIAN_POINT('Origin',(-0.651970958122162,0.520753175473055,0.));
#3412=CARTESIAN_POINT('',(-0.673621593216773,0.533253175473055,0.2));
#3413=CARTESIAN_POINT('Origin',(-0.651970958122162,0.520753175473055,0.2));
#3414=CARTESIAN_POINT('',(-0.673621593216773,0.533253175473055,0.));
#3415=CARTESIAN_POINT('Origin',(-0.711121593216773,0.468301270189222,0.));
#3416=CARTESIAN_POINT('',(-0.711121593216773,0.468301270189222,0.));
#3417=CARTESIAN_POINT('',(-0.711121593216773,0.468301270189222,0.));
#3418=CARTESIAN_POINT('',(-0.711121593216773,0.468301270189222,0.2));
#3419=CARTESIAN_POINT('',(-0.711121593216773,0.468301270189222,0.2));
#3420=CARTESIAN_POINT('',(-0.711121593216773,0.468301270189222,0.));
#3421=CARTESIAN_POINT('Origin',(-0.742987668813771,0.486699157513166,0.));
#3422=CARTESIAN_POINT('',(-0.773767534578306,0.50686171924166,0.));
#3423=CARTESIAN_POINT('Origin',(-0.742987668813771,0.486699157513166,0.));
#3424=CARTESIAN_POINT('',(-0.773767534578306,0.50686171924166,0.2));
#3425=CARTESIAN_POINT('Origin',(-0.742987668813771,0.486699157513166,0.2));
#3426=CARTESIAN_POINT('',(-0.773767534578306,0.50686171924166,0.));
#3427=CARTESIAN_POINT('Origin',(0.,0.,0.));
#3428=CARTESIAN_POINT('',(-0.50686171924166,0.773767534578305,0.));
#3429=CARTESIAN_POINT('Origin',(0.,0.,0.));
#3430=CARTESIAN_POINT('',(-0.50686171924166,0.773767534578305,0.2));
#3431=CARTESIAN_POINT('Origin',(0.,0.,0.2));
#3432=CARTESIAN_POINT('',(-0.50686171924166,0.773767534578305,0.));
#3433=CARTESIAN_POINT('Origin',(-0.486699157513166,0.742987668813771,0.));
#3434=CARTESIAN_POINT('',(-0.468301270189222,0.711121593216773,0.));
#3435=CARTESIAN_POINT('Origin',(-0.486699157513166,0.742987668813771,0.));
#3436=CARTESIAN_POINT('',(-0.468301270189222,0.711121593216773,0.2));
#3437=CARTESIAN_POINT('Origin',(-0.486699157513166,0.742987668813771,0.2));
#3438=CARTESIAN_POINT('',(-0.468301270189222,0.711121593216773,0.));
#3439=CARTESIAN_POINT('Origin',(-0.533253175473055,0.673621593216773,0.));
#3440=CARTESIAN_POINT('',(-0.533253175473055,0.673621593216773,0.));
#3441=CARTESIAN_POINT('',(-0.533253175473055,0.673621593216773,0.));
#3442=CARTESIAN_POINT('',(-0.533253175473055,0.673621593216773,0.2));
#3443=CARTESIAN_POINT('',(-0.533253175473055,0.673621593216773,0.2));
#3444=CARTESIAN_POINT('',(-0.533253175473055,0.673621593216773,0.));
#3445=CARTESIAN_POINT('Origin',(-0.520753175473055,0.651970958122162,0.));
#3446=CARTESIAN_POINT('',(-0.508253175473055,0.630320323027551,0.));
#3447=CARTESIAN_POINT('Origin',(-0.520753175473055,0.651970958122162,0.));
#3448=CARTESIAN_POINT('',(-0.508253175473055,0.630320323027551,0.2));
#3449=CARTESIAN_POINT('Origin',(-0.520753175473055,0.651970958122162,0.2));
#3450=CARTESIAN_POINT('',(-0.508253175473055,0.630320323027551,0.));
#3451=CARTESIAN_POINT('Origin',(-0.291746824526945,0.755320323027551,0.));
#3452=CARTESIAN_POINT('',(-0.291746824526945,0.755320323027551,0.));
#3453=CARTESIAN_POINT('',(-0.291746824526945,0.755320323027551,0.));
#3454=CARTESIAN_POINT('',(-0.291746824526945,0.755320323027551,0.2));
#3455=CARTESIAN_POINT('',(-0.291746824526945,0.755320323027551,0.2));
#3456=CARTESIAN_POINT('',(-0.291746824526945,0.755320323027551,0.));
#3457=CARTESIAN_POINT('Origin',(-0.304246824526945,0.776970958122162,0.));
#3458=CARTESIAN_POINT('',(-0.316746824526945,0.798621593216773,0.));
#3459=CARTESIAN_POINT('Origin',(-0.304246824526945,0.776970958122162,0.));
#3460=CARTESIAN_POINT('',(-0.316746824526945,0.798621593216773,0.2));
#3461=CARTESIAN_POINT('Origin',(-0.304246824526945,0.776970958122162,0.2));
#3462=CARTESIAN_POINT('',(-0.316746824526945,0.798621593216773,0.));
#3463=CARTESIAN_POINT('Origin',(-0.381698729810778,0.761121593216773,0.));
#3464=CARTESIAN_POINT('',(-0.381698729810778,0.761121593216773,0.));
#3465=CARTESIAN_POINT('',(-0.381698729810778,0.761121593216773,0.));
#3466=CARTESIAN_POINT('',(-0.381698729810778,0.761121593216773,0.2));
#3467=CARTESIAN_POINT('',(-0.381698729810778,0.761121593216773,0.2));
#3468=CARTESIAN_POINT('',(-0.381698729810778,0.761121593216773,0.));
#3469=CARTESIAN_POINT('Origin',(-0.400096617134722,0.792987668813771,0.));
#3470=CARTESIAN_POINT('',(-0.416671481947637,0.825838892358286,0.));
#3471=CARTESIAN_POINT('Origin',(-0.400096617134722,0.792987668813771,0.));
#3472=CARTESIAN_POINT('',(-0.416671481947637,0.825838892358286,0.2));
#3473=CARTESIAN_POINT('Origin',(-0.400096617134722,0.792987668813771,0.2));
#3474=CARTESIAN_POINT('',(-0.416671481947637,0.825838892358286,0.));
#3475=CARTESIAN_POINT('Origin',(0.,0.,0.));
#3476=CARTESIAN_POINT('Origin',(0.,0.,0.));
#3477=CARTESIAN_POINT('Origin',(0.,0.,0.2));
#3478=CARTESIAN_POINT('Origin',(0.,0.,0.2));
#3479=CARTESIAN_POINT('Origin',(0.,0.,0.));
#3480=UNCERTAINTY_MEASURE_WITH_UNIT(LENGTH_MEASURE(0.000393700787401575),
#3486,'DISTANCE_ACCURACY_VALUE',
'Maximum model space distance between geometric entities at asserted c
onnectivities');
#3481=UNCERTAINTY_MEASURE_WITH_UNIT(LENGTH_MEASURE(0.000393700787401575),
#3486,'DISTANCE_ACCURACY_VALUE',
'Maximum model space distance between geometric entities at asserted c
onnectivities');
#3482=(
GEOMETRIC_REPRESENTATION_CONTEXT(3)
GLOBAL_UNCERTAINTY_ASSIGNED_CONTEXT((#3480))
GLOBAL_UNIT_ASSIGNED_CONTEXT((#3486,#3490,#3491))
REPRESENTATION_CONTEXT('','3D')
);
#3483=(
GEOMETRIC_REPRESENTATION_CONTEXT(3)
GLOBAL_UNCERTAINTY_ASSIGNED_CONTEXT((#3481))
GLOBAL_UNIT_ASSIGNED_CONTEXT((#3486,#3490,#3491))
REPRESENTATION_CONTEXT('','3D')
);
#3484=DIMENSIONAL_EXPONENTS(1.,0.,0.,0.,0.,0.,0.);
#3485=DIMENSIONAL_EXPONENTS(0.,1.,0.,0.,0.,0.,0.);
#3486=(
CONVERSION_BASED_UNIT('inch',#3489)
LENGTH_UNIT()
NAMED_UNIT(#3484)
);
#3487=(
LENGTH_UNIT()
NAMED_UNIT(*)
SI_UNIT(.MILLI.,.METRE.)
);
#3488=(
LENGTH_UNIT()
NAMED_UNIT(*)
SI_UNIT(.CENTI.,.METRE.)
);
#3489=LENGTH_MEASURE_WITH_UNIT(LENGTH_MEASURE(25.4),#3487);
#3490=(
NAMED_UNIT(*)
PLANE_ANGLE_UNIT()
SI_UNIT($,.RADIAN.)
);
#3491=(
NAMED_UNIT(*)
SI_UNIT($,.STERADIAN.)
SOLID_ANGLE_UNIT()
);
#3492=SHAPE_DEFINITION_REPRESENTATION(#3493,#3494);
#3493=PRODUCT_DEFINITION_SHAPE('',$,#3496);
#3494=SHAPE_REPRESENTATION('',(#2028),#3482);
#3495=PRODUCT_DEFINITION_CONTEXT('part definition',#3500,'design');
#3496=PRODUCT_DEFINITION('Sprocket','Sprocket',#3497,#3495);
#3497=PRODUCT_DEFINITION_FORMATION('',$,#3502);
#3498=PRODUCT_RELATED_PRODUCT_CATEGORY('Sprocket','Sprocket',(#3502));
#3499=APPLICATION_PROTOCOL_DEFINITION('international standard',
'automotive_design',2009,#3500);
#3500=APPLICATION_CONTEXT(
'Core Data for Automotive Mechanical Design Process');
#3501=PRODUCT_CONTEXT('part definition',#3500,'mechanical');
#3502=PRODUCT('Sprocket','Sprocket',$,(#3501));
#3503=PRESENTATION_STYLE_ASSIGNMENT((#3504));
#3504=SURFACE_STYLE_USAGE(.BOTH.,#3507);
#3505=SURFACE_STYLE_RENDERING_WITH_PROPERTIES($,#3511,(#3506));
#3506=SURFACE_STYLE_TRANSPARENT(0.);
#3507=SURFACE_SIDE_STYLE('',(#3508,#3505));
#3508=SURFACE_STYLE_FILL_AREA(#3509);
#3509=FILL_AREA_STYLE('',(#3510));
#3510=FILL_AREA_STYLE_COLOUR('',#3511);
#3511=COLOUR_RGB('',0.0196078431372549,0.0196078431372549,0.0196078431372549);
ENDSEC;
END-ISO-10303-21;
