ISO-10303-21;
HEADER;
/* Generated by software containing ST-Developer
 * from STEP Tools, Inc. (www.steptools.com) 
 */

FILE_DESCRIPTION(
/* description */ (''),
/* implementation_level */ '2;1');

FILE_NAME(
/* name */ 'OverTopRigidSup_MIR.stp',
/* time_stamp */ '2025-09-29T15:46:06-04:00',
/* author */ ('Teddy'),
/* organization */ (''),
/* preprocessor_version */ 'ST-DEVELOPER v20.1',
/* originating_system */ 'Autodesk Inventor 2026',
/* authorisation */ '');

FILE_SCHEMA (('AUTOMOTIVE_DESIGN { 1 0 10303 214 3 1 1 }'));
ENDSEC;

DATA;
#10=MECHANICAL_DESIGN_GEOMETRIC_PRESENTATION_REPRESENTATION('',(#840,#841,
#842,#843,#844,#845,#846,#847,#848,#849,#850,#851,#852,#853,#854,#855,#856,
#857,#858,#859,#860,#861,#862,#863,#864,#865,#866,#867,#868,#869,#870,#871,
#872,#873,#874,#875,#876,#877,#878,#879,#880,#881,#882,#883,#884,#885,#886,
#887,#888,#889,#890,#891),#2482);
#11=SHAPE_REPRESENTATION_RELATIONSHIP('SRR','None',#2493,#12);
#12=ADVANCED_BREP_SHAPE_REPRESENTATION('',(#13),#2481);
#13=MANIFOLD_SOLID_BREP('Solid1',#943);
#14=ELLIPSE('',#1029,0.359119236863849,0.25);
#15=ELLIPSE('',#1030,0.414839277655423,0.325);
#16=FACE_BOUND('',#225,.T.);
#17=FACE_BOUND('',#226,.T.);
#18=FACE_BOUND('',#227,.T.);
#19=FACE_BOUND('',#228,.T.);
#20=FACE_BOUND('',#230,.T.);
#21=FACE_BOUND('',#231,.T.);
#22=FACE_BOUND('',#254,.T.);
#23=FACE_BOUND('',#255,.T.);
#24=FACE_BOUND('',#262,.T.);
#25=FACE_BOUND('',#263,.T.);
#26=FACE_BOUND('',#264,.T.);
#27=FACE_BOUND('',#265,.T.);
#28=PLANE('',#993);
#29=PLANE('',#994);
#30=PLANE('',#1001);
#31=PLANE('',#1044);
#32=PLANE('',#1046);
#33=PLANE('',#1048);
#34=PLANE('',#1049);
#35=PLANE('',#1053);
#36=PLANE('',#1059);
#37=TOROIDAL_SURFACE('',#973,0.125,0.075);
#38=TOROIDAL_SURFACE('',#979,0.125,0.075);
#39=TOROIDAL_SURFACE('',#985,0.325,0.075);
#40=TOROIDAL_SURFACE('',#1014,1.75666666666667,0.075);
#41=TOROIDAL_SURFACE('',#1018,0.175,0.075);
#42=TOROIDAL_SURFACE('',#1033,0.125,0.075);
#43=TOROIDAL_SURFACE('',#1039,0.125,0.075);
#44=TOROIDAL_SURFACE('',#1057,0.5,0.25);
#45=LINE('',#2003,#90);
#46=LINE('',#2006,#91);
#47=LINE('',#2035,#92);
#48=LINE('',#2037,#93);
#49=LINE('',#2040,#94);
#50=LINE('',#2051,#95);
#51=LINE('',#2052,#96);
#52=LINE('',#2063,#97);
#53=LINE('',#2064,#98);
#54=LINE('',#2067,#99);
#55=LINE('',#2077,#100);
#56=LINE('',#2080,#101);
#57=LINE('',#2083,#102);
#58=LINE('',#2084,#103);
#59=LINE('',#2086,#104);
#60=LINE('',#2102,#105);
#61=LINE('',#2109,#106);
#62=LINE('',#2116,#107);
#63=LINE('',#2209,#108);
#64=LINE('',#2210,#109);
#65=LINE('',#2272,#110);
#66=LINE('',#2273,#111);
#67=LINE('',#2321,#112);
#68=LINE('',#2404,#113);
#69=LINE('',#2407,#114);
#70=LINE('',#2415,#115);
#71=LINE('',#2417,#116);
#72=LINE('',#2420,#117);
#73=LINE('',#2428,#118);
#74=LINE('',#2429,#119);
#75=LINE('',#2431,#120);
#76=LINE('',#2433,#121);
#77=LINE('',#2435,#122);
#78=LINE('',#2437,#123);
#79=LINE('',#2440,#124);
#80=LINE('',#2446,#125);
#81=LINE('',#2447,#126);
#82=LINE('',#2450,#127);
#83=LINE('',#2456,#128);
#84=LINE('',#2467,#129);
#85=LINE('',#2469,#130);
#86=LINE('',#2472,#131);
#87=LINE('',#2474,#132);
#88=LINE('',#2476,#133);
#89=LINE('',#2478,#134);
#90=VECTOR('',#1087,0.393700787401575);
#91=VECTOR('',#1090,0.393700787401575);
#92=VECTOR('',#1101,0.393700787401575);
#93=VECTOR('',#1102,0.393700787401575);
#94=VECTOR('',#1105,0.393700787401575);
#95=VECTOR('',#1118,0.393700787401575);
#96=VECTOR('',#1119,0.393700787401575);
#97=VECTOR('',#1132,0.393700787401575);
#98=VECTOR('',#1133,0.393700787401575);
#99=VECTOR('',#1136,0.393700787401575);
#100=VECTOR('',#1137,0.393700787401575);
#101=VECTOR('',#1140,0.393700787401575);
#102=VECTOR('',#1143,0.393700787401575);
#103=VECTOR('',#1144,0.393700787401575);
#104=VECTOR('',#1147,0.393700787401575);
#105=VECTOR('',#1164,0.393700787401575);
#106=VECTOR('',#1171,0.393700787401575);
#107=VECTOR('',#1178,0.176776695296637);
#108=VECTOR('',#1187,0.393700787401575);
#109=VECTOR('',#1188,0.393700787401575);
#110=VECTOR('',#1211,0.393700787401575);
#111=VECTOR('',#1212,0.393700787401575);
#112=VECTOR('',#1219,0.393700787401575);
#113=VECTOR('',#1230,0.393700787401575);
#114=VECTOR('',#1233,0.393700787401575);
#115=VECTOR('',#1244,0.393700787401575);
#116=VECTOR('',#1245,0.393700787401575);
#117=VECTOR('',#1248,0.393700787401575);
#118=VECTOR('',#1259,0.393700787401575);
#119=VECTOR('',#1260,0.393700787401575);
#120=VECTOR('',#1263,0.393700787401575);
#121=VECTOR('',#1266,0.393700787401575);
#122=VECTOR('',#1269,0.393700787401575);
#123=VECTOR('',#1272,0.393700787401575);
#124=VECTOR('',#1277,0.393700787401575);
#125=VECTOR('',#1284,0.393700787401575);
#126=VECTOR('',#1285,0.393700787401575);
#127=VECTOR('',#1288,0.393700787401575);
#128=VECTOR('',#1299,0.393700787401575);
#129=VECTOR('',#1312,0.09);
#130=VECTOR('',#1315,0.09);
#131=VECTOR('',#1320,0.086000000000001);
#132=VECTOR('',#1323,0.086);
#133=VECTOR('',#1326,0.086);
#134=VECTOR('',#1329,0.086);
#135=CYLINDRICAL_SURFACE('',#970,0.075);
#136=CYLINDRICAL_SURFACE('',#977,0.075);
#137=CYLINDRICAL_SURFACE('',#983,0.075);
#138=CYLINDRICAL_SURFACE('',#989,0.075);
#139=CYLINDRICAL_SURFACE('',#991,0.25);
#140=CYLINDRICAL_SURFACE('',#1008,0.176776695296637);
#141=CYLINDRICAL_SURFACE('',#1012,0.075);
#142=CYLINDRICAL_SURFACE('',#1022,0.075);
#143=CYLINDRICAL_SURFACE('',#1025,0.075);
#144=CYLINDRICAL_SURFACE('',#1031,0.075);
#145=CYLINDRICAL_SURFACE('',#1037,0.075);
#146=CYLINDRICAL_SURFACE('',#1043,0.075);
#147=CYLINDRICAL_SURFACE('',#1045,0.2);
#148=CYLINDRICAL_SURFACE('',#1047,0.2);
#149=CYLINDRICAL_SURFACE('',#1052,0.25);
#150=CYLINDRICAL_SURFACE('',#1055,0.25);
#151=CYLINDRICAL_SURFACE('',#1058,0.25);
#152=CYLINDRICAL_SURFACE('',#1064,0.09);
#153=CYLINDRICAL_SURFACE('',#1065,0.09);
#154=CYLINDRICAL_SURFACE('',#1066,1.68166666666667);
#155=CYLINDRICAL_SURFACE('',#1067,0.086000000000001);
#156=CYLINDRICAL_SURFACE('',#1068,0.086);
#157=CYLINDRICAL_SURFACE('',#1069,0.086);
#158=CYLINDRICAL_SURFACE('',#1070,0.086);
#159=FACE_OUTER_BOUND('',#210,.T.);
#160=FACE_OUTER_BOUND('',#211,.T.);
#161=FACE_OUTER_BOUND('',#212,.T.);
#162=FACE_OUTER_BOUND('',#213,.T.);
#163=FACE_OUTER_BOUND('',#214,.T.);
#164=FACE_OUTER_BOUND('',#215,.T.);
#165=FACE_OUTER_BOUND('',#216,.T.);
#166=FACE_OUTER_BOUND('',#217,.T.);
#167=FACE_OUTER_BOUND('',#218,.T.);
#168=FACE_OUTER_BOUND('',#219,.T.);
#169=FACE_OUTER_BOUND('',#220,.T.);
#170=FACE_OUTER_BOUND('',#221,.T.);
#171=FACE_OUTER_BOUND('',#222,.T.);
#172=FACE_OUTER_BOUND('',#223,.T.);
#173=FACE_OUTER_BOUND('',#224,.T.);
#174=FACE_OUTER_BOUND('',#229,.T.);
#175=FACE_OUTER_BOUND('',#232,.T.);
#176=FACE_OUTER_BOUND('',#233,.T.);
#177=FACE_OUTER_BOUND('',#234,.T.);
#178=FACE_OUTER_BOUND('',#235,.T.);
#179=FACE_OUTER_BOUND('',#236,.T.);
#180=FACE_OUTER_BOUND('',#237,.T.);
#181=FACE_OUTER_BOUND('',#238,.T.);
#182=FACE_OUTER_BOUND('',#239,.T.);
#183=FACE_OUTER_BOUND('',#240,.T.);
#184=FACE_OUTER_BOUND('',#241,.T.);
#185=FACE_OUTER_BOUND('',#242,.T.);
#186=FACE_OUTER_BOUND('',#243,.T.);
#187=FACE_OUTER_BOUND('',#244,.T.);
#188=FACE_OUTER_BOUND('',#245,.T.);
#189=FACE_OUTER_BOUND('',#246,.T.);
#190=FACE_OUTER_BOUND('',#247,.T.);
#191=FACE_OUTER_BOUND('',#248,.T.);
#192=FACE_OUTER_BOUND('',#249,.T.);
#193=FACE_OUTER_BOUND('',#250,.T.);
#194=FACE_OUTER_BOUND('',#251,.T.);
#195=FACE_OUTER_BOUND('',#252,.T.);
#196=FACE_OUTER_BOUND('',#253,.T.);
#197=FACE_OUTER_BOUND('',#256,.T.);
#198=FACE_OUTER_BOUND('',#257,.T.);
#199=FACE_OUTER_BOUND('',#258,.T.);
#200=FACE_OUTER_BOUND('',#259,.T.);
#201=FACE_OUTER_BOUND('',#260,.T.);
#202=FACE_OUTER_BOUND('',#261,.T.);
#203=FACE_OUTER_BOUND('',#266,.T.);
#204=FACE_OUTER_BOUND('',#267,.T.);
#205=FACE_OUTER_BOUND('',#268,.T.);
#206=FACE_OUTER_BOUND('',#269,.T.);
#207=FACE_OUTER_BOUND('',#270,.T.);
#208=FACE_OUTER_BOUND('',#271,.T.);
#209=FACE_OUTER_BOUND('',#272,.T.);
#210=EDGE_LOOP('',(#568,#569,#570,#571));
#211=EDGE_LOOP('',(#572,#573,#574,#575));
#212=EDGE_LOOP('',(#576,#577,#578,#579,#580));
#213=EDGE_LOOP('',(#581,#582,#583,#584));
#214=EDGE_LOOP('',(#585,#586,#587,#588));
#215=EDGE_LOOP('',(#589,#590,#591,#592));
#216=EDGE_LOOP('',(#593,#594,#595,#596));
#217=EDGE_LOOP('',(#597,#598,#599,#600,#601,#602));
#218=EDGE_LOOP('',(#603,#604,#605,#606));
#219=EDGE_LOOP('',(#607,#608,#609,#610));
#220=EDGE_LOOP('',(#611,#612,#613,#614));
#221=EDGE_LOOP('',(#615,#616,#617,#618));
#222=EDGE_LOOP('',(#619,#620,#621,#622,#623,#624));
#223=EDGE_LOOP('',(#625,#626,#627,#628));
#224=EDGE_LOOP('',(#629,#630,#631,#632,#633,#634,#635,#636,#637,#638,#639));
#225=EDGE_LOOP('',(#640));
#226=EDGE_LOOP('',(#641));
#227=EDGE_LOOP('',(#642));
#228=EDGE_LOOP('',(#643));
#229=EDGE_LOOP('',(#644,#645,#646,#647,#648,#649,#650,#651,#652,#653));
#230=EDGE_LOOP('',(#654));
#231=EDGE_LOOP('',(#655));
#232=EDGE_LOOP('',(#656,#657,#658,#659,#660,#661,#662,#663));
#233=EDGE_LOOP('',(#664,#665,#666,#667));
#234=EDGE_LOOP('',(#668,#669,#670,#671,#672));
#235=EDGE_LOOP('',(#673,#674,#675,#676,#677));
#236=EDGE_LOOP('',(#678,#679,#680,#681));
#237=EDGE_LOOP('',(#682,#683,#684,#685));
#238=EDGE_LOOP('',(#686,#687,#688,#689));
#239=EDGE_LOOP('',(#690,#691,#692,#693));
#240=EDGE_LOOP('',(#694,#695,#696,#697));
#241=EDGE_LOOP('',(#698,#699,#700,#701));
#242=EDGE_LOOP('',(#702,#703,#704,#705));
#243=EDGE_LOOP('',(#706,#707,#708,#709));
#244=EDGE_LOOP('',(#710,#711,#712,#713));
#245=EDGE_LOOP('',(#714,#715,#716,#717,#718,#719));
#246=EDGE_LOOP('',(#720,#721,#722,#723));
#247=EDGE_LOOP('',(#724,#725,#726,#727,#728));
#248=EDGE_LOOP('',(#729,#730,#731,#732,#733));
#249=EDGE_LOOP('',(#734,#735,#736,#737));
#250=EDGE_LOOP('',(#738,#739,#740,#741));
#251=EDGE_LOOP('',(#742,#743,#744,#745));
#252=EDGE_LOOP('',(#746,#747,#748,#749,#750,#751,#752));
#253=EDGE_LOOP('',(#753,#754,#755,#756,#757,#758));
#254=EDGE_LOOP('',(#759));
#255=EDGE_LOOP('',(#760));
#256=EDGE_LOOP('',(#761,#762,#763,#764));
#257=EDGE_LOOP('',(#765,#766,#767,#768,#769));
#258=EDGE_LOOP('',(#770,#771,#772,#773));
#259=EDGE_LOOP('',(#774,#775,#776,#777));
#260=EDGE_LOOP('',(#778,#779,#780,#781,#782,#783,#784));
#261=EDGE_LOOP('',(#785,#786,#787,#788,#789,#790,#791,#792,#793,#794));
#262=EDGE_LOOP('',(#795));
#263=EDGE_LOOP('',(#796));
#264=EDGE_LOOP('',(#797));
#265=EDGE_LOOP('',(#798));
#266=EDGE_LOOP('',(#799,#800,#801,#802));
#267=EDGE_LOOP('',(#803,#804,#805,#806));
#268=EDGE_LOOP('',(#807,#808,#809,#810,#811,#812,#813));
#269=EDGE_LOOP('',(#814,#815,#816,#817));
#270=EDGE_LOOP('',(#818,#819,#820,#821));
#271=EDGE_LOOP('',(#822,#823,#824,#825));
#272=EDGE_LOOP('',(#826,#827,#828,#829));
#273=CIRCLE('',#965,0.075);
#274=CIRCLE('',#966,0.075);
#275=CIRCLE('',#967,0.075);
#276=CIRCLE('',#968,0.075);
#277=CIRCLE('',#969,0.0750000000000005);
#278=CIRCLE('',#971,0.075);
#279=CIRCLE('',#972,0.075);
#280=CIRCLE('',#974,0.075);
#281=CIRCLE('',#975,0.125);
#282=CIRCLE('',#976,0.2);
#283=CIRCLE('',#978,0.075);
#284=CIRCLE('',#980,0.075);
#285=CIRCLE('',#981,0.125);
#286=CIRCLE('',#982,0.2);
#287=CIRCLE('',#984,0.075);
#288=CIRCLE('',#986,0.0750000000000024);
#289=CIRCLE('',#987,0.325);
#290=CIRCLE('',#988,0.25);
#291=CIRCLE('',#990,0.075);
#292=CIRCLE('',#992,0.25);
#293=CIRCLE('',#995,0.176776695296637);
#294=CIRCLE('',#996,0.176776695296637);
#295=CIRCLE('',#997,0.086000000000001);
#296=CIRCLE('',#998,0.086);
#297=CIRCLE('',#999,0.086);
#298=CIRCLE('',#1000,0.086);
#299=CIRCLE('',#1002,0.25);
#300=CIRCLE('',#1003,0.25);
#301=CIRCLE('',#1004,1.68166666666667);
#302=CIRCLE('',#1005,0.075);
#303=CIRCLE('',#1006,0.09);
#304=CIRCLE('',#1007,0.09);
#305=CIRCLE('',#1009,0.176776695296637);
#306=CIRCLE('',#1010,0.176776695296637);
#307=CIRCLE('',#1011,0.0750000000000005);
#308=CIRCLE('',#1013,0.075);
#309=CIRCLE('',#1015,0.0749999999999999);
#310=CIRCLE('',#1016,1.75666666666667);
#311=CIRCLE('',#1017,1.68166666666667);
#312=CIRCLE('',#1019,0.0750000000000001);
#313=CIRCLE('',#1020,0.175);
#314=CIRCLE('',#1021,0.25);
#315=CIRCLE('',#1023,0.0750000000000001);
#316=CIRCLE('',#1024,0.075);
#317=CIRCLE('',#1026,0.0749999999999994);
#318=CIRCLE('',#1027,0.075);
#319=CIRCLE('',#1028,0.075);
#320=CIRCLE('',#1032,0.075);
#321=CIRCLE('',#1034,0.075);
#322=CIRCLE('',#1035,0.125);
#323=CIRCLE('',#1036,0.2);
#324=CIRCLE('',#1038,0.075);
#325=CIRCLE('',#1040,0.075);
#326=CIRCLE('',#1041,0.125);
#327=CIRCLE('',#1042,0.2);
#328=CIRCLE('',#1050,0.09);
#329=CIRCLE('',#1051,0.09);
#330=CIRCLE('',#1054,0.5);
#331=CIRCLE('',#1056,0.25);
#332=CIRCLE('',#1060,0.086000000000001);
#333=CIRCLE('',#1061,0.086);
#334=CIRCLE('',#1062,0.086);
#335=CIRCLE('',#1063,0.086);
#336=B_SPLINE_CURVE_WITH_KNOTS('',3,(#1423,#1424,#1425,#1426,#1427,#1428,
#1429,#1430,#1431,#1432,#1433,#1434,#1435,#1436,#1437),.UNSPECIFIED.,.F.,
 .F.,(4,1,1,1,1,1,1,1,1,1,1,1,4),(0.,0.0833333333333333,0.166666666666667,
0.25,0.333333333333333,0.416666666666667,0.5,0.583333333333333,0.666666666666667,
0.75,0.833333333333333,0.916666666666667,1.),.UNSPECIFIED.);
#337=B_SPLINE_CURVE_WITH_KNOTS('',3,(#1439,#1440,#1441,#1442,#1443,#1444),
 .UNSPECIFIED.,.F.,.F.,(4,1,1,4),(0.,0.333333333333333,0.666666666666667,
1.),.UNSPECIFIED.);
#338=B_SPLINE_CURVE_WITH_KNOTS('',3,(#1446,#1447,#1448,#1449,#1450,#1451,
#1452,#1453,#1454,#1455,#1456,#1457,#1458,#1459,#1460,#1461),
 .UNSPECIFIED.,.F.,.F.,(4,3,3,3,3,4),(0.,0.0874287388336301,0.174978065226082,
0.27539695774877,0.378662966839005,0.500000000000022),.UNSPECIFIED.);
#339=B_SPLINE_CURVE_WITH_KNOTS('',3,(#1556,#1557,#1558,#1559,#1560,#1561,
#1562,#1563,#1564,#1565,#1566,#1567,#1568,#1569,#1570,#1571,#1572,#1573,
#1574,#1575,#1576,#1577,#1578,#1579,#1580,#1581,#1582,#1583,#1584,#1585,
#1586,#1587,#1588,#1589,#1590,#1591,#1592,#1593,#1594,#1595,#1596,#1597,
#1598,#1599,#1600,#1601,#1602,#1603,#1604,#1605,#1606,#1607),
 .UNSPECIFIED.,.F.,.F.,(4,3,3,3,3,3,3,3,3,3,3,3,3,3,3,3,3,4),(0.0952393081639906,
0.162055536740205,0.217512995517867,0.266778860009281,0.319036553653268,
0.374804465166954,0.452953907021085,0.50912025092846,0.558643360451189,
0.605420496815596,0.666142856479265,0.720834783042998,0.768526405761705,
0.814950032387975,0.871799304967476,0.92828843628695,0.970722618299875,
1.),.UNSPECIFIED.);
#340=B_SPLINE_CURVE_WITH_KNOTS('',3,(#1608,#1609,#1610,#1611,#1612,#1613),
 .UNSPECIFIED.,.F.,.F.,(4,1,1,4),(0.,0.333333333333333,0.666666666666667,
1.),.UNSPECIFIED.);
#341=B_SPLINE_CURVE_WITH_KNOTS('',3,(#1699,#1700,#1701,#1702,#1703,#1704,
#1705),.UNSPECIFIED.,.F.,.F.,(4,3,4),(0.,0.0444652307638247,0.0952393081639906),
 .UNSPECIFIED.);
#342=B_SPLINE_CURVE_WITH_KNOTS('',3,(#1707,#1708,#1709,#1710,#1711,#1712,
#1713,#1714,#1715,#1716,#1717,#1718,#1719,#1720,#1721,#1722,#1723,#1724,
#1725,#1726,#1727,#1728,#1729,#1730,#1731,#1732,#1733,#1734,#1735,#1736,
#1737,#1738,#1739,#1740,#1741,#1742,#1743,#1744,#1745,#1746,#1747,#1748,
#1749,#1750,#1751,#1752,#1753,#1754,#1755,#1756,#1757,#1758,#1759,#1760,
#1761,#1762,#1763,#1764,#1765,#1766,#1767),.UNSPECIFIED.,.F.,.F.,(4,3,3,
3,3,3,3,3,3,3,3,3,3,3,3,3,3,3,3,3,4),(0.,0.0459232195867173,0.0958921793230354,
0.154874340916107,0.230347682999929,0.282685743649127,0.333639049978956,
0.384826055311323,0.443274435689222,0.521714260250456,0.581499977719149,
0.632479889547663,0.678419903354205,0.721354697727398,0.777412721722324,
0.816852587853025,0.858751112948703,0.904951867520398,0.952475933760199,
0.986567380255951,1.),.UNSPECIFIED.);
#343=B_SPLINE_CURVE_WITH_KNOTS('',3,(#1770,#1771,#1772,#1773,#1774,#1775,
#1776,#1777,#1778,#1779,#1780,#1781,#1782,#1783),.UNSPECIFIED.,.F.,.F.,
(4,1,1,1,1,1,1,1,1,1,1,4),(0.,0.0909090909090909,0.181818181818182,0.272727272727273,
0.363636363636364,0.454545454545455,0.545454545454545,0.636363636363636,
0.727272727272727,0.818181818181818,0.909090909090909,1.),.UNSPECIFIED.);
#344=B_SPLINE_CURVE_WITH_KNOTS('',3,(#1871,#1872,#1873,#1874,#1875,#1876,
#1877,#1878,#1879,#1880,#1881,#1882,#1883,#1884,#1885,#1886,#1887,#1888,
#1889,#1890,#1891,#1892,#1893,#1894,#1895,#1896,#1897,#1898,#1899,#1900,
#1901),.UNSPECIFIED.,.F.,.F.,(4,3,3,3,3,3,3,3,3,3,4),(0.5,0.545874907708059,
0.594848712402358,0.649284956028629,0.721182637567209,0.790886978175407,
0.843165233631555,0.890551019891607,0.935671693207553,0.978344721927025,
1.),.UNSPECIFIED.);
#345=B_SPLINE_CURVE_WITH_KNOTS('',3,(#1902,#1903,#1904,#1905,#1906,#1907),
 .UNSPECIFIED.,.F.,.F.,(4,1,1,4),(0.,0.333333333333333,0.666666666666667,
1.),.UNSPECIFIED.);
#346=B_SPLINE_CURVE_WITH_KNOTS('',3,(#1957,#1958,#1959,#1960,#1961,#1962,
#1963,#1964,#1965,#1966,#1967,#1968,#1969,#1970,#1971,#1972,#1973,#1974,
#1975,#1976,#1977,#1978,#1979,#1980,#1981,#1982,#1983,#1984,#1985,#1986,
#1987),.UNSPECIFIED.,.F.,.F.,(4,3,3,3,3,3,3,3,3,3,4),(0.,0.0426340554393104,
0.0871610595012389,0.134216304531027,0.187606488743405,0.25080473410335,
0.322530541656485,0.378383230581176,0.428916019912864,0.475058107066886,
0.5),.UNSPECIFIED.);
#347=B_SPLINE_CURVE_WITH_KNOTS('',3,(#1990,#1991,#1992,#1993,#1994,#1995,
#1996,#1997),.UNSPECIFIED.,.F.,.F.,(4,1,1,1,1,4),(0.,0.2,0.4,0.6,0.8,1.),
 .UNSPECIFIED.);
#348=B_SPLINE_CURVE_WITH_KNOTS('',3,(#2016,#2017,#2018,#2019,#2020,#2021,
#2022,#2023,#2024,#2025,#2026,#2027,#2028,#2029,#2030,#2031,#2032,#2033,
#2034),.UNSPECIFIED.,.F.,.F.,(4,2,2,2,3,2,2,2,4),(2.38899352026157,2.40368277356548,
2.52092065813,2.63815854269453,2.75539642725906,2.87263431182359,2.98987219638811,
3.10711008095264,3.12179933425655),.UNSPECIFIED.);
#349=B_SPLINE_CURVE_WITH_KNOTS('',3,(#2069,#2070,#2071,#2072,#2073,#2074,
#2075),.UNSPECIFIED.,.F.,.F.,(4,1,1,1,4),(0.,0.278941925357345,0.418412888036017,
0.697354813393362,0.976296738750706),.UNSPECIFIED.);
#350=B_SPLINE_CURVE_WITH_KNOTS('',3,(#2120,#2121,#2122,#2123,#2124,#2125,
#2126,#2127,#2128,#2129,#2130,#2131,#2132,#2133,#2134,#2135,#2136,#2137),
 .UNSPECIFIED.,.F.,.F.,(4,2,2,2,2,2,2,2,4),(1.01129530663203,1.02598455993595,
1.14322244450047,1.260460329065,1.37769821362953,1.49493609819406,1.61217398275858,
1.72941186732311,1.74410112062702),.UNSPECIFIED.);
#351=B_SPLINE_CURVE_WITH_KNOTS('',3,(#2189,#2190,#2191,#2192,#2193,#2194,
#2195,#2196,#2197,#2198,#2199,#2200,#2201,#2202,#2203,#2204,#2205,#2206,
#2207),.UNSPECIFIED.,.F.,.F.,(4,3,3,3,3,3,4),(0.500000000000022,0.625000000000017,
0.724090384579057,0.818982426622894,0.909491213311447,0.991967934490862,
1.),.UNSPECIFIED.);
#352=B_SPLINE_CURVE_WITH_KNOTS('',3,(#2242,#2243,#2244,#2245,#2246,#2247),
 .UNSPECIFIED.,.F.,.F.,(4,1,1,4),(-2.88390041591721,-2.15678670388465,-1.4296729918521,
-0.339002423803271),.UNSPECIFIED.);
#353=B_SPLINE_CURVE_WITH_KNOTS('',3,(#2250,#2251,#2252,#2253,#2254,#2255),
 .UNSPECIFIED.,.F.,.F.,(4,1,1,4),(0.339002423803271,1.4296729918521,2.15678670388465,
2.88390041591721),.UNSPECIFIED.);
#354=B_SPLINE_CURVE_WITH_KNOTS('',3,(#2306,#2307,#2308,#2309,#2310,#2311),
 .UNSPECIFIED.,.F.,.F.,(4,1,1,4),(7.40371651420496E-18,0.199525863292842,
0.399051726585684,0.698340521524948),.UNSPECIFIED.);
#355=B_SPLINE_CURVE_WITH_KNOTS('',3,(#2312,#2313,#2314,#2315,#2316,#2317),
 .UNSPECIFIED.,.F.,.F.,(4,1,1,4),(-0.698340521524948,-0.399051726585684,
-0.199525863292842,-7.40371651420496E-18),.UNSPECIFIED.);
#356=B_SPLINE_CURVE_WITH_KNOTS('',3,(#2366,#2367,#2368,#2369,#2370,#2371,
#2372),.UNSPECIFIED.,.F.,.F.,(4,1,1,1,4),(-0.976296738750706,-0.697354813393362,
-0.418412888036017,-0.278941925357345,0.),.UNSPECIFIED.);
#357=VERTEX_POINT('',#1421);
#358=VERTEX_POINT('',#1422);
#359=VERTEX_POINT('',#1438);
#360=VERTEX_POINT('',#1445);
#361=VERTEX_POINT('',#1553);
#362=VERTEX_POINT('',#1555);
#363=VERTEX_POINT('',#1698);
#364=VERTEX_POINT('',#1706);
#365=VERTEX_POINT('',#1768);
#366=VERTEX_POINT('',#1868);
#367=VERTEX_POINT('',#1870);
#368=VERTEX_POINT('',#1956);
#369=VERTEX_POINT('',#1988);
#370=VERTEX_POINT('',#1999);
#371=VERTEX_POINT('',#2000);
#372=VERTEX_POINT('',#2002);
#373=VERTEX_POINT('',#2004);
#374=VERTEX_POINT('',#2008);
#375=VERTEX_POINT('',#2009);
#376=VERTEX_POINT('',#2014);
#377=VERTEX_POINT('',#2015);
#378=VERTEX_POINT('',#2036);
#379=VERTEX_POINT('',#2038);
#380=VERTEX_POINT('',#2042);
#381=VERTEX_POINT('',#2043);
#382=VERTEX_POINT('',#2048);
#383=VERTEX_POINT('',#2049);
#384=VERTEX_POINT('',#2054);
#385=VERTEX_POINT('',#2055);
#386=VERTEX_POINT('',#2060);
#387=VERTEX_POINT('',#2061);
#388=VERTEX_POINT('',#2066);
#389=VERTEX_POINT('',#2068);
#390=VERTEX_POINT('',#2076);
#391=VERTEX_POINT('',#2078);
#392=VERTEX_POINT('',#2082);
#393=VERTEX_POINT('',#2087);
#394=VERTEX_POINT('',#2090);
#395=VERTEX_POINT('',#2092);
#396=VERTEX_POINT('',#2094);
#397=VERTEX_POINT('',#2096);
#398=VERTEX_POINT('',#2099);
#399=VERTEX_POINT('',#2101);
#400=VERTEX_POINT('',#2103);
#401=VERTEX_POINT('',#2105);
#402=VERTEX_POINT('',#2107);
#403=VERTEX_POINT('',#2110);
#404=VERTEX_POINT('',#2112);
#405=VERTEX_POINT('',#2115);
#406=VERTEX_POINT('',#2117);
#407=VERTEX_POINT('',#2119);
#408=VERTEX_POINT('',#2187);
#409=VERTEX_POINT('',#2241);
#410=VERTEX_POINT('',#2248);
#411=VERTEX_POINT('',#2257);
#412=VERTEX_POINT('',#2258);
#413=VERTEX_POINT('',#2263);
#414=VERTEX_POINT('',#2264);
#415=VERTEX_POINT('',#2269);
#416=VERTEX_POINT('',#2270);
#417=VERTEX_POINT('',#2304);
#418=VERTEX_POINT('',#2319);
#419=VERTEX_POINT('',#2364);
#420=VERTEX_POINT('',#2397);
#421=VERTEX_POINT('',#2398);
#422=VERTEX_POINT('',#2403);
#423=VERTEX_POINT('',#2405);
#424=VERTEX_POINT('',#2409);
#425=VERTEX_POINT('',#2410);
#426=VERTEX_POINT('',#2416);
#427=VERTEX_POINT('',#2418);
#428=VERTEX_POINT('',#2422);
#429=VERTEX_POINT('',#2423);
#430=VERTEX_POINT('',#2441);
#431=VERTEX_POINT('',#2443);
#432=VERTEX_POINT('',#2449);
#433=VERTEX_POINT('',#2458);
#434=VERTEX_POINT('',#2460);
#435=VERTEX_POINT('',#2462);
#436=VERTEX_POINT('',#2464);
#437=EDGE_CURVE('',#357,#358,#336,.T.);
#438=EDGE_CURVE('',#357,#359,#337,.T.);
#439=EDGE_CURVE('',#360,#359,#338,.T.);
#440=EDGE_CURVE('',#360,#358,#273,.T.);
#441=EDGE_CURVE('',#358,#361,#274,.T.);
#442=EDGE_CURVE('',#362,#361,#339,.T.);
#443=EDGE_CURVE('',#357,#362,#340,.T.);
#444=EDGE_CURVE('',#363,#362,#341,.T.);
#445=EDGE_CURVE('',#364,#363,#342,.T.);
#446=EDGE_CURVE('',#364,#365,#275,.T.);
#447=EDGE_CURVE('',#357,#365,#343,.T.);
#448=EDGE_CURVE('',#365,#366,#276,.T.);
#449=EDGE_CURVE('',#367,#366,#344,.T.);
#450=EDGE_CURVE('',#357,#367,#345,.T.);
#451=EDGE_CURVE('',#368,#367,#346,.T.);
#452=EDGE_CURVE('',#368,#369,#277,.T.);
#453=EDGE_CURVE('',#357,#369,#347,.T.);
#454=EDGE_CURVE('',#370,#371,#278,.T.);
#455=EDGE_CURVE('',#372,#370,#45,.T.);
#456=EDGE_CURVE('',#373,#372,#279,.T.);
#457=EDGE_CURVE('',#371,#373,#46,.T.);
#458=EDGE_CURVE('',#374,#375,#280,.T.);
#459=EDGE_CURVE('',#373,#374,#281,.T.);
#460=EDGE_CURVE('',#375,#372,#282,.T.);
#461=EDGE_CURVE('',#376,#377,#348,.T.);
#462=EDGE_CURVE('',#374,#376,#47,.T.);
#463=EDGE_CURVE('',#378,#375,#48,.T.);
#464=EDGE_CURVE('',#379,#378,#283,.T.);
#465=EDGE_CURVE('',#377,#379,#49,.T.);
#466=EDGE_CURVE('',#380,#381,#284,.T.);
#467=EDGE_CURVE('',#379,#380,#285,.T.);
#468=EDGE_CURVE('',#381,#378,#286,.T.);
#469=EDGE_CURVE('',#382,#383,#287,.T.);
#470=EDGE_CURVE('',#380,#382,#50,.T.);
#471=EDGE_CURVE('',#383,#381,#51,.T.);
#472=EDGE_CURVE('',#384,#385,#288,.T.);
#473=EDGE_CURVE('',#382,#384,#289,.T.);
#474=EDGE_CURVE('',#385,#383,#290,.T.);
#475=EDGE_CURVE('',#386,#387,#291,.T.);
#476=EDGE_CURVE('',#384,#386,#52,.T.);
#477=EDGE_CURVE('',#387,#385,#53,.T.);
#478=EDGE_CURVE('',#388,#383,#54,.T.);
#479=EDGE_CURVE('',#388,#389,#349,.T.);
#480=EDGE_CURVE('',#389,#390,#55,.T.);
#481=EDGE_CURVE('',#390,#391,#292,.T.);
#482=EDGE_CURVE('',#385,#391,#56,.T.);
#483=EDGE_CURVE('',#391,#392,#57,.T.);
#484=EDGE_CURVE('',#392,#387,#58,.T.);
#485=EDGE_CURVE('',#386,#371,#59,.T.);
#486=EDGE_CURVE('',#393,#376,#293,.T.);
#487=EDGE_CURVE('',#377,#393,#294,.T.);
#488=EDGE_CURVE('',#394,#394,#295,.T.);
#489=EDGE_CURVE('',#395,#395,#296,.T.);
#490=EDGE_CURVE('',#396,#396,#297,.T.);
#491=EDGE_CURVE('',#397,#397,#298,.T.);
#492=EDGE_CURVE('',#392,#398,#299,.T.);
#493=EDGE_CURVE('',#399,#398,#60,.T.);
#494=EDGE_CURVE('',#399,#400,#300,.T.);
#495=EDGE_CURVE('',#401,#400,#301,.T.);
#496=EDGE_CURVE('',#401,#402,#302,.T.);
#497=EDGE_CURVE('',#370,#402,#61,.T.);
#498=EDGE_CURVE('',#403,#403,#303,.T.);
#499=EDGE_CURVE('',#404,#404,#304,.T.);
#500=EDGE_CURVE('',#393,#405,#62,.T.);
#501=EDGE_CURVE('',#406,#405,#305,.T.);
#502=EDGE_CURVE('',#406,#407,#350,.T.);
#503=EDGE_CURVE('',#405,#407,#306,.T.);
#504=EDGE_CURVE('',#369,#408,#307,.T.);
#505=EDGE_CURVE('',#359,#408,#351,.T.);
#506=EDGE_CURVE('',#408,#401,#63,.T.);
#507=EDGE_CURVE('',#402,#368,#64,.T.);
#508=EDGE_CURVE('',#409,#360,#352,.T.);
#509=EDGE_CURVE('',#410,#409,#308,.T.);
#510=EDGE_CURVE('',#361,#410,#353,.T.);
#511=EDGE_CURVE('',#411,#412,#309,.T.);
#512=EDGE_CURVE('',#410,#411,#310,.T.);
#513=EDGE_CURVE('',#412,#409,#311,.T.);
#514=EDGE_CURVE('',#413,#414,#312,.T.);
#515=EDGE_CURVE('',#411,#413,#313,.T.);
#516=EDGE_CURVE('',#414,#412,#314,.T.);
#517=EDGE_CURVE('',#415,#416,#315,.T.);
#518=EDGE_CURVE('',#413,#415,#65,.T.);
#519=EDGE_CURVE('',#416,#414,#66,.T.);
#520=EDGE_CURVE('',#417,#390,#316,.T.);
#521=EDGE_CURVE('',#415,#417,#354,.T.);
#522=EDGE_CURVE('',#390,#416,#355,.T.);
#523=EDGE_CURVE('',#418,#389,#317,.T.);
#524=EDGE_CURVE('',#417,#418,#67,.T.);
#525=EDGE_CURVE('',#419,#388,#318,.T.);
#526=EDGE_CURVE('',#418,#419,#356,.T.);
#527=EDGE_CURVE('',#420,#421,#319,.T.);
#528=EDGE_CURVE('',#419,#420,#14,.T.);
#529=EDGE_CURVE('',#421,#388,#15,.T.);
#530=EDGE_CURVE('',#422,#421,#68,.T.);
#531=EDGE_CURVE('',#423,#422,#320,.T.);
#532=EDGE_CURVE('',#420,#423,#69,.T.);
#533=EDGE_CURVE('',#424,#425,#321,.T.);
#534=EDGE_CURVE('',#423,#424,#322,.T.);
#535=EDGE_CURVE('',#425,#422,#323,.T.);
#536=EDGE_CURVE('',#424,#406,#70,.T.);
#537=EDGE_CURVE('',#426,#425,#71,.T.);
#538=EDGE_CURVE('',#427,#426,#324,.T.);
#539=EDGE_CURVE('',#407,#427,#72,.T.);
#540=EDGE_CURVE('',#428,#429,#325,.T.);
#541=EDGE_CURVE('',#427,#428,#326,.T.);
#542=EDGE_CURVE('',#429,#426,#327,.T.);
#543=EDGE_CURVE('',#428,#364,#73,.T.);
#544=EDGE_CURVE('',#366,#429,#74,.T.);
#545=EDGE_CURVE('',#422,#381,#75,.T.);
#546=EDGE_CURVE('',#425,#378,#76,.T.);
#547=EDGE_CURVE('',#426,#375,#77,.T.);
#548=EDGE_CURVE('',#429,#372,#78,.T.);
#549=EDGE_CURVE('',#418,#410,#79,.T.);
#550=EDGE_CURVE('',#430,#430,#328,.T.);
#551=EDGE_CURVE('',#431,#431,#329,.T.);
#552=EDGE_CURVE('',#400,#412,#80,.T.);
#553=EDGE_CURVE('',#414,#399,#81,.T.);
#554=EDGE_CURVE('',#398,#432,#82,.T.);
#555=EDGE_CURVE('',#432,#416,#330,.T.);
#556=EDGE_CURVE('',#432,#391,#331,.T.);
#557=EDGE_CURVE('',#363,#420,#83,.T.);
#558=EDGE_CURVE('',#433,#433,#332,.T.);
#559=EDGE_CURVE('',#434,#434,#333,.T.);
#560=EDGE_CURVE('',#435,#435,#334,.T.);
#561=EDGE_CURVE('',#436,#436,#335,.T.);
#562=EDGE_CURVE('',#403,#430,#84,.T.);
#563=EDGE_CURVE('',#404,#431,#85,.T.);
#564=EDGE_CURVE('',#394,#433,#86,.T.);
#565=EDGE_CURVE('',#395,#434,#87,.T.);
#566=EDGE_CURVE('',#396,#435,#88,.T.);
#567=EDGE_CURVE('',#397,#436,#89,.T.);
#568=ORIENTED_EDGE('',*,*,#437,.F.);
#569=ORIENTED_EDGE('',*,*,#438,.T.);
#570=ORIENTED_EDGE('',*,*,#439,.F.);
#571=ORIENTED_EDGE('',*,*,#440,.T.);
#572=ORIENTED_EDGE('',*,*,#437,.T.);
#573=ORIENTED_EDGE('',*,*,#441,.T.);
#574=ORIENTED_EDGE('',*,*,#442,.F.);
#575=ORIENTED_EDGE('',*,*,#443,.F.);
#576=ORIENTED_EDGE('',*,*,#443,.T.);
#577=ORIENTED_EDGE('',*,*,#444,.F.);
#578=ORIENTED_EDGE('',*,*,#445,.F.);
#579=ORIENTED_EDGE('',*,*,#446,.T.);
#580=ORIENTED_EDGE('',*,*,#447,.F.);
#581=ORIENTED_EDGE('',*,*,#447,.T.);
#582=ORIENTED_EDGE('',*,*,#448,.T.);
#583=ORIENTED_EDGE('',*,*,#449,.F.);
#584=ORIENTED_EDGE('',*,*,#450,.F.);
#585=ORIENTED_EDGE('',*,*,#450,.T.);
#586=ORIENTED_EDGE('',*,*,#451,.F.);
#587=ORIENTED_EDGE('',*,*,#452,.T.);
#588=ORIENTED_EDGE('',*,*,#453,.F.);
#589=ORIENTED_EDGE('',*,*,#454,.F.);
#590=ORIENTED_EDGE('',*,*,#455,.F.);
#591=ORIENTED_EDGE('',*,*,#456,.F.);
#592=ORIENTED_EDGE('',*,*,#457,.F.);
#593=ORIENTED_EDGE('',*,*,#458,.F.);
#594=ORIENTED_EDGE('',*,*,#459,.F.);
#595=ORIENTED_EDGE('',*,*,#456,.T.);
#596=ORIENTED_EDGE('',*,*,#460,.F.);
#597=ORIENTED_EDGE('',*,*,#461,.F.);
#598=ORIENTED_EDGE('',*,*,#462,.F.);
#599=ORIENTED_EDGE('',*,*,#458,.T.);
#600=ORIENTED_EDGE('',*,*,#463,.F.);
#601=ORIENTED_EDGE('',*,*,#464,.F.);
#602=ORIENTED_EDGE('',*,*,#465,.F.);
#603=ORIENTED_EDGE('',*,*,#466,.F.);
#604=ORIENTED_EDGE('',*,*,#467,.F.);
#605=ORIENTED_EDGE('',*,*,#464,.T.);
#606=ORIENTED_EDGE('',*,*,#468,.F.);
#607=ORIENTED_EDGE('',*,*,#469,.F.);
#608=ORIENTED_EDGE('',*,*,#470,.F.);
#609=ORIENTED_EDGE('',*,*,#466,.T.);
#610=ORIENTED_EDGE('',*,*,#471,.F.);
#611=ORIENTED_EDGE('',*,*,#472,.F.);
#612=ORIENTED_EDGE('',*,*,#473,.F.);
#613=ORIENTED_EDGE('',*,*,#469,.T.);
#614=ORIENTED_EDGE('',*,*,#474,.F.);
#615=ORIENTED_EDGE('',*,*,#475,.F.);
#616=ORIENTED_EDGE('',*,*,#476,.F.);
#617=ORIENTED_EDGE('',*,*,#472,.T.);
#618=ORIENTED_EDGE('',*,*,#477,.F.);
#619=ORIENTED_EDGE('',*,*,#474,.T.);
#620=ORIENTED_EDGE('',*,*,#478,.F.);
#621=ORIENTED_EDGE('',*,*,#479,.T.);
#622=ORIENTED_EDGE('',*,*,#480,.T.);
#623=ORIENTED_EDGE('',*,*,#481,.T.);
#624=ORIENTED_EDGE('',*,*,#482,.F.);
#625=ORIENTED_EDGE('',*,*,#477,.T.);
#626=ORIENTED_EDGE('',*,*,#482,.T.);
#627=ORIENTED_EDGE('',*,*,#483,.T.);
#628=ORIENTED_EDGE('',*,*,#484,.T.);
#629=ORIENTED_EDGE('',*,*,#476,.T.);
#630=ORIENTED_EDGE('',*,*,#485,.T.);
#631=ORIENTED_EDGE('',*,*,#457,.T.);
#632=ORIENTED_EDGE('',*,*,#459,.T.);
#633=ORIENTED_EDGE('',*,*,#462,.T.);
#634=ORIENTED_EDGE('',*,*,#486,.F.);
#635=ORIENTED_EDGE('',*,*,#487,.F.);
#636=ORIENTED_EDGE('',*,*,#465,.T.);
#637=ORIENTED_EDGE('',*,*,#467,.T.);
#638=ORIENTED_EDGE('',*,*,#470,.T.);
#639=ORIENTED_EDGE('',*,*,#473,.T.);
#640=ORIENTED_EDGE('',*,*,#488,.F.);
#641=ORIENTED_EDGE('',*,*,#489,.F.);
#642=ORIENTED_EDGE('',*,*,#490,.F.);
#643=ORIENTED_EDGE('',*,*,#491,.F.);
#644=ORIENTED_EDGE('',*,*,#475,.T.);
#645=ORIENTED_EDGE('',*,*,#484,.F.);
#646=ORIENTED_EDGE('',*,*,#492,.T.);
#647=ORIENTED_EDGE('',*,*,#493,.F.);
#648=ORIENTED_EDGE('',*,*,#494,.T.);
#649=ORIENTED_EDGE('',*,*,#495,.F.);
#650=ORIENTED_EDGE('',*,*,#496,.T.);
#651=ORIENTED_EDGE('',*,*,#497,.F.);
#652=ORIENTED_EDGE('',*,*,#454,.T.);
#653=ORIENTED_EDGE('',*,*,#485,.F.);
#654=ORIENTED_EDGE('',*,*,#498,.F.);
#655=ORIENTED_EDGE('',*,*,#499,.F.);
#656=ORIENTED_EDGE('',*,*,#461,.T.);
#657=ORIENTED_EDGE('',*,*,#487,.T.);
#658=ORIENTED_EDGE('',*,*,#500,.T.);
#659=ORIENTED_EDGE('',*,*,#501,.F.);
#660=ORIENTED_EDGE('',*,*,#502,.T.);
#661=ORIENTED_EDGE('',*,*,#503,.F.);
#662=ORIENTED_EDGE('',*,*,#500,.F.);
#663=ORIENTED_EDGE('',*,*,#486,.T.);
#664=ORIENTED_EDGE('',*,*,#453,.T.);
#665=ORIENTED_EDGE('',*,*,#504,.T.);
#666=ORIENTED_EDGE('',*,*,#505,.F.);
#667=ORIENTED_EDGE('',*,*,#438,.F.);
#668=ORIENTED_EDGE('',*,*,#496,.F.);
#669=ORIENTED_EDGE('',*,*,#506,.F.);
#670=ORIENTED_EDGE('',*,*,#504,.F.);
#671=ORIENTED_EDGE('',*,*,#452,.F.);
#672=ORIENTED_EDGE('',*,*,#507,.F.);
#673=ORIENTED_EDGE('',*,*,#440,.F.);
#674=ORIENTED_EDGE('',*,*,#508,.F.);
#675=ORIENTED_EDGE('',*,*,#509,.F.);
#676=ORIENTED_EDGE('',*,*,#510,.F.);
#677=ORIENTED_EDGE('',*,*,#441,.F.);
#678=ORIENTED_EDGE('',*,*,#511,.F.);
#679=ORIENTED_EDGE('',*,*,#512,.F.);
#680=ORIENTED_EDGE('',*,*,#509,.T.);
#681=ORIENTED_EDGE('',*,*,#513,.F.);
#682=ORIENTED_EDGE('',*,*,#514,.F.);
#683=ORIENTED_EDGE('',*,*,#515,.F.);
#684=ORIENTED_EDGE('',*,*,#511,.T.);
#685=ORIENTED_EDGE('',*,*,#516,.F.);
#686=ORIENTED_EDGE('',*,*,#517,.F.);
#687=ORIENTED_EDGE('',*,*,#518,.F.);
#688=ORIENTED_EDGE('',*,*,#514,.T.);
#689=ORIENTED_EDGE('',*,*,#519,.F.);
#690=ORIENTED_EDGE('',*,*,#520,.F.);
#691=ORIENTED_EDGE('',*,*,#521,.F.);
#692=ORIENTED_EDGE('',*,*,#517,.T.);
#693=ORIENTED_EDGE('',*,*,#522,.F.);
#694=ORIENTED_EDGE('',*,*,#523,.F.);
#695=ORIENTED_EDGE('',*,*,#524,.F.);
#696=ORIENTED_EDGE('',*,*,#520,.T.);
#697=ORIENTED_EDGE('',*,*,#480,.F.);
#698=ORIENTED_EDGE('',*,*,#523,.T.);
#699=ORIENTED_EDGE('',*,*,#479,.F.);
#700=ORIENTED_EDGE('',*,*,#525,.F.);
#701=ORIENTED_EDGE('',*,*,#526,.F.);
#702=ORIENTED_EDGE('',*,*,#527,.F.);
#703=ORIENTED_EDGE('',*,*,#528,.F.);
#704=ORIENTED_EDGE('',*,*,#525,.T.);
#705=ORIENTED_EDGE('',*,*,#529,.F.);
#706=ORIENTED_EDGE('',*,*,#527,.T.);
#707=ORIENTED_EDGE('',*,*,#530,.F.);
#708=ORIENTED_EDGE('',*,*,#531,.F.);
#709=ORIENTED_EDGE('',*,*,#532,.F.);
#710=ORIENTED_EDGE('',*,*,#533,.F.);
#711=ORIENTED_EDGE('',*,*,#534,.F.);
#712=ORIENTED_EDGE('',*,*,#531,.T.);
#713=ORIENTED_EDGE('',*,*,#535,.F.);
#714=ORIENTED_EDGE('',*,*,#502,.F.);
#715=ORIENTED_EDGE('',*,*,#536,.F.);
#716=ORIENTED_EDGE('',*,*,#533,.T.);
#717=ORIENTED_EDGE('',*,*,#537,.F.);
#718=ORIENTED_EDGE('',*,*,#538,.F.);
#719=ORIENTED_EDGE('',*,*,#539,.F.);
#720=ORIENTED_EDGE('',*,*,#540,.F.);
#721=ORIENTED_EDGE('',*,*,#541,.F.);
#722=ORIENTED_EDGE('',*,*,#538,.T.);
#723=ORIENTED_EDGE('',*,*,#542,.F.);
#724=ORIENTED_EDGE('',*,*,#446,.F.);
#725=ORIENTED_EDGE('',*,*,#543,.F.);
#726=ORIENTED_EDGE('',*,*,#540,.T.);
#727=ORIENTED_EDGE('',*,*,#544,.F.);
#728=ORIENTED_EDGE('',*,*,#448,.F.);
#729=ORIENTED_EDGE('',*,*,#471,.T.);
#730=ORIENTED_EDGE('',*,*,#545,.F.);
#731=ORIENTED_EDGE('',*,*,#530,.T.);
#732=ORIENTED_EDGE('',*,*,#529,.T.);
#733=ORIENTED_EDGE('',*,*,#478,.T.);
#734=ORIENTED_EDGE('',*,*,#468,.T.);
#735=ORIENTED_EDGE('',*,*,#546,.F.);
#736=ORIENTED_EDGE('',*,*,#535,.T.);
#737=ORIENTED_EDGE('',*,*,#545,.T.);
#738=ORIENTED_EDGE('',*,*,#463,.T.);
#739=ORIENTED_EDGE('',*,*,#547,.F.);
#740=ORIENTED_EDGE('',*,*,#537,.T.);
#741=ORIENTED_EDGE('',*,*,#546,.T.);
#742=ORIENTED_EDGE('',*,*,#460,.T.);
#743=ORIENTED_EDGE('',*,*,#548,.F.);
#744=ORIENTED_EDGE('',*,*,#542,.T.);
#745=ORIENTED_EDGE('',*,*,#547,.T.);
#746=ORIENTED_EDGE('',*,*,#455,.T.);
#747=ORIENTED_EDGE('',*,*,#497,.T.);
#748=ORIENTED_EDGE('',*,*,#507,.T.);
#749=ORIENTED_EDGE('',*,*,#451,.T.);
#750=ORIENTED_EDGE('',*,*,#449,.T.);
#751=ORIENTED_EDGE('',*,*,#544,.T.);
#752=ORIENTED_EDGE('',*,*,#548,.T.);
#753=ORIENTED_EDGE('',*,*,#524,.T.);
#754=ORIENTED_EDGE('',*,*,#549,.T.);
#755=ORIENTED_EDGE('',*,*,#512,.T.);
#756=ORIENTED_EDGE('',*,*,#515,.T.);
#757=ORIENTED_EDGE('',*,*,#518,.T.);
#758=ORIENTED_EDGE('',*,*,#521,.T.);
#759=ORIENTED_EDGE('',*,*,#550,.T.);
#760=ORIENTED_EDGE('',*,*,#551,.T.);
#761=ORIENTED_EDGE('',*,*,#516,.T.);
#762=ORIENTED_EDGE('',*,*,#552,.F.);
#763=ORIENTED_EDGE('',*,*,#494,.F.);
#764=ORIENTED_EDGE('',*,*,#553,.F.);
#765=ORIENTED_EDGE('',*,*,#519,.T.);
#766=ORIENTED_EDGE('',*,*,#553,.T.);
#767=ORIENTED_EDGE('',*,*,#493,.T.);
#768=ORIENTED_EDGE('',*,*,#554,.T.);
#769=ORIENTED_EDGE('',*,*,#555,.T.);
#770=ORIENTED_EDGE('',*,*,#492,.F.);
#771=ORIENTED_EDGE('',*,*,#483,.F.);
#772=ORIENTED_EDGE('',*,*,#556,.F.);
#773=ORIENTED_EDGE('',*,*,#554,.F.);
#774=ORIENTED_EDGE('',*,*,#522,.T.);
#775=ORIENTED_EDGE('',*,*,#555,.F.);
#776=ORIENTED_EDGE('',*,*,#556,.T.);
#777=ORIENTED_EDGE('',*,*,#481,.F.);
#778=ORIENTED_EDGE('',*,*,#526,.T.);
#779=ORIENTED_EDGE('',*,*,#528,.T.);
#780=ORIENTED_EDGE('',*,*,#557,.F.);
#781=ORIENTED_EDGE('',*,*,#444,.T.);
#782=ORIENTED_EDGE('',*,*,#442,.T.);
#783=ORIENTED_EDGE('',*,*,#510,.T.);
#784=ORIENTED_EDGE('',*,*,#549,.F.);
#785=ORIENTED_EDGE('',*,*,#532,.T.);
#786=ORIENTED_EDGE('',*,*,#534,.T.);
#787=ORIENTED_EDGE('',*,*,#536,.T.);
#788=ORIENTED_EDGE('',*,*,#501,.T.);
#789=ORIENTED_EDGE('',*,*,#503,.T.);
#790=ORIENTED_EDGE('',*,*,#539,.T.);
#791=ORIENTED_EDGE('',*,*,#541,.T.);
#792=ORIENTED_EDGE('',*,*,#543,.T.);
#793=ORIENTED_EDGE('',*,*,#445,.T.);
#794=ORIENTED_EDGE('',*,*,#557,.T.);
#795=ORIENTED_EDGE('',*,*,#558,.T.);
#796=ORIENTED_EDGE('',*,*,#559,.T.);
#797=ORIENTED_EDGE('',*,*,#560,.T.);
#798=ORIENTED_EDGE('',*,*,#561,.T.);
#799=ORIENTED_EDGE('',*,*,#498,.T.);
#800=ORIENTED_EDGE('',*,*,#562,.T.);
#801=ORIENTED_EDGE('',*,*,#550,.F.);
#802=ORIENTED_EDGE('',*,*,#562,.F.);
#803=ORIENTED_EDGE('',*,*,#499,.T.);
#804=ORIENTED_EDGE('',*,*,#563,.T.);
#805=ORIENTED_EDGE('',*,*,#551,.F.);
#806=ORIENTED_EDGE('',*,*,#563,.F.);
#807=ORIENTED_EDGE('',*,*,#513,.T.);
#808=ORIENTED_EDGE('',*,*,#508,.T.);
#809=ORIENTED_EDGE('',*,*,#439,.T.);
#810=ORIENTED_EDGE('',*,*,#505,.T.);
#811=ORIENTED_EDGE('',*,*,#506,.T.);
#812=ORIENTED_EDGE('',*,*,#495,.T.);
#813=ORIENTED_EDGE('',*,*,#552,.T.);
#814=ORIENTED_EDGE('',*,*,#488,.T.);
#815=ORIENTED_EDGE('',*,*,#564,.T.);
#816=ORIENTED_EDGE('',*,*,#558,.F.);
#817=ORIENTED_EDGE('',*,*,#564,.F.);
#818=ORIENTED_EDGE('',*,*,#489,.T.);
#819=ORIENTED_EDGE('',*,*,#565,.T.);
#820=ORIENTED_EDGE('',*,*,#559,.F.);
#821=ORIENTED_EDGE('',*,*,#565,.F.);
#822=ORIENTED_EDGE('',*,*,#490,.T.);
#823=ORIENTED_EDGE('',*,*,#566,.T.);
#824=ORIENTED_EDGE('',*,*,#560,.F.);
#825=ORIENTED_EDGE('',*,*,#566,.F.);
#826=ORIENTED_EDGE('',*,*,#491,.T.);
#827=ORIENTED_EDGE('',*,*,#567,.T.);
#828=ORIENTED_EDGE('',*,*,#561,.F.);
#829=ORIENTED_EDGE('',*,*,#567,.F.);
#830=B_SPLINE_SURFACE_WITH_KNOTS('',3,3,((#1331,#1332,#1333,#1334,#1335,
#1336),(#1337,#1338,#1339,#1340,#1341,#1342),(#1343,#1344,#1345,#1346,#1347,
#1348),(#1349,#1350,#1351,#1352,#1353,#1354),(#1355,#1356,#1357,#1358,#1359,
#1360),(#1361,#1362,#1363,#1364,#1365,#1366),(#1367,#1368,#1369,#1370,#1371,
#1372),(#1373,#1374,#1375,#1376,#1377,#1378),(#1379,#1380,#1381,#1382,#1383,
#1384),(#1385,#1386,#1387,#1388,#1389,#1390),(#1391,#1392,#1393,#1394,#1395,
#1396),(#1397,#1398,#1399,#1400,#1401,#1402),(#1403,#1404,#1405,#1406,#1407,
#1408),(#1409,#1410,#1411,#1412,#1413,#1414),(#1415,#1416,#1417,#1418,#1419,
#1420)),.UNSPECIFIED.,.F.,.F.,.F.,(4,1,1,1,1,1,1,1,1,1,1,1,4),(4,1,1,4),
(0.,0.0833333333333333,0.166666666666667,0.25,0.333333333333333,0.416666666666667,
0.5,0.583333333333333,0.666666666666667,0.75,0.833333333333333,0.916666666666667,
1.),(0.,0.333333333333333,0.666666666666667,1.),.UNSPECIFIED.);
#831=B_SPLINE_SURFACE_WITH_KNOTS('',3,3,((#1463,#1464,#1465,#1466,#1467,
#1468,#1469,#1470,#1471,#1472,#1473,#1474,#1475,#1476,#1477),(#1478,#1479,
#1480,#1481,#1482,#1483,#1484,#1485,#1486,#1487,#1488,#1489,#1490,#1491,
#1492),(#1493,#1494,#1495,#1496,#1497,#1498,#1499,#1500,#1501,#1502,#1503,
#1504,#1505,#1506,#1507),(#1508,#1509,#1510,#1511,#1512,#1513,#1514,#1515,
#1516,#1517,#1518,#1519,#1520,#1521,#1522),(#1523,#1524,#1525,#1526,#1527,
#1528,#1529,#1530,#1531,#1532,#1533,#1534,#1535,#1536,#1537),(#1538,#1539,
#1540,#1541,#1542,#1543,#1544,#1545,#1546,#1547,#1548,#1549,#1550,#1551,
#1552)),.UNSPECIFIED.,.F.,.F.,.F.,(4,1,1,4),(4,1,1,1,1,1,1,1,1,1,1,1,4),
(0.,0.333333333333333,0.666666666666667,1.),(0.,0.0833333333333333,0.166666666666667,
0.25,0.333333333333333,0.416666666666667,0.5,0.583333333333333,0.666666666666667,
0.75,0.833333333333333,0.916666666666667,1.),.UNSPECIFIED.);
#832=B_SPLINE_SURFACE_WITH_KNOTS('',3,3,((#1614,#1615,#1616,#1617,#1618,
#1619),(#1620,#1621,#1622,#1623,#1624,#1625),(#1626,#1627,#1628,#1629,#1630,
#1631),(#1632,#1633,#1634,#1635,#1636,#1637),(#1638,#1639,#1640,#1641,#1642,
#1643),(#1644,#1645,#1646,#1647,#1648,#1649),(#1650,#1651,#1652,#1653,#1654,
#1655),(#1656,#1657,#1658,#1659,#1660,#1661),(#1662,#1663,#1664,#1665,#1666,
#1667),(#1668,#1669,#1670,#1671,#1672,#1673),(#1674,#1675,#1676,#1677,#1678,
#1679),(#1680,#1681,#1682,#1683,#1684,#1685),(#1686,#1687,#1688,#1689,#1690,
#1691),(#1692,#1693,#1694,#1695,#1696,#1697)),.UNSPECIFIED.,.F.,.F.,.F.,
(4,1,1,1,1,1,1,1,1,1,1,4),(4,1,1,4),(0.,0.0909090909090909,0.181818181818182,
0.272727272727273,0.363636363636364,0.454545454545455,0.545454545454545,
0.636363636363636,0.727272727272727,0.818181818181818,0.909090909090909,
1.),(0.,0.333333333333333,0.666666666666667,1.),.UNSPECIFIED.);
#833=B_SPLINE_SURFACE_WITH_KNOTS('',3,3,((#1784,#1785,#1786,#1787,#1788,
#1789,#1790,#1791,#1792,#1793,#1794,#1795,#1796,#1797),(#1798,#1799,#1800,
#1801,#1802,#1803,#1804,#1805,#1806,#1807,#1808,#1809,#1810,#1811),(#1812,
#1813,#1814,#1815,#1816,#1817,#1818,#1819,#1820,#1821,#1822,#1823,#1824,
#1825),(#1826,#1827,#1828,#1829,#1830,#1831,#1832,#1833,#1834,#1835,#1836,
#1837,#1838,#1839),(#1840,#1841,#1842,#1843,#1844,#1845,#1846,#1847,#1848,
#1849,#1850,#1851,#1852,#1853),(#1854,#1855,#1856,#1857,#1858,#1859,#1860,
#1861,#1862,#1863,#1864,#1865,#1866,#1867)),.UNSPECIFIED.,.F.,.F.,.F.,(4,
1,1,4),(4,1,1,1,1,1,1,1,1,1,1,4),(0.,0.333333333333333,0.666666666666667,
1.),(0.,0.0909090909090909,0.181818181818182,0.272727272727273,0.363636363636364,
0.454545454545455,0.545454545454545,0.636363636363636,0.727272727272727,
0.818181818181818,0.909090909090909,1.),.UNSPECIFIED.);
#834=B_SPLINE_SURFACE_WITH_KNOTS('',3,3,((#1908,#1909,#1910,#1911,#1912,
#1913),(#1914,#1915,#1916,#1917,#1918,#1919),(#1920,#1921,#1922,#1923,#1924,
#1925),(#1926,#1927,#1928,#1929,#1930,#1931),(#1932,#1933,#1934,#1935,#1936,
#1937),(#1938,#1939,#1940,#1941,#1942,#1943),(#1944,#1945,#1946,#1947,#1948,
#1949),(#1950,#1951,#1952,#1953,#1954,#1955)),.UNSPECIFIED.,.F.,.F.,.F.,
(4,1,1,1,1,4),(4,1,1,4),(0.,0.2,0.4,0.6,0.8,1.),(0.,0.333333333333333,0.666666666666667,
1.),.UNSPECIFIED.);
#835=B_SPLINE_SURFACE_WITH_KNOTS('',3,3,((#2139,#2140,#2141,#2142,#2143,
#2144,#2145,#2146),(#2147,#2148,#2149,#2150,#2151,#2152,#2153,#2154),(#2155,
#2156,#2157,#2158,#2159,#2160,#2161,#2162),(#2163,#2164,#2165,#2166,#2167,
#2168,#2169,#2170),(#2171,#2172,#2173,#2174,#2175,#2176,#2177,#2178),(#2179,
#2180,#2181,#2182,#2183,#2184,#2185,#2186)),.UNSPECIFIED.,.F.,.F.,.F.,(4,
1,1,4),(4,1,1,1,1,4),(0.,0.333333333333333,0.666666666666667,1.),(0.,0.2,
0.4,0.6,0.8,1.),.UNSPECIFIED.);
#836=B_SPLINE_SURFACE_WITH_KNOTS('',3,3,((#2211,#2212,#2213,#2214,#2215,
#2216),(#2217,#2218,#2219,#2220,#2221,#2222),(#2223,#2224,#2225,#2226,#2227,
#2228),(#2229,#2230,#2231,#2232,#2233,#2234),(#2235,#2236,#2237,#2238,#2239,
#2240)),.UNSPECIFIED.,.F.,.F.,.F.,(4,1,4),(4,1,1,4),(0.,0.571428571428571,
1.),(0.339002423803271,1.4296729918521,2.15678670388465,2.88390041591721),
 .UNSPECIFIED.);
#837=B_SPLINE_SURFACE_WITH_KNOTS('',3,3,((#2274,#2275,#2276,#2277,#2278,
#2279),(#2280,#2281,#2282,#2283,#2284,#2285),(#2286,#2287,#2288,#2289,#2290,
#2291),(#2292,#2293,#2294,#2295,#2296,#2297),(#2298,#2299,#2300,#2301,#2302,
#2303)),.UNSPECIFIED.,.F.,.F.,.F.,(4,1,4),(4,1,1,4),(0.,0.571428571428571,
1.),(7.40371651420496E-18,0.199525863292842,0.399051726585684,0.698340521524948),
 .UNSPECIFIED.);
#838=B_SPLINE_SURFACE_WITH_KNOTS('',3,3,((#2322,#2323,#2324,#2325,#2326,
#2327,#2328),(#2329,#2330,#2331,#2332,#2333,#2334,#2335),(#2336,#2337,#2338,
#2339,#2340,#2341,#2342),(#2343,#2344,#2345,#2346,#2347,#2348,#2349),(#2350,
#2351,#2352,#2353,#2354,#2355,#2356),(#2357,#2358,#2359,#2360,#2361,#2362,
#2363)),.UNSPECIFIED.,.F.,.F.,.F.,(4,1,1,4),(4,1,1,1,4),(0.,0.285714285714286,
0.571428571428571,1.),(0.,0.278941925357345,0.418412888036017,0.697354813393362,
0.976296738750706),.UNSPECIFIED.);
#839=B_SPLINE_SURFACE_WITH_KNOTS('',3,3,((#2373,#2374,#2375,#2376),(#2377,
#2378,#2379,#2380),(#2381,#2382,#2383,#2384),(#2385,#2386,#2387,#2388),
(#2389,#2390,#2391,#2392),(#2393,#2394,#2395,#2396)),.UNSPECIFIED.,.F.,
 .F.,.F.,(4,1,1,4),(4,4),(0.,0.285714285714286,0.571428571428571,1.),(4.71238898038469,
5.14122387134828),.UNSPECIFIED.);
#840=STYLED_ITEM('',(#2502),#892);
#841=STYLED_ITEM('',(#2502),#893);
#842=STYLED_ITEM('',(#2502),#894);
#843=STYLED_ITEM('',(#2502),#895);
#844=STYLED_ITEM('',(#2502),#896);
#845=STYLED_ITEM('',(#2502),#897);
#846=STYLED_ITEM('',(#2502),#898);
#847=STYLED_ITEM('',(#2502),#899);
#848=STYLED_ITEM('',(#2502),#900);
#849=STYLED_ITEM('',(#2502),#901);
#850=STYLED_ITEM('',(#2502),#902);
#851=STYLED_ITEM('',(#2502),#903);
#852=STYLED_ITEM('',(#2502),#904);
#853=STYLED_ITEM('',(#2502),#905);
#854=STYLED_ITEM('',(#2502),#906);
#855=STYLED_ITEM('',(#2502),#907);
#856=STYLED_ITEM('',(#2502),#908);
#857=STYLED_ITEM('',(#2502),#909);
#858=STYLED_ITEM('',(#2502),#910);
#859=STYLED_ITEM('',(#2502),#911);
#860=STYLED_ITEM('',(#2502),#912);
#861=STYLED_ITEM('',(#2502),#913);
#862=STYLED_ITEM('',(#2502),#914);
#863=STYLED_ITEM('',(#2502),#915);
#864=STYLED_ITEM('',(#2502),#916);
#865=STYLED_ITEM('',(#2502),#917);
#866=STYLED_ITEM('',(#2502),#918);
#867=STYLED_ITEM('',(#2502),#919);
#868=STYLED_ITEM('',(#2502),#920);
#869=STYLED_ITEM('',(#2502),#921);
#870=STYLED_ITEM('',(#2502),#922);
#871=STYLED_ITEM('',(#2502),#923);
#872=STYLED_ITEM('',(#2502),#924);
#873=STYLED_ITEM('',(#2502),#925);
#874=STYLED_ITEM('',(#2502),#926);
#875=STYLED_ITEM('',(#2502),#927);
#876=STYLED_ITEM('',(#2502),#928);
#877=STYLED_ITEM('',(#2502),#929);
#878=STYLED_ITEM('',(#2502),#930);
#879=STYLED_ITEM('',(#2502),#931);
#880=STYLED_ITEM('',(#2502),#932);
#881=STYLED_ITEM('',(#2502),#933);
#882=STYLED_ITEM('',(#2502),#934);
#883=STYLED_ITEM('',(#2502),#935);
#884=STYLED_ITEM('',(#2502),#936);
#885=STYLED_ITEM('',(#2502),#937);
#886=STYLED_ITEM('',(#2502),#938);
#887=STYLED_ITEM('',(#2502),#939);
#888=STYLED_ITEM('',(#2502),#940);
#889=STYLED_ITEM('',(#2502),#941);
#890=STYLED_ITEM('',(#2502),#942);
#891=STYLED_ITEM('',(#2502),#13);
#892=ADVANCED_FACE('',(#159),#830,.F.);
#893=ADVANCED_FACE('',(#160),#831,.F.);
#894=ADVANCED_FACE('',(#161),#832,.F.);
#895=ADVANCED_FACE('',(#162),#833,.F.);
#896=ADVANCED_FACE('',(#163),#834,.F.);
#897=ADVANCED_FACE('',(#164),#135,.T.);
#898=ADVANCED_FACE('',(#165),#37,.T.);
#899=ADVANCED_FACE('',(#166),#136,.T.);
#900=ADVANCED_FACE('',(#167),#38,.T.);
#901=ADVANCED_FACE('',(#168),#137,.T.);
#902=ADVANCED_FACE('',(#169),#39,.T.);
#903=ADVANCED_FACE('',(#170),#138,.T.);
#904=ADVANCED_FACE('',(#171),#139,.F.);
#905=ADVANCED_FACE('',(#172),#28,.F.);
#906=ADVANCED_FACE('',(#173,#16,#17,#18,#19),#29,.F.);
#907=ADVANCED_FACE('',(#174,#20,#21),#30,.F.);
#908=ADVANCED_FACE('',(#175),#140,.F.);
#909=ADVANCED_FACE('',(#176),#835,.F.);
#910=ADVANCED_FACE('',(#177),#141,.T.);
#911=ADVANCED_FACE('',(#178),#836,.T.);
#912=ADVANCED_FACE('',(#179),#40,.T.);
#913=ADVANCED_FACE('',(#180),#41,.T.);
#914=ADVANCED_FACE('',(#181),#142,.T.);
#915=ADVANCED_FACE('',(#182),#837,.T.);
#916=ADVANCED_FACE('',(#183),#143,.T.);
#917=ADVANCED_FACE('',(#184),#838,.T.);
#918=ADVANCED_FACE('',(#185),#839,.T.);
#919=ADVANCED_FACE('',(#186),#144,.T.);
#920=ADVANCED_FACE('',(#187),#42,.T.);
#921=ADVANCED_FACE('',(#188),#145,.T.);
#922=ADVANCED_FACE('',(#189),#43,.T.);
#923=ADVANCED_FACE('',(#190),#146,.T.);
#924=ADVANCED_FACE('',(#191),#31,.F.);
#925=ADVANCED_FACE('',(#192),#147,.T.);
#926=ADVANCED_FACE('',(#193),#32,.F.);
#927=ADVANCED_FACE('',(#194),#148,.T.);
#928=ADVANCED_FACE('',(#195),#33,.F.);
#929=ADVANCED_FACE('',(#196,#22,#23),#34,.T.);
#930=ADVANCED_FACE('',(#197),#149,.T.);
#931=ADVANCED_FACE('',(#198),#35,.F.);
#932=ADVANCED_FACE('',(#199),#150,.T.);
#933=ADVANCED_FACE('',(#200),#44,.T.);
#934=ADVANCED_FACE('',(#201),#151,.F.);
#935=ADVANCED_FACE('',(#202,#24,#25,#26,#27),#36,.T.);
#936=ADVANCED_FACE('',(#203),#152,.F.);
#937=ADVANCED_FACE('',(#204),#153,.F.);
#938=ADVANCED_FACE('',(#205),#154,.F.);
#939=ADVANCED_FACE('',(#206),#155,.F.);
#940=ADVANCED_FACE('',(#207),#156,.F.);
#941=ADVANCED_FACE('',(#208),#157,.F.);
#942=ADVANCED_FACE('',(#209),#158,.F.);
#943=CLOSED_SHELL('',(#892,#893,#894,#895,#896,#897,#898,#899,#900,#901,
#902,#903,#904,#905,#906,#907,#908,#909,#910,#911,#912,#913,#914,#915,#916,
#917,#918,#919,#920,#921,#922,#923,#924,#925,#926,#927,#928,#929,#930,#931,
#932,#933,#934,#935,#936,#937,#938,#939,#940,#941,#942));
#944=DERIVED_UNIT_ELEMENT(#946,1.);
#945=DERIVED_UNIT_ELEMENT(#2487,-3.);
#946=(
CONVERSION_BASED_UNIT('gram',#948)
MASS_UNIT()
NAMED_UNIT(#2484)
);
#947=(
MASS_UNIT()
NAMED_UNIT(*)
SI_UNIT(.KILO.,.GRAM.)
);
#948=MASS_MEASURE_WITH_UNIT(MASS_MEASURE(0.001),#947);
#949=DERIVED_UNIT((#944,#945));
#950=MEASURE_REPRESENTATION_ITEM('density measure',
POSITIVE_RATIO_MEASURE(0.952),#949);
#951=PROPERTY_DEFINITION_REPRESENTATION(#956,#953);
#952=PROPERTY_DEFINITION_REPRESENTATION(#957,#954);
#953=REPRESENTATION('material name',(#955),#2481);
#954=REPRESENTATION('density',(#950),#2481);
#955=DESCRIPTIVE_REPRESENTATION_ITEM('Plastic, Opaque Black',
'Plastic, Opaque Black');
#956=PROPERTY_DEFINITION('material property','material name',#2495);
#957=PROPERTY_DEFINITION('material property','density of part',#2495);
#958=DATE_TIME_ROLE('creation_date');
#959=APPLIED_DATE_AND_TIME_ASSIGNMENT(#960,#958,(#2495));
#960=DATE_AND_TIME(#961,#962);
#961=CALENDAR_DATE(2025,29,9);
#962=LOCAL_TIME(0,0,0.,#963);
#963=COORDINATED_UNIVERSAL_TIME_OFFSET(0,0,.BEHIND.);
#964=AXIS2_PLACEMENT_3D('',#1330,#1071,#1072);
#965=AXIS2_PLACEMENT_3D('',#1462,#1073,#1074);
#966=AXIS2_PLACEMENT_3D('',#1554,#1075,#1076);
#967=AXIS2_PLACEMENT_3D('',#1769,#1077,#1078);
#968=AXIS2_PLACEMENT_3D('',#1869,#1079,#1080);
#969=AXIS2_PLACEMENT_3D('',#1989,#1081,#1082);
#970=AXIS2_PLACEMENT_3D('',#1998,#1083,#1084);
#971=AXIS2_PLACEMENT_3D('',#2001,#1085,#1086);
#972=AXIS2_PLACEMENT_3D('',#2005,#1088,#1089);
#973=AXIS2_PLACEMENT_3D('',#2007,#1091,#1092);
#974=AXIS2_PLACEMENT_3D('',#2010,#1093,#1094);
#975=AXIS2_PLACEMENT_3D('',#2011,#1095,#1096);
#976=AXIS2_PLACEMENT_3D('',#2012,#1097,#1098);
#977=AXIS2_PLACEMENT_3D('',#2013,#1099,#1100);
#978=AXIS2_PLACEMENT_3D('',#2039,#1103,#1104);
#979=AXIS2_PLACEMENT_3D('',#2041,#1106,#1107);
#980=AXIS2_PLACEMENT_3D('',#2044,#1108,#1109);
#981=AXIS2_PLACEMENT_3D('',#2045,#1110,#1111);
#982=AXIS2_PLACEMENT_3D('',#2046,#1112,#1113);
#983=AXIS2_PLACEMENT_3D('',#2047,#1114,#1115);
#984=AXIS2_PLACEMENT_3D('',#2050,#1116,#1117);
#985=AXIS2_PLACEMENT_3D('',#2053,#1120,#1121);
#986=AXIS2_PLACEMENT_3D('',#2056,#1122,#1123);
#987=AXIS2_PLACEMENT_3D('',#2057,#1124,#1125);
#988=AXIS2_PLACEMENT_3D('',#2058,#1126,#1127);
#989=AXIS2_PLACEMENT_3D('',#2059,#1128,#1129);
#990=AXIS2_PLACEMENT_3D('',#2062,#1130,#1131);
#991=AXIS2_PLACEMENT_3D('',#2065,#1134,#1135);
#992=AXIS2_PLACEMENT_3D('',#2079,#1138,#1139);
#993=AXIS2_PLACEMENT_3D('',#2081,#1141,#1142);
#994=AXIS2_PLACEMENT_3D('',#2085,#1145,#1146);
#995=AXIS2_PLACEMENT_3D('',#2088,#1148,#1149);
#996=AXIS2_PLACEMENT_3D('',#2089,#1150,#1151);
#997=AXIS2_PLACEMENT_3D('',#2091,#1152,#1153);
#998=AXIS2_PLACEMENT_3D('',#2093,#1154,#1155);
#999=AXIS2_PLACEMENT_3D('',#2095,#1156,#1157);
#1000=AXIS2_PLACEMENT_3D('',#2097,#1158,#1159);
#1001=AXIS2_PLACEMENT_3D('',#2098,#1160,#1161);
#1002=AXIS2_PLACEMENT_3D('',#2100,#1162,#1163);
#1003=AXIS2_PLACEMENT_3D('',#2104,#1165,#1166);
#1004=AXIS2_PLACEMENT_3D('',#2106,#1167,#1168);
#1005=AXIS2_PLACEMENT_3D('',#2108,#1169,#1170);
#1006=AXIS2_PLACEMENT_3D('',#2111,#1172,#1173);
#1007=AXIS2_PLACEMENT_3D('',#2113,#1174,#1175);
#1008=AXIS2_PLACEMENT_3D('',#2114,#1176,#1177);
#1009=AXIS2_PLACEMENT_3D('',#2118,#1179,#1180);
#1010=AXIS2_PLACEMENT_3D('',#2138,#1181,#1182);
#1011=AXIS2_PLACEMENT_3D('',#2188,#1183,#1184);
#1012=AXIS2_PLACEMENT_3D('',#2208,#1185,#1186);
#1013=AXIS2_PLACEMENT_3D('',#2249,#1189,#1190);
#1014=AXIS2_PLACEMENT_3D('',#2256,#1191,#1192);
#1015=AXIS2_PLACEMENT_3D('',#2259,#1193,#1194);
#1016=AXIS2_PLACEMENT_3D('',#2260,#1195,#1196);
#1017=AXIS2_PLACEMENT_3D('',#2261,#1197,#1198);
#1018=AXIS2_PLACEMENT_3D('',#2262,#1199,#1200);
#1019=AXIS2_PLACEMENT_3D('',#2265,#1201,#1202);
#1020=AXIS2_PLACEMENT_3D('',#2266,#1203,#1204);
#1021=AXIS2_PLACEMENT_3D('',#2267,#1205,#1206);
#1022=AXIS2_PLACEMENT_3D('',#2268,#1207,#1208);
#1023=AXIS2_PLACEMENT_3D('',#2271,#1209,#1210);
#1024=AXIS2_PLACEMENT_3D('',#2305,#1213,#1214);
#1025=AXIS2_PLACEMENT_3D('',#2318,#1215,#1216);
#1026=AXIS2_PLACEMENT_3D('',#2320,#1217,#1218);
#1027=AXIS2_PLACEMENT_3D('',#2365,#1220,#1221);
#1028=AXIS2_PLACEMENT_3D('',#2399,#1222,#1223);
#1029=AXIS2_PLACEMENT_3D('',#2400,#1224,#1225);
#1030=AXIS2_PLACEMENT_3D('',#2401,#1226,#1227);
#1031=AXIS2_PLACEMENT_3D('',#2402,#1228,#1229);
#1032=AXIS2_PLACEMENT_3D('',#2406,#1231,#1232);
#1033=AXIS2_PLACEMENT_3D('',#2408,#1234,#1235);
#1034=AXIS2_PLACEMENT_3D('',#2411,#1236,#1237);
#1035=AXIS2_PLACEMENT_3D('',#2412,#1238,#1239);
#1036=AXIS2_PLACEMENT_3D('',#2413,#1240,#1241);
#1037=AXIS2_PLACEMENT_3D('',#2414,#1242,#1243);
#1038=AXIS2_PLACEMENT_3D('',#2419,#1246,#1247);
#1039=AXIS2_PLACEMENT_3D('',#2421,#1249,#1250);
#1040=AXIS2_PLACEMENT_3D('',#2424,#1251,#1252);
#1041=AXIS2_PLACEMENT_3D('',#2425,#1253,#1254);
#1042=AXIS2_PLACEMENT_3D('',#2426,#1255,#1256);
#1043=AXIS2_PLACEMENT_3D('',#2427,#1257,#1258);
#1044=AXIS2_PLACEMENT_3D('',#2430,#1261,#1262);
#1045=AXIS2_PLACEMENT_3D('',#2432,#1264,#1265);
#1046=AXIS2_PLACEMENT_3D('',#2434,#1267,#1268);
#1047=AXIS2_PLACEMENT_3D('',#2436,#1270,#1271);
#1048=AXIS2_PLACEMENT_3D('',#2438,#1273,#1274);
#1049=AXIS2_PLACEMENT_3D('',#2439,#1275,#1276);
#1050=AXIS2_PLACEMENT_3D('',#2442,#1278,#1279);
#1051=AXIS2_PLACEMENT_3D('',#2444,#1280,#1281);
#1052=AXIS2_PLACEMENT_3D('',#2445,#1282,#1283);
#1053=AXIS2_PLACEMENT_3D('',#2448,#1286,#1287);
#1054=AXIS2_PLACEMENT_3D('',#2451,#1289,#1290);
#1055=AXIS2_PLACEMENT_3D('',#2452,#1291,#1292);
#1056=AXIS2_PLACEMENT_3D('',#2453,#1293,#1294);
#1057=AXIS2_PLACEMENT_3D('',#2454,#1295,#1296);
#1058=AXIS2_PLACEMENT_3D('',#2455,#1297,#1298);
#1059=AXIS2_PLACEMENT_3D('',#2457,#1300,#1301);
#1060=AXIS2_PLACEMENT_3D('',#2459,#1302,#1303);
#1061=AXIS2_PLACEMENT_3D('',#2461,#1304,#1305);
#1062=AXIS2_PLACEMENT_3D('',#2463,#1306,#1307);
#1063=AXIS2_PLACEMENT_3D('',#2465,#1308,#1309);
#1064=AXIS2_PLACEMENT_3D('',#2466,#1310,#1311);
#1065=AXIS2_PLACEMENT_3D('',#2468,#1313,#1314);
#1066=AXIS2_PLACEMENT_3D('',#2470,#1316,#1317);
#1067=AXIS2_PLACEMENT_3D('',#2471,#1318,#1319);
#1068=AXIS2_PLACEMENT_3D('',#2473,#1321,#1322);
#1069=AXIS2_PLACEMENT_3D('',#2475,#1324,#1325);
#1070=AXIS2_PLACEMENT_3D('',#2477,#1327,#1328);
#1071=DIRECTION('axis',(0.,0.,1.));
#1072=DIRECTION('refdir',(1.,0.,0.));
#1073=DIRECTION('center_axis',(-0.39153504360028,-0.917870947882292,-0.0649094189358566));
#1074=DIRECTION('ref_axis',(0.,-0.0705412030469823,0.997508866463193));
#1075=DIRECTION('center_axis',(-0.39153504360028,-0.917870947882292,-0.0649094189358566));
#1076=DIRECTION('ref_axis',(0.,-0.0705412030469823,0.997508866463193));
#1077=DIRECTION('center_axis',(1.,0.,0.));
#1078=DIRECTION('ref_axis',(0.,0.,1.));
#1079=DIRECTION('center_axis',(1.,0.,0.));
#1080=DIRECTION('ref_axis',(0.,0.,1.));
#1081=DIRECTION('center_axis',(-1.,0.,0.));
#1082=DIRECTION('ref_axis',(0.,-1.,0.));
#1083=DIRECTION('center_axis',(-1.,4.92643991364194E-47,-2.46519032881566E-32));
#1084=DIRECTION('ref_axis',(0.,-0.707106781186548,-0.707106781186547));
#1085=DIRECTION('center_axis',(1.,9.20201429444803E-17,0.));
#1086=DIRECTION('ref_axis',(0.,-0.707106781186548,-0.707106781186547));
#1087=DIRECTION('',(1.,-4.92643991364194E-47,2.46519032881566E-32));
#1088=DIRECTION('center_axis',(-1.,-1.45698559662094E-16,0.));
#1089=DIRECTION('ref_axis',(0.,0.,-1.));
#1090=DIRECTION('',(-1.,4.92643991364194E-47,-2.46519032881566E-32));
#1091=DIRECTION('center_axis',(2.46519032881566E-32,8.36628828774774E-78,
-1.));
#1092=DIRECTION('ref_axis',(1.,0.,0.));
#1093=DIRECTION('center_axis',(0.,1.,0.));
#1094=DIRECTION('ref_axis',(0.,0.,-1.));
#1095=DIRECTION('center_axis',(2.46519032881566E-32,8.36628828774774E-78,
-1.));
#1096=DIRECTION('ref_axis',(-0.707106781186554,-0.707106781186541,-1.74315279842107E-32));
#1097=DIRECTION('center_axis',(-2.46519032881566E-32,-8.36628828774774E-78,
1.));
#1098=DIRECTION('ref_axis',(-0.707106781186554,-0.707106781186541,0.));
#1099=DIRECTION('center_axis',(-9.61610493769948E-15,1.,-2.37055288932933E-46));
#1100=DIRECTION('ref_axis',(-0.707106781186548,-6.59356413095549E-15,-0.707106781186547));
#1101=DIRECTION('',(-9.61610493769948E-15,1.,-2.37055288932933E-46));
#1102=DIRECTION('',(9.61610493769948E-15,-1.,2.37055288932933E-46));
#1103=DIRECTION('center_axis',(-9.32470781837401E-15,1.,0.));
#1104=DIRECTION('ref_axis',(0.,0.,-1.));
#1105=DIRECTION('',(-9.61610493769948E-15,1.,-2.37055288932933E-46));
#1106=DIRECTION('center_axis',(2.46519032881566E-32,8.36628828774774E-78,
-1.));
#1107=DIRECTION('ref_axis',(1.,0.,0.));
#1108=DIRECTION('center_axis',(0.783435941352578,-0.621472546293881,0.));
#1109=DIRECTION('ref_axis',(0.,0.,-1.));
#1110=DIRECTION('center_axis',(2.46519032881566E-32,8.36628828774774E-78,
-1.));
#1111=DIRECTION('ref_axis',(-0.435044511346897,0.900408947727054,-1.0724675219767E-32));
#1112=DIRECTION('center_axis',(-2.46519032881566E-32,-8.36628828774774E-78,
1.));
#1113=DIRECTION('ref_axis',(-0.435044511346897,0.900408947727054,0.));
#1114=DIRECTION('center_axis',(0.783435941352578,-0.621472546293881,1.93131870586897E-32));
#1115=DIRECTION('ref_axis',(0.439447451805675,0.553972866755676,-0.707106781186545));
#1116=DIRECTION('center_axis',(0.783435941352577,-0.621472546293882,0.));
#1117=DIRECTION('ref_axis',(0.,0.,-1.));
#1118=DIRECTION('',(0.783435941352578,-0.621472546293881,1.93131870586897E-32));
#1119=DIRECTION('',(-0.783435941352578,0.621472546293881,-1.93131870586897E-32));
#1120=DIRECTION('center_axis',(2.46519032881566E-32,8.36628828774774E-78,
-1.));
#1121=DIRECTION('ref_axis',(1.,0.,0.));
#1122=DIRECTION('center_axis',(1.,0.,0.));
#1123=DIRECTION('ref_axis',(0.,0.,-1.));
#1124=DIRECTION('center_axis',(-2.46519032881566E-32,-8.36628828774774E-78,
1.));
#1125=DIRECTION('ref_axis',(-0.329062348687467,-0.944308196870221,-8.11201319561712E-33));
#1126=DIRECTION('center_axis',(2.46519032881566E-32,8.36628828774774E-78,
-1.));
#1127=DIRECTION('ref_axis',(-0.329062348687467,-0.944308196870221,0.));
#1128=DIRECTION('center_axis',(-1.,9.19487181315497E-47,-2.46519032881566E-32));
#1129=DIRECTION('ref_axis',(0.,0.707106781186552,-0.707106781186543));
#1130=DIRECTION('center_axis',(1.,9.20201429444803E-17,0.));
#1131=DIRECTION('ref_axis',(0.,0.707106781186552,-0.707106781186543));
#1132=DIRECTION('',(1.,-9.19487181315497E-47,2.46519032881566E-32));
#1133=DIRECTION('',(-1.,9.19487181315497E-47,-2.46519032881566E-32));
#1134=DIRECTION('center_axis',(4.7019365802016E-15,-3.72988312734961E-15,
1.));
#1135=DIRECTION('ref_axis',(-0.329062348687466,-0.944308196870221,-1.85149585880955E-15));
#1136=DIRECTION('',(-4.7019365802016E-15,3.72988312734961E-15,-1.));
#1137=DIRECTION('',(4.70193658020161E-15,-3.72988312734961E-15,1.));
#1138=DIRECTION('center_axis',(0.,-3.49676543189028E-16,1.));
#1139=DIRECTION('ref_axis',(-0.177030758477683,-0.984205319307316,-3.49676543189025E-16));
#1140=DIRECTION('',(4.7019365802016E-15,-3.72988312734961E-15,1.));
#1141=DIRECTION('center_axis',(0.,-1.,-3.72988312734961E-15));
#1142=DIRECTION('ref_axis',(-3.43224378544916E-31,3.72988312734961E-15,
-1.));
#1143=DIRECTION('',(1.,0.,0.));
#1144=DIRECTION('',(-3.43224378544916E-31,3.72988312734961E-15,-1.));
#1145=DIRECTION('center_axis',(-2.46519032881566E-32,-8.36628828774774E-78,
1.));
#1146=DIRECTION('ref_axis',(1.,0.,2.46519032881566E-32));
#1147=DIRECTION('',(9.20201429444803E-17,-1.,0.));
#1148=DIRECTION('center_axis',(2.46519032881566E-32,8.36628828774774E-78,
-1.));
#1149=DIRECTION('ref_axis',(-1.,4.92643991364194E-47,-2.46519032881566E-32));
#1150=DIRECTION('center_axis',(2.46519032881566E-32,8.36628828774774E-78,
-1.));
#1151=DIRECTION('ref_axis',(-1.,4.92643991364194E-47,-2.46519032881566E-32));
#1152=DIRECTION('center_axis',(2.46519032881566E-32,8.36628828774774E-78,
-1.));
#1153=DIRECTION('ref_axis',(-1.,4.92643991364194E-47,-2.46519032881566E-32));
#1154=DIRECTION('center_axis',(2.46519032881566E-32,8.36628828774774E-78,
-1.));
#1155=DIRECTION('ref_axis',(-1.,4.92643991364194E-47,-2.46519032881566E-32));
#1156=DIRECTION('center_axis',(2.46519032881566E-32,8.36628828774774E-78,
-1.));
#1157=DIRECTION('ref_axis',(-1.,4.92643991364194E-47,-2.46519032881566E-32));
#1158=DIRECTION('center_axis',(2.46519032881566E-32,8.36628828774774E-78,
-1.));
#1159=DIRECTION('ref_axis',(-1.,4.92643991364194E-47,-2.46519032881566E-32));
#1160=DIRECTION('center_axis',(-1.,-9.20201429444803E-17,0.));
#1161=DIRECTION('ref_axis',(0.,0.,1.));
#1162=DIRECTION('center_axis',(1.,9.20201429444803E-17,0.));
#1163=DIRECTION('ref_axis',(0.,0.707106781186546,0.707106781186549));
#1164=DIRECTION('',(-9.20201429444803E-17,1.,3.49676543189028E-16));
#1165=DIRECTION('center_axis',(1.,9.20201429444803E-17,0.));
#1166=DIRECTION('ref_axis',(0.,-0.440605121584536,0.897701023076991));
#1167=DIRECTION('center_axis',(1.,9.20201429444803E-17,6.16297582203915E-33));
#1168=DIRECTION('ref_axis',(7.66074529963958E-17,-0.83250743310208,0.554013875123886));
#1169=DIRECTION('center_axis',(1.,9.20201429444803E-17,0.));
#1170=DIRECTION('ref_axis',(0.,-0.722043799624961,0.691847346907647));
#1171=DIRECTION('',(0.,0.,1.));
#1172=DIRECTION('center_axis',(1.,9.20201429444803E-17,0.));
#1173=DIRECTION('ref_axis',(0.,0.,-1.));
#1174=DIRECTION('center_axis',(1.,9.20201429444803E-17,0.));
#1175=DIRECTION('ref_axis',(0.,0.,-1.));
#1176=DIRECTION('center_axis',(0.,0.,1.));
#1177=DIRECTION('ref_axis',(-1.,4.92643991364194E-47,0.));
#1178=DIRECTION('',(0.,0.,1.));
#1179=DIRECTION('center_axis',(2.46519032881566E-32,8.36628828774774E-78,
-1.));
#1180=DIRECTION('ref_axis',(-1.,4.92643991364194E-47,-2.46519032881566E-32));
#1181=DIRECTION('center_axis',(2.46519032881566E-32,8.36628828774774E-78,
-1.));
#1182=DIRECTION('ref_axis',(-1.,4.92643991364194E-47,-2.46519032881566E-32));
#1183=DIRECTION('center_axis',(-1.,0.,0.));
#1184=DIRECTION('ref_axis',(0.,-1.,0.));
#1185=DIRECTION('center_axis',(-1.,0.,0.));
#1186=DIRECTION('ref_axis',(0.,-0.722043799624961,0.691847346907647));
#1187=DIRECTION('',(1.,0.,0.));
#1188=DIRECTION('',(-1.,4.92643991364194E-47,0.));
#1189=DIRECTION('center_axis',(-2.57531566798257E-15,0.814990512333965,
0.579474300384081));
#1190=DIRECTION('ref_axis',(-1.,-2.3311769545935E-15,-1.16558847729675E-15));
#1191=DIRECTION('center_axis',(-1.,-9.20201429444803E-17,0.));
#1192=DIRECTION('ref_axis',(0.,0.,-1.));
#1193=DIRECTION('center_axis',(0.,0.611734253666954,0.791063336838799));
#1194=DIRECTION('ref_axis',(-1.,0.,0.));
#1195=DIRECTION('center_axis',(1.,9.20201429444803E-17,0.));
#1196=DIRECTION('ref_axis',(-6.15302165957428E-17,0.668660302265197,-0.743568019870823));
#1197=DIRECTION('center_axis',(-1.,-9.20201429444803E-17,0.));
#1198=DIRECTION('ref_axis',(-5.84815824213557E-17,0.668660302265196,-0.743568019870823));
#1199=DIRECTION('center_axis',(1.,9.20201429444803E-17,0.));
#1200=DIRECTION('ref_axis',(0.,0.,1.));
#1201=DIRECTION('center_axis',(0.,1.,0.));
#1202=DIRECTION('ref_axis',(-1.,0.,0.));
#1203=DIRECTION('center_axis',(-1.,-9.20201429444803E-17,0.));
#1204=DIRECTION('ref_axis',(4.0544546270279E-17,-0.440605121584535,0.897701023076991));
#1205=DIRECTION('center_axis',(1.,9.20201429444803E-17,0.));
#1206=DIRECTION('ref_axis',(4.37095678986282E-17,-0.440605121584535,0.897701023076991));
#1207=DIRECTION('center_axis',(9.20201429444803E-17,-1.,-3.49676543189028E-16));
#1208=DIRECTION('ref_axis',(-0.707106781186547,0.,0.707106781186547));
#1209=DIRECTION('center_axis',(0.,1.,0.));
#1210=DIRECTION('ref_axis',(-1.,0.,0.));
#1211=DIRECTION('',(-9.20201429444803E-17,1.,3.49676543189028E-16));
#1212=DIRECTION('',(9.20201429444803E-17,-1.,-3.49676543189028E-16));
#1213=DIRECTION('center_axis',(0.,0.,-1.));
#1214=DIRECTION('ref_axis',(-1.,0.,0.));
#1215=DIRECTION('center_axis',(-4.7019365802016E-15,3.72988312734961E-15,
-1.));
#1216=DIRECTION('ref_axis',(-0.693799675047737,0.720168043517382,5.88002534053932E-15));
#1217=DIRECTION('center_axis',(1.63145013044568E-29,3.49919839253505E-15,
-1.));
#1218=DIRECTION('ref_axis',(-1.,4.66235390918704E-15,0.));
#1219=DIRECTION('',(0.,3.72988312734961E-15,-1.));
#1220=DIRECTION('center_axis',(-0.737548110945156,0.585071322783549,-0.337215556132187));
#1221=DIRECTION('ref_axis',(-0.415811475513421,0.,0.909450832553004));
#1222=DIRECTION('center_axis',(-0.783435941352578,0.621472546293881,3.65265562376279E-15));
#1223=DIRECTION('ref_axis',(4.66235390918701E-15,0.,1.));
#1224=DIRECTION('center_axis',(0.717898669084588,0.696147614322262,0.));
#1225=DIRECTION('ref_axis',(0.696147614322262,-0.717898669084588,0.));
#1226=DIRECTION('center_axis',(-0.621472546293881,-0.783435941352578,0.));
#1227=DIRECTION('ref_axis',(0.783435941352578,-0.621472546293881,0.));
#1228=DIRECTION('center_axis',(0.783435941352578,-0.621472546293881,1.93131870586897E-32));
#1229=DIRECTION('ref_axis',(0.439447451805674,0.553972866755672,0.707106781186549));
#1230=DIRECTION('',(0.783435941352578,-0.621472546293881,1.93131870586897E-32));
#1231=DIRECTION('center_axis',(-0.783435941352576,0.621472546293884,0.));
#1232=DIRECTION('ref_axis',(0.,0.,1.));
#1233=DIRECTION('',(-0.783435941352578,0.621472546293881,-1.93131870586897E-32));
#1234=DIRECTION('center_axis',(2.46519032881566E-32,8.36628828774774E-78,
-1.));
#1235=DIRECTION('ref_axis',(1.,0.,0.));
#1236=DIRECTION('center_axis',(0.,-1.,0.));
#1237=DIRECTION('ref_axis',(0.,0.,1.));
#1238=DIRECTION('center_axis',(-2.46519032881566E-32,-8.36628828774774E-78,
1.));
#1239=DIRECTION('ref_axis',(-0.435044511346897,0.900408947727054,-1.0724675219767E-32));
#1240=DIRECTION('center_axis',(2.46519032881566E-32,8.36628828774774E-78,
-1.));
#1241=DIRECTION('ref_axis',(-0.435044511346897,0.900408947727054,0.));
#1242=DIRECTION('center_axis',(-9.61610493769948E-15,1.,-2.37055288932933E-46));
#1243=DIRECTION('ref_axis',(-0.707106781186548,-6.59356413095548E-15,0.707106781186547));
#1244=DIRECTION('',(9.61610493769948E-15,-1.,2.37055288932933E-46));
#1245=DIRECTION('',(-9.61610493769948E-15,1.,-2.37055288932933E-46));
#1246=DIRECTION('center_axis',(9.32470781837222E-15,-1.,0.));
#1247=DIRECTION('ref_axis',(0.,0.,1.));
#1248=DIRECTION('',(9.61610493769948E-15,-1.,2.37055288932933E-46));
#1249=DIRECTION('center_axis',(2.46519032881566E-32,8.36628828774774E-78,
-1.));
#1250=DIRECTION('ref_axis',(1.,0.,0.));
#1251=DIRECTION('center_axis',(1.,-1.90865113157343E-14,0.));
#1252=DIRECTION('ref_axis',(0.,0.,1.));
#1253=DIRECTION('center_axis',(-2.46519032881566E-32,-8.36628828774774E-78,
1.));
#1254=DIRECTION('ref_axis',(-0.707106781186554,-0.707106781186541,-1.74315279842107E-32));
#1255=DIRECTION('center_axis',(2.46519032881566E-32,8.36628828774774E-78,
-1.));
#1256=DIRECTION('ref_axis',(-0.707106781186554,-0.707106781186541,0.));
#1257=DIRECTION('center_axis',(-1.,4.92643991364194E-47,-2.46519032881566E-32));
#1258=DIRECTION('ref_axis',(0.,-0.707106781186548,0.707106781186547));
#1259=DIRECTION('',(1.,-4.92643991364194E-47,2.46519032881566E-32));
#1260=DIRECTION('',(-1.,4.92643991364194E-47,-2.46519032881566E-32));
#1261=DIRECTION('center_axis',(-0.621472546293881,-0.783435941352578,0.));
#1262=DIRECTION('ref_axis',(-0.783435941352578,0.621472546293881,-1.93131870586897E-32));
#1263=DIRECTION('',(0.,0.,-1.));
#1264=DIRECTION('center_axis',(0.,0.,1.));
#1265=DIRECTION('ref_axis',(1.,-4.92643991364194E-47,0.));
#1266=DIRECTION('',(0.,0.,-1.));
#1267=DIRECTION('center_axis',(1.,9.61610493769948E-15,0.));
#1268=DIRECTION('ref_axis',(9.61610493769948E-15,-1.,2.37055288932933E-46));
#1269=DIRECTION('',(0.,0.,-1.));
#1270=DIRECTION('center_axis',(0.,0.,1.));
#1271=DIRECTION('ref_axis',(-1.,4.92643991364194E-47,0.));
#1272=DIRECTION('',(0.,0.,-1.));
#1273=DIRECTION('center_axis',(4.92643991364194E-47,1.,0.));
#1274=DIRECTION('ref_axis',(1.,-4.92643991364194E-47,2.46519032881566E-32));
#1275=DIRECTION('center_axis',(-1.,-9.20201429444803E-17,0.));
#1276=DIRECTION('ref_axis',(0.,0.,1.));
#1277=DIRECTION('',(9.20201429444803E-17,-1.,2.26847166442968E-48));
#1278=DIRECTION('center_axis',(1.,9.20201429444803E-17,0.));
#1279=DIRECTION('ref_axis',(0.,0.,-1.));
#1280=DIRECTION('center_axis',(1.,9.20201429444803E-17,0.));
#1281=DIRECTION('ref_axis',(0.,0.,-1.));
#1282=DIRECTION('center_axis',(-1.,0.,0.));
#1283=DIRECTION('ref_axis',(0.,-0.440605121584536,0.897701023076991));
#1284=DIRECTION('',(-1.,0.,0.));
#1285=DIRECTION('',(1.,0.,0.));
#1286=DIRECTION('center_axis',(0.,3.49676543189028E-16,-1.));
#1287=DIRECTION('ref_axis',(-9.20201429444803E-17,1.,3.49676543189028E-16));
#1288=DIRECTION('',(-1.,0.,0.));
#1289=DIRECTION('center_axis',(0.,3.49676543189028E-16,-1.));
#1290=DIRECTION('ref_axis',(-0.177030758477683,-0.984205319307316,-3.44153513843636E-16));
#1291=DIRECTION('center_axis',(-1.,0.,0.));
#1292=DIRECTION('ref_axis',(0.,0.707106781186546,0.707106781186549));
#1293=DIRECTION('center_axis',(-1.,0.,0.));
#1294=DIRECTION('ref_axis',(0.,0.,1.));
#1295=DIRECTION('center_axis',(0.,-3.49676543189028E-16,1.));
#1296=DIRECTION('ref_axis',(-1.,0.,0.));
#1297=DIRECTION('center_axis',(9.20201429444803E-17,-1.,2.26847166442968E-48));
#1298=DIRECTION('ref_axis',(0.707106781186548,0.,-0.707106781186547));
#1299=DIRECTION('',(-9.20201429444803E-17,1.,-2.26847166442968E-48));
#1300=DIRECTION('center_axis',(-2.46519032881566E-32,-8.36628828774774E-78,
1.));
#1301=DIRECTION('ref_axis',(1.,0.,2.46519032881566E-32));
#1302=DIRECTION('center_axis',(2.46519032881566E-32,8.36628828774774E-78,
-1.));
#1303=DIRECTION('ref_axis',(-1.,4.92643991364194E-47,-2.46519032881566E-32));
#1304=DIRECTION('center_axis',(2.46519032881566E-32,8.36628828774774E-78,
-1.));
#1305=DIRECTION('ref_axis',(-1.,4.92643991364194E-47,-2.46519032881566E-32));
#1306=DIRECTION('center_axis',(2.46519032881566E-32,8.36628828774774E-78,
-1.));
#1307=DIRECTION('ref_axis',(-1.,4.92643991364194E-47,-2.46519032881566E-32));
#1308=DIRECTION('center_axis',(2.46519032881566E-32,8.36628828774774E-78,
-1.));
#1309=DIRECTION('ref_axis',(-1.,4.92643991364194E-47,-2.46519032881566E-32));
#1310=DIRECTION('center_axis',(-1.,0.,0.));
#1311=DIRECTION('ref_axis',(0.,0.,-1.));
#1312=DIRECTION('',(-1.,0.,0.));
#1313=DIRECTION('center_axis',(-1.,0.,0.));
#1314=DIRECTION('ref_axis',(0.,0.,-1.));
#1315=DIRECTION('',(-1.,0.,0.));
#1316=DIRECTION('center_axis',(-1.,0.,0.));
#1317=DIRECTION('ref_axis',(0.,-0.83250743310208,0.554013875123886));
#1318=DIRECTION('center_axis',(0.,0.,1.));
#1319=DIRECTION('ref_axis',(-1.,4.92643991364194E-47,0.));
#1320=DIRECTION('',(0.,0.,1.));
#1321=DIRECTION('center_axis',(0.,0.,1.));
#1322=DIRECTION('ref_axis',(-1.,4.92643991364194E-47,0.));
#1323=DIRECTION('',(0.,0.,1.));
#1324=DIRECTION('center_axis',(0.,0.,1.));
#1325=DIRECTION('ref_axis',(-1.,4.92643991364194E-47,0.));
#1326=DIRECTION('',(0.,0.,1.));
#1327=DIRECTION('center_axis',(0.,0.,1.));
#1328=DIRECTION('ref_axis',(-1.,4.92643991364194E-47,0.));
#1329=DIRECTION('',(0.,0.,1.));
#1330=CARTESIAN_POINT('',(0.,0.,0.));
#1331=CARTESIAN_POINT('Ctrl Pts',(0.514956309461407,0.336222164534082,-0.0143930870127709));
#1332=CARTESIAN_POINT('Ctrl Pts',(0.519389548040411,0.339119164783256,-0.012587911750373));
#1333=CARTESIAN_POINT('Ctrl Pts',(0.527365516963813,0.345736694632828,-0.00880842218940576));
#1334=CARTESIAN_POINT('Ctrl Pts',(0.538934449760409,0.36428144870187,-0.0014510481122995));
#1335=CARTESIAN_POINT('Ctrl Pts',(0.544832424605838,0.378782335633274,0.00183460292222571));
#1336=CARTESIAN_POINT('Ctrl Pts',(0.547994551313272,0.385070385493669,0.00215310396771161));
#1337=CARTESIAN_POINT('Ctrl Pts',(0.51521621050747,0.337709797757227,-0.013526926364337));
#1338=CARTESIAN_POINT('Ctrl Pts',(0.519513744352845,0.340606203651915,-0.0118291439363672));
#1339=CARTESIAN_POINT('Ctrl Pts',(0.527290027292462,0.347233053036184,-0.00822561079628061));
#1340=CARTESIAN_POINT('Ctrl Pts',(0.538607806852709,0.365746493724969,-0.00119401650515263));
#1341=CARTESIAN_POINT('Ctrl Pts',(0.544368012839236,0.379829082820813,0.00188453027138391));
#1342=CARTESIAN_POINT('Ctrl Pts',(0.547459622951716,0.385894207882681,0.00219483205480065));
#1343=CARTESIAN_POINT('Ctrl Pts',(0.515772402743647,0.34078616163222,-0.011880905311162));
#1344=CARTESIAN_POINT('Ctrl Pts',(0.519820251972255,0.343672880716524,-0.0103661774919695));
#1345=CARTESIAN_POINT('Ctrl Pts',(0.527207455006825,0.350337366757099,-0.00710096744083441));
#1346=CARTESIAN_POINT('Ctrl Pts',(0.538035061149715,0.368749487230816,-0.000690649541717667));
#1347=CARTESIAN_POINT('Ctrl Pts',(0.543526226248793,0.381966660902876,0.00198828176556854));
#1348=CARTESIAN_POINT('Ctrl Pts',(0.546476100612128,0.387598287751274,0.00228236602995015));
#1349=CARTESIAN_POINT('Ctrl Pts',(0.51675277465998,0.34574494402431,-0.00961021088075649));
#1350=CARTESIAN_POINT('Ctrl Pts',(0.520463713564113,0.348620558059076,-0.00831894829692603));
#1351=CARTESIAN_POINT('Ctrl Pts',(0.527305912962689,0.355380431360048,-0.00551627222938543));
#1352=CARTESIAN_POINT('Ctrl Pts',(0.537427209244004,0.373469591888847,2.72967598965553E-5));
#1353=CARTESIAN_POINT('Ctrl Pts',(0.542538901200615,0.385287832647848,0.00215556401812271));
#1354=CARTESIAN_POINT('Ctrl Pts',(0.545277719505205,0.390291730105438,0.00242495993806485));
#1355=CARTESIAN_POINT('Ctrl Pts',(0.51790475299073,0.351146816154992,-0.0075134038583628));
#1356=CARTESIAN_POINT('Ctrl Pts',(0.521295185296835,0.3540422788327,-0.00642298428515525));
#1357=CARTESIAN_POINT('Ctrl Pts',(0.527668394362351,0.360838513202098,-0.0040098336977548));
#1358=CARTESIAN_POINT('Ctrl Pts',(0.537081919820809,0.37838918293583,0.000698602448566168));
#1359=CARTESIAN_POINT('Ctrl Pts',(0.541839406716373,0.388699427412429,0.00233395826301474));
#1360=CARTESIAN_POINT('Ctrl Pts',(0.544370398588039,0.393087022192985,0.00257754773489009));
#1361=CARTESIAN_POINT('Ctrl Pts',(0.519272431070858,0.357091138945632,-0.0055661694084326));
#1362=CARTESIAN_POINT('Ctrl Pts',(0.522372005280726,0.35998192576881,-0.00464498542809899));
#1363=CARTESIAN_POINT('Ctrl Pts',(0.528324173102599,0.366781904350099,-0.00258419364301242));
#1364=CARTESIAN_POINT('Ctrl Pts',(0.537019358338756,0.383450465430059,0.00131724694959668));
#1365=CARTESIAN_POINT('Ctrl Pts',(0.541437222837426,0.392171359151758,0.00252239318444371));
#1366=CARTESIAN_POINT('Ctrl Pts',(0.543763707912966,0.395949126266012,0.00273863741576142));
#1367=CARTESIAN_POINT('Ctrl Pts',(0.520924426520746,0.363670408402036,-0.00374905671653876));
#1368=CARTESIAN_POINT('Ctrl Pts',(0.523763519729461,0.366515698186259,-0.00297776428134406));
#1369=CARTESIAN_POINT('Ctrl Pts',(0.529301790318996,0.373253735187436,-0.00124306913398819));
#1370=CARTESIAN_POINT('Ctrl Pts',(0.537259074745949,0.388567842158386,0.0018737621329961));
#1371=CARTESIAN_POINT('Ctrl Pts',(0.541336659521212,0.395673677671958,0.0027195443474635));
#1372=CARTESIAN_POINT('Ctrl Pts',(0.543461053952186,0.398849303464887,0.00290687843444798));
#1373=CARTESIAN_POINT('Ctrl Pts',(0.52296101941219,0.370954436494232,-0.00205538595548887));
#1374=CARTESIAN_POINT('Ctrl Pts',(0.525550583121708,0.37369173645638,-0.00142185048709041));
#1375=CARTESIAN_POINT('Ctrl Pts',(0.530629191245284,0.380235125913885,-4.71940155016647E-6));
#1376=CARTESIAN_POINT('Ctrl Pts',(0.53781220841055,0.393627668329529,0.00236047901607605));
#1377=CARTESIAN_POINT('Ctrl Pts',(0.541535086270691,0.399175333707057,0.00292376961917177));
#1378=CARTESIAN_POINT('Ctrl Pts',(0.543458596391358,0.401762610667038,0.00308095633256945));
#1379=CARTESIAN_POINT('Ctrl Pts',(0.525456215997335,0.378990155190281,-0.000499036213010804));
#1380=CARTESIAN_POINT('Ctrl Pts',(0.527769317535616,0.381535818159908,9.16311221299127E-7));
#1381=CARTESIAN_POINT('Ctrl Pts',(0.532327868544244,0.387572775452184,0.00109953904278787));
#1382=CARTESIAN_POINT('Ctrl Pts',(0.538671305533558,0.398510745351978,0.00277434395129472));
#1383=CARTESIAN_POINT('Ctrl Pts',(0.542021517145259,0.402644833562383,0.00313314482813489));
#1384=CARTESIAN_POINT('Ctrl Pts',(0.543744254428288,0.404666862950476,0.0032595575778047));
#1385=CARTESIAN_POINT('Ctrl Pts',(0.528436557479224,0.387681049239623,0.000878924804975309));
#1386=CARTESIAN_POINT('Ctrl Pts',(0.530425260296069,0.389880359587835,0.00124586241627657));
#1387=CARTESIAN_POINT('Ctrl Pts',(0.53439242196025,0.394972272326984,0.00203629380225124));
#1388=CARTESIAN_POINT('Ctrl Pts',(0.539803573318087,0.403119530678849,0.00311902379436));
#1389=CARTESIAN_POINT('Ctrl Pts',(0.542775116771545,0.406049817148325,0.00334544077042288));
#1390=CARTESIAN_POINT('Ctrl Pts',(0.544296230326692,0.407539107868556,0.00344116450742801));
#1391=CARTESIAN_POINT('Ctrl Pts',(0.531832150936587,0.396655749879197,0.00201838775766805));
#1392=CARTESIAN_POINT('Ctrl Pts',(0.53347241861556,0.398305618625948,0.00226615555497937));
#1393=CARTESIAN_POINT('Ctrl Pts',(0.53674972453025,0.40204867684132,0.00278310461084828));
#1394=CARTESIAN_POINT('Ctrl Pts',(0.541166148912336,0.407420916958904,0.00340922958603427));
#1395=CARTESIAN_POINT('Ctrl Pts',(0.543766072813767,0.409366430329916,0.00355872312443925));
#1396=CARTESIAN_POINT('Ctrl Pts',(0.545084175398716,0.410364274549341,0.00362461359496532));
#1397=CARTESIAN_POINT('Ctrl Pts',(0.535499357797583,0.405291403294167,0.00289384035307356));
#1398=CARTESIAN_POINT('Ctrl Pts',(0.536739971823778,0.406298953398635,0.00304425569874572));
#1399=CARTESIAN_POINT('Ctrl Pts',(0.539220380206074,0.408570675830707,0.00334400374519016));
#1400=CARTESIAN_POINT('Ctrl Pts',(0.542740090635815,0.411460510510672,0.00367159001704125));
#1401=CARTESIAN_POINT('Ctrl Pts',(0.544957681895441,0.412597793507132,0.00377269770010483));
#1402=CARTESIAN_POINT('Ctrl Pts',(0.546069807102023,0.413144914801295,0.00380983118812536));
#1403=CARTESIAN_POINT('Ctrl Pts',(0.53902855034384,0.413329756950605,0.00353390455508141));
#1404=CARTESIAN_POINT('Ctrl Pts',(0.539915296625402,0.413703467774595,0.00361894545771227));
#1405=CARTESIAN_POINT('Ctrl Pts',(0.541736488158615,0.414513105841178,0.0037790721519726));
#1406=CARTESIAN_POINT('Ctrl Pts',(0.544493134873574,0.415452170300965,0.00394098850723007));
#1407=CARTESIAN_POINT('Ctrl Pts',(0.546302173385012,0.415768227638159,0.00398857411688058));
#1408=CARTESIAN_POINT('Ctrl Pts',(0.547203331204822,0.415893420556093,0.00399744899836256));
#1409=CARTESIAN_POINT('Ctrl Pts',(0.541188678211891,0.418541235989911,0.00389041430178466));
#1410=CARTESIAN_POINT('Ctrl Pts',(0.541932804556254,0.418485072725492,0.0039489659698559));
#1411=CARTESIAN_POINT('Ctrl Pts',(0.543443849731054,0.418378416791432,0.00404808301161665));
#1412=CARTESIAN_POINT('Ctrl Pts',(0.545742605936098,0.418150322625065,0.00413204395072184));
#1413=CARTESIAN_POINT('Ctrl Pts',(0.547257779368119,0.417866500466929,0.00413533183581886));
#1414=CARTESIAN_POINT('Ctrl Pts',(0.548014773345905,0.417715647337546,0.00412482263357726));
#1415=CARTESIAN_POINT('Ctrl Pts',(0.542263099822339,0.421261491692284,0.00407568514645048));
#1416=CARTESIAN_POINT('Ctrl Pts',(0.542945464170231,0.420967178612071,0.00412147004569389));
#1417=CARTESIAN_POINT('Ctrl Pts',(0.544312013485292,0.420379337718913,0.00419095352322615));
#1418=CARTESIAN_POINT('Ctrl Pts',(0.546365481422012,0.419500714174148,0.00422882734450531));
#1419=CARTESIAN_POINT('Ctrl Pts',(0.547735675229298,0.41891757649964,0.00420981990219504));
#1420=CARTESIAN_POINT('Ctrl Pts',(0.548420772138331,0.418626789790659,0.00418925623106264));
#1421=CARTESIAN_POINT('',(0.514956309461407,0.336222164534082,-0.0143930870127709));
#1422=CARTESIAN_POINT('',(0.542263099822339,0.421261491692284,0.00407568514645048));
#1423=CARTESIAN_POINT('Ctrl Pts',(0.514956309461407,0.336222164534082,-0.0143930870127709));
#1424=CARTESIAN_POINT('Ctrl Pts',(0.51521621050747,0.337709797757227,-0.013526926364337));
#1425=CARTESIAN_POINT('Ctrl Pts',(0.515772402743647,0.34078616163222,-0.011880905311162));
#1426=CARTESIAN_POINT('Ctrl Pts',(0.51675277465998,0.345744944024311,-0.00961021088075653));
#1427=CARTESIAN_POINT('Ctrl Pts',(0.51790475299073,0.351146816154991,-0.00751340385836269));
#1428=CARTESIAN_POINT('Ctrl Pts',(0.519272431070858,0.357091138945632,-0.00556616940843292));
#1429=CARTESIAN_POINT('Ctrl Pts',(0.520924426520746,0.363670408402035,-0.00374905671653843));
#1430=CARTESIAN_POINT('Ctrl Pts',(0.52296101941219,0.370954436494233,-0.00205538595548896));
#1431=CARTESIAN_POINT('Ctrl Pts',(0.525456215997335,0.37899015519028,-0.000499036213010796));
#1432=CARTESIAN_POINT('Ctrl Pts',(0.528436557479224,0.387681049239623,0.00087892480497538));
#1433=CARTESIAN_POINT('Ctrl Pts',(0.531832150936587,0.396655749879197,0.00201838775766774));
#1434=CARTESIAN_POINT('Ctrl Pts',(0.535499357797583,0.405291403294168,0.00289384035307372));
#1435=CARTESIAN_POINT('Ctrl Pts',(0.53902855034384,0.413329756950603,0.00353390455508106));
#1436=CARTESIAN_POINT('Ctrl Pts',(0.54118867821189,0.418541235989911,0.00389041430178466));
#1437=CARTESIAN_POINT('Ctrl Pts',(0.542263099822339,0.421261491692284,0.00407568514645048));
#1438=CARTESIAN_POINT('',(0.547994551313272,0.385070385493667,0.00215310396771161));
#1439=CARTESIAN_POINT('Ctrl Pts',(0.514956309461407,0.336222164534082,-0.0143930870127709));
#1440=CARTESIAN_POINT('Ctrl Pts',(0.519389548040411,0.339119164783256,-0.012587911750373));
#1441=CARTESIAN_POINT('Ctrl Pts',(0.527365516963812,0.34573669463283,-0.0088084221894058));
#1442=CARTESIAN_POINT('Ctrl Pts',(0.538934449760409,0.364281448701868,-0.00145104811229947));
#1443=CARTESIAN_POINT('Ctrl Pts',(0.544832424605838,0.378782335633272,0.00183460292222572));
#1444=CARTESIAN_POINT('Ctrl Pts',(0.547994551313272,0.385070385493667,0.00215310396771161));
#1445=CARTESIAN_POINT('',(0.548420772138331,0.418626789790663,0.00418925623106299));
#1446=CARTESIAN_POINT('Ctrl Pts',(0.548420772138331,0.418626789790663,0.00418925623106303));
#1447=CARTESIAN_POINT('Ctrl Pts',(0.547568869040975,0.416714948936899,0.00405405587506313));
#1448=CARTESIAN_POINT('Ctrl Pts',(0.546721843041465,0.41480351084002,0.00392214020148608));
#1449=CARTESIAN_POINT('Ctrl Pts',(0.545991029417363,0.412867677680579,0.00379192011590912));
#1450=CARTESIAN_POINT('Ctrl Pts',(0.545259207806275,0.410929174490686,0.00366152042208848));
#1451=CARTESIAN_POINT('Ctrl Pts',(0.544642520042494,0.408963553616496,0.00353266019654851));
#1452=CARTESIAN_POINT('Ctrl Pts',(0.544206652455851,0.406962144247115,0.00340510258440574));
#1453=CARTESIAN_POINT('Ctrl Pts',(0.54370671325425,0.40466653192616,0.00325879427259993));
#1454=CARTESIAN_POINT('Ctrl Pts',(0.543445110334842,0.402325207441539,0.00311436931188886));
#1455=CARTESIAN_POINT('Ctrl Pts',(0.543474264036359,0.399987288731714,0.00297511671776118));
#1456=CARTESIAN_POINT('Ctrl Pts',(0.54350424431527,0.397583084416411,0.00283191597844035));
#1457=CARTESIAN_POINT('Ctrl Pts',(0.543841050250537,0.395181593814102,0.00269415465284997));
#1458=CARTESIAN_POINT('Ctrl Pts',(0.544488212254205,0.392849750232976,0.00256521003593302));
#1459=CARTESIAN_POINT('Ctrl Pts',(0.545248624302578,0.390109845937051,0.0024137007697512));
#1460=CARTESIAN_POINT('Ctrl Pts',(0.546436792424997,0.38746942944249,0.00227461986259648));
#1461=CARTESIAN_POINT('Ctrl Pts',(0.547994551313273,0.385070385493668,0.00215310396771162));
#1462=CARTESIAN_POINT('Origin',(0.548420772138331,0.423917380019186,-0.0706239087536765));
#1463=CARTESIAN_POINT('Ctrl Pts',(0.514956309461407,0.336222164534082,-0.0143930870127709));
#1464=CARTESIAN_POINT('Ctrl Pts',(0.51521621050747,0.337709797757227,-0.013526926364337));
#1465=CARTESIAN_POINT('Ctrl Pts',(0.515772402743647,0.34078616163222,-0.011880905311162));
#1466=CARTESIAN_POINT('Ctrl Pts',(0.51675277465998,0.345744944024311,-0.00961021088075653));
#1467=CARTESIAN_POINT('Ctrl Pts',(0.51790475299073,0.351146816154991,-0.00751340385836269));
#1468=CARTESIAN_POINT('Ctrl Pts',(0.519272431070858,0.357091138945632,-0.00556616940843292));
#1469=CARTESIAN_POINT('Ctrl Pts',(0.520924426520746,0.363670408402035,-0.00374905671653843));
#1470=CARTESIAN_POINT('Ctrl Pts',(0.52296101941219,0.370954436494233,-0.00205538595548896));
#1471=CARTESIAN_POINT('Ctrl Pts',(0.525456215997335,0.37899015519028,-0.000499036213010796));
#1472=CARTESIAN_POINT('Ctrl Pts',(0.528436557479224,0.387681049239623,0.00087892480497538));
#1473=CARTESIAN_POINT('Ctrl Pts',(0.531832150936587,0.396655749879197,0.00201838775766774));
#1474=CARTESIAN_POINT('Ctrl Pts',(0.535499357797583,0.405291403294168,0.00289384035307372));
#1475=CARTESIAN_POINT('Ctrl Pts',(0.53902855034384,0.413329756950603,0.00353390455508106));
#1476=CARTESIAN_POINT('Ctrl Pts',(0.54118867821189,0.418541235989911,0.00389041430178466));
#1477=CARTESIAN_POINT('Ctrl Pts',(0.542263099822339,0.421261491692284,0.00407568514645048));
#1478=CARTESIAN_POINT('Ctrl Pts',(0.511562675066657,0.339275697177487,-0.0127336196814332));
#1479=CARTESIAN_POINT('Ctrl Pts',(0.511978487014725,0.340732938476176,-0.0119714491498689));
#1480=CARTESIAN_POINT('Ctrl Pts',(0.512831952239645,0.343750251908776,-0.0105154364214345));
#1481=CARTESIAN_POINT('Ctrl Pts',(0.514228208004737,0.348619175353731,-0.00848448540225359));
#1482=CARTESIAN_POINT('Ctrl Pts',(0.51577220075735,0.353930386109345,-0.00659194387659203));
#1483=CARTESIAN_POINT('Ctrl Pts',(0.51751278272685,0.359776338867694,-0.00482092133571749));
#1484=CARTESIAN_POINT('Ctrl Pts',(0.519520637826399,0.366235498637404,-0.00315944595057426));
#1485=CARTESIAN_POINT('Ctrl Pts',(0.521893118259023,0.373350389442344,-0.00160766290501602));
#1486=CARTESIAN_POINT('Ctrl Pts',(0.524684424354356,0.381135534511803,-0.000185093712665303));
#1487=CARTESIAN_POINT('Ctrl Pts',(0.527886260307557,0.389460374622177,0.0010662960487257));
#1488=CARTESIAN_POINT('Ctrl Pts',(0.531396100424814,0.397959068281655,0.002096779269596));
#1489=CARTESIAN_POINT('Ctrl Pts',(0.535067150318471,0.406110804570477,0.00289986155653395));
#1490=CARTESIAN_POINT('Ctrl Pts',(0.53850456289926,0.413813587996264,0.00350710582540118));
#1491=CARTESIAN_POINT('Ctrl Pts',(0.540563932046465,0.418899649887927,0.00385244828312074));
#1492=CARTESIAN_POINT('Ctrl Pts',(0.541580735474447,0.421555804772497,0.00402990024720707));
#1493=CARTESIAN_POINT('Ctrl Pts',(0.505952142979835,0.346029648853972,-0.00927377775594061));
#1494=CARTESIAN_POINT('Ctrl Pts',(0.506618078816071,0.347441380084542,-0.0087013889635566));
#1495=CARTESIAN_POINT('Ctrl Pts',(0.507962716758776,0.350370076382709,-0.00759871567108158));
#1496=CARTESIAN_POINT('Ctrl Pts',(0.510081406798762,0.355106626006608,-0.00602855076882505));
#1497=CARTESIAN_POINT('Ctrl Pts',(0.512334053167349,0.360292529269564,-0.00454205229102409));
#1498=CARTESIAN_POINT('Ctrl Pts',(0.514768619871095,0.36600305456915,-0.00313452607322937));
#1499=CARTESIAN_POINT('Ctrl Pts',(0.517449007567535,0.372268082329276,-0.00180824811155851));
#1500=CARTESIAN_POINT('Ctrl Pts',(0.520451215552503,0.379044114783956,-0.000575678838163648));
#1501=CARTESIAN_POINT('Ctrl Pts',(0.523764984338289,0.386255199030354,0.000536917554726854));
#1502=CARTESIAN_POINT('Ctrl Pts',(0.52729200151407,0.393707684501817,0.00149567142577453));
#1503=CARTESIAN_POINT('Ctrl Pts',(0.530879474773949,0.401094675909266,0.00228323678692358));
#1504=CARTESIAN_POINT('Ctrl Pts',(0.534407079967838,0.408136744473145,0.00292786418322279));
#1505=CARTESIAN_POINT('Ctrl Pts',(0.537522813541684,0.4149813732081,0.0034500321326615));
#1506=CARTESIAN_POINT('Ctrl Pts',(0.539331675743418,0.419678620888253,0.00375958178945513));
#1507=CARTESIAN_POINT('Ctrl Pts',(0.540217827419413,0.422145216190929,0.00391624412920638));
#1508=CARTESIAN_POINT('Ctrl Pts',(0.501140112091723,0.362919402483295,-0.00267465564342074));
#1509=CARTESIAN_POINT('Ctrl Pts',(0.502194075501968,0.364208941470742,-0.00243803461811078));
#1510=CARTESIAN_POINT('Ctrl Pts',(0.50430516946026,0.366888035118046,-0.00197682587758025));
#1511=CARTESIAN_POINT('Ctrl Pts',(0.507534474585698,0.371143890114052,-0.00129667769001478));
#1512=CARTESIAN_POINT('Ctrl Pts',(0.510796384417771,0.375714791201797,-0.00064690422814759));
#1513=CARTESIAN_POINT('Ctrl Pts',(0.514092165981686,0.380566926911424,-3.15076137350164E-5));
#1514=CARTESIAN_POINT('Ctrl Pts',(0.517446362152009,0.385604084536064,0.000545336705988912));
#1515=CARTESIAN_POINT('Ctrl Pts',(0.520866968554748,0.390711739265034,0.0010831750803343));
#1516=CARTESIAN_POINT('Ctrl Pts',(0.52426088793015,0.395871496453986,0.00158084592402106));
#1517=CARTESIAN_POINT('Ctrl Pts',(0.527502522743823,0.401064630490395,0.00203693264571011));
#1518=CARTESIAN_POINT('Ctrl Pts',(0.530589483999586,0.406242283961353,0.00247269257378728));
#1519=CARTESIAN_POINT('Ctrl Pts',(0.533495869181504,0.41145834890348,0.00290333411228999));
#1520=CARTESIAN_POINT('Ctrl Pts',(0.536051579918839,0.417038998782817,0.00331430964603899));
#1521=CARTESIAN_POINT('Ctrl Pts',(0.537511503481891,0.421009827297049,0.00356339366501174));
#1522=CARTESIAN_POINT('Ctrl Pts',(0.538180740308863,0.423030905010166,0.00367965218851002));
#1523=CARTESIAN_POINT('Ctrl Pts',(0.499781542962002,0.377907555360568,3.73164700735942E-5));
#1524=CARTESIAN_POINT('Ctrl Pts',(0.501044919374185,0.378777530701734,6.11797107260128E-5));
#1525=CARTESIAN_POINT('Ctrl Pts',(0.503541488974814,0.380606475967673,0.000126796004218667));
#1526=CARTESIAN_POINT('Ctrl Pts',(0.507233586421653,0.383525466769865,0.000277273991435572));
#1527=CARTESIAN_POINT('Ctrl Pts',(0.510813704045121,0.386715544098082,0.000475515751184551));
#1528=CARTESIAN_POINT('Ctrl Pts',(0.514289664032944,0.390130067176844,0.000716703361168448));
#1529=CARTESIAN_POINT('Ctrl Pts',(0.517713135533693,0.393690581474203,0.00100199233813158));
#1530=CARTESIAN_POINT('Ctrl Pts',(0.52107947460224,0.397383894263011,0.00132855666755833));
#1531=CARTESIAN_POINT('Ctrl Pts',(0.524322910388128,0.401265749223696,0.00168760982032604));
#1532=CARTESIAN_POINT('Ctrl Pts',(0.527356237564813,0.405366993510022,0.0020617384921563));
#1533=CARTESIAN_POINT('Ctrl Pts',(0.530248309929098,0.409605114037272,0.00245440169306126));
#1534=CARTESIAN_POINT('Ctrl Pts',(0.532885497579136,0.414028614453719,0.00284213122535271));
#1535=CARTESIAN_POINT('Ctrl Pts',(0.535096979429716,0.418712272756766,0.00319002941525269));
#1536=CARTESIAN_POINT('Ctrl Pts',(0.536287993836304,0.421969219947336,0.00338699451358038));
#1537=CARTESIAN_POINT('Ctrl Pts',(0.536828736657836,0.423621888347964,0.0034779922721449));
#1538=CARTESIAN_POINT('Ctrl Pts',(0.498557240631545,0.384755173506961,2.00549187608899E-5));
#1539=CARTESIAN_POINT('Ctrl Pts',(0.499966840425245,0.385400499103838,3.86283112340095E-5));
#1540=CARTESIAN_POINT('Ctrl Pts',(0.50273727241512,0.386797581542746,0.000102023962623905));
#1541=CARTESIAN_POINT('Ctrl Pts',(0.506774785887997,0.389107683794523,0.000253986949331145));
#1542=CARTESIAN_POINT('Ctrl Pts',(0.510624060804812,0.39171924982377,0.000462841688935082));
#1543=CARTESIAN_POINT('Ctrl Pts',(0.514298137165027,0.394563084472494,0.000716535554566962));
#1544=CARTESIAN_POINT('Ctrl Pts',(0.517851773937748,0.397553545651616,0.0010141344628525));
#1545=CARTESIAN_POINT('Ctrl Pts',(0.521261813395306,0.400702384495649,0.00134766982826256));
#1546=CARTESIAN_POINT('Ctrl Pts',(0.524465836502897,0.404062427051949,0.00170464547553824));
#1547=CARTESIAN_POINT('Ctrl Pts',(0.527399982386031,0.40765579169735,0.00206794748500808));
#1548=CARTESIAN_POINT('Ctrl Pts',(0.53015176039309,0.411395014739484,0.00244137920152681));
#1549=CARTESIAN_POINT('Ctrl Pts',(0.532590089731653,0.415345625148159,0.00279818344193707));
#1550=CARTESIAN_POINT('Ctrl Pts',(0.53460280656416,0.41953742078143,0.00311176782782178));
#1551=CARTESIAN_POINT('Ctrl Pts',(0.535671702161697,0.422445870738121,0.00328617690833355));
#1552=CARTESIAN_POINT('Ctrl Pts',(0.536154548195311,0.423917380019187,0.00336622403563319));
#1553=CARTESIAN_POINT('',(0.536154548195311,0.423917380019187,0.00336622403563319));
#1554=CARTESIAN_POINT('Origin',(0.548420772138331,0.423917380019186,-0.0706239087536765));
#1555=CARTESIAN_POINT('',(0.498558142319832,0.384753173558473,2.16623961926698E-5));
#1556=CARTESIAN_POINT('Ctrl Pts',(0.498558142319832,0.384753173558473,2.16623961926399E-5));
#1557=CARTESIAN_POINT('Ctrl Pts',(0.499489769355333,0.385183061101743,3.39274243315372E-5));
#1558=CARTESIAN_POINT('Ctrl Pts',(0.500550180225038,0.385701722372352,5.33093064381952E-5));
#1559=CARTESIAN_POINT('Ctrl Pts',(0.501671754491331,0.386283664854556,8.20517653107589E-5));
#1560=CARTESIAN_POINT('Ctrl Pts',(0.502602660948705,0.386766677019497,0.000105908001468651));
#1561=CARTESIAN_POINT('Ctrl Pts',(0.503571670070809,0.387290998983188,0.000136092030112755));
#1562=CARTESIAN_POINT('Ctrl Pts',(0.50453940857601,0.387843229469786,0.000172009286999841));
#1563=CARTESIAN_POINT('Ctrl Pts',(0.50539910310784,0.388333805722656,0.00020391653175472));
#1564=CARTESIAN_POINT('Ctrl Pts',(0.506256443527219,0.388845639777223,0.000240171392895801));
#1565=CARTESIAN_POINT('Ctrl Pts',(0.507113900179978,0.389387751951741,0.000280849440814773));
#1566=CARTESIAN_POINT('Ctrl Pts',(0.508023428664567,0.389962785643508,0.000323997794916132));
#1567=CARTESIAN_POINT('Ctrl Pts',(0.508939274397129,0.390576361571831,0.000372306467990362));
#1568=CARTESIAN_POINT('Ctrl Pts',(0.509893029223138,0.391253111366915,0.000428200271559848));
#1569=CARTESIAN_POINT('Ctrl Pts',(0.510910849012603,0.39197531933396,0.000487848535275081));
#1570=CARTESIAN_POINT('Ctrl Pts',(0.511971096293984,0.392768724618267,0.000556284323406061));
#1571=CARTESIAN_POINT('Ctrl Pts',(0.51305902393456,0.393620425646807,0.000633906294404046));
#1572=CARTESIAN_POINT('Ctrl Pts',(0.514583573367756,0.394813942818248,0.000742680561620802));
#1573=CARTESIAN_POINT('Ctrl Pts',(0.516158855274521,0.396118427406688,0.000869832159625892));
#1574=CARTESIAN_POINT('Ctrl Pts',(0.517670806019995,0.397444858144674,0.00100587250468256));
#1575=CARTESIAN_POINT('Ctrl Pts',(0.518757451599624,0.39839816968768,0.0011036452926187));
#1576=CARTESIAN_POINT('Ctrl Pts',(0.519808837806163,0.3993608538932,0.00120551085806191));
#1577=CARTESIAN_POINT('Ctrl Pts',(0.520800121591054,0.400318217098902,0.00130728479026068));
#1578=CARTESIAN_POINT('Ctrl Pts',(0.521674158461394,0.40116234544322,0.00139702112060026));
#1579=CARTESIAN_POINT('Ctrl Pts',(0.522500799761211,0.402001793908635,0.0014864869266252));
#1580=CARTESIAN_POINT('Ctrl Pts',(0.523294932075367,0.402855742066618,0.00157608288650526));
#1581=CARTESIAN_POINT('Ctrl Pts',(0.524045031087903,0.403662340235011,0.0016607109010504));
#1582=CARTESIAN_POINT('Ctrl Pts',(0.524772149828073,0.404488398896894,0.00174615053383867));
#1583=CARTESIAN_POINT('Ctrl Pts',(0.525487746063164,0.405342150663674,0.00183329258317683));
#1584=CARTESIAN_POINT('Ctrl Pts',(0.52641667620593,0.406450423334367,0.00194641346386774));
#1585=CARTESIAN_POINT('Ctrl Pts',(0.527325267569689,0.407603910619816,0.00206246666715672));
#1586=CARTESIAN_POINT('Ctrl Pts',(0.528180483980664,0.408749112145788,0.00217604744033581));
#1587=CARTESIAN_POINT('Ctrl Pts',(0.52895076750397,0.409780581905956,0.00227834832818288));
#1588=CARTESIAN_POINT('Ctrl Pts',(0.529674559499667,0.410801135853936,0.00237819134884532));
#1589=CARTESIAN_POINT('Ctrl Pts',(0.530324560968476,0.411772281963001,0.00247025049884386));
#1590=CARTESIAN_POINT('Ctrl Pts',(0.530891365372064,0.412619126035761,0.00255052651992019));
#1591=CARTESIAN_POINT('Ctrl Pts',(0.531400964985167,0.413426988169493,0.00262465806406013));
#1592=CARTESIAN_POINT('Ctrl Pts',(0.531858010598721,0.414203846675175,0.00269228110162345));
#1593=CARTESIAN_POINT('Ctrl Pts',(0.532302904559238,0.414960050535588,0.00275810621866109));
#1594=CARTESIAN_POINT('Ctrl Pts',(0.532701929145814,0.415693754792072,0.0028183273329914));
#1595=CARTESIAN_POINT('Ctrl Pts',(0.533075878431389,0.416430077819889,0.00287553960794298));
#1596=CARTESIAN_POINT('Ctrl Pts',(0.533533807861109,0.417331761543393,0.00294560040349004));
#1597=CARTESIAN_POINT('Ctrl Pts',(0.533953573009713,0.418235902873193,0.00301112267395379));
#1598=CARTESIAN_POINT('Ctrl Pts',(0.534330985026103,0.419102357866074,0.00307082872776168));
#1599=CARTESIAN_POINT('Ctrl Pts',(0.534706006129945,0.419963323849531,0.00313015654254427));
#1600=CARTESIAN_POINT('Ctrl Pts',(0.535036216792658,0.420780718378785,0.0031832693751557));
#1601=CARTESIAN_POINT('Ctrl Pts',(0.535312564002057,0.421509278937107,0.0032281142022062));
#1602=CARTESIAN_POINT('Ctrl Pts',(0.535520153807537,0.422056567780414,0.00326180127632028));
#1603=CARTESIAN_POINT('Ctrl Pts',(0.535696972293415,0.422553017977221,0.00329075182093603));
#1604=CARTESIAN_POINT('Ctrl Pts',(0.535852602743158,0.42300976368984,0.00331635682055589));
#1605=CARTESIAN_POINT('Ctrl Pts',(0.535959979670558,0.423324894509709,0.00333402294045598));
#1606=CARTESIAN_POINT('Ctrl Pts',(0.536057528598536,0.423621705565714,0.00335013994365983));
#1607=CARTESIAN_POINT('Ctrl Pts',(0.536154548195311,0.423917380019187,0.00336622403563322));
#1608=CARTESIAN_POINT('Ctrl Pts',(0.514956309461407,0.336222164534082,-0.0143930870127709));
#1609=CARTESIAN_POINT('Ctrl Pts',(0.511562675066657,0.339275697177487,-0.0127336196814332));
#1610=CARTESIAN_POINT('Ctrl Pts',(0.505952142979835,0.346029648853972,-0.00927377775594061));
#1611=CARTESIAN_POINT('Ctrl Pts',(0.501140112091723,0.362919402483295,-0.00267465564342074));
#1612=CARTESIAN_POINT('Ctrl Pts',(0.499781542962002,0.377907555360568,3.73164700735942E-5));
#1613=CARTESIAN_POINT('Ctrl Pts',(0.498557240631545,0.384755173506961,2.00549187608899E-5));
#1614=CARTESIAN_POINT('Ctrl Pts',(0.514956309461407,0.336222164534082,-0.0143930870127709));
#1615=CARTESIAN_POINT('Ctrl Pts',(0.511562675066657,0.339275697177487,-0.0127336196814332));
#1616=CARTESIAN_POINT('Ctrl Pts',(0.505952142979835,0.346029648853972,-0.00927377775594061));
#1617=CARTESIAN_POINT('Ctrl Pts',(0.501140112091723,0.362919402483295,-0.00267465564342074));
#1618=CARTESIAN_POINT('Ctrl Pts',(0.499781542962002,0.377907555360568,3.73164700735942E-5));
#1619=CARTESIAN_POINT('Ctrl Pts',(0.498557240631545,0.384755173506961,2.00549187608899E-5));
#1620=CARTESIAN_POINT('Ctrl Pts',(0.513747244394406,0.335432073557035,-0.0148854075388794));
#1621=CARTESIAN_POINT('Ctrl Pts',(0.510425684980937,0.338510257004627,-0.0131386747016825));
#1622=CARTESIAN_POINT('Ctrl Pts',(0.504821308727183,0.345296602083072,-0.00954130528364913));
#1623=CARTESIAN_POINT('Ctrl Pts',(0.499958463877781,0.362251517455987,-0.00273865669168828));
#1624=CARTESIAN_POINT('Ctrl Pts',(0.498366214078091,0.377165994932218,1.0760766594811E-5));
#1625=CARTESIAN_POINT('Ctrl Pts',(0.497019495402054,0.38405118194673,-2.06963937058971E-7));
#1626=CARTESIAN_POINT('Ctrl Pts',(0.511247047074818,0.333946809762585,-0.0158582238917494));
#1627=CARTESIAN_POINT('Ctrl Pts',(0.50803480879758,0.33706866050132,-0.0139393627615219));
#1628=CARTESIAN_POINT('Ctrl Pts',(0.502457061782073,0.343929414106279,-0.0100556218846822));
#1629=CARTESIAN_POINT('Ctrl Pts',(0.497500619782633,0.361052787569832,-0.0028303213327249));
#1630=CARTESIAN_POINT('Ctrl Pts',(0.495453312668536,0.375815228409223,-7.99058670727871E-6));
#1631=CARTESIAN_POINT('Ctrl Pts',(0.49387980791343,0.382781687362459,3.79017389245655E-6));
#1632=CARTESIAN_POINT('Ctrl Pts',(0.507108088570716,0.331964740710899,-0.0171584079655105));
#1633=CARTESIAN_POINT('Ctrl Pts',(0.504007642803763,0.335151387130066,-0.0149715201792271));
#1634=CARTESIAN_POINT('Ctrl Pts',(0.498553798305561,0.342175673161174,-0.0106016617818603));
#1635=CARTESIAN_POINT('Ctrl Pts',(0.493489222049107,0.35964066458981,-0.00276082154233101));
#1636=CARTESIAN_POINT('Ctrl Pts',(0.49086457252424,0.374180201133946,2.18655145428112E-6));
#1637=CARTESIAN_POINT('Ctrl Pts',(0.489029791158456,0.381278982960407,-2.2917162796883E-6));
#1638=CARTESIAN_POINT('Ctrl Pts',(0.502454285392288,0.33018504141578,-0.018389037536379));
#1639=CARTESIAN_POINT('Ctrl Pts',(0.499470871451213,0.333447030340504,-0.0159270498209454));
#1640=CARTESIAN_POINT('Ctrl Pts',(0.494255988714458,0.340701947667485,-0.011031695767411));
#1641=CARTESIAN_POINT('Ctrl Pts',(0.48915083814179,0.358520053826613,-0.00266792366654042));
#1642=CARTESIAN_POINT('Ctrl Pts',(0.486114661665556,0.372808864410882,-5.36814940265879E-7));
#1643=CARTESIAN_POINT('Ctrl Pts',(0.484115246771812,0.380011017685993,1.01975052754853E-6));
#1644=CARTESIAN_POINT('Ctrl Pts',(0.497158675884392,0.328528681204995,-0.0195108932375467));
#1645=CARTESIAN_POINT('Ctrl Pts',(0.494349783474882,0.331881086530704,-0.0167528721785299));
#1646=CARTESIAN_POINT('Ctrl Pts',(0.489506572014463,0.339431993623613,-0.0112786030674779));
#1647=CARTESIAN_POINT('Ctrl Pts',(0.484479648210624,0.357532655279515,-0.0025095158661618));
#1648=CARTESIAN_POINT('Ctrl Pts',(0.481229043827516,0.371604405338062,1.27966097375137E-7));
#1649=CARTESIAN_POINT('Ctrl Pts',(0.479162334879712,0.378905131641106,-3.94173962332418E-7));
#1650=CARTESIAN_POINT('Ctrl Pts',(0.49108430922773,0.32698539985606,-0.0204821090132665));
#1651=CARTESIAN_POINT('Ctrl Pts',(0.488546728937108,0.330459896346191,-0.0174065083131636));
#1652=CARTESIAN_POINT('Ctrl Pts',(0.484212798680604,0.338395964510321,-0.011324052888563));
#1653=CARTESIAN_POINT('Ctrl Pts',(0.47944643846549,0.356725556751206,-0.00233733804156101));
#1654=CARTESIAN_POINT('Ctrl Pts',(0.476196835623534,0.370635999865813,-3.30505348155102E-8));
#1655=CARTESIAN_POINT('Ctrl Pts',(0.474168696741133,0.377998075893274,1.43392863664521E-7));
#1656=CARTESIAN_POINT('Ctrl Pts',(0.484122594580807,0.325545802162202,-0.0212551112451128));
#1657=CARTESIAN_POINT('Ctrl Pts',(0.481981646014356,0.329179976986398,-0.0178447454578154));
#1658=CARTESIAN_POINT('Ctrl Pts',(0.478314109077701,0.337577781554588,-0.0111640537854268));
#1659=CARTESIAN_POINT('Ctrl Pts',(0.474090764271418,0.356018828097507,-0.00218018342629525));
#1660=CARTESIAN_POINT('Ctrl Pts',(0.471044682087503,0.369822061944811,1.20889605849832E-8));
#1661=CARTESIAN_POINT('Ctrl Pts',(0.469158513670366,0.377194031824832,-4.47849751542192E-8));
#1662=CARTESIAN_POINT('Ctrl Pts',(0.476255000444967,0.324216082435878,-0.021770198173591));
#1663=CARTESIAN_POINT('Ctrl Pts',(0.47464883219237,0.328046542311861,-0.0180296641037406));
#1664=CARTESIAN_POINT('Ctrl Pts',(0.471836777880289,0.336947537546015,-0.0108331470508953));
#1665=CARTESIAN_POINT('Ctrl Pts',(0.468480770957979,0.355377590856279,-0.00206965987377117));
#1666=CARTESIAN_POINT('Ctrl Pts',(0.465787556252196,0.36913326213195,-5.59710627583176E-9));
#1667=CARTESIAN_POINT('Ctrl Pts',(0.464137437768574,0.376461047598164,1.12906007432738E-8));
#1668=CARTESIAN_POINT('Ctrl Pts',(0.467693254173762,0.323080310776876,-0.0220026432933339));
#1669=CARTESIAN_POINT('Ctrl Pts',(0.466736082343936,0.327128437687226,-0.0179738784526057));
#1670=CARTESIAN_POINT('Ctrl Pts',(0.464956987575641,0.336515507562523,-0.0104147766835408));
#1671=CARTESIAN_POINT('Ctrl Pts',(0.462681274324654,0.354859769776856,-0.00200894360037506));
#1672=CARTESIAN_POINT('Ctrl Pts',(0.460434553274085,0.368600593905507,2.19075253891385E-9));
#1673=CARTESIAN_POINT('Ctrl Pts',(0.45910154520078,0.375830521239151,-2.64436258869838E-9));
#1674=CARTESIAN_POINT('Ctrl Pts',(0.459043871857186,0.322316576725559,-0.0220160642163533));
#1675=CARTESIAN_POINT('Ctrl Pts',(0.458722681460641,0.326575755887994,-0.0177684048564488));
#1676=CARTESIAN_POINT('Ctrl Pts',(0.457958936007379,0.336386701360129,-0.010003119191236));
#1677=CARTESIAN_POINT('Ctrl Pts',(0.456713770556112,0.354654050489338,-0.00197159844765954));
#1678=CARTESIAN_POINT('Ctrl Pts',(0.454990925565878,0.368342863662025,-7.05559372409954E-10));
#1679=CARTESIAN_POINT('Ctrl Pts',(0.454043824903464,0.37540891063026,6.78934336572479E-10));
#1680=CARTESIAN_POINT('Ctrl Pts',(0.451114526459078,0.322034096385376,-0.0219690691167002));
#1681=CARTESIAN_POINT('Ctrl Pts',(0.451163944589551,0.32647708333091,-0.0175414420993847));
#1682=CARTESIAN_POINT('Ctrl Pts',(0.451063774121527,0.336623427745814,-0.00964917117303541));
#1683=CARTESIAN_POINT('Ctrl Pts',(0.450484067846785,0.354851591179597,-0.00188321388569843));
#1684=CARTESIAN_POINT('Ctrl Pts',(0.449480366611357,0.368308157658898,1.98983917706962E-10));
#1685=CARTESIAN_POINT('Ctrl Pts',(0.448977102483908,0.375133369127768,-2.11635725895116E-10));
#1686=CARTESIAN_POINT('Ctrl Pts',(0.446386113164322,0.321966991410989,-0.0219669914110101));
#1687=CARTESIAN_POINT('Ctrl Pts',(0.446407377981337,0.326524873213077,-0.0174091096089222));
#1688=CARTESIAN_POINT('Ctrl Pts',(0.446382186203006,0.336870152969408,-0.00942695880973695));
#1689=CARTESIAN_POINT('Ctrl Pts',(0.446114958841489,0.355136586966748,-0.00177554665818169));
#1690=CARTESIAN_POINT('Ctrl Pts',(0.445769366313454,0.368355848870229,-1.20201311721228E-15));
#1691=CARTESIAN_POINT('Ctrl Pts',(0.445595879190322,0.37499999999998,-1.20201311721228E-15));
#1692=CARTESIAN_POINT('Ctrl Pts',(0.443904573880633,0.321966991410989,-0.0219669914110101));
#1693=CARTESIAN_POINT('Ctrl Pts',(0.443904573880633,0.32659499447157,-0.0173389883504285));
#1694=CARTESIAN_POINT('Ctrl Pts',(0.443904573880633,0.337069099758008,-0.00930194862487644));
#1695=CARTESIAN_POINT('Ctrl Pts',(0.443904573880633,0.355365659139495,-0.00172326558429949));
#1696=CARTESIAN_POINT('Ctrl Pts',(0.443904573880633,0.368455015305001,-1.19928126921861E-15));
#1697=CARTESIAN_POINT('Ctrl Pts',(0.443904573880633,0.374999999999979,-1.20201311721228E-15));
#1698=CARTESIAN_POINT('',(0.49526713505191,0.383371859517658,-1.22386790116159E-15));
#1699=CARTESIAN_POINT('Ctrl Pts',(0.49526713505191,0.383371859517658,-1.2490009027033E-15));
#1700=CARTESIAN_POINT('Ctrl Pts',(0.495708785476978,0.383541877746928,-1.24887832008561E-15));
#1701=CARTESIAN_POINT('Ctrl Pts',(0.496154381470201,0.383714136081794,1.08164109458975E-6));
#1702=CARTESIAN_POINT('Ctrl Pts',(0.496650747546756,0.383918420196494,3.82879638993749E-6));
#1703=CARTESIAN_POINT('Ctrl Pts',(0.497217539378416,0.384151688691298,6.96572547363273E-6));
#1704=CARTESIAN_POINT('Ctrl Pts',(0.497850193005473,0.384426499277981,1.23421232393521E-5));
#1705=CARTESIAN_POINT('Ctrl Pts',(0.498558142319832,0.384753173558473,2.16623961926399E-5));
#1706=CARTESIAN_POINT('',(0.443904573880633,0.37499999999998,-1.20201311721228E-15));
#1707=CARTESIAN_POINT('Ctrl Pts',(0.443904573880633,0.37499999999998,-1.20201311721228E-15));
#1708=CARTESIAN_POINT('Ctrl Pts',(0.444175585071639,0.37499999999998,-1.20201311721228E-15));
#1709=CARTESIAN_POINT('Ctrl Pts',(0.444451294169052,0.375000249302895,-1.20201311721228E-15));
#1710=CARTESIAN_POINT('Ctrl Pts',(0.444798392333145,0.375004944774867,-1.20201311721228E-15));
#1711=CARTESIAN_POINT('Ctrl Pts',(0.445176069123714,0.375010053908155,-1.20201311721228E-15));
#1712=CARTESIAN_POINT('Ctrl Pts',(0.445637732812726,0.37502038652267,-1.20201311721228E-15));
#1713=CARTESIAN_POINT('Ctrl Pts',(0.446206445164695,0.375038115546906,-1.20201311721228E-15));
#1714=CARTESIAN_POINT('Ctrl Pts',(0.446877739584687,0.375059042461892,-1.20201311721228E-15));
#1715=CARTESIAN_POINT('Ctrl Pts',(0.447697244673992,0.375090189215064,-1.20201311721228E-15));
#1716=CARTESIAN_POINT('Ctrl Pts',(0.448628795453584,0.375131727646456,-1.20201311721228E-15));
#1717=CARTESIAN_POINT('Ctrl Pts',(0.449820804168721,0.375184880059955,-1.20201311721228E-15));
#1718=CARTESIAN_POINT('Ctrl Pts',(0.451189695653553,0.375254542224286,-1.20201311721228E-15));
#1719=CARTESIAN_POINT('Ctrl Pts',(0.452601496460999,0.375340402168846,-1.20201311721228E-15));
#1720=CARTESIAN_POINT('Ctrl Pts',(0.453580529775871,0.375399942966453,-1.20201311721228E-15));
#1721=CARTESIAN_POINT('Ctrl Pts',(0.454578481235086,0.375467235695637,-1.20201311721228E-15));
#1722=CARTESIAN_POINT('Ctrl Pts',(0.455576132392029,0.375544637782425,-1.20201311721228E-15));
#1723=CARTESIAN_POINT('Ctrl Pts',(0.456547387810734,0.375619991973806,-1.20201311721228E-15));
#1724=CARTESIAN_POINT('Ctrl Pts',(0.457516786285672,0.375704835030432,-1.20201311721228E-15));
#1725=CARTESIAN_POINT('Ctrl Pts',(0.458515886297383,0.375805023414812,-1.20201311721228E-15));
#1726=CARTESIAN_POINT('Ctrl Pts',(0.459519568713907,0.375905671316487,-1.20201311721228E-15));
#1727=CARTESIAN_POINT('Ctrl Pts',(0.460563650202912,0.376022929038079,-1.20201311721228E-15));
#1728=CARTESIAN_POINT('Ctrl Pts',(0.461677895644173,0.376160001723613,-1.20201311721228E-15));
#1729=CARTESIAN_POINT('Ctrl Pts',(0.462950207649189,0.376316519504083,-1.20201311721228E-15));
#1730=CARTESIAN_POINT('Ctrl Pts',(0.464313120225316,0.376498708709185,-1.20201311721228E-15));
#1731=CARTESIAN_POINT('Ctrl Pts',(0.465736942234346,0.376700769383542,-1.20201311721228E-15));
#1732=CARTESIAN_POINT('Ctrl Pts',(0.467647762480735,0.376971942061807,-1.20201311721228E-15));
#1733=CARTESIAN_POINT('Ctrl Pts',(0.469663683066643,0.377278024520797,-1.20201311721228E-15));
#1734=CARTESIAN_POINT('Ctrl Pts',(0.471621980145664,0.377594096391672,-1.20201311721228E-15));
#1735=CARTESIAN_POINT('Ctrl Pts',(0.473114566297418,0.37783500187148,-1.20201311721228E-15));
#1736=CARTESIAN_POINT('Ctrl Pts',(0.474569803905266,0.378081177986599,-1.20201311721228E-15));
#1737=CARTESIAN_POINT('Ctrl Pts',(0.475938517195015,0.378326797811772,-1.20201311721228E-15));
#1738=CARTESIAN_POINT('Ctrl Pts',(0.477105633452613,0.378536240427181,-1.20201311721228E-15));
#1739=CARTESIAN_POINT('Ctrl Pts',(0.478209122414428,0.378745187825007,-1.20201311721228E-15));
#1740=CARTESIAN_POINT('Ctrl Pts',(0.479259490221708,0.378957315497015,-1.20201311721228E-15));
#1741=CARTESIAN_POINT('Ctrl Pts',(0.480206018174339,0.379148472127759,-1.20201311721228E-15));
#1742=CARTESIAN_POINT('Ctrl Pts',(0.481110508258007,0.379342481772823,-1.20201311721228E-15));
#1743=CARTESIAN_POINT('Ctrl Pts',(0.482018151570739,0.37954819857055,-1.20201311721228E-15));
#1744=CARTESIAN_POINT('Ctrl Pts',(0.48286642034054,0.379740458164696,-1.20201311721228E-15));
#1745=CARTESIAN_POINT('Ctrl Pts',(0.483721282863637,0.379943690360206,-1.20201311721228E-15));
#1746=CARTESIAN_POINT('Ctrl Pts',(0.48456736980698,0.380151904817826,-1.20201311721228E-15));
#1747=CARTESIAN_POINT('Ctrl Pts',(0.485672067357396,0.380423761041473,-1.20201311721228E-15));
#1748=CARTESIAN_POINT('Ctrl Pts',(0.486754520755824,0.380702153122973,-1.20201311721228E-15));
#1749=CARTESIAN_POINT('Ctrl Pts',(0.487723690224132,0.380961830212346,-1.20201311721228E-15));
#1750=CARTESIAN_POINT('Ctrl Pts',(0.488405553610746,0.381144527155838,-1.20201311721228E-15));
#1751=CARTESIAN_POINT('Ctrl Pts',(0.489029406172805,0.381317527320994,-1.20201311721228E-15));
#1752=CARTESIAN_POINT('Ctrl Pts',(0.489596092700671,0.38148120033605,-1.20201311721228E-15));
#1753=CARTESIAN_POINT('Ctrl Pts',(0.490198106146419,0.381655076634364,-1.20201311721228E-15));
#1754=CARTESIAN_POINT('Ctrl Pts',(0.490741709423682,0.381820312940696,-1.20201311721228E-15));
#1755=CARTESIAN_POINT('Ctrl Pts',(0.491272980331209,0.381988388460933,-1.20201311721228E-15));
#1756=CARTESIAN_POINT('Ctrl Pts',(0.491858803263011,0.382173722332286,-1.20201311721228E-15));
#1757=CARTESIAN_POINT('Ctrl Pts',(0.492428047652202,0.382361885633755,-1.20201311721228E-15));
#1758=CARTESIAN_POINT('Ctrl Pts',(0.492949319311452,0.382538828895233,-1.20201311721228E-15));
#1759=CARTESIAN_POINT('Ctrl Pts',(0.493485521568165,0.382720840279184,-1.20201311721228E-15));
#1760=CARTESIAN_POINT('Ctrl Pts',(0.49396286760999,0.382888351731654,-1.20201311721228E-15));
#1761=CARTESIAN_POINT('Ctrl Pts',(0.49434495105645,0.383026601727314,-1.20201311721228E-15));
#1762=CARTESIAN_POINT('Ctrl Pts',(0.494619039079689,0.3831257755292,-1.20201311721228E-15));
#1763=CARTESIAN_POINT('Ctrl Pts',(0.494843697857953,0.383209785999635,-1.20201311721228E-15));
#1764=CARTESIAN_POINT('Ctrl Pts',(0.495041223323006,0.383285161109605,-1.20201311721228E-15));
#1765=CARTESIAN_POINT('Ctrl Pts',(0.495119051773676,0.383314860207017,-1.20201311721228E-15));
#1766=CARTESIAN_POINT('Ctrl Pts',(0.495193156166453,0.383343380525235,-1.20201311721228E-15));
#1767=CARTESIAN_POINT('Ctrl Pts',(0.49526713505191,0.383371859517658,-1.20201311721228E-15));
#1768=CARTESIAN_POINT('',(0.443904573880633,0.321966991410989,-0.0219669914110101));
#1769=CARTESIAN_POINT('Origin',(0.443904573880633,0.37499999999998,-0.0750000000000012));
#1770=CARTESIAN_POINT('Ctrl Pts',(0.514956309461407,0.336222164534082,-0.0143930870127709));
#1771=CARTESIAN_POINT('Ctrl Pts',(0.513747244394406,0.335432073557035,-0.0148854075388794));
#1772=CARTESIAN_POINT('Ctrl Pts',(0.511247047074818,0.333946809762585,-0.0158582238917493));
#1773=CARTESIAN_POINT('Ctrl Pts',(0.507108088570716,0.331964740710899,-0.0171584079655105));
#1774=CARTESIAN_POINT('Ctrl Pts',(0.502454285392288,0.33018504141578,-0.018389037536379));
#1775=CARTESIAN_POINT('Ctrl Pts',(0.497158675884392,0.328528681204995,-0.0195108932375468));
#1776=CARTESIAN_POINT('Ctrl Pts',(0.491084309227731,0.32698539985606,-0.0204821090132665));
#1777=CARTESIAN_POINT('Ctrl Pts',(0.484122594580807,0.325545802162202,-0.0212551112451128));
#1778=CARTESIAN_POINT('Ctrl Pts',(0.476255000444967,0.324216082435879,-0.0217701981735911));
#1779=CARTESIAN_POINT('Ctrl Pts',(0.467693254173762,0.323080310776876,-0.0220026432933339));
#1780=CARTESIAN_POINT('Ctrl Pts',(0.459043871857186,0.322316576725559,-0.0220160642163533));
#1781=CARTESIAN_POINT('Ctrl Pts',(0.451114526459078,0.322034096385376,-0.0219690691167002));
#1782=CARTESIAN_POINT('Ctrl Pts',(0.446386113164322,0.321966991410989,-0.0219669914110102));
#1783=CARTESIAN_POINT('Ctrl Pts',(0.443904573880633,0.321966991410988,-0.0219669914110101));
#1784=CARTESIAN_POINT('Ctrl Pts',(0.514956309461407,0.336222164534082,-0.0143930870127709));
#1785=CARTESIAN_POINT('Ctrl Pts',(0.513747244394406,0.335432073557035,-0.0148854075388794));
#1786=CARTESIAN_POINT('Ctrl Pts',(0.511247047074818,0.333946809762585,-0.0158582238917493));
#1787=CARTESIAN_POINT('Ctrl Pts',(0.507108088570716,0.331964740710899,-0.0171584079655105));
#1788=CARTESIAN_POINT('Ctrl Pts',(0.502454285392288,0.33018504141578,-0.018389037536379));
#1789=CARTESIAN_POINT('Ctrl Pts',(0.497158675884392,0.328528681204995,-0.0195108932375468));
#1790=CARTESIAN_POINT('Ctrl Pts',(0.491084309227731,0.32698539985606,-0.0204821090132665));
#1791=CARTESIAN_POINT('Ctrl Pts',(0.484122594580807,0.325545802162202,-0.0212551112451128));
#1792=CARTESIAN_POINT('Ctrl Pts',(0.476255000444967,0.324216082435879,-0.0217701981735911));
#1793=CARTESIAN_POINT('Ctrl Pts',(0.467693254173762,0.323080310776876,-0.0220026432933339));
#1794=CARTESIAN_POINT('Ctrl Pts',(0.459043871857186,0.322316576725559,-0.0220160642163533));
#1795=CARTESIAN_POINT('Ctrl Pts',(0.451114526459078,0.322034096385376,-0.0219690691167002));
#1796=CARTESIAN_POINT('Ctrl Pts',(0.446386113164322,0.321966991410989,-0.0219669914110102));
#1797=CARTESIAN_POINT('Ctrl Pts',(0.443904573880633,0.321966991410988,-0.0219669914110101));
#1798=CARTESIAN_POINT('Ctrl Pts',(0.513916705277152,0.330271631641503,-0.0178577296065065));
#1799=CARTESIAN_POINT('Ctrl Pts',(0.512670161162621,0.329659630321012,-0.0183607449852006));
#1800=CARTESIAN_POINT('Ctrl Pts',(0.510086261118597,0.32850220120541,-0.0193071191328182));
#1801=CARTESIAN_POINT('Ctrl Pts',(0.505813683445312,0.326914599232927,-0.0205924794706775));
#1802=CARTESIAN_POINT('Ctrl Pts',(0.501011276002775,0.325411792332501,-0.0219084581411726));
#1803=CARTESIAN_POINT('Ctrl Pts',(0.495534819579431,0.323932261200099,-0.023078557364341));
#1804=CARTESIAN_POINT('Ctrl Pts',(0.489251983066755,0.322523839996849,-0.0241399103313175));
#1805=CARTESIAN_POINT('Ctrl Pts',(0.482104802537501,0.321142480079654,-0.0250179701121894));
#1806=CARTESIAN_POINT('Ctrl Pts',(0.474154442698032,0.319834684746437,-0.0256656889487893));
#1807=CARTESIAN_POINT('Ctrl Pts',(0.465732747382317,0.318716862364095,-0.0260570331864394));
#1808=CARTESIAN_POINT('Ctrl Pts',(0.457525722927998,0.317963863160952,-0.02625150011646));
#1809=CARTESIAN_POINT('Ctrl Pts',(0.450277490847789,0.317583375913966,-0.0263955616744013));
#1810=CARTESIAN_POINT('Ctrl Pts',(0.44608912176023,0.317409109608901,-0.0265248732130981));
#1811=CARTESIAN_POINT('Ctrl Pts',(0.443904573880633,0.317338988350407,-0.0265949944715918));
#1812=CARTESIAN_POINT('Ctrl Pts',(0.512380826219684,0.320137273192125,-0.0256591951257485));
#1813=CARTESIAN_POINT('Ctrl Pts',(0.511026141133412,0.319745241114314,-0.0261548385407785));
#1814=CARTESIAN_POINT('Ctrl Pts',(0.508231654613887,0.318961291363363,-0.0271483593081153));
#1815=CARTESIAN_POINT('Ctrl Pts',(0.503583512821784,0.317769207090383,-0.0286372097149754));
#1816=CARTESIAN_POINT('Ctrl Pts',(0.498294744071236,0.316555632271755,-0.0300464424648339));
#1817=CARTESIAN_POINT('Ctrl Pts',(0.492227917877293,0.31531380220492,-0.0314309367864158));
#1818=CARTESIAN_POINT('Ctrl Pts',(0.485321427944321,0.314018412688221,-0.0327198116766183));
#1819=CARTESIAN_POINT('Ctrl Pts',(0.477644752913159,0.312737005020994,-0.0338660018471536));
#1820=CARTESIAN_POINT('Ctrl Pts',(0.469505006864027,0.311575265402065,-0.0348020013892694));
#1821=CARTESIAN_POINT('Ctrl Pts',(0.46149814598665,0.310662531673944,-0.0355030582899365));
#1822=CARTESIAN_POINT('Ctrl Pts',(0.45436640023631,0.310056155095782,-0.0360318242098287));
#1823=CARTESIAN_POINT('Ctrl Pts',(0.448628273017179,0.30965931924212,-0.0365128023081491));
#1824=CARTESIAN_POINT('Ctrl Pts',(0.445525331157407,0.309426958809715,-0.0368701529694292));
#1825=CARTESIAN_POINT('Ctrl Pts',(0.443904573880633,0.309301948624855,-0.0370690997580293));
#1826=CARTESIAN_POINT('Ctrl Pts',(0.51113781219945,0.305147189494543,-0.0467279968026408));
#1827=CARTESIAN_POINT('Ctrl Pts',(0.509312977725246,0.30496911708531,-0.0472126497746254));
#1828=CARTESIAN_POINT('Ctrl Pts',(0.505571402703734,0.304605843542472,-0.0481561554101968));
#1829=CARTESIAN_POINT('Ctrl Pts',(0.499422803721925,0.304047478486767,-0.0494795074417337));
#1830=CARTESIAN_POINT('Ctrl Pts',(0.492609057161333,0.303492776544388,-0.0506994553484244));
#1831=CARTESIAN_POINT('Ctrl Pts',(0.485162290008033,0.302974440866571,-0.0517516694390125));
#1832=CARTESIAN_POINT('Ctrl Pts',(0.477297744515417,0.302544793924267,-0.0526017792222524));
#1833=CARTESIAN_POINT('Ctrl Pts',(0.469409999052498,0.302236943579118,-0.0532225300403062));
#1834=CARTESIAN_POINT('Ctrl Pts',(0.462011912249432,0.302065398239113,-0.0536365532067268));
#1835=CARTESIAN_POINT('Ctrl Pts',(0.455608399484548,0.301998770003413,-0.0539298093549051));
#1836=CARTESIAN_POINT('Ctrl Pts',(0.450544319285948,0.30197024888165,-0.054229997922519));
#1837=CARTESIAN_POINT('Ctrl Pts',(0.446774478742374,0.301883351784436,-0.0546973123815859));
#1838=CARTESIAN_POINT('Ctrl Pts',(0.444858174954398,0.30177554665816,-0.0551365869667704));
#1839=CARTESIAN_POINT('Ctrl Pts',(0.443904573880633,0.301723265584278,-0.0553656591395171));
#1840=CARTESIAN_POINT('Ctrl Pts',(0.511380687940993,0.29999999999998,-0.0655910986685422));
#1841=CARTESIAN_POINT('Ctrl Pts',(0.509127919163041,0.29999999999998,-0.0657519650269409));
#1842=CARTESIAN_POINT('Ctrl Pts',(0.504580791689765,0.29999999999998,-0.0660436895085711));
#1843=CARTESIAN_POINT('Ctrl Pts',(0.497359293557844,0.29999999999998,-0.0664037911127938));
#1844=CARTESIAN_POINT('Ctrl Pts',(0.489687351420552,0.29999999999998,-0.0666980022050388));
#1845=CARTESIAN_POINT('Ctrl Pts',(0.481707095181633,0.29999999999998,-0.0669384572921524));
#1846=CARTESIAN_POINT('Ctrl Pts',(0.473708383028634,0.29999999999998,-0.0671394571193727));
#1847=CARTESIAN_POINT('Ctrl Pts',(0.466074077288988,0.29999999999998,-0.0673183927387916));
#1848=CARTESIAN_POINT('Ctrl Pts',(0.459214226756344,0.29999999999998,-0.0674949249263791));
#1849=CARTESIAN_POINT('Ctrl Pts',(0.453487700374764,0.29999999999998,-0.0676878247121098));
#1850=CARTESIAN_POINT('Ctrl Pts',(0.449110138087555,0.29999999999998,-0.0679102216246996));
#1851=CARTESIAN_POINT('Ctrl Pts',(0.446047717619148,0.299999999999979,-0.0681660994258888));
#1852=CARTESIAN_POINT('Ctrl Pts',(0.44461657758384,0.29999999999998,-0.06835584887025));
#1853=CARTESIAN_POINT('Ctrl Pts',(0.443904573880633,0.29999999999998,-0.0684550153050225));
#1854=CARTESIAN_POINT('Ctrl Pts',(0.511380695827983,0.29999999999998,-0.0741991130436919));
#1855=CARTESIAN_POINT('Ctrl Pts',(0.508884128696828,0.29999999999998,-0.0742388650591519));
#1856=CARTESIAN_POINT('Ctrl Pts',(0.503881690994129,0.29999999999998,-0.0743184340883311));
#1857=CARTESIAN_POINT('Ctrl Pts',(0.496061263462573,0.29999999999998,-0.0744374296004234));
#1858=CARTESIAN_POINT('Ctrl Pts',(0.487916020938003,0.29999999999998,-0.0745536525266084));
#1859=CARTESIAN_POINT('Ctrl Pts',(0.479642556054368,0.29999999999998,-0.0746635003593155));
#1860=CARTESIAN_POINT('Ctrl Pts',(0.471569564781613,0.29999999999998,-0.0747628239685795));
#1861=CARTESIAN_POINT('Ctrl Pts',(0.464084334735229,0.29999999999998,-0.0748475775836781));
#1862=CARTESIAN_POINT('Ctrl Pts',(0.457559500315881,0.29999999999998,-0.0749144664154895));
#1863=CARTESIAN_POINT('Ctrl Pts',(0.452279708905685,0.29999999999998,-0.074961595065277));
#1864=CARTESIAN_POINT('Ctrl Pts',(0.448368376007836,0.29999999999998,-0.0749891151470471));
#1865=CARTESIAN_POINT('Ctrl Pts',(0.445714173556156,0.299999999999979,-0.0749998752691868));
#1866=CARTESIAN_POINT('Ctrl Pts',(0.444503722253146,0.29999999999998,-0.0750000000000012));
#1867=CARTESIAN_POINT('Ctrl Pts',(0.443904573880633,0.29999999999998,-0.0750000000000012));
#1868=CARTESIAN_POINT('',(0.443904573880633,0.29999999999998,-0.0750000000000012));
#1869=CARTESIAN_POINT('Origin',(0.443904573880633,0.37499999999998,-0.0750000000000012));
#1870=CARTESIAN_POINT('',(0.511380695827983,0.29999999999998,-0.0741991130436919));
#1871=CARTESIAN_POINT('Ctrl Pts',(0.511380695827983,0.29999999999998,-0.0741991130436919));
#1872=CARTESIAN_POINT('Ctrl Pts',(0.508861040519952,0.29999999999998,-0.0742392326845815));
#1873=CARTESIAN_POINT('Ctrl Pts',(0.506336741499396,0.29999999999998,-0.074279384430071));
#1874=CARTESIAN_POINT('Ctrl Pts',(0.503758020168447,0.29999999999998,-0.0743194765587972));
#1875=CARTESIAN_POINT('Ctrl Pts',(0.501005103571281,0.29999999999998,-0.0743622769518685));
#1876=CARTESIAN_POINT('Ctrl Pts',(0.498190603686144,0.29999999999998,-0.0744050040867178));
#1877=CARTESIAN_POINT('Ctrl Pts',(0.495314064414276,0.29999999999998,-0.0744471500613362));
#1878=CARTESIAN_POINT('Ctrl Pts',(0.492116681781225,0.29999999999998,-0.0744939969125563));
#1879=CARTESIAN_POINT('Ctrl Pts',(0.48884329905704,0.29999999999998,-0.0745401165937518));
#1880=CARTESIAN_POINT('Ctrl Pts',(0.485557195997064,0.29999999999998,-0.0745844488992579));
#1881=CARTESIAN_POINT('Ctrl Pts',(0.481217014243688,0.29999999999998,-0.0746430016165438));
#1882=CARTESIAN_POINT('Ctrl Pts',(0.476856303055154,0.29999999999998,-0.0746983986470197));
#1883=CARTESIAN_POINT('Ctrl Pts',(0.472714949825006,0.29999999999998,-0.0747479349285448));
#1884=CARTESIAN_POINT('Ctrl Pts',(0.468699934459341,0.29999999999998,-0.0747959600354188));
#1885=CARTESIAN_POINT('Ctrl Pts',(0.464898317273631,0.29999999999998,-0.074838415735008));
#1886=CARTESIAN_POINT('Ctrl Pts',(0.461525150427724,0.29999999999998,-0.0748734501485961));
#1887=CARTESIAN_POINT('Ctrl Pts',(0.458995275293294,0.29999999999998,-0.0748997259587872));
#1888=CARTESIAN_POINT('Ctrl Pts',(0.456706949293552,0.29999999999998,-0.0749218342153523));
#1889=CARTESIAN_POINT('Ctrl Pts',(0.454713871407312,0.29999999999998,-0.0749395324624134));
#1890=CARTESIAN_POINT('Ctrl Pts',(0.452907316045184,0.29999999999998,-0.0749555744160918));
#1891=CARTESIAN_POINT('Ctrl Pts',(0.451343789681464,0.29999999999998,-0.0749679913347724));
#1892=CARTESIAN_POINT('Ctrl Pts',(0.450022045460261,0.29999999999998,-0.074977095909882));
#1893=CARTESIAN_POINT('Ctrl Pts',(0.448763482631213,0.29999999999998,-0.0749857652723981));
#1894=CARTESIAN_POINT('Ctrl Pts',(0.447724600618545,0.29999999999998,-0.0749914281764365));
#1895=CARTESIAN_POINT('Ctrl Pts',(0.446858390998332,0.29999999999998,-0.0749948637907888));
#1896=CARTESIAN_POINT('Ctrl Pts',(0.446039170333303,0.29999999999998,-0.074998113034631));
#1897=CARTESIAN_POINT('Ctrl Pts',(0.44537459789956,0.29999999999998,-0.0749993690899252));
#1898=CARTESIAN_POINT('Ctrl Pts',(0.444778353203581,0.29999999999998,-0.074999785468723));
#1899=CARTESIAN_POINT('Ctrl Pts',(0.444475776960966,0.29999999999998,-0.0749999967684344));
#1900=CARTESIAN_POINT('Ctrl Pts',(0.444190017822135,0.29999999999998,-0.0750000000000012));
#1901=CARTESIAN_POINT('Ctrl Pts',(0.443904573880633,0.29999999999998,-0.0750000000000012));
#1902=CARTESIAN_POINT('Ctrl Pts',(0.514956309461407,0.336222164534082,-0.0143930870127709));
#1903=CARTESIAN_POINT('Ctrl Pts',(0.513916705277152,0.330271631641503,-0.0178577296065065));
#1904=CARTESIAN_POINT('Ctrl Pts',(0.512380826219684,0.320137273192125,-0.0256591951257485));
#1905=CARTESIAN_POINT('Ctrl Pts',(0.51113781219945,0.305147189494543,-0.0467279968026408));
#1906=CARTESIAN_POINT('Ctrl Pts',(0.511380687940993,0.29999999999998,-0.0655910986685422));
#1907=CARTESIAN_POINT('Ctrl Pts',(0.511380695827983,0.29999999999998,-0.0741991130436919));
#1908=CARTESIAN_POINT('Ctrl Pts',(0.514956309461407,0.336222164534082,-0.0143930870127709));
#1909=CARTESIAN_POINT('Ctrl Pts',(0.513916705277152,0.330271631641503,-0.0178577296065065));
#1910=CARTESIAN_POINT('Ctrl Pts',(0.512380826219684,0.320137273192125,-0.0256591951257485));
#1911=CARTESIAN_POINT('Ctrl Pts',(0.51113781219945,0.305147189494543,-0.0467279968026408));
#1912=CARTESIAN_POINT('Ctrl Pts',(0.511380687940993,0.29999999999998,-0.0655910986685422));
#1913=CARTESIAN_POINT('Ctrl Pts',(0.511380695827983,0.29999999999998,-0.0741991130436919));
#1914=CARTESIAN_POINT('Ctrl Pts',(0.516992490098256,0.334390044948039,-0.0153887674115735));
#1915=CARTESIAN_POINT('Ctrl Pts',(0.516222448513901,0.328766752127257,-0.0188752480669041));
#1916=CARTESIAN_POINT('Ctrl Pts',(0.515142705391951,0.319074356929937,-0.0267342663490282));
#1917=CARTESIAN_POINT('Ctrl Pts',(0.515162254356003,0.30471180759804,-0.0477143167025157));
#1918=CARTESIAN_POINT('Ctrl Pts',(0.516336779778286,0.29999999999998,-0.0658110603050752));
#1919=CARTESIAN_POINT('Ctrl Pts',(0.516873143516524,0.29999999999998,-0.07411165860968));
#1920=CARTESIAN_POINT('Ctrl Pts',(0.521609499290246,0.331051807747152,-0.017288507321636));
#1921=CARTESIAN_POINT('Ctrl Pts',(0.521336611502348,0.325978823453105,-0.0208159887629588));
#1922=CARTESIAN_POINT('Ctrl Pts',(0.521188705913075,0.31702445691477,-0.0288101544840036));
#1923=CARTESIAN_POINT('Ctrl Pts',(0.523778079133946,0.303816781650205,-0.0495716157694824));
#1924=CARTESIAN_POINT('Ctrl Pts',(0.526574435469469,0.29999999999998,-0.0660941204586676));
#1925=CARTESIAN_POINT('Ctrl Pts',(0.528062691574147,0.29999999999998,-0.0739353445916048));
#1926=CARTESIAN_POINT('Ctrl Pts',(0.531608475821037,0.326747563712266,-0.0197315015923444));
#1927=CARTESIAN_POINT('Ctrl Pts',(0.532130128983224,0.322231622693963,-0.0233688271579419));
#1928=CARTESIAN_POINT('Ctrl Pts',(0.533798322797984,0.313964407129434,-0.0317479872833389));
#1929=CARTESIAN_POINT('Ctrl Pts',(0.540333855473429,0.302606187748526,-0.0517160331099276));
#1930=CARTESIAN_POINT('Ctrl Pts',(0.544335236128323,0.29999999999998,-0.0662009508261074));
#1931=CARTESIAN_POINT('Ctrl Pts',(0.546612358938881,0.29999999999998,-0.0736855919397917));
#1932=CARTESIAN_POINT('Ctrl Pts',(0.546028702081731,0.323027660107174,-0.021427004830551));
#1933=CARTESIAN_POINT('Ctrl Pts',(0.547387939431441,0.31882769074962,-0.0252584561507783));
#1934=CARTESIAN_POINT('Ctrl Pts',(0.550971570658193,0.311038092435216,-0.0341696569895617));
#1935=CARTESIAN_POINT('Ctrl Pts',(0.558451887878413,0.301933180683186,-0.0527748015416674));
#1936=CARTESIAN_POINT('Ctrl Pts',(0.561587068004312,0.29999999999998,-0.0662160898361682));
#1937=CARTESIAN_POINT('Ctrl Pts',(0.563494923904928,0.29999999999998,-0.0734954640853861));
#1938=CARTESIAN_POINT('Ctrl Pts',(0.564947180200495,0.320700285311809,-0.0216444931495887));
#1939=CARTESIAN_POINT('Ctrl Pts',(0.566143840321604,0.316681430710638,-0.025808272435066));
#1940=CARTESIAN_POINT('Ctrl Pts',(0.568899936694226,0.30937414037626,-0.0353789220506997));
#1941=CARTESIAN_POINT('Ctrl Pts',(0.572287699471367,0.301909738754297,-0.0530322954765632));
#1942=CARTESIAN_POINT('Ctrl Pts',(0.573842643002644,0.29999999999998,-0.0664396264949826));
#1943=CARTESIAN_POINT('Ctrl Pts',(0.574630996695898,0.29999999999998,-0.0734010305083782));
#1944=CARTESIAN_POINT('Ctrl Pts',(0.57427867563476,0.320846715028108,-0.0215096750693089));
#1945=CARTESIAN_POINT('Ctrl Pts',(0.574690466355155,0.316588531382315,-0.0259537119119036));
#1946=CARTESIAN_POINT('Ctrl Pts',(0.575550158851779,0.309070012183535,-0.0359996093305676));
#1947=CARTESIAN_POINT('Ctrl Pts',(0.576752607721915,0.301739145201324,-0.0538071213651819));
#1948=CARTESIAN_POINT('Ctrl Pts',(0.577290408839579,0.29999999999998,-0.0668189546573787));
#1949=CARTESIAN_POINT('Ctrl Pts',(0.577538691355804,0.29999999999998,-0.0733982260873827));
#1950=CARTESIAN_POINT('Ctrl Pts',(0.578856817775334,0.320846715028108,-0.0215096750693089));
#1951=CARTESIAN_POINT('Ctrl Pts',(0.578856817775334,0.316441697463495,-0.0261069545616483));
#1952=CARTESIAN_POINT('Ctrl Pts',(0.578856817775334,0.30880920619794,-0.0364290715428912));
#1953=CARTESIAN_POINT('Ctrl Pts',(0.578856817775334,0.301630336253935,-0.0542976498219559));
#1954=CARTESIAN_POINT('Ctrl Pts',(0.578856817775334,0.29999999999998,-0.0670311892196369));
#1955=CARTESIAN_POINT('Ctrl Pts',(0.578856817775334,0.29999999999998,-0.0733982260873827));
#1956=CARTESIAN_POINT('',(0.578856817775334,0.29999999999998,-0.0733982260873827));
#1957=CARTESIAN_POINT('Ctrl Pts',(0.578856817775334,0.29999999999998,-0.0733982260873827));
#1958=CARTESIAN_POINT('Ctrl Pts',(0.578294847026871,0.29999999999998,-0.0733982260873827));
#1959=CARTESIAN_POINT('Ctrl Pts',(0.577728286377918,0.29999999999998,-0.0733982733506348));
#1960=CARTESIAN_POINT('Ctrl Pts',(0.577044647507771,0.29999999999998,-0.0733997924456532));
#1961=CARTESIAN_POINT('Ctrl Pts',(0.576330655126931,0.29999999999998,-0.0734013789883679));
#1962=CARTESIAN_POINT('Ctrl Pts',(0.575489236476234,0.29999999999998,-0.0734045691547834));
#1963=CARTESIAN_POINT('Ctrl Pts',(0.574450049231913,0.29999999999998,-0.0734103813703381));
#1964=CARTESIAN_POINT('Ctrl Pts',(0.57335185699007,0.29999999999998,-0.0734165236031889));
#1965=CARTESIAN_POINT('Ctrl Pts',(0.572033170772008,0.29999999999998,-0.0734255918561996));
#1966=CARTESIAN_POINT('Ctrl Pts',(0.570469220927931,0.29999999999998,-0.0734381572955564));
#1967=CARTESIAN_POINT('Ctrl Pts',(0.568694720121031,0.29999999999998,-0.0734524143910524));
#1968=CARTESIAN_POINT('Ctrl Pts',(0.566604600860896,0.29999999999998,-0.0734711762206497));
#1969=CARTESIAN_POINT('Ctrl Pts',(0.564232803860052,0.29999999999998,-0.0734944716353169));
#1970=CARTESIAN_POINT('Ctrl Pts',(0.56142529512011,0.29999999999998,-0.0735220465417088));
#1971=CARTESIAN_POINT('Ctrl Pts',(0.558224245128782,0.29999999999998,-0.0735559729270924));
#1972=CARTESIAN_POINT('Ctrl Pts',(0.554770508912447,0.29999999999998,-0.0735951939547577));
#1973=CARTESIAN_POINT('Ctrl Pts',(0.55085074788457,0.29999999999998,-0.0736397072140475));
#1974=CARTESIAN_POINT('Ctrl Pts',(0.546611254598603,0.29999999999998,-0.0736910015242902));
#1975=CARTESIAN_POINT('Ctrl Pts',(0.542302549295455,0.29999999999998,-0.0737465335433676));
#1976=CARTESIAN_POINT('Ctrl Pts',(0.538947372335104,0.29999999999998,-0.0737897761737778));
#1977=CARTESIAN_POINT('Ctrl Pts',(0.535552434678566,0.29999999999998,-0.073835556131651));
#1978=CARTESIAN_POINT('Ctrl Pts',(0.532210871738814,0.29999999999998,-0.0738826252695693));
#1979=CARTESIAN_POINT('Ctrl Pts',(0.529187588539312,0.29999999999998,-0.0739252111302726));
#1980=CARTESIAN_POINT('Ctrl Pts',(0.526208889675233,0.29999999999998,-0.073968841462289));
#1981=CARTESIAN_POINT('Ctrl Pts',(0.52330271020444,0.29999999999998,-0.0740127882331806));
#1982=CARTESIAN_POINT('Ctrl Pts',(0.520649043383352,0.29999999999998,-0.074052916549061));
#1983=CARTESIAN_POINT('Ctrl Pts',(0.518056159390798,0.29999999999998,-0.0740933040633721));
#1984=CARTESIAN_POINT('Ctrl Pts',(0.515501739413571,0.29999999999998,-0.0741336666791581));
#1985=CARTESIAN_POINT('Ctrl Pts',(0.514120959446564,0.29999999999998,-0.0741554845054318));
#1986=CARTESIAN_POINT('Ctrl Pts',(0.512750616249866,0.29999999999998,-0.0741773002523954));
#1987=CARTESIAN_POINT('Ctrl Pts',(0.511380695827983,0.29999999999998,-0.0741991130436919));
#1988=CARTESIAN_POINT('',(0.578856817775334,0.320846715028108,-0.0215096750693089));
#1989=CARTESIAN_POINT('Origin',(0.578856817775334,0.37499999999998,-0.0733982260873827));
#1990=CARTESIAN_POINT('Ctrl Pts',(0.514956309461407,0.336222164534082,-0.0143930870127709));
#1991=CARTESIAN_POINT('Ctrl Pts',(0.516992490098256,0.334390044948039,-0.0153887674115735));
#1992=CARTESIAN_POINT('Ctrl Pts',(0.521609499290246,0.331051807747152,-0.017288507321636));
#1993=CARTESIAN_POINT('Ctrl Pts',(0.531608475821037,0.326747563712266,-0.0197315015923444));
#1994=CARTESIAN_POINT('Ctrl Pts',(0.546028702081731,0.323027660107174,-0.021427004830551));
#1995=CARTESIAN_POINT('Ctrl Pts',(0.564947180200495,0.320700285311809,-0.0216444931495887));
#1996=CARTESIAN_POINT('Ctrl Pts',(0.57427867563476,0.320846715028108,-0.0215096750693089));
#1997=CARTESIAN_POINT('Ctrl Pts',(0.578856817775334,0.320846715028108,-0.0215096750693089));
#1998=CARTESIAN_POINT('Origin',(0.22026713505191,0.37499999999998,-0.275000000000001));
#1999=CARTESIAN_POINT('',(0.99526713505191,0.29999999999998,-0.275000000000001));
#2000=CARTESIAN_POINT('',(0.99526713505191,0.37499999999998,-0.350000000000001));
#2001=CARTESIAN_POINT('Origin',(0.99526713505191,0.37499999999998,-0.275000000000001));
#2002=CARTESIAN_POINT('',(0.0452671350519104,0.29999999999998,-0.275000000000001));
#2003=CARTESIAN_POINT('',(0.22026713505191,0.29999999999998,-0.275000000000001));
#2004=CARTESIAN_POINT('',(0.0452671350519104,0.37499999999998,-0.350000000000001));
#2005=CARTESIAN_POINT('Origin',(0.0452671350519104,0.37499999999998,-0.275000000000001));
#2006=CARTESIAN_POINT('',(0.22026713505191,0.37499999999998,-0.350000000000001));
#2007=CARTESIAN_POINT('Origin',(0.0452671350519142,0.49999999999998,-0.275000000000001));
#2008=CARTESIAN_POINT('',(-0.0797328649480858,0.49999999999998,-0.350000000000001));
#2009=CARTESIAN_POINT('',(-0.15473286494809,0.49999999999998,-0.275000000000001));
#2010=CARTESIAN_POINT('Origin',(-0.0797328649480858,0.49999999999998,-0.275000000000001));
#2011=CARTESIAN_POINT('Origin',(0.0452671350519142,0.49999999999998,-0.350000000000001));
#2012=CARTESIAN_POINT('Origin',(0.0452671350519142,0.49999999999998,-0.275000000000001));
#2013=CARTESIAN_POINT('Origin',(-0.0797328649480884,1.87499999999995,-0.275000000000001));
#2014=CARTESIAN_POINT('',(-0.0797328649480884,1.87499999999998,-0.350000000000001));
#2015=CARTESIAN_POINT('',(-0.0797328649480908,2.12499999999998,-0.350000000000001));
#2016=CARTESIAN_POINT('Ctrl Pts',(-0.0797328649480884,1.87499999999998,
-0.350000000000001));
#2017=CARTESIAN_POINT('Ctrl Pts',(-0.0810159425093785,1.87628307756127,
-0.350000000000001));
#2018=CARTESIAN_POINT('Ctrl Pts',(-0.0822797433153251,1.87758638998048,
-0.349967092021493));
#2019=CARTESIAN_POINT('Ctrl Pts',(-0.0934522693805381,1.88946939640993,
-0.349401654885771));
#2020=CARTESIAN_POINT('Ctrl Pts',(-0.102113085009918,1.90128840924379,-0.347001082346193));
#2021=CARTESIAN_POINT('Ctrl Pts',(-0.11635981728163,1.926913548252,-0.340905239503005));
#2022=CARTESIAN_POINT('Ctrl Pts',(-0.121928043178392,1.94068687670923,-0.337189507703119));
#2023=CARTESIAN_POINT('Ctrl Pts',(-0.129500352010376,1.96952706899504,-0.331313100674435));
#2024=CARTESIAN_POINT('Ctrl Pts',(-0.131509560244726,1.98461445084453,-0.329260241652239));
#2025=CARTESIAN_POINT('Ctrl Pts',(-0.131509560244726,1.99999999999998,-0.329260241652239));
#2026=CARTESIAN_POINT('Ctrl Pts',(-0.131509560244727,2.01538554915543,-0.329260241652239));
#2027=CARTESIAN_POINT('Ctrl Pts',(-0.129500352010376,2.03047293100492,-0.331313100674435));
#2028=CARTESIAN_POINT('Ctrl Pts',(-0.121928043178393,2.05931312329073,-0.337189507703119));
#2029=CARTESIAN_POINT('Ctrl Pts',(-0.116359817281631,2.07308645174796,-0.340905239503005));
#2030=CARTESIAN_POINT('Ctrl Pts',(-0.102113085009921,2.09871159075616,-0.347001082346193));
#2031=CARTESIAN_POINT('Ctrl Pts',(-0.0934522693805408,2.11053060359003,
-0.349401654885771));
#2032=CARTESIAN_POINT('Ctrl Pts',(-0.0822797433153278,2.12241361001948,
-0.349967092021493));
#2033=CARTESIAN_POINT('Ctrl Pts',(-0.0810159425093812,2.12371692243869,
-0.350000000000001));
#2034=CARTESIAN_POINT('Ctrl Pts',(-0.0797328649480909,2.12499999999998,
-0.350000000000001));
#2035=CARTESIAN_POINT('',(-0.0797328649480884,1.87499999999995,-0.350000000000001));
#2036=CARTESIAN_POINT('',(-0.154732864948094,2.49999999999991,-0.275000000000001));
#2037=CARTESIAN_POINT('',(-0.154732864948088,1.87499999999994,-0.275000000000001));
#2038=CARTESIAN_POINT('',(-0.0797328649480944,2.49999999999991,-0.350000000000001));
#2039=CARTESIAN_POINT('Origin',(-0.0797328649480944,2.49999999999991,-0.275000000000001));
#2040=CARTESIAN_POINT('',(-0.0797328649480884,1.87499999999995,-0.350000000000001));
#2041=CARTESIAN_POINT('Origin',(0.0452671350519055,2.49999999999991,-0.275000000000001));
#2042=CARTESIAN_POINT('',(0.12295120333864,2.59792949266899,-0.350000000000001));
#2043=CARTESIAN_POINT('',(0.169561644310682,2.65668718827043,-0.275000000000001));
#2044=CARTESIAN_POINT('Origin',(0.12295120333864,2.59792949266899,-0.275000000000001));
#2045=CARTESIAN_POINT('Origin',(0.0452671350519055,2.49999999999991,-0.350000000000001));
#2046=CARTESIAN_POINT('Origin',(0.0452671350519055,2.49999999999991,-0.275000000000001));
#2047=CARTESIAN_POINT('Origin',(0.822516482526346,2.04298863227781,-0.275000000000001));
#2048=CARTESIAN_POINT('',(0.63040586459377,2.1953833190604,-0.350000000000001));
#2049=CARTESIAN_POINT('',(0.677016305565812,2.25414101466184,-0.275000000000001));
#2050=CARTESIAN_POINT('Origin',(0.63040586459377,2.1953833190604,-0.275000000000001));
#2051=CARTESIAN_POINT('',(0.822516482526346,2.04298863227781,-0.350000000000001));
#2052=CARTESIAN_POINT('',(0.869126923498387,2.10174632787925,-0.275000000000001));
#2053=CARTESIAN_POINT('Origin',(0.832384442139282,2.44999999999998,-0.274999999999999));
#2054=CARTESIAN_POINT('',(0.832384442139282,2.12499999999998,-0.350000000000001));
#2055=CARTESIAN_POINT('',(0.832384442139282,2.19999999999998,-0.274999999999999));
#2056=CARTESIAN_POINT('Origin',(0.832384442139282,2.12499999999998,-0.274999999999999));
#2057=CARTESIAN_POINT('Origin',(0.832384442139282,2.44999999999998,-0.350000000000001));
#2058=CARTESIAN_POINT('Origin',(0.832384442139282,2.44999999999998,-0.274999999999999));
#2059=CARTESIAN_POINT('Origin',(0.57026713505191,2.12499999999998,-0.275000000000001));
#2060=CARTESIAN_POINT('',(0.99526713505191,2.12499999999998,-0.350000000000001));
#2061=CARTESIAN_POINT('',(0.99526713505191,2.19999999999998,-0.275000000000001));
#2062=CARTESIAN_POINT('Origin',(0.99526713505191,2.12499999999998,-0.275000000000001));
#2063=CARTESIAN_POINT('',(0.57026713505191,2.12499999999998,-0.350000000000001));
#2064=CARTESIAN_POINT('',(0.57026713505191,2.19999999999998,-0.275000000000001));
#2065=CARTESIAN_POINT('Origin',(0.832384442139285,2.44999999999998,0.374999999999999));
#2066=CARTESIAN_POINT('',(0.677016305565813,2.25414101466184,-0.0455715205797274));
#2067=CARTESIAN_POINT('',(0.677016305565815,2.25414101466184,0.374999999999999));
#2068=CARTESIAN_POINT('',(0.823063436687458,2.20017382271392,0.249999999999999));
#2069=CARTESIAN_POINT('Ctrl Pts',(0.677016305565813,2.25414101466184,-0.0455715205797274));
#2070=CARTESIAN_POINT('Ctrl Pts',(0.697784838789184,2.23766605794383,-0.0332272218280266));
#2071=CARTESIAN_POINT('Ctrl Pts',(0.731114736914032,2.21968028051847,-0.00616055475439231));
#2072=CARTESIAN_POINT('Ctrl Pts',(0.77873109523021,2.20464633810475,0.0591275453277246));
#2073=CARTESIAN_POINT('Ctrl Pts',(0.81349619492011,2.20023217609797,0.140190898096887));
#2074=CARTESIAN_POINT('Ctrl Pts',(0.823063436687458,2.20017382271392,0.213393448115833));
#2075=CARTESIAN_POINT('Ctrl Pts',(0.823063436687458,2.20017382271392,0.249999999999999));
#2076=CARTESIAN_POINT('',(0.823063436687458,2.20017382271392,0.500000000000001));
#2077=CARTESIAN_POINT('',(0.823063436687458,2.20017382271392,0.374999999999999));
#2078=CARTESIAN_POINT('',(0.832384442139286,2.19999999999998,0.5));
#2079=CARTESIAN_POINT('Origin',(0.832384442139286,2.44999999999998,0.500000000000001));
#2080=CARTESIAN_POINT('',(0.832384442139285,2.19999999999998,0.374999999999999));
#2081=CARTESIAN_POINT('Origin',(0.74526713505191,2.19999999999998,0.749999999999999));
#2082=CARTESIAN_POINT('',(0.99526713505191,2.19999999999998,0.5));
#2083=CARTESIAN_POINT('',(0.74526713505191,2.19999999999998,0.5));
#2084=CARTESIAN_POINT('',(0.99526713505191,2.19999999999998,0.749999999999999));
#2085=CARTESIAN_POINT('Origin',(0.39526713505191,1.24999999999998,-0.350000000000001));
#2086=CARTESIAN_POINT('',(0.99526713505191,2.19999999999998,-0.350000000000001));
#2087=CARTESIAN_POINT('',(0.222043830348547,1.99999999999998,-0.350000000000001));
#2088=CARTESIAN_POINT('Origin',(0.0452671350519104,1.99999999999998,-0.350000000000001));
#2089=CARTESIAN_POINT('Origin',(0.0452671350519104,1.99999999999998,-0.350000000000001));
#2090=CARTESIAN_POINT('',(0.131267135051906,2.49999999999991,-0.350000000000001));
#2091=CARTESIAN_POINT('Origin',(0.0452671350519055,2.49999999999991,-0.350000000000001));
#2092=CARTESIAN_POINT('',(0.131267135051912,1.49999999999998,-0.350000000000001));
#2093=CARTESIAN_POINT('Origin',(0.0452671350519117,1.49999999999998,-0.350000000000001));
#2094=CARTESIAN_POINT('',(0.131267135051913,0.99999999999998,-0.350000000000001));
#2095=CARTESIAN_POINT('Origin',(0.0452671350519128,0.99999999999998,-0.350000000000001));
#2096=CARTESIAN_POINT('',(0.131267135051914,0.49999999999998,-0.350000000000001));
#2097=CARTESIAN_POINT('Origin',(0.0452671350519142,0.49999999999998,-0.350000000000001));
#2098=CARTESIAN_POINT('Origin',(0.99526713505191,1.24999999999998,0.199999999999999));
#2099=CARTESIAN_POINT('',(0.99526713505191,1.94999999999998,0.749999999999999));
#2100=CARTESIAN_POINT('Origin',(0.99526713505191,1.94999999999998,0.499999999999999));
#2101=CARTESIAN_POINT('',(0.99526713505191,1.82807067899359,0.749999999999999));
#2102=CARTESIAN_POINT('',(0.99526713505191,1.69999999999998,0.749999999999999));
#2103=CARTESIAN_POINT('',(0.99526713505191,1.6303048447839,0.652933563416737));
#2104=CARTESIAN_POINT('Origin',(0.99526713505191,1.82807067899359,0.499999999999999));
#2105=CARTESIAN_POINT('',(0.99526713505191,0.371797912713452,0.00153338698086452));
#2106=CARTESIAN_POINT('Origin',(0.99526713505191,0.29999999999998,1.68166666666667));
#2107=CARTESIAN_POINT('',(0.99526713505191,0.29999999999998,-0.0733982260873827));
#2108=CARTESIAN_POINT('Origin',(0.99526713505191,0.37499999999998,-0.0733982260873827));
#2109=CARTESIAN_POINT('',(0.99526713505191,0.29999999999998,-0.350000000000001));
#2110=CARTESIAN_POINT('',(0.99526713505191,1.99999999999998,0.639999999999999));
#2111=CARTESIAN_POINT('Origin',(0.99526713505191,1.99999999999998,0.549999999999999));
#2112=CARTESIAN_POINT('',(0.99526713505191,1.69999999999998,0.439999999999997));
#2113=CARTESIAN_POINT('Origin',(0.99526713505191,1.69999999999998,0.349999999999997));
#2114=CARTESIAN_POINT('Origin',(0.0452671350519104,1.99999999999998,-1.20201311721228E-15));
#2115=CARTESIAN_POINT('',(0.222043830348547,1.99999999999998,-1.20201311721228E-15));
#2116=CARTESIAN_POINT('',(0.222043830348547,1.99999999999998,-1.20201311721228E-15));
#2117=CARTESIAN_POINT('',(-0.0797328649480908,2.12499999999998,-1.20201311721228E-15));
#2118=CARTESIAN_POINT('Origin',(0.0452671350519104,1.99999999999998,-1.20201311721228E-15));
#2119=CARTESIAN_POINT('',(-0.0797328649480884,1.87499999999998,-1.20201311721228E-15));
#2120=CARTESIAN_POINT('Ctrl Pts',(-0.0797328649480908,2.12499999999998,
-1.20201311721228E-15));
#2121=CARTESIAN_POINT('Ctrl Pts',(-0.0810159425093812,2.12371692243869,
-1.20210658848858E-15));
#2122=CARTESIAN_POINT('Ctrl Pts',(-0.0822797433153277,2.12241361001948,
-3.29079785092776E-5));
#2123=CARTESIAN_POINT('Ctrl Pts',(-0.0934522693805408,2.11053060359003,
-0.000598345114231323));
#2124=CARTESIAN_POINT('Ctrl Pts',(-0.10211308500992,2.09871159075616,-0.00299891765380972));
#2125=CARTESIAN_POINT('Ctrl Pts',(-0.116359817281631,2.07308645174796,-0.00909476049699778));
#2126=CARTESIAN_POINT('Ctrl Pts',(-0.121928043178393,2.05931312329073,-0.0128104922968836));
#2127=CARTESIAN_POINT('Ctrl Pts',(-0.129500352010376,2.03047293100492,-0.0186868993255672));
#2128=CARTESIAN_POINT('Ctrl Pts',(-0.131509560244727,2.01538554915543,-0.0207397583477636));
#2129=CARTESIAN_POINT('Ctrl Pts',(-0.131509560244726,1.98461445084453,-0.0207397583477636));
#2130=CARTESIAN_POINT('Ctrl Pts',(-0.129500352010376,1.96952706899504,-0.0186868993255672));
#2131=CARTESIAN_POINT('Ctrl Pts',(-0.121928043178392,1.94068687670923,-0.0128104922968835));
#2132=CARTESIAN_POINT('Ctrl Pts',(-0.11635981728163,1.926913548252,-0.00909476049699782));
#2133=CARTESIAN_POINT('Ctrl Pts',(-0.102113085009919,1.90128840924379,-0.0029989176538097));
#2134=CARTESIAN_POINT('Ctrl Pts',(-0.0934522693805382,1.88946939640993,
-0.00059834511423125));
#2135=CARTESIAN_POINT('Ctrl Pts',(-0.0822797433153251,1.87758638998048,
-3.29079785092866E-5));
#2136=CARTESIAN_POINT('Ctrl Pts',(-0.0810159425093785,1.87628307756127,
-1.20294782997535E-15));
#2137=CARTESIAN_POINT('Ctrl Pts',(-0.0797328649480884,1.87499999999998,
-1.20201311721228E-15));
#2138=CARTESIAN_POINT('Origin',(0.0452671350519104,1.99999999999998,-1.20201311721228E-15));
#2139=CARTESIAN_POINT('Ctrl Pts',(0.514956309461407,0.336222164534082,-0.0143930870127709));
#2140=CARTESIAN_POINT('Ctrl Pts',(0.516992490098256,0.334390044948039,-0.0153887674115735));
#2141=CARTESIAN_POINT('Ctrl Pts',(0.521609499290246,0.331051807747152,-0.017288507321636));
#2142=CARTESIAN_POINT('Ctrl Pts',(0.531608475821037,0.326747563712266,-0.0197315015923444));
#2143=CARTESIAN_POINT('Ctrl Pts',(0.546028702081731,0.323027660107174,-0.021427004830551));
#2144=CARTESIAN_POINT('Ctrl Pts',(0.564947180200495,0.320700285311809,-0.0216444931495887));
#2145=CARTESIAN_POINT('Ctrl Pts',(0.57427867563476,0.320846715028108,-0.0215096750693089));
#2146=CARTESIAN_POINT('Ctrl Pts',(0.578856817775334,0.320846715028108,-0.0215096750693089));
#2147=CARTESIAN_POINT('Ctrl Pts',(0.519389548040411,0.339119164783256,-0.012587911750373));
#2148=CARTESIAN_POINT('Ctrl Pts',(0.521236432615021,0.337348233961724,-0.0133980839443324));
#2149=CARTESIAN_POINT('Ctrl Pts',(0.525650657110196,0.334094970137732,-0.0149373251280997));
#2150=CARTESIAN_POINT('Ctrl Pts',(0.535243206255246,0.329944324661219,-0.0167895515569553));
#2151=CARTESIAN_POINT('Ctrl Pts',(0.548687970268805,0.326540135188853,-0.0177673490760594));
#2152=CARTESIAN_POINT('Ctrl Pts',(0.565593456163097,0.324715620114193,-0.0174211256220404));
#2153=CARTESIAN_POINT('Ctrl Pts',(0.574375567374429,0.3251048986739,-0.0170656382267142));
#2154=CARTESIAN_POINT('Ctrl Pts',(0.578856817775334,0.325251732592721,-0.0169123955769695));
#2155=CARTESIAN_POINT('Ctrl Pts',(0.527365516963812,0.34573669463283,-0.0088084221894058));
#2156=CARTESIAN_POINT('Ctrl Pts',(0.529123828683834,0.344037684544094,-0.00933257362437397));
#2157=CARTESIAN_POINT('Ctrl Pts',(0.533291062240177,0.340964977792435,-0.0102467985493128));
#2158=CARTESIAN_POINT('Ctrl Pts',(0.541892625919575,0.337330131094049,-0.0109269176004942));
#2159=CARTESIAN_POINT('Ctrl Pts',(0.553531540670856,0.334836096195276,-0.0105856423784496));
#2160=CARTESIAN_POINT('Ctrl Pts',(0.567049215350211,0.334046640555673,-0.00958888725653172));
#2161=CARTESIAN_POINT('Ctrl Pts',(0.574702343159269,0.334820636588016,-0.00912507006864385));
#2162=CARTESIAN_POINT('Ctrl Pts',(0.578856817775334,0.335238572225223,-0.00884616621946093));
#2163=CARTESIAN_POINT('Ctrl Pts',(0.538934449760409,0.364281448701868,-0.00145104811229947));
#2164=CARTESIAN_POINT('Ctrl Pts',(0.540365806362674,0.362467198989927,-0.00157943218925032));
#2165=CARTESIAN_POINT('Ctrl Pts',(0.543811468456273,0.359209621525023,-0.00169289786376643));
#2166=CARTESIAN_POINT('Ctrl Pts',(0.550916776446007,0.355327220538687,-0.00151078441727652));
#2167=CARTESIAN_POINT('Ctrl Pts',(0.559743945715659,0.352574592155267,-0.00125076628224724));
#2168=CARTESIAN_POINT('Ctrl Pts',(0.569042560226013,0.351474074426898,-0.00123718498773351));
#2169=CARTESIAN_POINT('Ctrl Pts',(0.575508992736311,0.352298923594988,-0.00104060478789079));
#2170=CARTESIAN_POINT('Ctrl Pts',(0.578856817775334,0.352784359231987,-0.000910952189501811));
#2171=CARTESIAN_POINT('Ctrl Pts',(0.544832424605838,0.378782335633272,0.00183460292222572));
#2172=CARTESIAN_POINT('Ctrl Pts',(0.546157821292844,0.376689345707205,0.00173601068727847));
#2173=CARTESIAN_POINT('Ctrl Pts',(0.549367889400607,0.372841946623587,0.00156263453502902));
#2174=CARTESIAN_POINT('Ctrl Pts',(0.555625126759336,0.368417144411348,0.00137663653723597));
#2175=CARTESIAN_POINT('Ctrl Pts',(0.562926761170027,0.365696963075861,0.00126824465725494));
#2176=CARTESIAN_POINT('Ctrl Pts',(0.570788144144059,0.364843291423653,0.00123616753097226));
#2177=CARTESIAN_POINT('Ctrl Pts',(0.576149583128703,0.365224640432599,0.00125248829552279));
#2178=CARTESIAN_POINT('Ctrl Pts',(0.578856817775334,0.365436681473917,0.00126154954343704));
#2179=CARTESIAN_POINT('Ctrl Pts',(0.547994551313272,0.385070385493667,0.00215310396771161));
#2180=CARTESIAN_POINT('Ctrl Pts',(0.549278379381006,0.383093211760041,0.00205295655869795));
#2181=CARTESIAN_POINT('Ctrl Pts',(0.552345829416521,0.379466511827675,0.00187634851293504));
#2182=CARTESIAN_POINT('Ctrl Pts',(0.558121430204744,0.375375628299969,0.00168903588937519));
#2183=CARTESIAN_POINT('Ctrl Pts',(0.564681515950248,0.372853020828012,0.00157854433040027));
#2184=CARTESIAN_POINT('Ctrl Pts',(0.571680901454723,0.371814012326364,0.00153407281808688));
#2185=CARTESIAN_POINT('Ctrl Pts',(0.576457817250086,0.371797912713452,0.00153338698086452));
#2186=CARTESIAN_POINT('Ctrl Pts',(0.578856817775334,0.371797912713452,0.00153338698086452));
#2187=CARTESIAN_POINT('',(0.578856817775334,0.371797912713452,0.00153338698086452));
#2188=CARTESIAN_POINT('Origin',(0.578856817775334,0.37499999999998,-0.0733982260873827));
#2189=CARTESIAN_POINT('Ctrl Pts',(0.547994551313273,0.385070385493668,0.00215310396771162));
#2190=CARTESIAN_POINT('Ctrl Pts',(0.54959933639794,0.382598918326634,0.00202791970644449));
#2191=CARTESIAN_POINT('Ctrl Pts',(0.551595319875605,0.38038526721123,0.00192133174705524));
#2192=CARTESIAN_POINT('Ctrl Pts',(0.553874399777414,0.378542398099293,0.00183516634331871));
#2193=CARTESIAN_POINT('Ctrl Pts',(0.555681079009066,0.377081513227048,0.00176686103936942));
#2194=CARTESIAN_POINT('Ctrl Pts',(0.557663588972871,0.375854315396128,0.00171135720323136));
#2195=CARTESIAN_POINT('Ctrl Pts',(0.559760098633747,0.374885133003247,0.00166815635992701));
#2196=CARTESIAN_POINT('Ctrl Pts',(0.561767781656982,0.373957013723419,0.00162678588531858));
#2197=CARTESIAN_POINT('Ctrl Pts',(0.563879860044107,0.3732659039928,0.00159669375490631));
#2198=CARTESIAN_POINT('Ctrl Pts',(0.566049405722425,0.37278803245893,0.00157599051000878));
#2199=CARTESIAN_POINT('Ctrl Pts',(0.568118735697633,0.372332234777776,0.00155624358986847));
#2200=CARTESIAN_POINT('Ctrl Pts',(0.570239967074493,0.372070648125814,0.00154505875297119));
#2201=CARTESIAN_POINT('Ctrl Pts',(0.572381534280895,0.371936897599806,0.00153933204542045));
#2202=CARTESIAN_POINT('Ctrl Pts',(0.574333051341633,0.371815016562121,0.00153411354587781));
#2203=CARTESIAN_POINT('Ctrl Pts',(0.576301092975751,0.37179911983742,0.00153343856552517));
#2204=CARTESIAN_POINT('Ctrl Pts',(0.578278838639676,0.371798020148894,0.0015333915719562));
#2205=CARTESIAN_POINT('Ctrl Pts',(0.578471443080128,0.371797913054794,0.00153338699544759));
#2206=CARTESIAN_POINT('Ctrl Pts',(0.578664128481581,0.371797912713453,0.00153338698086469));
#2207=CARTESIAN_POINT('Ctrl Pts',(0.578856817775334,0.371797912713453,0.00153338698086469));
#2208=CARTESIAN_POINT('Origin',(0.74526713505191,0.37499999999998,-0.0733982260873827));
#2209=CARTESIAN_POINT('',(0.74526713505191,0.371797912713452,0.00153338698086452));
#2210=CARTESIAN_POINT('',(0.74526713505191,0.29999999999998,-0.0733982260873827));
#2211=CARTESIAN_POINT('Ctrl Pts',(0.536154548195311,0.423917380019186,0.00336622403563319));
#2212=CARTESIAN_POINT('Ctrl Pts',(0.579505276290299,0.556031955457095,0.0105529896063923));
#2213=CARTESIAN_POINT('Ctrl Pts',(0.650150928851532,0.776515877498512,0.0418075347434309));
#2214=CARTESIAN_POINT('Ctrl Pts',(0.724241377406033,1.07573585769788,0.132528076001959));
#2215=CARTESIAN_POINT('Ctrl Pts',(0.74526713505191,1.24017536921084,0.207465807633783));
#2216=CARTESIAN_POINT('Ctrl Pts',(0.74526713505191,1.31794318767468,0.249999999999999));
#2217=CARTESIAN_POINT('Ctrl Pts',(0.538466051495396,0.42290426571785,0.00374942941795903));
#2218=CARTESIAN_POINT('Ctrl Pts',(0.584214166085055,0.553927163281302,0.0117512863726572));
#2219=CARTESIAN_POINT('Ctrl Pts',(0.658371454181948,0.772526580327884,0.046614613605102));
#2220=CARTESIAN_POINT('Ctrl Pts',(0.73172348990727,1.06804862915618,0.145614659813803));
#2221=CARTESIAN_POINT('Ctrl Pts',(0.748475426617405,1.22934327967841,0.224854792233454));
#2222=CARTESIAN_POINT('Ctrl Pts',(0.74526713505191,1.30493981478161,0.268288344330669));
#2223=CARTESIAN_POINT('Ctrl Pts',(0.542548510554034,0.421131318817204,0.00419482959553641));
#2224=CARTESIAN_POINT('Ctrl Pts',(0.592611514554345,0.550243809948953,0.0131475553190623));
#2225=CARTESIAN_POINT('Ctrl Pts',(0.673654427347677,0.765505144082388,0.052195775742847));
#2226=CARTESIAN_POINT('Ctrl Pts',(0.752823501910524,1.05459961198274,0.163158467932506));
#2227=CARTESIAN_POINT('Ctrl Pts',(0.769036584161904,1.21040755527297,0.251859646853941));
#2228=CARTESIAN_POINT('Ctrl Pts',(0.764087647038657,1.28242290784085,0.299956816101821));
#2229=CARTESIAN_POINT('Ctrl Pts',(0.546659094372247,0.419374527042328,0.00424213424254628));
#2230=CARTESIAN_POINT('Ctrl Pts',(0.601127164716019,0.546628476938738,0.0132978711019445));
#2231=CARTESIAN_POINT('Ctrl Pts',(0.689723002928078,0.758885164064329,0.0527056877223147));
#2232=CARTESIAN_POINT('Ctrl Pts',(0.78090307063428,1.04536885641844,0.166308333366134));
#2233=CARTESIAN_POINT('Ctrl Pts',(0.804906930319842,1.20140179048119,0.259130058686341));
#2234=CARTESIAN_POINT('Ctrl Pts',(0.803437174407679,1.27448261514588,0.311124288425046));
#2235=CARTESIAN_POINT('Ctrl Pts',(0.548420772138331,0.418626789790662,0.00418925623106297));
#2236=CARTESIAN_POINT('Ctrl Pts',(0.604776718661816,0.545100799863575,0.0131331655281832));
#2237=CARTESIAN_POINT('Ctrl Pts',(0.696616066991419,0.756171271722958,0.0520293579914221));
#2238=CARTESIAN_POINT('Ctrl Pts',(0.792933650112269,1.04261620532938,0.1649308133698));
#2239=CARTESIAN_POINT('Ctrl Pts',(0.82026713505191,1.20003505458609,0.258190607090355));
#2240=CARTESIAN_POINT('Ctrl Pts',(0.82026713505191,1.27448261514588,0.311124288425046));
#2241=CARTESIAN_POINT('',(0.82026713505191,1.27448261514588,0.311124288425046));
#2242=CARTESIAN_POINT('Ctrl Pts',(0.82026713505191,1.27448261514588,0.311124288425046));
#2243=CARTESIAN_POINT('Ctrl Pts',(0.82026713505191,1.20003505458609,0.258190607090355));
#2244=CARTESIAN_POINT('Ctrl Pts',(0.792933650112269,1.04261620532938,0.1649308133698));
#2245=CARTESIAN_POINT('Ctrl Pts',(0.696616066991419,0.756171271722958,0.0520293579914221));
#2246=CARTESIAN_POINT('Ctrl Pts',(0.604776718661816,0.545100799863575,0.0131331655281832));
#2247=CARTESIAN_POINT('Ctrl Pts',(0.548420772138331,0.418626789790662,0.00418925623106297));
#2248=CARTESIAN_POINT('',(0.74526713505191,1.31794318767468,0.249999999999999));
#2249=CARTESIAN_POINT('Origin',(0.82026713505191,1.31794318767468,0.249999999999999));
#2250=CARTESIAN_POINT('Ctrl Pts',(0.536154548195311,0.423917380019186,0.00336622403563319));
#2251=CARTESIAN_POINT('Ctrl Pts',(0.579505276290299,0.556031955457095,0.0105529896063923));
#2252=CARTESIAN_POINT('Ctrl Pts',(0.650150928851532,0.776515877498512,0.0418075347434309));
#2253=CARTESIAN_POINT('Ctrl Pts',(0.724241377406033,1.07573585769788,0.132528076001959));
#2254=CARTESIAN_POINT('Ctrl Pts',(0.74526713505191,1.24017536921084,0.207465807633783));
#2255=CARTESIAN_POINT('Ctrl Pts',(0.74526713505191,1.31794318767468,0.249999999999999));
#2256=CARTESIAN_POINT('Origin',(0.82026713505191,0.29999999999998,1.68166666666667));
#2257=CARTESIAN_POINT('',(0.74526713505191,1.68963459504681,0.607053494391716));
#2258=CARTESIAN_POINT('',(0.82026713505191,1.6303048447839,0.652933563416737));
#2259=CARTESIAN_POINT('Origin',(0.82026713505191,1.68963459504681,0.607053494391716));
#2260=CARTESIAN_POINT('Origin',(0.74526713505191,0.29999999999998,1.68166666666667));
#2261=CARTESIAN_POINT('Origin',(0.82026713505191,0.29999999999998,1.68166666666667));
#2262=CARTESIAN_POINT('Origin',(0.82026713505191,1.82807067899359,0.499999999999999));
#2263=CARTESIAN_POINT('',(0.74526713505191,1.82807067899359,0.674999999999999));
#2264=CARTESIAN_POINT('',(0.82026713505191,1.82807067899359,0.749999999999999));
#2265=CARTESIAN_POINT('Origin',(0.82026713505191,1.82807067899359,0.674999999999999));
#2266=CARTESIAN_POINT('Origin',(0.74526713505191,1.82807067899359,0.499999999999999));
#2267=CARTESIAN_POINT('Origin',(0.82026713505191,1.82807067899359,0.499999999999999));
#2268=CARTESIAN_POINT('Origin',(0.82026713505191,1.47499999999998,0.674999999999999));
#2269=CARTESIAN_POINT('',(0.74526713505191,1.95014685069616,0.674999999999999));
#2270=CARTESIAN_POINT('',(0.82026713505191,1.95014685069616,0.749999999999999));
#2271=CARTESIAN_POINT('Origin',(0.82026713505191,1.95014685069616,0.674999999999999));
#2272=CARTESIAN_POINT('',(0.74526713505191,1.47499999999998,0.674999999999999));
#2273=CARTESIAN_POINT('',(0.82026713505191,1.47499999999998,0.749999999999999));
#2274=CARTESIAN_POINT('Ctrl Pts',(0.74526713505191,1.95014685069616,0.675000000000001));
#2275=CARTESIAN_POINT('Ctrl Pts',(0.74526713505191,1.97633134719128,0.675000000000001));
#2276=CARTESIAN_POINT('Ctrl Pts',(0.74526713505191,2.02860390728601,0.663023551924227));
#2277=CARTESIAN_POINT('Ctrl Pts',(0.74526713505191,2.1022379341651,0.604490672873871));
#2278=CARTESIAN_POINT('Ctrl Pts',(0.74526713505191,2.1252259695281,0.539276744742686));
#2279=CARTESIAN_POINT('Ctrl Pts',(0.74526713505191,2.1252259695281,0.500000000000001));
#2280=CARTESIAN_POINT('Ctrl Pts',(0.74526713505191,1.95014685069616,0.697439947525642));
#2281=CARTESIAN_POINT('Ctrl Pts',(0.745264968202677,1.97970194642732,0.697492887906582));
#2282=CARTESIAN_POINT('Ctrl Pts',(0.745268661103484,2.0387053947339,0.684130933689535));
#2283=CARTESIAN_POINT('Ctrl Pts',(0.745259398046609,2.12210234984083,0.618188850232869));
#2284=CARTESIAN_POINT('Ctrl Pts',(0.74526713505191,2.14819866941504,0.544461583033161));
#2285=CARTESIAN_POINT('Ctrl Pts',(0.74526713505191,2.14819866941504,0.500000000000001));
#2286=CARTESIAN_POINT('Ctrl Pts',(0.764092465617283,1.95014685069616,0.736293406582848));
#2287=CARTESIAN_POINT('Ctrl Pts',(0.764185132258918,1.98549113974391,0.736430592537802));
#2288=CARTESIAN_POINT('Ctrl Pts',(0.764397320195264,2.05618525646364,0.720566697947454));
#2289=CARTESIAN_POINT('Ctrl Pts',(0.764842724626137,2.15633328301387,0.641870554771727));
#2290=CARTESIAN_POINT('Ctrl Pts',(0.765053599685455,2.18793276727613,0.553350462918245));
#2291=CARTESIAN_POINT('Ctrl Pts',(0.765053599685455,2.18793276727613,0.500000000000001));
#2292=CARTESIAN_POINT('Ctrl Pts',(0.803437174407679,1.95014685069616,0.750000000000001));
#2293=CARTESIAN_POINT('Ctrl Pts',(0.803670837844436,1.98755529770333,0.750061546489475));
#2294=CARTESIAN_POINT('Ctrl Pts',(0.804207946583491,2.06226122304036,0.733110745424699));
#2295=CARTESIAN_POINT('Ctrl Pts',(0.805320314719794,2.16777744442773,0.649620407695818));
#2296=CARTESIAN_POINT('Ctrl Pts',(0.805845891303374,2.20081620869659,0.556268125872557));
#2297=CARTESIAN_POINT('Ctrl Pts',(0.805845891303374,2.20081620869659,0.500000000000001));
#2298=CARTESIAN_POINT('Ctrl Pts',(0.82026713505191,1.95014685069616,0.750000000000001));
#2299=CARTESIAN_POINT('Ctrl Pts',(0.820539014249974,1.98754668343741,0.750000000000001));
#2300=CARTESIAN_POINT('Ctrl Pts',(0.821166282125535,2.06220566850558,0.732890788463174));
#2301=CARTESIAN_POINT('Ctrl Pts',(0.822454105409018,2.16735699753488,0.64927238981982));
#2302=CARTESIAN_POINT('Ctrl Pts',(0.823063436687458,2.20017382271392,0.556109635346679));
#2303=CARTESIAN_POINT('Ctrl Pts',(0.823063436687458,2.20017382271392,0.500000000000001));
#2304=CARTESIAN_POINT('',(0.74526713505191,2.1252259695281,0.500000000000001));
#2305=CARTESIAN_POINT('Origin',(0.82026713505191,2.1252259695281,0.500000000000001));
#2306=CARTESIAN_POINT('Ctrl Pts',(0.74526713505191,1.95014685069616,0.675000000000001));
#2307=CARTESIAN_POINT('Ctrl Pts',(0.74526713505191,1.97633134719128,0.675000000000001));
#2308=CARTESIAN_POINT('Ctrl Pts',(0.74526713505191,2.02860390728601,0.663023551924227));
#2309=CARTESIAN_POINT('Ctrl Pts',(0.74526713505191,2.1022379341651,0.604490672873871));
#2310=CARTESIAN_POINT('Ctrl Pts',(0.74526713505191,2.1252259695281,0.539276744742686));
#2311=CARTESIAN_POINT('Ctrl Pts',(0.74526713505191,2.1252259695281,0.500000000000001));
#2312=CARTESIAN_POINT('Ctrl Pts',(0.823063436687458,2.20017382271392,0.500000000000001));
#2313=CARTESIAN_POINT('Ctrl Pts',(0.823063436687458,2.20017382271392,0.556109635346679));
#2314=CARTESIAN_POINT('Ctrl Pts',(0.822454105409018,2.16735699753488,0.64927238981982));
#2315=CARTESIAN_POINT('Ctrl Pts',(0.821166282125535,2.06220566850558,0.732890788463174));
#2316=CARTESIAN_POINT('Ctrl Pts',(0.820539014249974,1.98754668343741,0.750000000000001));
#2317=CARTESIAN_POINT('Ctrl Pts',(0.82026713505191,1.95014685069616,0.750000000000001));
#2318=CARTESIAN_POINT('Origin',(0.82026713505191,2.1252259695281,0.374999999999998));
#2319=CARTESIAN_POINT('',(0.74526713505191,2.1252259695281,0.249999999999999));
#2320=CARTESIAN_POINT('Origin',(0.82026713505191,2.1252259695281,0.249999999999999));
#2321=CARTESIAN_POINT('',(0.74526713505191,2.1252259695281,0.374999999999998));
#2322=CARTESIAN_POINT('Ctrl Pts',(0.677016305565813,2.25414101466184,-0.0455715205797274));
#2323=CARTESIAN_POINT('Ctrl Pts',(0.697784838789184,2.23766605794383,-0.0332272218280266));
#2324=CARTESIAN_POINT('Ctrl Pts',(0.731114736914032,2.21968028051847,-0.00616055475439231));
#2325=CARTESIAN_POINT('Ctrl Pts',(0.77873109523021,2.20464633810475,0.0591275453277246));
#2326=CARTESIAN_POINT('Ctrl Pts',(0.81349619492011,2.20023217609797,0.140190898096887));
#2327=CARTESIAN_POINT('Ctrl Pts',(0.823063436687458,2.20017382271392,0.213393448115833));
#2328=CARTESIAN_POINT('Ctrl Pts',(0.823063436687458,2.20017382271392,0.249999999999999));
#2329=CARTESIAN_POINT('Ctrl Pts',(0.673558897106623,2.25688365681711,-0.0332510736845613));
#2330=CARTESIAN_POINT('Ctrl Pts',(0.69300344854198,2.24086215539682,-0.0212441279612155));
#2331=CARTESIAN_POINT('Ctrl Pts',(0.72385598105276,2.22305823548029,0.00455164683716223));
#2332=CARTESIAN_POINT('Ctrl Pts',(0.768613520869103,2.20694335848632,0.0665399431095982));
#2333=CARTESIAN_POINT('Ctrl Pts',(0.802145562725849,2.20109938313495,0.144067943177874));
#2334=CARTESIAN_POINT('Ctrl Pts',(0.811585073098069,2.2006020800357,0.214688551528093));
#2335=CARTESIAN_POINT('Ctrl Pts',(0.811585073098069,2.2006020800357,0.249999999999999));
#2336=CARTESIAN_POINT('Ctrl Pts',(0.662303560856085,2.2568626271678,-0.00867021436724725));
#2337=CARTESIAN_POINT('Ctrl Pts',(0.679605689678159,2.24117048879139,0.00266187717842904));
#2338=CARTESIAN_POINT('Ctrl Pts',(0.706535545136601,2.22325238304554,0.0259258670371068));
#2339=CARTESIAN_POINT('Ctrl Pts',(0.747089428724762,2.20520687410902,0.0813333246975509));
#2340=CARTESIAN_POINT('Ctrl Pts',(0.779094845576537,2.19719840393054,0.151808432216779));
#2341=CARTESIAN_POINT('Ctrl Pts',(0.788463867633364,2.19608308874894,0.217275499086348));
#2342=CARTESIAN_POINT('Ctrl Pts',(0.788463867633364,2.19608308874894,0.249999999999999));
#2343=CARTESIAN_POINT('Ctrl Pts',(0.632596998679203,2.23765425168588,0.0229764548638707));
#2344=CARTESIAN_POINT('Ctrl Pts',(0.648977344965212,2.2203950373646,0.0332263253896795));
#2345=CARTESIAN_POINT('Ctrl Pts',(0.674467155682581,2.20069372811403,0.0533941597837925));
#2346=CARTESIAN_POINT('Ctrl Pts',(0.713969216913511,2.18090414962771,0.101032695161902));
#2347=CARTESIAN_POINT('Ctrl Pts',(0.746046568109393,2.17222104664218,0.162596219287335));
#2348=CARTESIAN_POINT('Ctrl Pts',(0.755598128026195,2.17105309313803,0.220869764565286));
#2349=CARTESIAN_POINT('Ctrl Pts',(0.755598128026195,2.17105309313803,0.249999999999999));
#2350=CARTESIAN_POINT('Ctrl Pts',(0.609665255238402,2.21130327959983,0.0274129819849315));
#2351=CARTESIAN_POINT('Ctrl Pts',(0.628296052431911,2.19145883656271,0.0370939326077411));
#2352=CARTESIAN_POINT('Ctrl Pts',(0.657970142118908,2.16946683230168,0.0571969123169934));
#2353=CARTESIAN_POINT('Ctrl Pts',(0.701931295812527,2.14980999896699,0.105061883243909));
#2354=CARTESIAN_POINT('Ctrl Pts',(0.735632152037819,2.14294330008079,0.165723596090256));
#2355=CARTESIAN_POINT('Ctrl Pts',(0.74526713505191,2.14245549444331,0.221924075719608));
#2356=CARTESIAN_POINT('Ctrl Pts',(0.74526713505191,2.14245549444331,0.249999999999999));
#2357=CARTESIAN_POINT('Ctrl Pts',(0.599220003930266,2.19538331906039,0.0226372918617476));
#2358=CARTESIAN_POINT('Ctrl Pts',(0.619988537153635,2.17396587532698,0.0321329062861318));
#2359=CARTESIAN_POINT('Ctrl Pts',(0.653318435278484,2.15058436467401,0.0529534194196972));
#2360=CARTESIAN_POINT('Ctrl Pts',(0.700934793594662,2.13104023953618,0.103175034867479));
#2361=CARTESIAN_POINT('Ctrl Pts',(0.735699893284563,2.12530182892736,0.165531460074527));
#2362=CARTESIAN_POINT('Ctrl Pts',(0.74526713505191,2.1252259695281,0.221841113935254));
#2363=CARTESIAN_POINT('Ctrl Pts',(0.74526713505191,2.1252259695281,0.249999999999999));
#2364=CARTESIAN_POINT('',(0.599220003930266,2.19538331906039,0.0226372918617479));
#2365=CARTESIAN_POINT('Origin',(0.630405864593772,2.19538331906039,-0.0455715205797274));
#2366=CARTESIAN_POINT('Ctrl Pts',(0.74526713505191,2.1252259695281,0.249999999999999));
#2367=CARTESIAN_POINT('Ctrl Pts',(0.74526713505191,2.1252259695281,0.221841113935254));
#2368=CARTESIAN_POINT('Ctrl Pts',(0.735699893284563,2.12530182892736,0.165531460074527));
#2369=CARTESIAN_POINT('Ctrl Pts',(0.700934793594662,2.13104023953618,0.103175034867479));
#2370=CARTESIAN_POINT('Ctrl Pts',(0.653318435278484,2.15058436467401,0.0529534194196972));
#2371=CARTESIAN_POINT('Ctrl Pts',(0.619988537153635,2.17396587532698,0.0321329062861318));
#2372=CARTESIAN_POINT('Ctrl Pts',(0.599220003930266,2.19538331906039,0.0226372918617476));
#2373=CARTESIAN_POINT('Ctrl Pts',(0.541877576023951,2.36134187936343,-0.0750000000000012));
#2374=CARTESIAN_POINT('Ctrl Pts',(0.588334689211673,2.32448906357814,-0.0750000000000013));
#2375=CARTESIAN_POINT('Ctrl Pts',(0.63476584529923,2.28765683865969,-0.0648889213624084));
#2376=CARTESIAN_POINT('Ctrl Pts',(0.677016305565813,2.25414101466184,-0.0455715205797274));
#2377=CARTESIAN_POINT('Ctrl Pts',(0.541877576023951,2.36134187936343,-0.0637800262371805));
#2378=CARTESIAN_POINT('Ctrl Pts',(0.58735135930918,2.32527191304171,-0.0631446816010228));
#2379=CARTESIAN_POINT('Ctrl Pts',(0.6326235499456,2.28935250196494,-0.0526019867119135));
#2380=CARTESIAN_POINT('Ctrl Pts',(0.673558897106623,2.25688365681711,-0.0332510736845613));
#2381=CARTESIAN_POINT('Ctrl Pts',(0.538690909543612,2.35732472837472,-0.0413723452596119));
#2382=CARTESIAN_POINT('Ctrl Pts',(0.581830209896099,2.32235207788821,-0.039472810040615));
#2383=CARTESIAN_POINT('Ctrl Pts',(0.624403154026017,2.28776228881427,-0.0280808108531532));
#2384=CARTESIAN_POINT('Ctrl Pts',(0.66230355498497,2.25686282719426,-0.00866985447881327));
#2385=CARTESIAN_POINT('Ctrl Pts',(0.523093397423885,2.33766231261211,-0.00983872327158784));
#2386=CARTESIAN_POINT('Ctrl Pts',(0.561796698149025,2.30277638495344,-0.00701765313922563));
#2387=CARTESIAN_POINT('Ctrl Pts',(0.599548774278616,2.26832559499615,0.00450663834410486));
#2388=CARTESIAN_POINT('Ctrl Pts',(0.632596903987623,2.23765455008813,0.0229771797005258));
#2389=CARTESIAN_POINT('Ctrl Pts',(0.505726493547506,2.31576937982223,-1.18292329904611E-15));
#2390=CARTESIAN_POINT('Ctrl Pts',(0.542045727469422,2.27966673445275,0.00151595654652663));
#2391=CARTESIAN_POINT('Ctrl Pts',(0.577848964051366,2.24372724448159,0.0110258022873702));
#2392=CARTESIAN_POINT('Ctrl Pts',(0.609665255238402,2.21130327959983,0.0274129819849317));
#2393=CARTESIAN_POINT('Ctrl Pts',(0.49526713505191,2.30258418376199,-1.15830354931365E-15));
#2394=CARTESIAN_POINT('Ctrl Pts',(0.531003375965542,2.2657313679767,-1.22182296126334E-15));
#2395=CARTESIAN_POINT('Ctrl Pts',(0.566719649879048,2.22889914305824,0.0077777527981471));
#2396=CARTESIAN_POINT('Ctrl Pts',(0.599220003930266,2.19538331906039,0.0226372918617478));
#2397=CARTESIAN_POINT('',(0.49526713505191,2.30258418376199,-1.22386790116159E-15));
#2398=CARTESIAN_POINT('',(0.541877576023951,2.36134187936343,-0.0750000000000012));
#2399=CARTESIAN_POINT('Origin',(0.49526713505191,2.30258418376199,-0.0750000000000012));
#2400=CARTESIAN_POINT('Origin',(0.49526713505191,2.30258418376199,0.249999999999999));
#2401=CARTESIAN_POINT('Origin',(0.541877576023951,2.36134187936343,0.249999999999999));
#2402=CARTESIAN_POINT('Origin',(0.822516482526347,2.04298863227781,-0.0750000000000012));
#2403=CARTESIAN_POINT('',(0.169561644310682,2.65668718827043,-0.0750000000000012));
#2404=CARTESIAN_POINT('',(0.869126923498387,2.10174632787925,-0.0750000000000012));
#2405=CARTESIAN_POINT('',(0.122951203338641,2.59792949266899,-1.20201311721228E-15));
#2406=CARTESIAN_POINT('Origin',(0.122951203338641,2.59792949266899,-0.0750000000000012));
#2407=CARTESIAN_POINT('',(0.822516482526347,2.04298863227781,-1.20201311721228E-15));
#2408=CARTESIAN_POINT('Origin',(0.0452671350519055,2.49999999999991,-0.0750000000000012));
#2409=CARTESIAN_POINT('',(-0.0797328649480944,2.49999999999991,-1.20201311721228E-15));
#2410=CARTESIAN_POINT('',(-0.154732864948094,2.49999999999991,-0.0750000000000012));
#2411=CARTESIAN_POINT('Origin',(-0.0797328649480944,2.49999999999991,-0.0750000000000012));
#2412=CARTESIAN_POINT('Origin',(0.0452671350519055,2.49999999999991,-1.20201311721228E-15));
#2413=CARTESIAN_POINT('Origin',(0.0452671350519055,2.49999999999991,-0.0750000000000012));
#2414=CARTESIAN_POINT('Origin',(-0.0797328649480884,1.87499999999995,-0.0750000000000012));
#2415=CARTESIAN_POINT('',(-0.0797328649480884,1.87499999999995,-1.20201311721228E-15));
#2416=CARTESIAN_POINT('',(-0.15473286494809,0.49999999999998,-0.0750000000000012));
#2417=CARTESIAN_POINT('',(-0.154732864948088,1.87499999999994,-0.0750000000000012));
#2418=CARTESIAN_POINT('',(-0.0797328649480752,0.49999999999998,-1.20201311721228E-15));
#2419=CARTESIAN_POINT('Origin',(-0.0797328649480752,0.49999999999998,-0.0750000000000012));
#2420=CARTESIAN_POINT('',(-0.0797328649480884,1.87499999999995,-1.20201311721228E-15));
#2421=CARTESIAN_POINT('Origin',(0.0452671350519142,0.49999999999998,-0.0750000000000012));
#2422=CARTESIAN_POINT('',(0.0452671350519118,0.37499999999998,-1.20201311721228E-15));
#2423=CARTESIAN_POINT('',(0.0452671350519104,0.29999999999998,-0.0750000000000012));
#2424=CARTESIAN_POINT('Origin',(0.0452671350519118,0.37499999999998,-0.0750000000000012));
#2425=CARTESIAN_POINT('Origin',(0.0452671350519142,0.49999999999998,-1.20201311721228E-15));
#2426=CARTESIAN_POINT('Origin',(0.0452671350519142,0.49999999999998,-0.0750000000000012));
#2427=CARTESIAN_POINT('Origin',(0.22026713505191,0.37499999999998,-0.0750000000000012));
#2428=CARTESIAN_POINT('',(0.22026713505191,0.37499999999998,-1.20201311721228E-15));
#2429=CARTESIAN_POINT('',(0.22026713505191,0.29999999999998,-0.0750000000000012));
#2430=CARTESIAN_POINT('Origin',(0.74526713505191,2.19999999999998,-1.20201311721228E-15));
#2431=CARTESIAN_POINT('',(0.169561644310682,2.65668718827043,-1.20201311721228E-15));
#2432=CARTESIAN_POINT('Origin',(0.0452671350519055,2.49999999999991,-1.20201311721228E-15));
#2433=CARTESIAN_POINT('',(-0.154732864948094,2.49999999999991,-1.20201311721228E-15));
#2434=CARTESIAN_POINT('Origin',(-0.154732864948094,2.49999999999991,-1.20201311721228E-15));
#2435=CARTESIAN_POINT('',(-0.15473286494809,0.49999999999998,-1.20201311721228E-15));
#2436=CARTESIAN_POINT('Origin',(0.0452671350519142,0.49999999999998,-1.20201311721228E-15));
#2437=CARTESIAN_POINT('',(0.0452671350519104,0.29999999999998,-1.20201311721228E-15));
#2438=CARTESIAN_POINT('Origin',(0.0452671350519104,0.29999999999998,-1.20201311721228E-15));
#2439=CARTESIAN_POINT('Origin',(0.74526713505191,1.24999999999998,0.199999999999999));
#2440=CARTESIAN_POINT('',(0.74526713505191,1.24999999999998,0.249999999999999));
#2441=CARTESIAN_POINT('',(0.74526713505191,1.99999999999998,0.639999999999999));
#2442=CARTESIAN_POINT('Origin',(0.74526713505191,1.99999999999998,0.549999999999999));
#2443=CARTESIAN_POINT('',(0.74526713505191,1.69999999999998,0.439999999999997));
#2444=CARTESIAN_POINT('Origin',(0.74526713505191,1.69999999999998,0.349999999999997));
#2445=CARTESIAN_POINT('Origin',(0.74526713505191,1.82807067899359,0.499999999999999));
#2446=CARTESIAN_POINT('',(0.74526713505191,1.6303048447839,0.652933563416737));
#2447=CARTESIAN_POINT('',(0.74526713505191,1.82807067899359,0.749999999999999));
#2448=CARTESIAN_POINT('Origin',(0.74526713505191,1.69999999999998,0.749999999999999));
#2449=CARTESIAN_POINT('',(0.832384442139286,1.94999999999998,0.749999999999999));
#2450=CARTESIAN_POINT('',(0.74526713505191,1.94999999999998,0.749999999999999));
#2451=CARTESIAN_POINT('Origin',(0.832384442139286,2.44999999999998,0.749999999999999));
#2452=CARTESIAN_POINT('Origin',(0.74526713505191,1.94999999999998,0.499999999999999));
#2453=CARTESIAN_POINT('Origin',(0.832384442139286,1.94999999999998,0.499999999999999));
#2454=CARTESIAN_POINT('Origin',(0.832384442139286,2.44999999999998,0.500000000000001));
#2455=CARTESIAN_POINT('Origin',(0.49526713505191,1.24999999999998,0.249999999999999));
#2456=CARTESIAN_POINT('',(0.49526713505191,1.24999999999998,-1.22386790116159E-15));
#2457=CARTESIAN_POINT('Origin',(0.39526713505191,1.24999999999998,-1.20201311721228E-15));
#2458=CARTESIAN_POINT('',(0.131267135051906,2.49999999999991,-1.20201311721228E-15));
#2459=CARTESIAN_POINT('Origin',(0.0452671350519055,2.49999999999991,-1.20201311721228E-15));
#2460=CARTESIAN_POINT('',(0.131267135051912,1.49999999999998,-1.20201311721228E-15));
#2461=CARTESIAN_POINT('Origin',(0.0452671350519117,1.49999999999998,-1.20201311721228E-15));
#2462=CARTESIAN_POINT('',(0.131267135051913,0.99999999999998,-1.20201311721228E-15));
#2463=CARTESIAN_POINT('Origin',(0.0452671350519128,0.99999999999998,-1.20201311721228E-15));
#2464=CARTESIAN_POINT('',(0.131267135051914,0.49999999999998,-1.20201311721228E-15));
#2465=CARTESIAN_POINT('Origin',(0.0452671350519142,0.49999999999998,-1.20201311721228E-15));
#2466=CARTESIAN_POINT('Origin',(0.74526713505191,1.99999999999998,0.549999999999999));
#2467=CARTESIAN_POINT('',(0.74526713505191,1.99999999999998,0.639999999999999));
#2468=CARTESIAN_POINT('Origin',(0.74526713505191,1.69999999999998,0.349999999999997));
#2469=CARTESIAN_POINT('',(0.74526713505191,1.69999999999998,0.439999999999997));
#2470=CARTESIAN_POINT('Origin',(0.74526713505191,0.29999999999998,1.68166666666667));
#2471=CARTESIAN_POINT('Origin',(0.0452671350519055,2.49999999999991,-1.20201311721228E-15));
#2472=CARTESIAN_POINT('',(0.131267135051906,2.49999999999991,-1.20201311721228E-15));
#2473=CARTESIAN_POINT('Origin',(0.0452671350519117,1.49999999999998,-1.20201311721228E-15));
#2474=CARTESIAN_POINT('',(0.131267135051912,1.49999999999998,-1.20201311721228E-15));
#2475=CARTESIAN_POINT('Origin',(0.0452671350519128,0.99999999999998,-1.20201311721228E-15));
#2476=CARTESIAN_POINT('',(0.131267135051913,0.99999999999998,-1.20201311721228E-15));
#2477=CARTESIAN_POINT('Origin',(0.0452671350519142,0.49999999999998,-1.20201311721228E-15));
#2478=CARTESIAN_POINT('',(0.131267135051914,0.49999999999998,-1.20201311721228E-15));
#2479=UNCERTAINTY_MEASURE_WITH_UNIT(LENGTH_MEASURE(0.000393700787401575),
#2485,'DISTANCE_ACCURACY_VALUE',
'Maximum model space distance between geometric entities at asserted c
onnectivities');
#2480=UNCERTAINTY_MEASURE_WITH_UNIT(LENGTH_MEASURE(0.000393700787401575),
#2485,'DISTANCE_ACCURACY_VALUE',
'Maximum model space distance between geometric entities at asserted c
onnectivities');
#2481=(
GEOMETRIC_REPRESENTATION_CONTEXT(3)
GLOBAL_UNCERTAINTY_ASSIGNED_CONTEXT((#2479))
GLOBAL_UNIT_ASSIGNED_CONTEXT((#2485,#2489,#2490))
REPRESENTATION_CONTEXT('','3D')
);
#2482=(
GEOMETRIC_REPRESENTATION_CONTEXT(3)
GLOBAL_UNCERTAINTY_ASSIGNED_CONTEXT((#2480))
GLOBAL_UNIT_ASSIGNED_CONTEXT((#2485,#2489,#2490))
REPRESENTATION_CONTEXT('','3D')
);
#2483=DIMENSIONAL_EXPONENTS(1.,0.,0.,0.,0.,0.,0.);
#2484=DIMENSIONAL_EXPONENTS(0.,1.,0.,0.,0.,0.,0.);
#2485=(
CONVERSION_BASED_UNIT('inch',#2488)
LENGTH_UNIT()
NAMED_UNIT(#2483)
);
#2486=(
LENGTH_UNIT()
NAMED_UNIT(*)
SI_UNIT(.MILLI.,.METRE.)
);
#2487=(
LENGTH_UNIT()
NAMED_UNIT(*)
SI_UNIT(.CENTI.,.METRE.)
);
#2488=LENGTH_MEASURE_WITH_UNIT(LENGTH_MEASURE(25.4),#2486);
#2489=(
NAMED_UNIT(*)
PLANE_ANGLE_UNIT()
SI_UNIT($,.RADIAN.)
);
#2490=(
NAMED_UNIT(*)
SI_UNIT($,.STERADIAN.)
SOLID_ANGLE_UNIT()
);
#2491=SHAPE_DEFINITION_REPRESENTATION(#2492,#2493);
#2492=PRODUCT_DEFINITION_SHAPE('',$,#2495);
#2493=SHAPE_REPRESENTATION('',(#964),#2481);
#2494=PRODUCT_DEFINITION_CONTEXT('part definition',#2499,'design');
#2495=PRODUCT_DEFINITION('OverTopRigidSup_MIR','OverTopRigidSup_MIR',#2496,
#2494);
#2496=PRODUCT_DEFINITION_FORMATION('',$,#2501);
#2497=PRODUCT_RELATED_PRODUCT_CATEGORY('OverTopRigidSup_MIR',
'OverTopRigidSup_MIR',(#2501));
#2498=APPLICATION_PROTOCOL_DEFINITION('international standard',
'automotive_design',2009,#2499);
#2499=APPLICATION_CONTEXT(
'Core Data for Automotive Mechanical Design Process');
#2500=PRODUCT_CONTEXT('part definition',#2499,'mechanical');
#2501=PRODUCT('OverTopRigidSup_MIR','OverTopRigidSup_MIR',$,(#2500));
#2502=PRESENTATION_STYLE_ASSIGNMENT((#2503));
#2503=SURFACE_STYLE_USAGE(.BOTH.,#2506);
#2504=SURFACE_STYLE_RENDERING_WITH_PROPERTIES($,#2510,(#2505));
#2505=SURFACE_STYLE_TRANSPARENT(0.);
#2506=SURFACE_SIDE_STYLE('',(#2507,#2504));
#2507=SURFACE_STYLE_FILL_AREA(#2508);
#2508=FILL_AREA_STYLE('',(#2509));
#2509=FILL_AREA_STYLE_COLOUR('',#2510);
#2510=COLOUR_RGB('',0.0196078431372549,0.0196078431372549,0.0196078431372549);
ENDSEC;
END-ISO-10303-21;
