ISO-10303-21;
HEADER;
/* Generated by software containing ST-Developer
 * from STEP Tools, Inc. (www.steptools.com) 
 */

FILE_DESCRIPTION(
/* description */ (''),
/* implementation_level */ '2;1');

FILE_NAME(
/* name */ 'PistonMech.stp',
/* time_stamp */ '2025-10-13T23:39:37-04:00',
/* author */ ('Teddy'),
/* organization */ (''),
/* preprocessor_version */ 'ST-DEVELOPER v20.1',
/* originating_system */ 'Autodesk Inventor 2026',
/* authorisation */ '');

FILE_SCHEMA (('AUTOMOTIVE_DESIGN { 1 0 10303 214 3 1 1 }'));
ENDSEC;

DATA;
#10=MECHANICAL_DESIGN_GEOMETRIC_PRESENTATION_REPRESENTATION('',(#13),#1899);
#11=SHAPE_REPRESENTATION_RELATIONSHIP('SRR','None',#1910,#12);
#12=ADVANCED_BREP_SHAPE_REPRESENTATION('',(#14),#1898);
#13=STYLED_ITEM('',(#1919),#14);
#14=MANIFOLD_SOLID_BREP('Solid1',#1023);
#15=FACE_BOUND('',#285,.T.);
#16=FACE_BOUND('',#290,.T.);
#17=FACE_BOUND('',#298,.T.);
#18=FACE_BOUND('',#299,.T.);
#19=FACE_BOUND('',#300,.T.);
#20=FACE_BOUND('',#301,.T.);
#21=FACE_BOUND('',#303,.T.);
#22=FACE_BOUND('',#304,.T.);
#23=FACE_BOUND('',#305,.T.);
#24=FACE_BOUND('',#306,.T.);
#25=FACE_BOUND('',#312,.T.);
#26=FACE_BOUND('',#326,.T.);
#27=FACE_BOUND('',#327,.T.);
#28=FACE_BOUND('',#329,.T.);
#29=FACE_BOUND('',#330,.T.);
#30=FACE_BOUND('',#332,.T.);
#31=PLANE('',#1056);
#32=PLANE('',#1068);
#33=PLANE('',#1079);
#34=PLANE('',#1093);
#35=PLANE('',#1095);
#36=PLANE('',#1100);
#37=PLANE('',#1109);
#38=PLANE('',#1119);
#39=PLANE('',#1124);
#40=PLANE('',#1127);
#41=PLANE('',#1132);
#42=PLANE('',#1133);
#43=PLANE('',#1134);
#44=PLANE('',#1143);
#45=PLANE('',#1148);
#46=PLANE('',#1150);
#47=PLANE('',#1152);
#48=PLANE('',#1157);
#49=LINE('',#1500,#121);
#50=LINE('',#1501,#122);
#51=LINE('',#1523,#123);
#52=LINE('',#1526,#124);
#53=LINE('',#1529,#125);
#54=LINE('',#1530,#126);
#55=LINE('',#1533,#127);
#56=LINE('',#1573,#128);
#57=LINE('',#1574,#129);
#58=LINE('',#1596,#130);
#59=LINE('',#1600,#131);
#60=LINE('',#1603,#132);
#61=LINE('',#1640,#133);
#62=LINE('',#1660,#134);
#63=LINE('',#1664,#135);
#64=LINE('',#1667,#136);
#65=LINE('',#1708,#137);
#66=LINE('',#1709,#138);
#67=LINE('',#1730,#139);
#68=LINE('',#1731,#140);
#69=LINE('',#1733,#141);
#70=LINE('',#1735,#142);
#71=LINE('',#1738,#143);
#72=LINE('',#1740,#144);
#73=LINE('',#1742,#145);
#74=LINE('',#1743,#146);
#75=LINE('',#1745,#147);
#76=LINE('',#1746,#148);
#77=LINE('',#1757,#149);
#78=LINE('',#1759,#150);
#79=LINE('',#1761,#151);
#80=LINE('',#1762,#152);
#81=LINE('',#1764,#153);
#82=LINE('',#1766,#154);
#83=LINE('',#1768,#155);
#84=LINE('',#1769,#156);
#85=LINE('',#1779,#157);
#86=LINE('',#1781,#158);
#87=LINE('',#1783,#159);
#88=LINE('',#1785,#160);
#89=LINE('',#1790,#161);
#90=LINE('',#1793,#162);
#91=LINE('',#1799,#163);
#92=LINE('',#1803,#164);
#93=LINE('',#1806,#165);
#94=LINE('',#1809,#166);
#95=LINE('',#1812,#167);
#96=LINE('',#1813,#168);
#97=LINE('',#1819,#169);
#98=LINE('',#1822,#170);
#99=LINE('',#1823,#171);
#100=LINE('',#1827,#172);
#101=LINE('',#1830,#173);
#102=LINE('',#1831,#174);
#103=LINE('',#1837,#175);
#104=LINE('',#1839,#176);
#105=LINE('',#1845,#177);
#106=LINE('',#1849,#178);
#107=LINE('',#1854,#179);
#108=LINE('',#1858,#180);
#109=LINE('',#1868,#181);
#110=LINE('',#1871,#182);
#111=LINE('',#1875,#183);
#112=LINE('',#1877,#184);
#113=LINE('',#1879,#185);
#114=LINE('',#1881,#186);
#115=LINE('',#1883,#187);
#116=LINE('',#1885,#188);
#117=LINE('',#1887,#189);
#118=LINE('',#1889,#190);
#119=LINE('',#1891,#191);
#120=LINE('',#1894,#192);
#121=VECTOR('',#1173,0.393700787401575);
#122=VECTOR('',#1174,0.393700787401575);
#123=VECTOR('',#1183,0.393700787401575);
#124=VECTOR('',#1186,0.393700787401575);
#125=VECTOR('',#1189,0.393700787401575);
#126=VECTOR('',#1190,0.393700787401575);
#127=VECTOR('',#1193,0.393700787401575);
#128=VECTOR('',#1208,0.393700787401575);
#129=VECTOR('',#1209,0.393700787401575);
#130=VECTOR('',#1218,0.393700787401575);
#131=VECTOR('',#1221,0.393700787401575);
#132=VECTOR('',#1224,0.393700787401575);
#133=VECTOR('',#1237,0.393700787401575);
#134=VECTOR('',#1244,0.393700787401575);
#135=VECTOR('',#1247,0.393700787401575);
#136=VECTOR('',#1250,0.393700787401575);
#137=VECTOR('',#1265,0.393700787401575);
#138=VECTOR('',#1266,0.393700787401575);
#139=VECTOR('',#1275,0.393700787401575);
#140=VECTOR('',#1276,0.393700787401575);
#141=VECTOR('',#1279,0.393700787401575);
#142=VECTOR('',#1282,0.393700787401575);
#143=VECTOR('',#1285,0.393700787401575);
#144=VECTOR('',#1286,0.393700787401575);
#145=VECTOR('',#1287,0.393700787401575);
#146=VECTOR('',#1288,0.393700787401575);
#147=VECTOR('',#1289,0.393700787401575);
#148=VECTOR('',#1290,0.393700787401575);
#149=VECTOR('',#1301,0.393700787401575);
#150=VECTOR('',#1302,0.393700787401575);
#151=VECTOR('',#1303,0.393700787401575);
#152=VECTOR('',#1304,0.393700787401575);
#153=VECTOR('',#1305,0.393700787401575);
#154=VECTOR('',#1306,0.393700787401575);
#155=VECTOR('',#1307,0.393700787401575);
#156=VECTOR('',#1308,0.393700787401575);
#157=VECTOR('',#1319,0.095);
#158=VECTOR('',#1322,0.095);
#159=VECTOR('',#1325,0.095);
#160=VECTOR('',#1328,0.095);
#161=VECTOR('',#1333,0.393700787401575);
#162=VECTOR('',#1336,0.393700787401575);
#163=VECTOR('',#1343,0.0950000000000001);
#164=VECTOR('',#1348,0.0859999999999999);
#165=VECTOR('',#1351,0.393700787401575);
#166=VECTOR('',#1354,0.393700787401575);
#167=VECTOR('',#1357,0.393700787401575);
#168=VECTOR('',#1358,0.393700787401575);
#169=VECTOR('',#1367,0.393700787401575);
#170=VECTOR('',#1370,0.393700787401575);
#171=VECTOR('',#1371,0.393700787401575);
#172=VECTOR('',#1376,0.393700787401575);
#173=VECTOR('',#1379,0.393700787401575);
#174=VECTOR('',#1380,0.393700787401575);
#175=VECTOR('',#1389,0.393700787401575);
#176=VECTOR('',#1392,0.393700787401575);
#177=VECTOR('',#1399,0.393700787401575);
#178=VECTOR('',#1402,0.393700787401575);
#179=VECTOR('',#1407,0.393700787401575);
#180=VECTOR('',#1410,0.393700787401575);
#181=VECTOR('',#1421,0.393700787401575);
#182=VECTOR('',#1424,0.393700787401575);
#183=VECTOR('',#1429,0.393700787401575);
#184=VECTOR('',#1432,0.393700787401575);
#185=VECTOR('',#1435,0.393700787401575);
#186=VECTOR('',#1438,0.393700787401575);
#187=VECTOR('',#1441,0.393700787401575);
#188=VECTOR('',#1444,0.393700787401575);
#189=VECTOR('',#1447,0.393700787401575);
#190=VECTOR('',#1450,0.0859999999999999);
#191=VECTOR('',#1453,0.0950000000000001);
#192=VECTOR('',#1458,0.393700787401575);
#193=CYLINDRICAL_SURFACE('',#1049,0.25);
#194=CYLINDRICAL_SURFACE('',#1054,0.075);
#195=CYLINDRICAL_SURFACE('',#1057,0.075);
#196=CYLINDRICAL_SURFACE('',#1063,0.25);
#197=CYLINDRICAL_SURFACE('',#1075,0.25);
#198=CYLINDRICAL_SURFACE('',#1087,0.25);
#199=CYLINDRICAL_SURFACE('',#1092,0.075);
#200=CYLINDRICAL_SURFACE('',#1094,0.075);
#201=CYLINDRICAL_SURFACE('',#1105,0.095);
#202=CYLINDRICAL_SURFACE('',#1106,0.095);
#203=CYLINDRICAL_SURFACE('',#1107,0.095);
#204=CYLINDRICAL_SURFACE('',#1108,0.095);
#205=CYLINDRICAL_SURFACE('',#1113,0.0950000000000001);
#206=CYLINDRICAL_SURFACE('',#1115,0.0859999999999999);
#207=CYLINDRICAL_SURFACE('',#1117,0.2);
#208=CYLINDRICAL_SURFACE('',#1120,0.125);
#209=CYLINDRICAL_SURFACE('',#1122,0.125);
#210=CYLINDRICAL_SURFACE('',#1125,0.2);
#211=CYLINDRICAL_SURFACE('',#1128,0.125);
#212=CYLINDRICAL_SURFACE('',#1130,0.125);
#213=CYLINDRICAL_SURFACE('',#1147,0.125);
#214=CYLINDRICAL_SURFACE('',#1149,0.125);
#215=CYLINDRICAL_SURFACE('',#1151,0.125);
#216=CYLINDRICAL_SURFACE('',#1153,0.125);
#217=CYLINDRICAL_SURFACE('',#1154,0.0859999999999999);
#218=CYLINDRICAL_SURFACE('',#1155,0.0950000000000001);
#219=CYLINDRICAL_SURFACE('',#1156,0.2);
#220=CYLINDRICAL_SURFACE('',#1158,0.2);
#221=FACE_OUTER_BOUND('',#275,.T.);
#222=FACE_OUTER_BOUND('',#276,.T.);
#223=FACE_OUTER_BOUND('',#277,.T.);
#224=FACE_OUTER_BOUND('',#278,.T.);
#225=FACE_OUTER_BOUND('',#279,.T.);
#226=FACE_OUTER_BOUND('',#280,.T.);
#227=FACE_OUTER_BOUND('',#281,.T.);
#228=FACE_OUTER_BOUND('',#282,.T.);
#229=FACE_OUTER_BOUND('',#283,.T.);
#230=FACE_OUTER_BOUND('',#284,.T.);
#231=FACE_OUTER_BOUND('',#286,.T.);
#232=FACE_OUTER_BOUND('',#287,.T.);
#233=FACE_OUTER_BOUND('',#288,.T.);
#234=FACE_OUTER_BOUND('',#289,.T.);
#235=FACE_OUTER_BOUND('',#291,.T.);
#236=FACE_OUTER_BOUND('',#292,.T.);
#237=FACE_OUTER_BOUND('',#293,.T.);
#238=FACE_OUTER_BOUND('',#294,.T.);
#239=FACE_OUTER_BOUND('',#295,.T.);
#240=FACE_OUTER_BOUND('',#296,.T.);
#241=FACE_OUTER_BOUND('',#297,.T.);
#242=FACE_OUTER_BOUND('',#302,.T.);
#243=FACE_OUTER_BOUND('',#307,.T.);
#244=FACE_OUTER_BOUND('',#308,.T.);
#245=FACE_OUTER_BOUND('',#309,.T.);
#246=FACE_OUTER_BOUND('',#310,.T.);
#247=FACE_OUTER_BOUND('',#311,.T.);
#248=FACE_OUTER_BOUND('',#313,.T.);
#249=FACE_OUTER_BOUND('',#314,.T.);
#250=FACE_OUTER_BOUND('',#315,.T.);
#251=FACE_OUTER_BOUND('',#316,.T.);
#252=FACE_OUTER_BOUND('',#317,.T.);
#253=FACE_OUTER_BOUND('',#318,.T.);
#254=FACE_OUTER_BOUND('',#319,.T.);
#255=FACE_OUTER_BOUND('',#320,.T.);
#256=FACE_OUTER_BOUND('',#321,.T.);
#257=FACE_OUTER_BOUND('',#322,.T.);
#258=FACE_OUTER_BOUND('',#323,.T.);
#259=FACE_OUTER_BOUND('',#324,.T.);
#260=FACE_OUTER_BOUND('',#325,.T.);
#261=FACE_OUTER_BOUND('',#328,.T.);
#262=FACE_OUTER_BOUND('',#331,.T.);
#263=FACE_OUTER_BOUND('',#333,.T.);
#264=FACE_OUTER_BOUND('',#334,.T.);
#265=FACE_OUTER_BOUND('',#335,.T.);
#266=FACE_OUTER_BOUND('',#336,.T.);
#267=FACE_OUTER_BOUND('',#337,.T.);
#268=FACE_OUTER_BOUND('',#338,.T.);
#269=FACE_OUTER_BOUND('',#339,.T.);
#270=FACE_OUTER_BOUND('',#340,.T.);
#271=FACE_OUTER_BOUND('',#341,.T.);
#272=FACE_OUTER_BOUND('',#342,.T.);
#273=FACE_OUTER_BOUND('',#343,.T.);
#274=FACE_OUTER_BOUND('',#344,.T.);
#275=EDGE_LOOP('',(#665,#666,#667,#668,#669,#670));
#276=EDGE_LOOP('',(#671,#672,#673,#674));
#277=EDGE_LOOP('',(#675,#676,#677,#678));
#278=EDGE_LOOP('',(#679,#680,#681,#682));
#279=EDGE_LOOP('',(#683,#684,#685,#686));
#280=EDGE_LOOP('',(#687,#688,#689,#690));
#281=EDGE_LOOP('',(#691,#692,#693,#694,#695,#696));
#282=EDGE_LOOP('',(#697,#698,#699,#700));
#283=EDGE_LOOP('',(#701,#702,#703,#704));
#284=EDGE_LOOP('',(#705,#706,#707,#708,#709,#710,#711,#712));
#285=EDGE_LOOP('',(#713));
#286=EDGE_LOOP('',(#714,#715,#716,#717,#718,#719));
#287=EDGE_LOOP('',(#720,#721,#722,#723));
#288=EDGE_LOOP('',(#724,#725,#726,#727));
#289=EDGE_LOOP('',(#728,#729,#730,#731,#732,#733,#734,#735));
#290=EDGE_LOOP('',(#736));
#291=EDGE_LOOP('',(#737,#738,#739,#740,#741,#742));
#292=EDGE_LOOP('',(#743,#744,#745,#746));
#293=EDGE_LOOP('',(#747,#748,#749,#750));
#294=EDGE_LOOP('',(#751,#752,#753,#754));
#295=EDGE_LOOP('',(#755,#756,#757,#758));
#296=EDGE_LOOP('',(#759,#760,#761,#762));
#297=EDGE_LOOP('',(#763,#764,#765,#766,#767,#768,#769,#770,#771,#772,#773,
#774));
#298=EDGE_LOOP('',(#775));
#299=EDGE_LOOP('',(#776));
#300=EDGE_LOOP('',(#777));
#301=EDGE_LOOP('',(#778));
#302=EDGE_LOOP('',(#779,#780,#781,#782,#783,#784,#785,#786,#787,#788,#789,
#790,#791,#792,#793,#794));
#303=EDGE_LOOP('',(#795));
#304=EDGE_LOOP('',(#796));
#305=EDGE_LOOP('',(#797));
#306=EDGE_LOOP('',(#798));
#307=EDGE_LOOP('',(#799,#800,#801,#802));
#308=EDGE_LOOP('',(#803,#804,#805,#806));
#309=EDGE_LOOP('',(#807,#808,#809,#810));
#310=EDGE_LOOP('',(#811,#812,#813,#814));
#311=EDGE_LOOP('',(#815,#816,#817,#818,#819,#820,#821,#822));
#312=EDGE_LOOP('',(#823));
#313=EDGE_LOOP('',(#824,#825,#826,#827));
#314=EDGE_LOOP('',(#828,#829,#830,#831));
#315=EDGE_LOOP('',(#832,#833,#834,#835));
#316=EDGE_LOOP('',(#836,#837,#838,#839,#840));
#317=EDGE_LOOP('',(#841,#842,#843,#844));
#318=EDGE_LOOP('',(#845,#846,#847,#848));
#319=EDGE_LOOP('',(#849,#850,#851,#852,#853));
#320=EDGE_LOOP('',(#854,#855,#856,#857));
#321=EDGE_LOOP('',(#858,#859,#860,#861));
#322=EDGE_LOOP('',(#862,#863,#864,#865));
#323=EDGE_LOOP('',(#866,#867,#868,#869));
#324=EDGE_LOOP('',(#870,#871,#872,#873));
#325=EDGE_LOOP('',(#874,#875,#876,#877,#878,#879,#880,#881,#882,#883,#884,
#885));
#326=EDGE_LOOP('',(#886));
#327=EDGE_LOOP('',(#887));
#328=EDGE_LOOP('',(#888,#889,#890,#891,#892,#893,#894,#895,#896,#897,#898,
#899));
#329=EDGE_LOOP('',(#900));
#330=EDGE_LOOP('',(#901));
#331=EDGE_LOOP('',(#902,#903,#904,#905,#906,#907,#908,#909));
#332=EDGE_LOOP('',(#910));
#333=EDGE_LOOP('',(#911,#912,#913,#914));
#334=EDGE_LOOP('',(#915,#916,#917,#918));
#335=EDGE_LOOP('',(#919,#920,#921,#922));
#336=EDGE_LOOP('',(#923,#924,#925,#926));
#337=EDGE_LOOP('',(#927,#928,#929,#930));
#338=EDGE_LOOP('',(#931,#932,#933,#934,#935));
#339=EDGE_LOOP('',(#936,#937,#938,#939));
#340=EDGE_LOOP('',(#940,#941,#942,#943));
#341=EDGE_LOOP('',(#944,#945,#946,#947));
#342=EDGE_LOOP('',(#948,#949,#950,#951));
#343=EDGE_LOOP('',(#952,#953,#954,#955,#956));
#344=EDGE_LOOP('',(#957,#958,#959,#960));
#345=CIRCLE('',#1046,0.075);
#346=CIRCLE('',#1047,0.25);
#347=CIRCLE('',#1048,0.325);
#348=CIRCLE('',#1050,0.25);
#349=CIRCLE('',#1052,0.325);
#350=CIRCLE('',#1053,0.075);
#351=CIRCLE('',#1055,0.075);
#352=CIRCLE('',#1058,0.075);
#353=CIRCLE('',#1060,0.325);
#354=CIRCLE('',#1061,0.249999999999498);
#355=CIRCLE('',#1062,0.075);
#356=CIRCLE('',#1064,0.250000000000002);
#357=CIRCLE('',#1066,0.075);
#358=CIRCLE('',#1067,0.325);
#359=CIRCLE('',#1069,0.2);
#360=CIRCLE('',#1070,0.125);
#361=CIRCLE('',#1071,0.0859999999999999);
#362=CIRCLE('',#1073,0.325);
#363=CIRCLE('',#1074,0.25);
#364=CIRCLE('',#1076,0.25);
#365=CIRCLE('',#1078,0.325);
#366=CIRCLE('',#1080,0.2);
#367=CIRCLE('',#1081,0.125);
#368=CIRCLE('',#1082,0.0950000000000001);
#369=CIRCLE('',#1084,0.075);
#370=CIRCLE('',#1085,0.249999999999999);
#371=CIRCLE('',#1086,0.325);
#372=CIRCLE('',#1088,0.25);
#373=CIRCLE('',#1090,0.325);
#374=CIRCLE('',#1091,0.075);
#375=CIRCLE('',#1096,0.095);
#376=CIRCLE('',#1097,0.095);
#377=CIRCLE('',#1098,0.095);
#378=CIRCLE('',#1099,0.095);
#379=CIRCLE('',#1101,0.095);
#380=CIRCLE('',#1102,0.095);
#381=CIRCLE('',#1103,0.095);
#382=CIRCLE('',#1104,0.095);
#383=CIRCLE('',#1110,0.125);
#384=CIRCLE('',#1111,0.2);
#385=CIRCLE('',#1112,0.0950000000000001);
#386=CIRCLE('',#1114,0.0950000000000001);
#387=CIRCLE('',#1116,0.0859999999999999);
#388=CIRCLE('',#1118,0.2);
#389=CIRCLE('',#1121,0.125);
#390=CIRCLE('',#1123,0.125);
#391=CIRCLE('',#1126,0.2);
#392=CIRCLE('',#1129,0.125);
#393=CIRCLE('',#1131,0.125);
#394=CIRCLE('',#1135,0.125);
#395=CIRCLE('',#1136,0.2);
#396=CIRCLE('',#1137,0.125);
#397=CIRCLE('',#1138,0.125);
#398=CIRCLE('',#1139,0.2);
#399=CIRCLE('',#1140,0.125);
#400=CIRCLE('',#1141,0.0950000000000001);
#401=CIRCLE('',#1142,0.0859999999999999);
#402=CIRCLE('',#1144,0.125);
#403=CIRCLE('',#1145,0.2);
#404=CIRCLE('',#1146,0.0859999999999999);
#405=B_SPLINE_CURVE_WITH_KNOTS('',3,(#1465,#1466,#1467,#1468,#1469,#1470),
 .UNSPECIFIED.,.F.,.F.,(4,2,4),(2.69316196288315,2.84802742260991,2.89934402319803),
 .UNSPECIFIED.);
#406=B_SPLINE_CURVE_WITH_KNOTS('',3,(#1472,#1473,#1474,#1475,#1476,#1477,
#1478,#1479,#1480,#1481,#1482,#1483),.UNSPECIFIED.,.F.,.F.,(4,2,2,2,2,4),
(0.497495438326016,0.58839795960768,0.711625361834882,0.838776248577424,
0.962159550093859,0.988390225529966),.UNSPECIFIED.);
#407=B_SPLINE_CURVE_WITH_KNOTS('',3,(#1485,#1486,#1487,#1488,#1489,#1490),
 .UNSPECIFIED.,.F.,.F.,(4,2,4),(3.59942098542685,3.67481362782964,3.93781163467499),
 .UNSPECIFIED.);
#408=B_SPLINE_CURVE_WITH_KNOTS('',3,(#1505,#1506,#1507,#1508,#1509,#1510,
#1511,#1512,#1513,#1514,#1515,#1516,#1517,#1518),.UNSPECIFIED.,.F.,.F.,
(4,2,2,2,2,2,4),(0.,0.292686699206619,0.585373398413239,0.69727551044635,
0.80917762247946,0.915239791555812,1.02130196063216),.UNSPECIFIED.);
#409=B_SPLINE_CURVE_WITH_KNOTS('',3,(#1538,#1539,#1540,#1541,#1542,#1543,
#1544,#1545),.UNSPECIFIED.,.F.,.F.,(4,2,2,4),(2.59653999316944,2.64441212496268,
2.7658935492503,2.88737497353792),.UNSPECIFIED.);
#410=B_SPLINE_CURVE_WITH_KNOTS('',3,(#1553,#1554,#1555,#1556,#1557,#1558),
 .UNSPECIFIED.,.F.,.F.,(4,2,4),(0.,0.292686699206621,0.33952218028843),
 .UNSPECIFIED.);
#411=B_SPLINE_CURVE_WITH_KNOTS('',3,(#1559,#1560,#1561,#1562,#1563,#1564,
#1565,#1566,#1567,#1568),.UNSPECIFIED.,.F.,.F.,(4,2,2,2,4),(0.116404486788494,
0.153154797608699,0.213007906018171,0.287575210046602,0.318360794792082),
 .UNSPECIFIED.);
#412=B_SPLINE_CURVE_WITH_KNOTS('',3,(#1578,#1579,#1580,#1581,#1582,#1583,
#1584,#1585,#1586,#1587,#1588,#1589,#1590,#1591),.UNSPECIFIED.,.F.,.F.,
(4,2,2,2,2,2,4),(2.91650967404282,3.02257184311917,3.12863401219552,3.24053612422863,
3.35243823626174,3.64512493546836,3.93781163467498),.UNSPECIFIED.);
#413=B_SPLINE_CURVE_WITH_KNOTS('',3,(#1609,#1610,#1611,#1612,#1613,#1614),
 .UNSPECIFIED.,.F.,.F.,(4,2,4),(0.558522623716866,0.609839224300077,0.764704684023391),
 .UNSPECIFIED.);
#414=B_SPLINE_CURVE_WITH_KNOTS('',3,(#1619,#1620,#1621,#1622,#1623,#1624),
 .UNSPECIFIED.,.F.,.F.,(4,2,4),(0.,0.292686699206618,0.339522180271591),
 .UNSPECIFIED.);
#415=B_SPLINE_CURVE_WITH_KNOTS('',3,(#1625,#1626,#1627,#1628,#1629,#1630,
#1631,#1632,#1633,#1634,#1635,#1636),.UNSPECIFIED.,.F.,.F.,(4,2,2,2,2,4),
(0.116404486781192,0.153154797601163,0.21300790600968,0.287575210035544,
0.364243015319082,0.38510913513605),.UNSPECIFIED.);
#416=B_SPLINE_CURVE_WITH_KNOTS('',3,(#1643,#1644,#1645,#1646,#1647,#1648,
#1649,#1650,#1651,#1652,#1653,#1654,#1655,#1656),.UNSPECIFIED.,.F.,.F.,
(4,2,2,2,2,2,4),(2.91781772701987,3.02387989609623,3.12994206517258,3.24184417720569,
3.3537462892388,3.64643298844542,3.93911968765204),.UNSPECIFIED.);
#417=B_SPLINE_CURVE_WITH_KNOTS('',3,(#1673,#1674,#1675,#1676,#1677,#1678,
#1679,#1680),.UNSPECIFIED.,.F.,.F.,(4,2,2,4),(0.945137980446135,1.06661940473322,
1.18810082902031,1.23597296082376),.UNSPECIFIED.);
#418=B_SPLINE_CURVE_WITH_KNOTS('',3,(#1682,#1683,#1684,#1685,#1686,#1687,
#1688,#1689,#1690,#1691),.UNSPECIFIED.,.F.,.F.,(4,2,2,2,4),(0.607677985505071,
0.711625361874883,0.83877624863207,0.962159550163856,0.988390225594506),
 .UNSPECIFIED.);
#419=B_SPLINE_CURVE_WITH_KNOTS('',3,(#1693,#1694,#1695,#1696,#1697,#1698),
 .UNSPECIFIED.,.F.,.F.,(4,2,4),(3.59959750097956,3.64643298844542,3.93911968765204),
 .UNSPECIFIED.);
#420=B_SPLINE_CURVE_WITH_KNOTS('',3,(#1713,#1714,#1715,#1716,#1717,#1718,
#1719,#1720,#1721,#1722,#1723,#1724,#1725,#1726),.UNSPECIFIED.,.F.,.F.,
(4,2,2,2,2,2,4),(0.,0.292686699206619,0.585373398413238,0.697275510446348,
0.809177622479459,0.915239791555811,1.02130196063216),.UNSPECIFIED.);
#421=VERTEX_POINT('',#1463);
#422=VERTEX_POINT('',#1464);
#423=VERTEX_POINT('',#1471);
#424=VERTEX_POINT('',#1484);
#425=VERTEX_POINT('',#1491);
#426=VERTEX_POINT('',#1493);
#427=VERTEX_POINT('',#1497);
#428=VERTEX_POINT('',#1498);
#429=VERTEX_POINT('',#1503);
#430=VERTEX_POINT('',#1504);
#431=VERTEX_POINT('',#1522);
#432=VERTEX_POINT('',#1524);
#433=VERTEX_POINT('',#1528);
#434=VERTEX_POINT('',#1532);
#435=VERTEX_POINT('',#1536);
#436=VERTEX_POINT('',#1537);
#437=VERTEX_POINT('',#1546);
#438=VERTEX_POINT('',#1548);
#439=VERTEX_POINT('',#1550);
#440=VERTEX_POINT('',#1552);
#441=VERTEX_POINT('',#1570);
#442=VERTEX_POINT('',#1571);
#443=VERTEX_POINT('',#1576);
#444=VERTEX_POINT('',#1577);
#445=VERTEX_POINT('',#1595);
#446=VERTEX_POINT('',#1597);
#447=VERTEX_POINT('',#1599);
#448=VERTEX_POINT('',#1601);
#449=VERTEX_POINT('',#1604);
#450=VERTEX_POINT('',#1607);
#451=VERTEX_POINT('',#1608);
#452=VERTEX_POINT('',#1615);
#453=VERTEX_POINT('',#1618);
#454=VERTEX_POINT('',#1638);
#455=VERTEX_POINT('',#1642);
#456=VERTEX_POINT('',#1659);
#457=VERTEX_POINT('',#1661);
#458=VERTEX_POINT('',#1663);
#459=VERTEX_POINT('',#1665);
#460=VERTEX_POINT('',#1668);
#461=VERTEX_POINT('',#1671);
#462=VERTEX_POINT('',#1672);
#463=VERTEX_POINT('',#1681);
#464=VERTEX_POINT('',#1692);
#465=VERTEX_POINT('',#1699);
#466=VERTEX_POINT('',#1701);
#467=VERTEX_POINT('',#1705);
#468=VERTEX_POINT('',#1706);
#469=VERTEX_POINT('',#1711);
#470=VERTEX_POINT('',#1712);
#471=VERTEX_POINT('',#1737);
#472=VERTEX_POINT('',#1739);
#473=VERTEX_POINT('',#1741);
#474=VERTEX_POINT('',#1744);
#475=VERTEX_POINT('',#1747);
#476=VERTEX_POINT('',#1749);
#477=VERTEX_POINT('',#1751);
#478=VERTEX_POINT('',#1753);
#479=VERTEX_POINT('',#1756);
#480=VERTEX_POINT('',#1758);
#481=VERTEX_POINT('',#1760);
#482=VERTEX_POINT('',#1763);
#483=VERTEX_POINT('',#1765);
#484=VERTEX_POINT('',#1767);
#485=VERTEX_POINT('',#1770);
#486=VERTEX_POINT('',#1772);
#487=VERTEX_POINT('',#1774);
#488=VERTEX_POINT('',#1776);
#489=VERTEX_POINT('',#1787);
#490=VERTEX_POINT('',#1789);
#491=VERTEX_POINT('',#1791);
#492=VERTEX_POINT('',#1794);
#493=VERTEX_POINT('',#1797);
#494=VERTEX_POINT('',#1801);
#495=VERTEX_POINT('',#1805);
#496=VERTEX_POINT('',#1807);
#497=VERTEX_POINT('',#1811);
#498=VERTEX_POINT('',#1817);
#499=VERTEX_POINT('',#1821);
#500=VERTEX_POINT('',#1825);
#501=VERTEX_POINT('',#1829);
#502=VERTEX_POINT('',#1835);
#503=VERTEX_POINT('',#1842);
#504=VERTEX_POINT('',#1844);
#505=VERTEX_POINT('',#1846);
#506=VERTEX_POINT('',#1848);
#507=VERTEX_POINT('',#1851);
#508=VERTEX_POINT('',#1853);
#509=VERTEX_POINT('',#1855);
#510=VERTEX_POINT('',#1857);
#511=VERTEX_POINT('',#1860);
#512=VERTEX_POINT('',#1862);
#513=VERTEX_POINT('',#1865);
#514=VERTEX_POINT('',#1867);
#515=VERTEX_POINT('',#1869);
#516=VERTEX_POINT('',#1872);
#517=EDGE_CURVE('',#421,#422,#405,.T.);
#518=EDGE_CURVE('',#422,#423,#406,.T.);
#519=EDGE_CURVE('',#424,#423,#407,.F.);
#520=EDGE_CURVE('',#424,#425,#345,.T.);
#521=EDGE_CURVE('',#425,#426,#346,.T.);
#522=EDGE_CURVE('',#426,#421,#347,.T.);
#523=EDGE_CURVE('',#427,#428,#348,.T.);
#524=EDGE_CURVE('',#428,#426,#49,.T.);
#525=EDGE_CURVE('',#425,#427,#50,.T.);
#526=EDGE_CURVE('',#429,#430,#408,.T.);
#527=EDGE_CURVE('',#430,#428,#349,.T.);
#528=EDGE_CURVE('',#427,#429,#350,.T.);
#529=EDGE_CURVE('',#427,#431,#51,.T.);
#530=EDGE_CURVE('',#432,#431,#351,.T.);
#531=EDGE_CURVE('',#432,#429,#52,.T.);
#532=EDGE_CURVE('',#433,#425,#53,.T.);
#533=EDGE_CURVE('',#431,#433,#54,.T.);
#534=EDGE_CURVE('',#424,#434,#55,.T.);
#535=EDGE_CURVE('',#433,#434,#352,.T.);
#536=EDGE_CURVE('',#435,#436,#409,.T.);
#537=EDGE_CURVE('',#436,#437,#353,.T.);
#538=EDGE_CURVE('',#437,#438,#354,.T.);
#539=EDGE_CURVE('',#438,#439,#355,.T.);
#540=EDGE_CURVE('',#439,#440,#410,.T.);
#541=EDGE_CURVE('',#435,#440,#411,.F.);
#542=EDGE_CURVE('',#441,#442,#356,.T.);
#543=EDGE_CURVE('',#442,#438,#56,.T.);
#544=EDGE_CURVE('',#437,#441,#57,.T.);
#545=EDGE_CURVE('',#443,#444,#412,.T.);
#546=EDGE_CURVE('',#444,#442,#357,.T.);
#547=EDGE_CURVE('',#441,#443,#358,.T.);
#548=EDGE_CURVE('',#445,#436,#58,.T.);
#549=EDGE_CURVE('',#446,#445,#359,.T.);
#550=EDGE_CURVE('',#447,#446,#59,.T.);
#551=EDGE_CURVE('',#448,#447,#360,.T.);
#552=EDGE_CURVE('',#443,#448,#60,.T.);
#553=EDGE_CURVE('',#449,#449,#361,.T.);
#554=EDGE_CURVE('',#450,#451,#413,.F.);
#555=EDGE_CURVE('',#450,#452,#362,.T.);
#556=EDGE_CURVE('',#452,#433,#363,.T.);
#557=EDGE_CURVE('',#434,#453,#414,.T.);
#558=EDGE_CURVE('',#451,#453,#415,.F.);
#559=EDGE_CURVE('',#454,#431,#364,.T.);
#560=EDGE_CURVE('',#452,#454,#61,.T.);
#561=EDGE_CURVE('',#455,#432,#416,.T.);
#562=EDGE_CURVE('',#454,#455,#365,.T.);
#563=EDGE_CURVE('',#456,#450,#62,.T.);
#564=EDGE_CURVE('',#457,#456,#366,.T.);
#565=EDGE_CURVE('',#458,#457,#63,.T.);
#566=EDGE_CURVE('',#459,#458,#367,.T.);
#567=EDGE_CURVE('',#455,#459,#64,.T.);
#568=EDGE_CURVE('',#460,#460,#368,.T.);
#569=EDGE_CURVE('',#461,#462,#417,.F.);
#570=EDGE_CURVE('',#461,#463,#418,.T.);
#571=EDGE_CURVE('',#464,#463,#419,.F.);
#572=EDGE_CURVE('',#464,#465,#369,.T.);
#573=EDGE_CURVE('',#465,#466,#370,.T.);
#574=EDGE_CURVE('',#466,#462,#371,.T.);
#575=EDGE_CURVE('',#467,#468,#372,.T.);
#576=EDGE_CURVE('',#468,#466,#65,.T.);
#577=EDGE_CURVE('',#465,#467,#66,.T.);
#578=EDGE_CURVE('',#469,#470,#420,.T.);
#579=EDGE_CURVE('',#470,#468,#373,.T.);
#580=EDGE_CURVE('',#467,#469,#374,.T.);
#581=EDGE_CURVE('',#444,#469,#67,.T.);
#582=EDGE_CURVE('',#467,#442,#68,.T.);
#583=EDGE_CURVE('',#438,#465,#69,.T.);
#584=EDGE_CURVE('',#464,#439,#70,.T.);
#585=EDGE_CURVE('',#440,#471,#71,.F.);
#586=EDGE_CURVE('',#472,#463,#72,.T.);
#587=EDGE_CURVE('',#473,#472,#73,.T.);
#588=EDGE_CURVE('',#453,#473,#74,.F.);
#589=EDGE_CURVE('',#423,#474,#75,.T.);
#590=EDGE_CURVE('',#471,#474,#76,.T.);
#591=EDGE_CURVE('',#475,#475,#375,.T.);
#592=EDGE_CURVE('',#476,#476,#376,.T.);
#593=EDGE_CURVE('',#477,#477,#377,.T.);
#594=EDGE_CURVE('',#478,#478,#378,.T.);
#595=EDGE_CURVE('',#448,#479,#77,.T.);
#596=EDGE_CURVE('',#480,#479,#78,.T.);
#597=EDGE_CURVE('',#481,#480,#79,.T.);
#598=EDGE_CURVE('',#481,#430,#80,.T.);
#599=EDGE_CURVE('',#482,#459,#81,.T.);
#600=EDGE_CURVE('',#483,#482,#82,.T.);
#601=EDGE_CURVE('',#484,#483,#83,.T.);
#602=EDGE_CURVE('',#484,#470,#84,.T.);
#603=EDGE_CURVE('',#485,#485,#379,.T.);
#604=EDGE_CURVE('',#486,#486,#380,.T.);
#605=EDGE_CURVE('',#487,#487,#381,.T.);
#606=EDGE_CURVE('',#488,#488,#382,.T.);
#607=EDGE_CURVE('',#478,#488,#85,.T.);
#608=EDGE_CURVE('',#477,#487,#86,.T.);
#609=EDGE_CURVE('',#476,#486,#87,.T.);
#610=EDGE_CURVE('',#475,#485,#88,.T.);
#611=EDGE_CURVE('',#489,#481,#383,.T.);
#612=EDGE_CURVE('',#490,#489,#89,.T.);
#613=EDGE_CURVE('',#491,#490,#384,.T.);
#614=EDGE_CURVE('',#421,#491,#90,.T.);
#615=EDGE_CURVE('',#492,#492,#385,.T.);
#616=EDGE_CURVE('',#493,#493,#386,.T.);
#617=EDGE_CURVE('',#493,#492,#91,.T.);
#618=EDGE_CURVE('',#494,#494,#387,.T.);
#619=EDGE_CURVE('',#494,#449,#92,.T.);
#620=EDGE_CURVE('',#490,#495,#93,.T.);
#621=EDGE_CURVE('',#496,#495,#388,.T.);
#622=EDGE_CURVE('',#491,#496,#94,.T.);
#623=EDGE_CURVE('',#497,#496,#95,.T.);
#624=EDGE_CURVE('',#422,#497,#96,.T.);
#625=EDGE_CURVE('',#474,#497,#389,.T.);
#626=EDGE_CURVE('',#498,#471,#390,.T.);
#627=EDGE_CURVE('',#435,#498,#97,.T.);
#628=EDGE_CURVE('',#499,#498,#98,.T.);
#629=EDGE_CURVE('',#445,#499,#99,.T.);
#630=EDGE_CURVE('',#500,#499,#391,.T.);
#631=EDGE_CURVE('',#446,#500,#100,.T.);
#632=EDGE_CURVE('',#501,#500,#101,.T.);
#633=EDGE_CURVE('',#447,#501,#102,.T.);
#634=EDGE_CURVE('',#479,#501,#392,.T.);
#635=EDGE_CURVE('',#502,#480,#393,.T.);
#636=EDGE_CURVE('',#489,#502,#103,.T.);
#637=EDGE_CURVE('',#495,#502,#104,.T.);
#638=EDGE_CURVE('',#503,#472,#394,.T.);
#639=EDGE_CURVE('',#503,#504,#105,.T.);
#640=EDGE_CURVE('',#504,#505,#395,.T.);
#641=EDGE_CURVE('',#505,#506,#106,.T.);
#642=EDGE_CURVE('',#483,#506,#396,.T.);
#643=EDGE_CURVE('',#507,#482,#397,.T.);
#644=EDGE_CURVE('',#507,#508,#107,.T.);
#645=EDGE_CURVE('',#508,#509,#398,.T.);
#646=EDGE_CURVE('',#509,#510,#108,.T.);
#647=EDGE_CURVE('',#473,#510,#399,.T.);
#648=EDGE_CURVE('',#511,#511,#400,.T.);
#649=EDGE_CURVE('',#512,#512,#401,.T.);
#650=EDGE_CURVE('',#513,#484,#402,.T.);
#651=EDGE_CURVE('',#514,#513,#109,.T.);
#652=EDGE_CURVE('',#515,#514,#403,.T.);
#653=EDGE_CURVE('',#462,#515,#110,.T.);
#654=EDGE_CURVE('',#516,#516,#404,.T.);
#655=EDGE_CURVE('',#458,#507,#111,.T.);
#656=EDGE_CURVE('',#457,#508,#112,.T.);
#657=EDGE_CURVE('',#506,#513,#113,.T.);
#658=EDGE_CURVE('',#514,#505,#114,.T.);
#659=EDGE_CURVE('',#503,#461,#115,.T.);
#660=EDGE_CURVE('',#515,#504,#116,.T.);
#661=EDGE_CURVE('',#510,#451,#117,.T.);
#662=EDGE_CURVE('',#512,#516,#118,.T.);
#663=EDGE_CURVE('',#511,#460,#119,.T.);
#664=EDGE_CURVE('',#456,#509,#120,.T.);
#665=ORIENTED_EDGE('',*,*,#517,.T.);
#666=ORIENTED_EDGE('',*,*,#518,.T.);
#667=ORIENTED_EDGE('',*,*,#519,.F.);
#668=ORIENTED_EDGE('',*,*,#520,.T.);
#669=ORIENTED_EDGE('',*,*,#521,.T.);
#670=ORIENTED_EDGE('',*,*,#522,.T.);
#671=ORIENTED_EDGE('',*,*,#523,.T.);
#672=ORIENTED_EDGE('',*,*,#524,.T.);
#673=ORIENTED_EDGE('',*,*,#521,.F.);
#674=ORIENTED_EDGE('',*,*,#525,.T.);
#675=ORIENTED_EDGE('',*,*,#526,.T.);
#676=ORIENTED_EDGE('',*,*,#527,.T.);
#677=ORIENTED_EDGE('',*,*,#523,.F.);
#678=ORIENTED_EDGE('',*,*,#528,.T.);
#679=ORIENTED_EDGE('',*,*,#528,.F.);
#680=ORIENTED_EDGE('',*,*,#529,.T.);
#681=ORIENTED_EDGE('',*,*,#530,.F.);
#682=ORIENTED_EDGE('',*,*,#531,.T.);
#683=ORIENTED_EDGE('',*,*,#525,.F.);
#684=ORIENTED_EDGE('',*,*,#532,.F.);
#685=ORIENTED_EDGE('',*,*,#533,.F.);
#686=ORIENTED_EDGE('',*,*,#529,.F.);
#687=ORIENTED_EDGE('',*,*,#520,.F.);
#688=ORIENTED_EDGE('',*,*,#534,.T.);
#689=ORIENTED_EDGE('',*,*,#535,.F.);
#690=ORIENTED_EDGE('',*,*,#532,.T.);
#691=ORIENTED_EDGE('',*,*,#536,.T.);
#692=ORIENTED_EDGE('',*,*,#537,.T.);
#693=ORIENTED_EDGE('',*,*,#538,.T.);
#694=ORIENTED_EDGE('',*,*,#539,.T.);
#695=ORIENTED_EDGE('',*,*,#540,.T.);
#696=ORIENTED_EDGE('',*,*,#541,.F.);
#697=ORIENTED_EDGE('',*,*,#542,.T.);
#698=ORIENTED_EDGE('',*,*,#543,.T.);
#699=ORIENTED_EDGE('',*,*,#538,.F.);
#700=ORIENTED_EDGE('',*,*,#544,.T.);
#701=ORIENTED_EDGE('',*,*,#545,.T.);
#702=ORIENTED_EDGE('',*,*,#546,.T.);
#703=ORIENTED_EDGE('',*,*,#542,.F.);
#704=ORIENTED_EDGE('',*,*,#547,.T.);
#705=ORIENTED_EDGE('',*,*,#547,.F.);
#706=ORIENTED_EDGE('',*,*,#544,.F.);
#707=ORIENTED_EDGE('',*,*,#537,.F.);
#708=ORIENTED_EDGE('',*,*,#548,.F.);
#709=ORIENTED_EDGE('',*,*,#549,.F.);
#710=ORIENTED_EDGE('',*,*,#550,.F.);
#711=ORIENTED_EDGE('',*,*,#551,.F.);
#712=ORIENTED_EDGE('',*,*,#552,.F.);
#713=ORIENTED_EDGE('',*,*,#553,.F.);
#714=ORIENTED_EDGE('',*,*,#554,.F.);
#715=ORIENTED_EDGE('',*,*,#555,.T.);
#716=ORIENTED_EDGE('',*,*,#556,.T.);
#717=ORIENTED_EDGE('',*,*,#535,.T.);
#718=ORIENTED_EDGE('',*,*,#557,.T.);
#719=ORIENTED_EDGE('',*,*,#558,.F.);
#720=ORIENTED_EDGE('',*,*,#559,.T.);
#721=ORIENTED_EDGE('',*,*,#533,.T.);
#722=ORIENTED_EDGE('',*,*,#556,.F.);
#723=ORIENTED_EDGE('',*,*,#560,.T.);
#724=ORIENTED_EDGE('',*,*,#561,.T.);
#725=ORIENTED_EDGE('',*,*,#530,.T.);
#726=ORIENTED_EDGE('',*,*,#559,.F.);
#727=ORIENTED_EDGE('',*,*,#562,.T.);
#728=ORIENTED_EDGE('',*,*,#562,.F.);
#729=ORIENTED_EDGE('',*,*,#560,.F.);
#730=ORIENTED_EDGE('',*,*,#555,.F.);
#731=ORIENTED_EDGE('',*,*,#563,.F.);
#732=ORIENTED_EDGE('',*,*,#564,.F.);
#733=ORIENTED_EDGE('',*,*,#565,.F.);
#734=ORIENTED_EDGE('',*,*,#566,.F.);
#735=ORIENTED_EDGE('',*,*,#567,.F.);
#736=ORIENTED_EDGE('',*,*,#568,.F.);
#737=ORIENTED_EDGE('',*,*,#569,.F.);
#738=ORIENTED_EDGE('',*,*,#570,.T.);
#739=ORIENTED_EDGE('',*,*,#571,.F.);
#740=ORIENTED_EDGE('',*,*,#572,.T.);
#741=ORIENTED_EDGE('',*,*,#573,.T.);
#742=ORIENTED_EDGE('',*,*,#574,.T.);
#743=ORIENTED_EDGE('',*,*,#575,.T.);
#744=ORIENTED_EDGE('',*,*,#576,.T.);
#745=ORIENTED_EDGE('',*,*,#573,.F.);
#746=ORIENTED_EDGE('',*,*,#577,.T.);
#747=ORIENTED_EDGE('',*,*,#578,.T.);
#748=ORIENTED_EDGE('',*,*,#579,.T.);
#749=ORIENTED_EDGE('',*,*,#575,.F.);
#750=ORIENTED_EDGE('',*,*,#580,.T.);
#751=ORIENTED_EDGE('',*,*,#546,.F.);
#752=ORIENTED_EDGE('',*,*,#581,.T.);
#753=ORIENTED_EDGE('',*,*,#580,.F.);
#754=ORIENTED_EDGE('',*,*,#582,.T.);
#755=ORIENTED_EDGE('',*,*,#543,.F.);
#756=ORIENTED_EDGE('',*,*,#582,.F.);
#757=ORIENTED_EDGE('',*,*,#577,.F.);
#758=ORIENTED_EDGE('',*,*,#583,.F.);
#759=ORIENTED_EDGE('',*,*,#539,.F.);
#760=ORIENTED_EDGE('',*,*,#583,.T.);
#761=ORIENTED_EDGE('',*,*,#572,.F.);
#762=ORIENTED_EDGE('',*,*,#584,.T.);
#763=ORIENTED_EDGE('',*,*,#585,.F.);
#764=ORIENTED_EDGE('',*,*,#540,.F.);
#765=ORIENTED_EDGE('',*,*,#584,.F.);
#766=ORIENTED_EDGE('',*,*,#571,.T.);
#767=ORIENTED_EDGE('',*,*,#586,.F.);
#768=ORIENTED_EDGE('',*,*,#587,.F.);
#769=ORIENTED_EDGE('',*,*,#588,.F.);
#770=ORIENTED_EDGE('',*,*,#557,.F.);
#771=ORIENTED_EDGE('',*,*,#534,.F.);
#772=ORIENTED_EDGE('',*,*,#519,.T.);
#773=ORIENTED_EDGE('',*,*,#589,.T.);
#774=ORIENTED_EDGE('',*,*,#590,.F.);
#775=ORIENTED_EDGE('',*,*,#591,.T.);
#776=ORIENTED_EDGE('',*,*,#592,.T.);
#777=ORIENTED_EDGE('',*,*,#593,.T.);
#778=ORIENTED_EDGE('',*,*,#594,.T.);
#779=ORIENTED_EDGE('',*,*,#552,.T.);
#780=ORIENTED_EDGE('',*,*,#595,.T.);
#781=ORIENTED_EDGE('',*,*,#596,.F.);
#782=ORIENTED_EDGE('',*,*,#597,.F.);
#783=ORIENTED_EDGE('',*,*,#598,.T.);
#784=ORIENTED_EDGE('',*,*,#526,.F.);
#785=ORIENTED_EDGE('',*,*,#531,.F.);
#786=ORIENTED_EDGE('',*,*,#561,.F.);
#787=ORIENTED_EDGE('',*,*,#567,.T.);
#788=ORIENTED_EDGE('',*,*,#599,.F.);
#789=ORIENTED_EDGE('',*,*,#600,.F.);
#790=ORIENTED_EDGE('',*,*,#601,.F.);
#791=ORIENTED_EDGE('',*,*,#602,.T.);
#792=ORIENTED_EDGE('',*,*,#578,.F.);
#793=ORIENTED_EDGE('',*,*,#581,.F.);
#794=ORIENTED_EDGE('',*,*,#545,.F.);
#795=ORIENTED_EDGE('',*,*,#603,.T.);
#796=ORIENTED_EDGE('',*,*,#604,.T.);
#797=ORIENTED_EDGE('',*,*,#605,.T.);
#798=ORIENTED_EDGE('',*,*,#606,.T.);
#799=ORIENTED_EDGE('',*,*,#594,.F.);
#800=ORIENTED_EDGE('',*,*,#607,.T.);
#801=ORIENTED_EDGE('',*,*,#606,.F.);
#802=ORIENTED_EDGE('',*,*,#607,.F.);
#803=ORIENTED_EDGE('',*,*,#593,.F.);
#804=ORIENTED_EDGE('',*,*,#608,.T.);
#805=ORIENTED_EDGE('',*,*,#605,.F.);
#806=ORIENTED_EDGE('',*,*,#608,.F.);
#807=ORIENTED_EDGE('',*,*,#592,.F.);
#808=ORIENTED_EDGE('',*,*,#609,.T.);
#809=ORIENTED_EDGE('',*,*,#604,.F.);
#810=ORIENTED_EDGE('',*,*,#609,.F.);
#811=ORIENTED_EDGE('',*,*,#591,.F.);
#812=ORIENTED_EDGE('',*,*,#610,.T.);
#813=ORIENTED_EDGE('',*,*,#603,.F.);
#814=ORIENTED_EDGE('',*,*,#610,.F.);
#815=ORIENTED_EDGE('',*,*,#527,.F.);
#816=ORIENTED_EDGE('',*,*,#598,.F.);
#817=ORIENTED_EDGE('',*,*,#611,.F.);
#818=ORIENTED_EDGE('',*,*,#612,.F.);
#819=ORIENTED_EDGE('',*,*,#613,.F.);
#820=ORIENTED_EDGE('',*,*,#614,.F.);
#821=ORIENTED_EDGE('',*,*,#522,.F.);
#822=ORIENTED_EDGE('',*,*,#524,.F.);
#823=ORIENTED_EDGE('',*,*,#615,.F.);
#824=ORIENTED_EDGE('',*,*,#616,.F.);
#825=ORIENTED_EDGE('',*,*,#617,.T.);
#826=ORIENTED_EDGE('',*,*,#615,.T.);
#827=ORIENTED_EDGE('',*,*,#617,.F.);
#828=ORIENTED_EDGE('',*,*,#618,.F.);
#829=ORIENTED_EDGE('',*,*,#619,.T.);
#830=ORIENTED_EDGE('',*,*,#553,.T.);
#831=ORIENTED_EDGE('',*,*,#619,.F.);
#832=ORIENTED_EDGE('',*,*,#613,.T.);
#833=ORIENTED_EDGE('',*,*,#620,.T.);
#834=ORIENTED_EDGE('',*,*,#621,.F.);
#835=ORIENTED_EDGE('',*,*,#622,.F.);
#836=ORIENTED_EDGE('',*,*,#614,.T.);
#837=ORIENTED_EDGE('',*,*,#622,.T.);
#838=ORIENTED_EDGE('',*,*,#623,.F.);
#839=ORIENTED_EDGE('',*,*,#624,.F.);
#840=ORIENTED_EDGE('',*,*,#517,.F.);
#841=ORIENTED_EDGE('',*,*,#624,.T.);
#842=ORIENTED_EDGE('',*,*,#625,.F.);
#843=ORIENTED_EDGE('',*,*,#589,.F.);
#844=ORIENTED_EDGE('',*,*,#518,.F.);
#845=ORIENTED_EDGE('',*,*,#585,.T.);
#846=ORIENTED_EDGE('',*,*,#626,.F.);
#847=ORIENTED_EDGE('',*,*,#627,.F.);
#848=ORIENTED_EDGE('',*,*,#541,.T.);
#849=ORIENTED_EDGE('',*,*,#548,.T.);
#850=ORIENTED_EDGE('',*,*,#536,.F.);
#851=ORIENTED_EDGE('',*,*,#627,.T.);
#852=ORIENTED_EDGE('',*,*,#628,.F.);
#853=ORIENTED_EDGE('',*,*,#629,.F.);
#854=ORIENTED_EDGE('',*,*,#549,.T.);
#855=ORIENTED_EDGE('',*,*,#629,.T.);
#856=ORIENTED_EDGE('',*,*,#630,.F.);
#857=ORIENTED_EDGE('',*,*,#631,.F.);
#858=ORIENTED_EDGE('',*,*,#550,.T.);
#859=ORIENTED_EDGE('',*,*,#631,.T.);
#860=ORIENTED_EDGE('',*,*,#632,.F.);
#861=ORIENTED_EDGE('',*,*,#633,.F.);
#862=ORIENTED_EDGE('',*,*,#551,.T.);
#863=ORIENTED_EDGE('',*,*,#633,.T.);
#864=ORIENTED_EDGE('',*,*,#634,.F.);
#865=ORIENTED_EDGE('',*,*,#595,.F.);
#866=ORIENTED_EDGE('',*,*,#611,.T.);
#867=ORIENTED_EDGE('',*,*,#597,.T.);
#868=ORIENTED_EDGE('',*,*,#635,.F.);
#869=ORIENTED_EDGE('',*,*,#636,.F.);
#870=ORIENTED_EDGE('',*,*,#612,.T.);
#871=ORIENTED_EDGE('',*,*,#636,.T.);
#872=ORIENTED_EDGE('',*,*,#637,.F.);
#873=ORIENTED_EDGE('',*,*,#620,.F.);
#874=ORIENTED_EDGE('',*,*,#637,.T.);
#875=ORIENTED_EDGE('',*,*,#635,.T.);
#876=ORIENTED_EDGE('',*,*,#596,.T.);
#877=ORIENTED_EDGE('',*,*,#634,.T.);
#878=ORIENTED_EDGE('',*,*,#632,.T.);
#879=ORIENTED_EDGE('',*,*,#630,.T.);
#880=ORIENTED_EDGE('',*,*,#628,.T.);
#881=ORIENTED_EDGE('',*,*,#626,.T.);
#882=ORIENTED_EDGE('',*,*,#590,.T.);
#883=ORIENTED_EDGE('',*,*,#625,.T.);
#884=ORIENTED_EDGE('',*,*,#623,.T.);
#885=ORIENTED_EDGE('',*,*,#621,.T.);
#886=ORIENTED_EDGE('',*,*,#618,.T.);
#887=ORIENTED_EDGE('',*,*,#616,.T.);
#888=ORIENTED_EDGE('',*,*,#638,.F.);
#889=ORIENTED_EDGE('',*,*,#639,.T.);
#890=ORIENTED_EDGE('',*,*,#640,.T.);
#891=ORIENTED_EDGE('',*,*,#641,.T.);
#892=ORIENTED_EDGE('',*,*,#642,.F.);
#893=ORIENTED_EDGE('',*,*,#600,.T.);
#894=ORIENTED_EDGE('',*,*,#643,.F.);
#895=ORIENTED_EDGE('',*,*,#644,.T.);
#896=ORIENTED_EDGE('',*,*,#645,.T.);
#897=ORIENTED_EDGE('',*,*,#646,.T.);
#898=ORIENTED_EDGE('',*,*,#647,.F.);
#899=ORIENTED_EDGE('',*,*,#587,.T.);
#900=ORIENTED_EDGE('',*,*,#648,.T.);
#901=ORIENTED_EDGE('',*,*,#649,.T.);
#902=ORIENTED_EDGE('',*,*,#579,.F.);
#903=ORIENTED_EDGE('',*,*,#602,.F.);
#904=ORIENTED_EDGE('',*,*,#650,.F.);
#905=ORIENTED_EDGE('',*,*,#651,.F.);
#906=ORIENTED_EDGE('',*,*,#652,.F.);
#907=ORIENTED_EDGE('',*,*,#653,.F.);
#908=ORIENTED_EDGE('',*,*,#574,.F.);
#909=ORIENTED_EDGE('',*,*,#576,.F.);
#910=ORIENTED_EDGE('',*,*,#654,.F.);
#911=ORIENTED_EDGE('',*,*,#643,.T.);
#912=ORIENTED_EDGE('',*,*,#599,.T.);
#913=ORIENTED_EDGE('',*,*,#566,.T.);
#914=ORIENTED_EDGE('',*,*,#655,.T.);
#915=ORIENTED_EDGE('',*,*,#655,.F.);
#916=ORIENTED_EDGE('',*,*,#565,.T.);
#917=ORIENTED_EDGE('',*,*,#656,.T.);
#918=ORIENTED_EDGE('',*,*,#644,.F.);
#919=ORIENTED_EDGE('',*,*,#642,.T.);
#920=ORIENTED_EDGE('',*,*,#657,.T.);
#921=ORIENTED_EDGE('',*,*,#650,.T.);
#922=ORIENTED_EDGE('',*,*,#601,.T.);
#923=ORIENTED_EDGE('',*,*,#657,.F.);
#924=ORIENTED_EDGE('',*,*,#641,.F.);
#925=ORIENTED_EDGE('',*,*,#658,.F.);
#926=ORIENTED_EDGE('',*,*,#651,.T.);
#927=ORIENTED_EDGE('',*,*,#659,.F.);
#928=ORIENTED_EDGE('',*,*,#638,.T.);
#929=ORIENTED_EDGE('',*,*,#586,.T.);
#930=ORIENTED_EDGE('',*,*,#570,.F.);
#931=ORIENTED_EDGE('',*,*,#659,.T.);
#932=ORIENTED_EDGE('',*,*,#569,.T.);
#933=ORIENTED_EDGE('',*,*,#653,.T.);
#934=ORIENTED_EDGE('',*,*,#660,.T.);
#935=ORIENTED_EDGE('',*,*,#639,.F.);
#936=ORIENTED_EDGE('',*,*,#588,.T.);
#937=ORIENTED_EDGE('',*,*,#647,.T.);
#938=ORIENTED_EDGE('',*,*,#661,.T.);
#939=ORIENTED_EDGE('',*,*,#558,.T.);
#940=ORIENTED_EDGE('',*,*,#649,.F.);
#941=ORIENTED_EDGE('',*,*,#662,.T.);
#942=ORIENTED_EDGE('',*,*,#654,.T.);
#943=ORIENTED_EDGE('',*,*,#662,.F.);
#944=ORIENTED_EDGE('',*,*,#648,.F.);
#945=ORIENTED_EDGE('',*,*,#663,.T.);
#946=ORIENTED_EDGE('',*,*,#568,.T.);
#947=ORIENTED_EDGE('',*,*,#663,.F.);
#948=ORIENTED_EDGE('',*,*,#652,.T.);
#949=ORIENTED_EDGE('',*,*,#658,.T.);
#950=ORIENTED_EDGE('',*,*,#640,.F.);
#951=ORIENTED_EDGE('',*,*,#660,.F.);
#952=ORIENTED_EDGE('',*,*,#661,.F.);
#953=ORIENTED_EDGE('',*,*,#646,.F.);
#954=ORIENTED_EDGE('',*,*,#664,.F.);
#955=ORIENTED_EDGE('',*,*,#563,.T.);
#956=ORIENTED_EDGE('',*,*,#554,.T.);
#957=ORIENTED_EDGE('',*,*,#564,.T.);
#958=ORIENTED_EDGE('',*,*,#664,.T.);
#959=ORIENTED_EDGE('',*,*,#645,.F.);
#960=ORIENTED_EDGE('',*,*,#656,.F.);
#961=TOROIDAL_SURFACE('',#1045,0.325,0.25);
#962=TOROIDAL_SURFACE('',#1051,0.325,0.25);
#963=TOROIDAL_SURFACE('',#1059,0.325,0.25);
#964=TOROIDAL_SURFACE('',#1065,0.325,0.25);
#965=TOROIDAL_SURFACE('',#1072,0.325,0.25);
#966=TOROIDAL_SURFACE('',#1077,0.325,0.25);
#967=TOROIDAL_SURFACE('',#1083,0.325,0.25);
#968=TOROIDAL_SURFACE('',#1089,0.325,0.25);
#969=ADVANCED_FACE('',(#221),#961,.F.);
#970=ADVANCED_FACE('',(#222),#193,.F.);
#971=ADVANCED_FACE('',(#223),#962,.F.);
#972=ADVANCED_FACE('',(#224),#194,.T.);
#973=ADVANCED_FACE('',(#225),#31,.T.);
#974=ADVANCED_FACE('',(#226),#195,.T.);
#975=ADVANCED_FACE('',(#227),#963,.F.);
#976=ADVANCED_FACE('',(#228),#196,.F.);
#977=ADVANCED_FACE('',(#229),#964,.F.);
#978=ADVANCED_FACE('',(#230,#15),#32,.F.);
#979=ADVANCED_FACE('',(#231),#965,.F.);
#980=ADVANCED_FACE('',(#232),#197,.F.);
#981=ADVANCED_FACE('',(#233),#966,.F.);
#982=ADVANCED_FACE('',(#234,#16),#33,.F.);
#983=ADVANCED_FACE('',(#235),#967,.F.);
#984=ADVANCED_FACE('',(#236),#198,.F.);
#985=ADVANCED_FACE('',(#237),#968,.F.);
#986=ADVANCED_FACE('',(#238),#199,.T.);
#987=ADVANCED_FACE('',(#239),#34,.T.);
#988=ADVANCED_FACE('',(#240),#200,.T.);
#989=ADVANCED_FACE('',(#241,#17,#18,#19,#20),#35,.T.);
#990=ADVANCED_FACE('',(#242,#21,#22,#23,#24),#36,.T.);
#991=ADVANCED_FACE('',(#243),#201,.F.);
#992=ADVANCED_FACE('',(#244),#202,.F.);
#993=ADVANCED_FACE('',(#245),#203,.F.);
#994=ADVANCED_FACE('',(#246),#204,.F.);
#995=ADVANCED_FACE('',(#247,#25),#37,.F.);
#996=ADVANCED_FACE('',(#248),#205,.F.);
#997=ADVANCED_FACE('',(#249),#206,.F.);
#998=ADVANCED_FACE('',(#250),#207,.T.);
#999=ADVANCED_FACE('',(#251),#38,.T.);
#1000=ADVANCED_FACE('',(#252),#208,.F.);
#1001=ADVANCED_FACE('',(#253),#209,.F.);
#1002=ADVANCED_FACE('',(#254),#39,.T.);
#1003=ADVANCED_FACE('',(#255),#210,.T.);
#1004=ADVANCED_FACE('',(#256),#40,.T.);
#1005=ADVANCED_FACE('',(#257),#211,.T.);
#1006=ADVANCED_FACE('',(#258),#212,.T.);
#1007=ADVANCED_FACE('',(#259),#41,.T.);
#1008=ADVANCED_FACE('',(#260,#26,#27),#42,.T.);
#1009=ADVANCED_FACE('',(#261,#28,#29),#43,.T.);
#1010=ADVANCED_FACE('',(#262,#30),#44,.F.);
#1011=ADVANCED_FACE('',(#263),#213,.T.);
#1012=ADVANCED_FACE('',(#264),#45,.T.);
#1013=ADVANCED_FACE('',(#265),#214,.T.);
#1014=ADVANCED_FACE('',(#266),#46,.T.);
#1015=ADVANCED_FACE('',(#267),#215,.F.);
#1016=ADVANCED_FACE('',(#268),#47,.T.);
#1017=ADVANCED_FACE('',(#269),#216,.F.);
#1018=ADVANCED_FACE('',(#270),#217,.F.);
#1019=ADVANCED_FACE('',(#271),#218,.F.);
#1020=ADVANCED_FACE('',(#272),#219,.T.);
#1021=ADVANCED_FACE('',(#273),#48,.T.);
#1022=ADVANCED_FACE('',(#274),#220,.T.);
#1023=CLOSED_SHELL('',(#969,#970,#971,#972,#973,#974,#975,#976,#977,#978,
#979,#980,#981,#982,#983,#984,#985,#986,#987,#988,#989,#990,#991,#992,#993,
#994,#995,#996,#997,#998,#999,#1000,#1001,#1002,#1003,#1004,#1005,#1006,
#1007,#1008,#1009,#1010,#1011,#1012,#1013,#1014,#1015,#1016,#1017,#1018,
#1019,#1020,#1021,#1022));
#1024=DERIVED_UNIT_ELEMENT(#1026,1.);
#1025=DERIVED_UNIT_ELEMENT(#1904,-3.);
#1026=(
CONVERSION_BASED_UNIT('gram',#1028)
MASS_UNIT()
NAMED_UNIT(#1901)
);
#1027=(
MASS_UNIT()
NAMED_UNIT(*)
SI_UNIT(.KILO.,.GRAM.)
);
#1028=MASS_MEASURE_WITH_UNIT(MASS_MEASURE(0.001),#1027);
#1029=DERIVED_UNIT((#1024,#1025));
#1030=MEASURE_REPRESENTATION_ITEM('density measure',
POSITIVE_RATIO_MEASURE(0.952),#1029);
#1031=PROPERTY_DEFINITION_REPRESENTATION(#1036,#1033);
#1032=PROPERTY_DEFINITION_REPRESENTATION(#1037,#1034);
#1033=REPRESENTATION('material name',(#1035),#1898);
#1034=REPRESENTATION('density',(#1030),#1898);
#1035=DESCRIPTIVE_REPRESENTATION_ITEM('Plastic, Opaque Black',
'Plastic, Opaque Black');
#1036=PROPERTY_DEFINITION('material property','material name',#1912);
#1037=PROPERTY_DEFINITION('material property','density of part',#1912);
#1038=DATE_TIME_ROLE('creation_date');
#1039=APPLIED_DATE_AND_TIME_ASSIGNMENT(#1040,#1038,(#1912));
#1040=DATE_AND_TIME(#1041,#1042);
#1041=CALENDAR_DATE(2025,13,10);
#1042=LOCAL_TIME(0,0,0.,#1043);
#1043=COORDINATED_UNIVERSAL_TIME_OFFSET(0,0,.BEHIND.);
#1044=AXIS2_PLACEMENT_3D('',#1461,#1159,#1160);
#1045=AXIS2_PLACEMENT_3D('',#1462,#1161,#1162);
#1046=AXIS2_PLACEMENT_3D('',#1492,#1163,#1164);
#1047=AXIS2_PLACEMENT_3D('',#1494,#1165,#1166);
#1048=AXIS2_PLACEMENT_3D('',#1495,#1167,#1168);
#1049=AXIS2_PLACEMENT_3D('',#1496,#1169,#1170);
#1050=AXIS2_PLACEMENT_3D('',#1499,#1171,#1172);
#1051=AXIS2_PLACEMENT_3D('',#1502,#1175,#1176);
#1052=AXIS2_PLACEMENT_3D('',#1519,#1177,#1178);
#1053=AXIS2_PLACEMENT_3D('',#1520,#1179,#1180);
#1054=AXIS2_PLACEMENT_3D('',#1521,#1181,#1182);
#1055=AXIS2_PLACEMENT_3D('',#1525,#1184,#1185);
#1056=AXIS2_PLACEMENT_3D('',#1527,#1187,#1188);
#1057=AXIS2_PLACEMENT_3D('',#1531,#1191,#1192);
#1058=AXIS2_PLACEMENT_3D('',#1534,#1194,#1195);
#1059=AXIS2_PLACEMENT_3D('',#1535,#1196,#1197);
#1060=AXIS2_PLACEMENT_3D('',#1547,#1198,#1199);
#1061=AXIS2_PLACEMENT_3D('',#1549,#1200,#1201);
#1062=AXIS2_PLACEMENT_3D('',#1551,#1202,#1203);
#1063=AXIS2_PLACEMENT_3D('',#1569,#1204,#1205);
#1064=AXIS2_PLACEMENT_3D('',#1572,#1206,#1207);
#1065=AXIS2_PLACEMENT_3D('',#1575,#1210,#1211);
#1066=AXIS2_PLACEMENT_3D('',#1592,#1212,#1213);
#1067=AXIS2_PLACEMENT_3D('',#1593,#1214,#1215);
#1068=AXIS2_PLACEMENT_3D('',#1594,#1216,#1217);
#1069=AXIS2_PLACEMENT_3D('',#1598,#1219,#1220);
#1070=AXIS2_PLACEMENT_3D('',#1602,#1222,#1223);
#1071=AXIS2_PLACEMENT_3D('',#1605,#1225,#1226);
#1072=AXIS2_PLACEMENT_3D('',#1606,#1227,#1228);
#1073=AXIS2_PLACEMENT_3D('',#1616,#1229,#1230);
#1074=AXIS2_PLACEMENT_3D('',#1617,#1231,#1232);
#1075=AXIS2_PLACEMENT_3D('',#1637,#1233,#1234);
#1076=AXIS2_PLACEMENT_3D('',#1639,#1235,#1236);
#1077=AXIS2_PLACEMENT_3D('',#1641,#1238,#1239);
#1078=AXIS2_PLACEMENT_3D('',#1657,#1240,#1241);
#1079=AXIS2_PLACEMENT_3D('',#1658,#1242,#1243);
#1080=AXIS2_PLACEMENT_3D('',#1662,#1245,#1246);
#1081=AXIS2_PLACEMENT_3D('',#1666,#1248,#1249);
#1082=AXIS2_PLACEMENT_3D('',#1669,#1251,#1252);
#1083=AXIS2_PLACEMENT_3D('',#1670,#1253,#1254);
#1084=AXIS2_PLACEMENT_3D('',#1700,#1255,#1256);
#1085=AXIS2_PLACEMENT_3D('',#1702,#1257,#1258);
#1086=AXIS2_PLACEMENT_3D('',#1703,#1259,#1260);
#1087=AXIS2_PLACEMENT_3D('',#1704,#1261,#1262);
#1088=AXIS2_PLACEMENT_3D('',#1707,#1263,#1264);
#1089=AXIS2_PLACEMENT_3D('',#1710,#1267,#1268);
#1090=AXIS2_PLACEMENT_3D('',#1727,#1269,#1270);
#1091=AXIS2_PLACEMENT_3D('',#1728,#1271,#1272);
#1092=AXIS2_PLACEMENT_3D('',#1729,#1273,#1274);
#1093=AXIS2_PLACEMENT_3D('',#1732,#1277,#1278);
#1094=AXIS2_PLACEMENT_3D('',#1734,#1280,#1281);
#1095=AXIS2_PLACEMENT_3D('',#1736,#1283,#1284);
#1096=AXIS2_PLACEMENT_3D('',#1748,#1291,#1292);
#1097=AXIS2_PLACEMENT_3D('',#1750,#1293,#1294);
#1098=AXIS2_PLACEMENT_3D('',#1752,#1295,#1296);
#1099=AXIS2_PLACEMENT_3D('',#1754,#1297,#1298);
#1100=AXIS2_PLACEMENT_3D('',#1755,#1299,#1300);
#1101=AXIS2_PLACEMENT_3D('',#1771,#1309,#1310);
#1102=AXIS2_PLACEMENT_3D('',#1773,#1311,#1312);
#1103=AXIS2_PLACEMENT_3D('',#1775,#1313,#1314);
#1104=AXIS2_PLACEMENT_3D('',#1777,#1315,#1316);
#1105=AXIS2_PLACEMENT_3D('',#1778,#1317,#1318);
#1106=AXIS2_PLACEMENT_3D('',#1780,#1320,#1321);
#1107=AXIS2_PLACEMENT_3D('',#1782,#1323,#1324);
#1108=AXIS2_PLACEMENT_3D('',#1784,#1326,#1327);
#1109=AXIS2_PLACEMENT_3D('',#1786,#1329,#1330);
#1110=AXIS2_PLACEMENT_3D('',#1788,#1331,#1332);
#1111=AXIS2_PLACEMENT_3D('',#1792,#1334,#1335);
#1112=AXIS2_PLACEMENT_3D('',#1795,#1337,#1338);
#1113=AXIS2_PLACEMENT_3D('',#1796,#1339,#1340);
#1114=AXIS2_PLACEMENT_3D('',#1798,#1341,#1342);
#1115=AXIS2_PLACEMENT_3D('',#1800,#1344,#1345);
#1116=AXIS2_PLACEMENT_3D('',#1802,#1346,#1347);
#1117=AXIS2_PLACEMENT_3D('',#1804,#1349,#1350);
#1118=AXIS2_PLACEMENT_3D('',#1808,#1352,#1353);
#1119=AXIS2_PLACEMENT_3D('',#1810,#1355,#1356);
#1120=AXIS2_PLACEMENT_3D('',#1814,#1359,#1360);
#1121=AXIS2_PLACEMENT_3D('',#1815,#1361,#1362);
#1122=AXIS2_PLACEMENT_3D('',#1816,#1363,#1364);
#1123=AXIS2_PLACEMENT_3D('',#1818,#1365,#1366);
#1124=AXIS2_PLACEMENT_3D('',#1820,#1368,#1369);
#1125=AXIS2_PLACEMENT_3D('',#1824,#1372,#1373);
#1126=AXIS2_PLACEMENT_3D('',#1826,#1374,#1375);
#1127=AXIS2_PLACEMENT_3D('',#1828,#1377,#1378);
#1128=AXIS2_PLACEMENT_3D('',#1832,#1381,#1382);
#1129=AXIS2_PLACEMENT_3D('',#1833,#1383,#1384);
#1130=AXIS2_PLACEMENT_3D('',#1834,#1385,#1386);
#1131=AXIS2_PLACEMENT_3D('',#1836,#1387,#1388);
#1132=AXIS2_PLACEMENT_3D('',#1838,#1390,#1391);
#1133=AXIS2_PLACEMENT_3D('',#1840,#1393,#1394);
#1134=AXIS2_PLACEMENT_3D('',#1841,#1395,#1396);
#1135=AXIS2_PLACEMENT_3D('',#1843,#1397,#1398);
#1136=AXIS2_PLACEMENT_3D('',#1847,#1400,#1401);
#1137=AXIS2_PLACEMENT_3D('',#1850,#1403,#1404);
#1138=AXIS2_PLACEMENT_3D('',#1852,#1405,#1406);
#1139=AXIS2_PLACEMENT_3D('',#1856,#1408,#1409);
#1140=AXIS2_PLACEMENT_3D('',#1859,#1411,#1412);
#1141=AXIS2_PLACEMENT_3D('',#1861,#1413,#1414);
#1142=AXIS2_PLACEMENT_3D('',#1863,#1415,#1416);
#1143=AXIS2_PLACEMENT_3D('',#1864,#1417,#1418);
#1144=AXIS2_PLACEMENT_3D('',#1866,#1419,#1420);
#1145=AXIS2_PLACEMENT_3D('',#1870,#1422,#1423);
#1146=AXIS2_PLACEMENT_3D('',#1873,#1425,#1426);
#1147=AXIS2_PLACEMENT_3D('',#1874,#1427,#1428);
#1148=AXIS2_PLACEMENT_3D('',#1876,#1430,#1431);
#1149=AXIS2_PLACEMENT_3D('',#1878,#1433,#1434);
#1150=AXIS2_PLACEMENT_3D('',#1880,#1436,#1437);
#1151=AXIS2_PLACEMENT_3D('',#1882,#1439,#1440);
#1152=AXIS2_PLACEMENT_3D('',#1884,#1442,#1443);
#1153=AXIS2_PLACEMENT_3D('',#1886,#1445,#1446);
#1154=AXIS2_PLACEMENT_3D('',#1888,#1448,#1449);
#1155=AXIS2_PLACEMENT_3D('',#1890,#1451,#1452);
#1156=AXIS2_PLACEMENT_3D('',#1892,#1454,#1455);
#1157=AXIS2_PLACEMENT_3D('',#1893,#1456,#1457);
#1158=AXIS2_PLACEMENT_3D('',#1895,#1459,#1460);
#1159=DIRECTION('axis',(0.,0.,1.));
#1160=DIRECTION('refdir',(1.,0.,0.));
#1161=DIRECTION('center_axis',(4.0702472325478E-13,5.21724814636669E-13,
-1.));
#1162=DIRECTION('ref_axis',(-1.,0.,-4.07789744001449E-13));
#1163=DIRECTION('center_axis',(4.0702472325478E-13,5.21724814636669E-13,
-1.));
#1164=DIRECTION('ref_axis',(0.109989453303412,-0.993932754346096,-4.73811716020382E-13));
#1165=DIRECTION('center_axis',(-0.780590878932353,0.625042302350503,8.15905094083362E-15));
#1166=DIRECTION('ref_axis',(0.625042302350503,0.780590878932353,6.65784138231904E-13));
#1167=DIRECTION('center_axis',(-4.0702472325478E-13,-5.21724814636669E-13,
1.));
#1168=DIRECTION('ref_axis',(0.109989453303412,-0.993932754346096,-4.73790955230765E-13));
#1169=DIRECTION('center_axis',(0.780590878932353,-0.625042302350502,-8.38029286124545E-15));
#1170=DIRECTION('ref_axis',(0.441971650520632,0.551961103825618,-0.707106781186317));
#1171=DIRECTION('center_axis',(-0.780590878932353,0.625042302350503,7.50236716855646E-15));
#1172=DIRECTION('ref_axis',(0.625042302350503,0.780590878932353,0.));
#1173=DIRECTION('',(0.780590878932353,-0.625042302350502,-8.38029286124545E-15));
#1174=DIRECTION('',(-0.780590878932353,0.625042302350502,8.38029286124545E-15));
#1175=DIRECTION('center_axis',(-4.0702472325478E-13,-5.21724814636669E-13,
1.));
#1176=DIRECTION('ref_axis',(-0.993932754345927,-0.10998945330494,-4.61852778244065E-13));
#1177=DIRECTION('center_axis',(-4.0702472325478E-13,-5.21724814636669E-13,
1.));
#1178=DIRECTION('ref_axis',(-0.993932754345753,-0.109989453306508,-4.61939431409768E-13));
#1179=DIRECTION('center_axis',(4.0702472325478E-13,5.21724814636669E-13,
-1.));
#1180=DIRECTION('ref_axis',(-0.993932754345753,-0.109989453306508,-4.62155831247451E-13));
#1181=DIRECTION('center_axis',(0.,0.,-1.));
#1182=DIRECTION('ref_axis',(-0.993932754345927,-0.109989453304938,0.));
#1183=DIRECTION('',(0.,0.,1.));
#1184=DIRECTION('center_axis',(-2.52435489670724E-29,-5.04870979341448E-29,
1.));
#1185=DIRECTION('ref_axis',(-0.993932754345927,-0.109989453304938,0.));
#1186=DIRECTION('',(0.,0.,-1.));
#1187=DIRECTION('center_axis',(-0.625042302350502,-0.780590878932353,0.));
#1188=DIRECTION('ref_axis',(-0.780590878932353,0.625042302350502,1.18516878561742E-29));
#1189=DIRECTION('',(0.,0.,-1.));
#1190=DIRECTION('',(0.780590878932353,-0.625042302350502,-1.18516878561742E-29));
#1191=DIRECTION('center_axis',(0.,0.,-1.));
#1192=DIRECTION('ref_axis',(0.109989453304939,-0.993932754345927,0.));
#1193=DIRECTION('',(0.,0.,1.));
#1194=DIRECTION('center_axis',(-2.52435489670724E-29,-5.04870979341448E-29,
1.));
#1195=DIRECTION('ref_axis',(0.109989453304938,-0.993932754345927,0.));
#1196=DIRECTION('center_axis',(-4.0702472325478E-13,-5.21724814636669E-13,
1.));
#1197=DIRECTION('ref_axis',(1.,0.,4.07789744001449E-13));
#1198=DIRECTION('center_axis',(-4.0702472325478E-13,-5.21724814636669E-13,
1.));
#1199=DIRECTION('ref_axis',(0.993932754346101,0.109989453303368,4.61939431408272E-13));
#1200=DIRECTION('center_axis',(-0.780590878932353,0.625042302350502,9.25086822163739E-15));
#1201=DIRECTION('ref_axis',(4.07023496272842E-13,5.23116108611832E-13,-1.));
#1202=DIRECTION('center_axis',(4.0702472325478E-13,5.21724814636669E-13,
-1.));
#1203=DIRECTION('ref_axis',(0.993932754346101,0.109989453303368,4.62155831248874E-13));
#1204=DIRECTION('center_axis',(-0.780590878932352,0.625042302350503,8.38029286124692E-15));
#1205=DIRECTION('ref_axis',(-0.44197165052035,-0.551961103825244,-0.707106781186785));
#1206=DIRECTION('center_axis',(-0.780590878932352,0.625042302350503,9.25086822161946E-15));
#1207=DIRECTION('ref_axis',(4.07023496272023E-13,5.23116108610778E-13,-1.));
#1208=DIRECTION('',(0.780590878932352,-0.625042302350503,-8.38029286124692E-15));
#1209=DIRECTION('',(-0.780590878932352,0.625042302350503,8.38029286124692E-15));
#1210=DIRECTION('center_axis',(-4.0702472325478E-13,-5.21724814636669E-13,
1.));
#1211=DIRECTION('ref_axis',(1.,0.,4.07789744001449E-13));
#1212=DIRECTION('center_axis',(4.0702472325478E-13,5.21724814636669E-13,
-1.));
#1213=DIRECTION('ref_axis',(-0.109989453306471,0.993932754345757,4.73811716021878E-13));
#1214=DIRECTION('center_axis',(-4.0702472325478E-13,-5.21724814636669E-13,
1.));
#1215=DIRECTION('ref_axis',(-0.109989453306471,0.993932754345757,4.73790955229344E-13));
#1216=DIRECTION('center_axis',(4.0702472325478E-13,5.21724814636669E-13,
-1.));
#1217=DIRECTION('ref_axis',(-1.,0.,-4.0702472325478E-13));
#1218=DIRECTION('',(-1.,-6.91255406049242E-16,-4.07024723254781E-13));
#1219=DIRECTION('center_axis',(4.0702472325478E-13,5.21724814636669E-13,
-1.));
#1220=DIRECTION('ref_axis',(3.33066907387547E-16,1.,5.21724814636669E-13));
#1221=DIRECTION('',(1.,-1.45629707049055E-16,4.0702472325478E-13));
#1222=DIRECTION('center_axis',(4.0702472325478E-13,5.21724814636669E-13,
-1.));
#1223=DIRECTION('ref_axis',(-0.780590878932353,0.625042302350502,8.38029286124601E-15));
#1224=DIRECTION('',(0.625042302350502,0.780590878932353,6.61661301754801E-13));
#1225=DIRECTION('center_axis',(-4.0702472325478E-13,-5.21724814636669E-13,
1.));
#1226=DIRECTION('ref_axis',(0.780590878932353,-0.625042302350502,-8.38029286124601E-15));
#1227=DIRECTION('center_axis',(2.52435489670724E-29,5.04870979341448E-29,
-1.));
#1228=DIRECTION('ref_axis',(-1.,0.,0.));
#1229=DIRECTION('center_axis',(2.52435489670724E-29,5.04870979341448E-29,
-1.));
#1230=DIRECTION('ref_axis',(0.109989453304938,-0.993932754345927,-4.74042561582524E-29));
#1231=DIRECTION('center_axis',(-0.780590878932353,0.625042302350502,0.));
#1232=DIRECTION('ref_axis',(0.,0.,1.));
#1233=DIRECTION('center_axis',(0.780590878932353,-0.625042302350502,-1.18516878561742E-29));
#1234=DIRECTION('ref_axis',(0.441971650520492,0.551961103825436,0.707106781186546));
#1235=DIRECTION('center_axis',(-0.780590878932353,0.625042302350502,0.));
#1236=DIRECTION('ref_axis',(0.,0.,1.));
#1237=DIRECTION('',(-0.780590878932353,0.625042302350502,1.18516878561742E-29));
#1238=DIRECTION('center_axis',(2.52435489670724E-29,5.04870979341448E-29,
-1.));
#1239=DIRECTION('ref_axis',(-1.,0.,0.));
#1240=DIRECTION('center_axis',(2.52435489670724E-29,5.04870979341448E-29,
-1.));
#1241=DIRECTION('ref_axis',(-0.993932754345927,-0.109989453304938,-3.0643438455038E-29));
#1242=DIRECTION('center_axis',(-2.52435489670724E-29,-5.04870979341448E-29,
1.));
#1243=DIRECTION('ref_axis',(1.,0.,2.52435489670724E-29));
#1244=DIRECTION('',(-0.519738430950994,0.854325443488954,3.00123698012777E-29));
#1245=DIRECTION('center_axis',(-2.52435489670724E-29,-5.04870979341448E-29,
1.));
#1246=DIRECTION('ref_axis',(-0.854325443488954,-0.519738430950995,-4.78062912300908E-29));
#1247=DIRECTION('',(0.519738430950993,-0.854325443488955,-3.00123698012778E-29));
#1248=DIRECTION('center_axis',(-2.52435489670724E-29,-5.04870979341448E-29,
1.));
#1249=DIRECTION('ref_axis',(-0.997932150581632,0.064276145151361,0.));
#1250=DIRECTION('',(-0.625042302350502,-0.780590878932353,-5.51880541170344E-29));
#1251=DIRECTION('center_axis',(2.52435489670724E-29,5.04870979341448E-29,
-1.));
#1252=DIRECTION('ref_axis',(-1.,-3.67659931482161E-26,-2.52435489670724E-29));
#1253=DIRECTION('center_axis',(-2.52435489670724E-29,-5.04870979341448E-29,
1.));
#1254=DIRECTION('ref_axis',(1.,0.,0.));
#1255=DIRECTION('center_axis',(-2.52435489670724E-29,-5.04870979341448E-29,
1.));
#1256=DIRECTION('ref_axis',(0.993932754345927,0.109989453304938,0.));
#1257=DIRECTION('center_axis',(-0.780590878932353,0.625042302350502,0.));
#1258=DIRECTION('ref_axis',(-0.625042302350502,-0.780590878932353,0.));
#1259=DIRECTION('center_axis',(2.52435489670724E-29,5.04870979341448E-29,
-1.));
#1260=DIRECTION('ref_axis',(0.993932754345927,0.109989453304938,3.0643438455038E-29));
#1261=DIRECTION('center_axis',(-0.780590878932352,0.625042302350503,1.18516878561743E-29));
#1262=DIRECTION('ref_axis',(-0.441971650520494,-0.551961103825434,0.707106781186547));
#1263=DIRECTION('center_axis',(-0.780590878932352,0.625042302350504,0.));
#1264=DIRECTION('ref_axis',(-0.625042302350504,-0.780590878932352,0.));
#1265=DIRECTION('',(0.780590878932352,-0.625042302350503,-1.18516878561743E-29));
#1266=DIRECTION('',(-0.780590878932352,0.625042302350503,1.18516878561743E-29));
#1267=DIRECTION('center_axis',(2.52435489670724E-29,5.04870979341448E-29,
-1.));
#1268=DIRECTION('ref_axis',(-1.,0.,0.));
#1269=DIRECTION('center_axis',(2.52435489670724E-29,5.04870979341448E-29,
-1.));
#1270=DIRECTION('ref_axis',(-0.109989453304938,0.993932754345927,4.74042561582524E-29));
#1271=DIRECTION('center_axis',(-2.52435489670724E-29,-5.04870979341448E-29,
1.));
#1272=DIRECTION('ref_axis',(-0.109989453304938,0.993932754345927,0.));
#1273=DIRECTION('center_axis',(0.,0.,-1.));
#1274=DIRECTION('ref_axis',(-0.109989453304941,0.993932754345927,0.));
#1275=DIRECTION('',(0.,0.,1.));
#1276=DIRECTION('',(0.,0.,-1.));
#1277=DIRECTION('center_axis',(0.625042302350503,0.780590878932352,0.));
#1278=DIRECTION('ref_axis',(0.780590878932352,-0.625042302350503,-1.18516878561743E-29));
#1279=DIRECTION('',(0.,0.,1.));
#1280=DIRECTION('center_axis',(0.,0.,-1.));
#1281=DIRECTION('ref_axis',(0.993932754345926,0.10998945330495,0.));
#1282=DIRECTION('',(0.,0.,-1.));
#1283=DIRECTION('center_axis',(0.780590878932353,-0.625042302350502,0.));
#1284=DIRECTION('ref_axis',(0.625042302350502,0.780590878932353,5.51880541170344E-29));
#1285=DIRECTION('',(-4.07373172815216E-13,-5.21018049351649E-13,1.));
#1286=DIRECTION('',(0.,0.,-1.));
#1287=DIRECTION('',(0.625042302350502,0.780590878932353,5.51880541170344E-29));
#1288=DIRECTION('',(0.,0.,-1.));
#1289=DIRECTION('',(4.07373172815216E-13,5.21018049351649E-13,-1.));
#1290=DIRECTION('',(-0.625042302350502,-0.780590878932353,-6.616613017548E-13));
#1291=DIRECTION('center_axis',(-0.780590878932353,0.625042302350502,0.));
#1292=DIRECTION('ref_axis',(0.,0.,-1.));
#1293=DIRECTION('center_axis',(-0.780590878932353,0.625042302350502,0.));
#1294=DIRECTION('ref_axis',(0.,0.,-1.));
#1295=DIRECTION('center_axis',(-0.780590878932353,0.625042302350502,0.));
#1296=DIRECTION('ref_axis',(0.,0.,-1.));
#1297=DIRECTION('center_axis',(-0.780590878932353,0.625042302350502,0.));
#1298=DIRECTION('ref_axis',(0.,0.,-1.));
#1299=DIRECTION('center_axis',(-0.780590878932353,0.625042302350503,0.));
#1300=DIRECTION('ref_axis',(-0.625042302350502,-0.780590878932353,-5.51880541170344E-29));
#1301=DIRECTION('',(4.07373172815216E-13,5.21018049351649E-13,-1.));
#1302=DIRECTION('',(0.625042302350502,0.780590878932353,6.61661301754801E-13));
#1303=DIRECTION('',(4.07373172815216E-13,5.21018049351649E-13,-1.));
#1304=DIRECTION('',(0.625042302350502,0.780590878932353,6.61661301754801E-13));
#1305=DIRECTION('',(0.,0.,-1.));
#1306=DIRECTION('',(-0.625042302350502,-0.780590878932353,-5.51880541170344E-29));
#1307=DIRECTION('',(0.,0.,1.));
#1308=DIRECTION('',(-0.625042302350502,-0.780590878932353,-5.51880541170344E-29));
#1309=DIRECTION('center_axis',(0.780590878932353,-0.625042302350503,0.));
#1310=DIRECTION('ref_axis',(0.,0.,-1.));
#1311=DIRECTION('center_axis',(0.780590878932353,-0.625042302350503,0.));
#1312=DIRECTION('ref_axis',(0.,0.,-1.));
#1313=DIRECTION('center_axis',(0.780590878932353,-0.625042302350503,0.));
#1314=DIRECTION('ref_axis',(0.,0.,-1.));
#1315=DIRECTION('center_axis',(0.780590878932353,-0.625042302350503,0.));
#1316=DIRECTION('ref_axis',(0.,0.,-1.));
#1317=DIRECTION('center_axis',(-0.780590878932353,0.625042302350503,0.));
#1318=DIRECTION('ref_axis',(0.,0.,-1.));
#1319=DIRECTION('',(-0.780590878932353,0.625042302350503,0.));
#1320=DIRECTION('center_axis',(-0.780590878932353,0.625042302350502,0.));
#1321=DIRECTION('ref_axis',(0.,0.,-1.));
#1322=DIRECTION('',(-0.780590878932353,0.625042302350502,0.));
#1323=DIRECTION('center_axis',(-0.780590878932353,0.625042302350502,0.));
#1324=DIRECTION('ref_axis',(0.,0.,-1.));
#1325=DIRECTION('',(-0.780590878932353,0.625042302350502,0.));
#1326=DIRECTION('center_axis',(-0.780590878932353,0.625042302350503,0.));
#1327=DIRECTION('ref_axis',(0.,0.,-1.));
#1328=DIRECTION('',(-0.780590878932353,0.625042302350503,0.));
#1329=DIRECTION('center_axis',(4.0702472325478E-13,5.21724814636669E-13,
-1.));
#1330=DIRECTION('ref_axis',(-1.,0.,-4.0702472325478E-13));
#1331=DIRECTION('center_axis',(4.0702472325478E-13,5.21724814636669E-13,
-1.));
#1332=DIRECTION('ref_axis',(-0.854325443488954,-0.519738430950995,-6.1889201375307E-13));
#1333=DIRECTION('',(-0.519738430950994,0.854325443488955,2.34176392620963E-13));
#1334=DIRECTION('center_axis',(4.0702472325478E-13,5.21724814636669E-13,
-1.));
#1335=DIRECTION('ref_axis',(0.854325443488954,0.519738430950996,6.1889201375307E-13));
#1336=DIRECTION('',(0.519738430950994,-0.854325443488955,-2.34176392620963E-13));
#1337=DIRECTION('center_axis',(-4.0702472325478E-13,-5.21724814636669E-13,
1.));
#1338=DIRECTION('ref_axis',(0.780590878932353,-0.625042302350502,-8.38029286124601E-15));
#1339=DIRECTION('center_axis',(4.07373172815216E-13,5.21018049351649E-13,
-1.));
#1340=DIRECTION('ref_axis',(0.780590878932353,-0.625042302350502,-7.66653811163195E-15));
#1341=DIRECTION('center_axis',(-4.0702472325478E-13,-5.21724814636669E-13,
1.));
#1342=DIRECTION('ref_axis',(0.780590878932353,-0.625042302350502,-8.38029286124601E-15));
#1343=DIRECTION('',(-4.07373172815216E-13,-5.21018049351649E-13,1.));
#1344=DIRECTION('center_axis',(4.07373172815216E-13,5.21018049351649E-13,
-1.));
#1345=DIRECTION('ref_axis',(0.780590878932353,-0.625042302350502,-7.66653811163202E-15));
#1346=DIRECTION('center_axis',(-4.0702472325478E-13,-5.21724814636669E-13,
1.));
#1347=DIRECTION('ref_axis',(0.780590878932353,-0.625042302350502,-8.38029286124601E-15));
#1348=DIRECTION('',(-4.07373172815216E-13,-5.21018049351649E-13,1.));
#1349=DIRECTION('center_axis',(4.07373172815216E-13,5.21018049351649E-13,
-1.));
#1350=DIRECTION('ref_axis',(0.854325443488954,0.519738430950996,6.18822369998036E-13));
#1351=DIRECTION('',(4.07373172815216E-13,5.21018049351649E-13,-1.));
#1352=DIRECTION('center_axis',(4.0702472325478E-13,5.21724814636669E-13,
-1.));
#1353=DIRECTION('ref_axis',(0.854325443488954,0.519738430950996,6.1889201375307E-13));
#1354=DIRECTION('',(4.07373172815216E-13,5.21018049351649E-13,-1.));
#1355=DIRECTION('center_axis',(0.854325443488955,0.519738430950994,6.18822369998035E-13));
#1356=DIRECTION('ref_axis',(0.519738430950994,-0.854325443488955,-2.34176392620963E-13));
#1357=DIRECTION('',(0.519738430950994,-0.854325443488955,-2.34176392620963E-13));
#1358=DIRECTION('',(4.07373172815216E-13,5.21018049351649E-13,-1.));
#1359=DIRECTION('center_axis',(4.07373172815216E-13,5.21018049351649E-13,
-1.));
#1360=DIRECTION('ref_axis',(-0.997932150590738,0.0642761450099818,-3.73041754747516E-13));
#1361=DIRECTION('center_axis',(-4.0702472325478E-13,-5.21724814636669E-13,
1.));
#1362=DIRECTION('ref_axis',(0.854325443488956,0.519738430950992,6.18892013753069E-13));
#1363=DIRECTION('center_axis',(4.07373172815216E-13,5.21018049351649E-13,
-1.));
#1364=DIRECTION('ref_axis',(0.780590878932353,-0.625042302350502,-7.66653811163202E-15));
#1365=DIRECTION('center_axis',(-4.0702472325478E-13,-5.21724814636669E-13,
1.));
#1366=DIRECTION('ref_axis',(0.780590878932353,-0.625042302350502,-8.38029286124601E-15));
#1367=DIRECTION('',(4.07373172815216E-13,5.21018049351649E-13,-1.));
#1368=DIRECTION('center_axis',(6.9125540626131E-16,-1.,-5.21018049351649E-13));
#1369=DIRECTION('ref_axis',(-1.,-6.91255406049242E-16,-4.07024723254781E-13));
#1370=DIRECTION('',(-1.,-6.91255406049242E-16,-4.07024723254781E-13));
#1371=DIRECTION('',(4.07373172815216E-13,5.21018049351649E-13,-1.));
#1372=DIRECTION('center_axis',(4.07373172815216E-13,5.21018049351649E-13,
-1.));
#1373=DIRECTION('ref_axis',(3.33066907387835E-16,1.,5.21018049351649E-13));
#1374=DIRECTION('center_axis',(4.0702472325478E-13,5.21724814636669E-13,
-1.));
#1375=DIRECTION('ref_axis',(3.33066907387547E-16,1.,5.21724814636669E-13));
#1376=DIRECTION('',(4.07373172815216E-13,5.21018049351649E-13,-1.));
#1377=DIRECTION('center_axis',(1.45629706836988E-16,1.,5.21018049351649E-13));
#1378=DIRECTION('ref_axis',(1.,-1.45629707049055E-16,4.0702472325478E-13));
#1379=DIRECTION('',(1.,-1.45629707049055E-16,4.0702472325478E-13));
#1380=DIRECTION('',(4.07373172815216E-13,5.21018049351649E-13,-1.));
#1381=DIRECTION('center_axis',(4.07373172815216E-13,5.21018049351649E-13,
-1.));
#1382=DIRECTION('ref_axis',(-0.780590878932353,0.625042302350502,7.66653811163201E-15));
#1383=DIRECTION('center_axis',(4.0702472325478E-13,5.21724814636669E-13,
-1.));
#1384=DIRECTION('ref_axis',(-0.780590878932353,0.625042302350502,8.38029286124601E-15));
#1385=DIRECTION('center_axis',(4.07373172815216E-13,5.21018049351649E-13,
-1.));
#1386=DIRECTION('ref_axis',(-0.854325443488954,-0.519738430950995,-6.18822369998036E-13));
#1387=DIRECTION('center_axis',(4.0702472325478E-13,5.21724814636669E-13,
-1.));
#1388=DIRECTION('ref_axis',(-0.854325443488954,-0.519738430950995,-6.1889201375307E-13));
#1389=DIRECTION('',(4.07373172815216E-13,5.21018049351649E-13,-1.));
#1390=DIRECTION('center_axis',(-0.854325443488955,-0.519738430950994,-6.18822369998035E-13));
#1391=DIRECTION('ref_axis',(-0.519738430950994,0.854325443488955,2.34176392620963E-13));
#1392=DIRECTION('',(-0.519738430950994,0.854325443488955,2.34176392620963E-13));
#1393=DIRECTION('center_axis',(4.0702472325478E-13,5.21724814636669E-13,
-1.));
#1394=DIRECTION('ref_axis',(-1.,0.,-4.0702472325478E-13));
#1395=DIRECTION('center_axis',(-2.52435489670724E-29,-5.04870979341448E-29,
1.));
#1396=DIRECTION('ref_axis',(1.,0.,2.52435489670724E-29));
#1397=DIRECTION('center_axis',(-2.52435489670724E-29,-5.04870979341448E-29,
1.));
#1398=DIRECTION('ref_axis',(-0.432988277929955,0.901399551350705,0.));
#1399=DIRECTION('',(1.,5.27938379912325E-16,2.52435489670724E-29));
#1400=DIRECTION('center_axis',(-2.52435489670724E-29,-5.04870979341448E-29,
1.));
#1401=DIRECTION('ref_axis',(1.,3.67659931482161E-26,2.52435489670724E-29));
#1402=DIRECTION('',(-1.,-3.67659931482161E-26,-2.52435489670724E-29));
#1403=DIRECTION('center_axis',(2.52435489670724E-29,5.04870979341448E-29,
-1.));
#1404=DIRECTION('ref_axis',(-0.432988277929957,0.901399551350704,0.));
#1405=DIRECTION('center_axis',(2.52435489670724E-29,5.04870979341448E-29,
-1.));
#1406=DIRECTION('ref_axis',(-0.997932150581632,0.064276145151361,0.));
#1407=DIRECTION('',(0.519738430950993,-0.854325443488955,-3.00123698012778E-29));
#1408=DIRECTION('center_axis',(-2.52435489670724E-29,-5.04870979341448E-29,
1.));
#1409=DIRECTION('ref_axis',(-0.854325443488954,-0.519738430950995,-4.78062912300908E-29));
#1410=DIRECTION('',(-0.519738430950994,0.854325443488954,3.00123698012777E-29));
#1411=DIRECTION('center_axis',(-2.52435489670724E-29,-5.04870979341448E-29,
1.));
#1412=DIRECTION('ref_axis',(-0.997932150581632,0.0642761451513579,0.));
#1413=DIRECTION('center_axis',(2.52435489670724E-29,5.04870979341448E-29,
-1.));
#1414=DIRECTION('ref_axis',(-1.,-3.67659931482161E-26,-2.52435489670724E-29));
#1415=DIRECTION('center_axis',(2.52435489670724E-29,5.04870979341448E-29,
-1.));
#1416=DIRECTION('ref_axis',(-1.,-3.67659931482161E-26,-2.52435489670724E-29));
#1417=DIRECTION('center_axis',(-2.52435489670724E-29,-5.04870979341448E-29,
1.));
#1418=DIRECTION('ref_axis',(1.,0.,2.52435489670724E-29));
#1419=DIRECTION('center_axis',(-2.52435489670724E-29,-5.04870979341448E-29,
1.));
#1420=DIRECTION('ref_axis',(-0.432988277929957,0.901399551350704,0.));
#1421=DIRECTION('',(-1.,-3.67659931482161E-26,-2.52435489670724E-29));
#1422=DIRECTION('center_axis',(-2.52435489670724E-29,-5.04870979341448E-29,
1.));
#1423=DIRECTION('ref_axis',(1.,3.67659931482161E-26,2.52435489670724E-29));
#1424=DIRECTION('',(1.,5.27938379912325E-16,2.52435489670724E-29));
#1425=DIRECTION('center_axis',(2.52435489670724E-29,5.04870979341448E-29,
-1.));
#1426=DIRECTION('ref_axis',(-1.,-3.67659931482161E-26,-2.52435489670724E-29));
#1427=DIRECTION('center_axis',(0.,0.,1.));
#1428=DIRECTION('ref_axis',(-0.997932150581632,0.064276145151361,0.));
#1429=DIRECTION('',(0.,0.,1.));
#1430=DIRECTION('center_axis',(-0.854325443488955,-0.519738430950993,0.));
#1431=DIRECTION('ref_axis',(0.519738430950993,-0.854325443488955,-3.00123698012778E-29));
#1432=DIRECTION('',(0.,0.,1.));
#1433=DIRECTION('center_axis',(0.,0.,1.));
#1434=DIRECTION('ref_axis',(-0.432988277929957,0.901399551350704,0.));
#1435=DIRECTION('',(0.,0.,-1.));
#1436=DIRECTION('center_axis',(-3.67659931482161E-26,1.,0.));
#1437=DIRECTION('ref_axis',(-1.,-3.67659931482161E-26,-2.52435489670724E-29));
#1438=DIRECTION('',(0.,0.,1.));
#1439=DIRECTION('center_axis',(0.,0.,1.));
#1440=DIRECTION('ref_axis',(-0.432988277929955,0.901399551350705,0.));
#1441=DIRECTION('',(0.,0.,-1.));
#1442=DIRECTION('center_axis',(5.27938379912325E-16,-1.,0.));
#1443=DIRECTION('ref_axis',(1.,5.27938379912325E-16,2.52435489670724E-29));
#1444=DIRECTION('',(0.,0.,1.));
#1445=DIRECTION('center_axis',(0.,0.,1.));
#1446=DIRECTION('ref_axis',(-0.997932150581632,0.0642761451513579,0.));
#1447=DIRECTION('',(0.,0.,-1.));
#1448=DIRECTION('center_axis',(0.,0.,1.));
#1449=DIRECTION('ref_axis',(-1.,-3.67659931482161E-26,0.));
#1450=DIRECTION('',(0.,0.,-1.));
#1451=DIRECTION('center_axis',(0.,0.,1.));
#1452=DIRECTION('ref_axis',(-1.,-3.67659931482161E-26,0.));
#1453=DIRECTION('',(0.,0.,-1.));
#1454=DIRECTION('center_axis',(0.,0.,1.));
#1455=DIRECTION('ref_axis',(1.,3.67659931482161E-26,0.));
#1456=DIRECTION('center_axis',(0.854325443488954,0.519738430950994,0.));
#1457=DIRECTION('ref_axis',(-0.519738430950994,0.854325443488954,3.00123698012777E-29));
#1458=DIRECTION('',(0.,0.,1.));
#1459=DIRECTION('center_axis',(0.,0.,1.));
#1460=DIRECTION('ref_axis',(-0.854325443488954,-0.519738430950995,0.));
#1461=CARTESIAN_POINT('',(0.,0.,0.));
#1462=CARTESIAN_POINT('Origin',(-2.64199087197021,3.46741496320919,-6.49999999999993));
#1463=CARTESIAN_POINT('',(-2.59508425697524,3.14581774700601,-6.75000000000086));
#1464=CARTESIAN_POINT('',(-2.63954154927492,3.21889488292365,-6.73801820914928));
#1465=CARTESIAN_POINT('Ctrl Pts',(-2.59508425697524,3.14581774700601,-6.75000000000007));
#1466=CARTESIAN_POINT('Ctrl Pts',(-2.60564718755883,3.16318067385144,-6.75000000000007));
#1467=CARTESIAN_POINT('Ctrl Pts',(-2.61715836289848,3.18210228786243,-6.74774988656446));
#1468=CARTESIAN_POINT('Ctrl Pts',(-2.63217560995658,3.20678704367203,-6.74170102394218));
#1469=CARTESIAN_POINT('Ctrl Pts',(-2.63588979598755,3.21289227553318,-6.73995812863618));
#1470=CARTESIAN_POINT('Ctrl Pts',(-2.63954154927492,3.21889488292365,-6.73801820914928));
#1471=CARTESIAN_POINT('',(-2.63032473019261,3.36199247278215,-6.6206976051622));
#1472=CARTESIAN_POINT('Ctrl Pts',(-2.63954154927492,3.21889488292365,-6.73801820914928));
#1473=CARTESIAN_POINT('Ctrl Pts',(-2.64553943293351,3.22875396647068,-6.73483195573443));
#1474=CARTESIAN_POINT('Ctrl Pts',(-2.65001173539316,3.2391775836253,-6.73085229523137));
#1475=CARTESIAN_POINT('Ctrl Pts',(-2.65709717232206,3.26419323351033,-6.71917697531998));
#1476=CARTESIAN_POINT('Ctrl Pts',(-2.65833240307458,3.27829897053002,-6.71094835875269));
#1477=CARTESIAN_POINT('Ctrl Pts',(-2.65666807746185,3.3052543774961,-6.69102098492476));
#1478=CARTESIAN_POINT('Ctrl Pts',(-2.653688640867,3.31759457108027,-6.67954931291412));
#1479=CARTESIAN_POINT('Ctrl Pts',(-2.64538056110371,3.33927216915659,-6.65495497745642));
#1480=CARTESIAN_POINT('Ctrl Pts',(-2.64012781020111,3.34866034719261,-6.64186314669246));
#1481=CARTESIAN_POINT('Ctrl Pts',(-2.63291391808563,3.35867559707553,-6.62610064480042));
#1482=CARTESIAN_POINT('Ctrl Pts',(-2.63162686404784,3.36036628868893,-6.62336966247039));
#1483=CARTESIAN_POINT('Ctrl Pts',(-2.63032473019262,3.36199247278219,-6.62069760516217));
#1484=CARTESIAN_POINT('',(-2.58344655605029,3.42053679053291,-6.49999999999993));
#1485=CARTESIAN_POINT('Ctrl Pts',(-2.63032473019254,3.36199247278219,-6.62069760516218));
#1486=CARTESIAN_POINT('Ctrl Pts',(-2.62622358201279,3.3671142363016,-6.61228180178024));
#1487=CARTESIAN_POINT('Ctrl Pts',(-2.62227110147688,3.37205033461668,-6.60357135677669));
#1488=CARTESIAN_POINT('Ctrl Pts',(-2.60520788442884,3.39335991885258,-6.56363830304696));
#1489=CARTESIAN_POINT('Ctrl Pts',(-2.59380980301948,3.40759453681687,-6.5302709331975));
#1490=CARTESIAN_POINT('Ctrl Pts',(-2.58344655605029,3.42053679053291,-6.49999999999993));
#1491=CARTESIAN_POINT('',(-2.6888690446465,3.40887064728927,-6.49999999999998));
#1492=CARTESIAN_POINT('Origin',(-2.64199087197021,3.46741496320919,-6.49999999999993));
#1493=CARTESIAN_POINT('',(-2.84512962023403,3.21372292755631,-6.75000000000093));
#1494=CARTESIAN_POINT('Origin',(-2.84512962023413,3.21372292755618,-6.50000000000014));
#1495=CARTESIAN_POINT('Origin',(-2.64199087197011,3.46741496320932,-6.75000000000071));
#1496=CARTESIAN_POINT('Origin',(-2.56732577483684,2.99127713704626,-6.50000000000093));
#1497=CARTESIAN_POINT('',(-2.72789858859312,3.44012276240679,-6.50000000000093));
#1498=CARTESIAN_POINT('',(-2.88415916418064,3.24497504267384,-6.75000000000093));
#1499=CARTESIAN_POINT('Origin',(-2.88415916418075,3.24497504267371,-6.50000000000093));
#1500=CARTESIAN_POINT('',(-2.56732577483674,2.99127713704639,-6.75000000000093));
#1501=CARTESIAN_POINT('',(-2.41106519924922,3.18642485677935,-6.50000000000093));
#1502=CARTESIAN_POINT('Origin',(-2.68102041591683,3.49866707832672,-6.49999999999993));
#1503=CARTESIAN_POINT('',(-2.73956473183676,3.54554525100301,-6.49999999999993));
#1504=CARTESIAN_POINT('',(-2.93722046277501,3.29870074118529,-6.75000000000092));
#1505=CARTESIAN_POINT('Ctrl Pts',(-2.73956473183676,3.54554525100301,-6.49999999999993));
#1506=CARTESIAN_POINT('Ctrl Pts',(-2.75109784033769,3.5311420029865,-6.5336880861789));
#1507=CARTESIAN_POINT('Ctrl Pts',(-2.76380559417009,3.51527178636918,-6.57084259878418));
#1508=CARTESIAN_POINT('Ctrl Pts',(-2.79414688077554,3.4773797405185,-6.63857224465796));
#1509=CARTESIAN_POINT('Ctrl Pts',(-2.81196523801252,3.45512709124269,-6.66893495697494));
#1510=CARTESIAN_POINT('Ctrl Pts',(-2.8385939741975,3.42187150437229,-6.70062286978177));
#1511=CARTESIAN_POINT('Ctrl Pts',(-2.84706179560234,3.41129637349205,-6.70937444814109));
#1512=CARTESIAN_POINT('Ctrl Pts',(-2.86479418151215,3.38915109044344,-6.72445284371319));
#1513=CARTESIAN_POINT('Ctrl Pts',(-2.87406121329363,3.37757785698997,-6.73077223279352));
#1514=CARTESIAN_POINT('Ctrl Pts',(-2.89099465133272,3.35643034868121,-6.73995068073384));
#1515=CARTESIAN_POINT('Ctrl Pts',(-2.90023816163382,3.34488649028438,-6.74379886814193));
#1516=CARTESIAN_POINT('Ctrl Pts',(-2.9190009202749,3.32145441504123,-6.74882534571832));
#1517=CARTESIAN_POINT('Ctrl Pts',(-2.92852054908052,3.30956572304623,-6.75000000000013));
#1518=CARTESIAN_POINT('Ctrl Pts',(-2.93722046277498,3.29870074118524,-6.75000000000014));
#1519=CARTESIAN_POINT('Origin',(-2.68102041591673,3.49866707832685,-6.75000000000071));
#1520=CARTESIAN_POINT('Origin',(-2.68102041591683,3.49866707832672,-6.49999999999993));
#1521=CARTESIAN_POINT('Origin',(-2.68102041591683,3.49866707832672,0.1));
#1522=CARTESIAN_POINT('',(-2.72789858859312,3.44012276240679,-0.25));
#1523=CARTESIAN_POINT('',(-2.72789858859312,3.44012276240679,0.1));
#1524=CARTESIAN_POINT('',(-2.73956473183676,3.54554525100301,-0.25));
#1525=CARTESIAN_POINT('Origin',(-2.68102041591683,3.49866707832672,-0.25));
#1526=CARTESIAN_POINT('',(-2.73956473183676,3.54554525100301,0.1));
#1527=CARTESIAN_POINT('Origin',(-2.63032472872658,3.36199247461298,0.2));
#1528=CARTESIAN_POINT('',(-2.6888690446465,3.40887064728927,-0.25));
#1529=CARTESIAN_POINT('',(-2.6888690446465,3.40887064728927,0.1));
#1530=CARTESIAN_POINT('',(-2.41522097053532,3.1897525062854,-0.25));
#1531=CARTESIAN_POINT('Origin',(-2.64199087197021,3.46741496320919,0.1));
#1532=CARTESIAN_POINT('',(-2.58344655605029,3.42053679053291,-0.25));
#1533=CARTESIAN_POINT('',(-2.58344655605029,3.42053679053291,0.1));
#1534=CARTESIAN_POINT('Origin',(-2.64199087197021,3.46741496320919,-0.25));
#1535=CARTESIAN_POINT('Origin',(-1.42163942422633,4.99146414455018,-6.49999999999993));
#1536=CARTESIAN_POINT('',(-1.2186430756542,5.05000000000361,-6.72263180905017));
#1537=CARTESIAN_POINT('',(-1.10195433914038,5.05000000000363,-6.74999999999926));
#1538=CARTESIAN_POINT('Ctrl Pts',(-1.2186430756542,5.05000000000361,-6.72263180905017));
#1539=CARTESIAN_POINT('Ctrl Pts',(-1.21268464256567,5.05000000000362,-6.72555653290758));
#1540=CARTESIAN_POINT('Ctrl Pts',(-1.2067400272722,5.05000000000362,-6.72820354080677));
#1541=CARTESIAN_POINT('Ctrl Pts',(-1.18614172042648,5.05000000000362,-6.73654949035788));
#1542=CARTESIAN_POINT('Ctrl Pts',(-1.16942943556406,5.05000000000362,-6.74169921595316));
#1543=CARTESIAN_POINT('Ctrl Pts',(-1.13530727795056,5.05000000000363,-6.74842604834216));
#1544=CARTESIAN_POINT('Ctrl Pts',(-1.11789678327262,5.05000000000363,-6.74999999999977));
#1545=CARTESIAN_POINT('Ctrl Pts',(-1.10195433914038,5.05000000000363,-6.74999999999976));
#1546=CARTESIAN_POINT('',(-1.21850067596232,5.24515618020332,-6.74999999999921));
#1547=CARTESIAN_POINT('Origin',(-1.42163942422623,4.99146414455031,-6.74999999999942));
#1548=CARTESIAN_POINT('',(-1.37476125155005,5.0500084604701,-6.49999999999988));
#1549=CARTESIAN_POINT('Origin',(-1.21850067596242,5.24515618020319,-6.49999999999971));
#1550=CARTESIAN_POINT('',(-1.36309510830641,4.94458597187389,-6.49999999999993));
#1551=CARTESIAN_POINT('Origin',(-1.42163942422633,4.99146414455018,-6.49999999999993));
#1552=CARTESIAN_POINT('',(-1.3162169352042,5.00313028832578,-6.62069760302761));
#1553=CARTESIAN_POINT('Ctrl Pts',(-1.36309510830641,4.94458597187389,-6.49999999999993));
#1554=CARTESIAN_POINT('Ctrl Pts',(-1.35156199980545,4.95898921989044,-6.53368808617887));
#1555=CARTESIAN_POINT('Ctrl Pts',(-1.33885424597302,4.97485943650779,-6.57084259878413));
#1556=CARTESIAN_POINT('Ctrl Pts',(-1.32125600900328,4.99683718619322,-6.61012644239496));
#1557=CARTESIAN_POINT('Ctrl Pts',(-1.31876727313185,4.99994527106045,-6.61546415574102));
#1558=CARTESIAN_POINT('Ctrl Pts',(-1.31621693520418,5.00313028832575,-6.62069760302767));
#1559=CARTESIAN_POINT('Ctrl Pts',(-1.31621693520422,5.0031302883258,-6.62069760302761));
#1560=CARTESIAN_POINT('Ctrl Pts',(-1.31277520687633,5.00742852814187,-6.62776023718261));
#1561=CARTESIAN_POINT('Ctrl Pts',(-1.30878270993811,5.01183630551627,-6.6354116113653));
#1562=CARTESIAN_POINT('Ctrl Pts',(-1.29654792108821,5.02330454961973,-6.65592189244331));
#1563=CARTESIAN_POINT('Ctrl Pts',(-1.28767433174139,5.02988681471374,-6.66821946212016));
#1564=CARTESIAN_POINT('Ctrl Pts',(-1.26406259079844,5.04239583486928,-6.69363788088098));
#1565=CARTESIAN_POINT('Ctrl Pts',(-1.25016577458675,5.0467711069336,-6.70441542195267));
#1566=CARTESIAN_POINT('Ctrl Pts',(-1.2305394802994,5.04956738876193,-6.71645775397334));
#1567=CARTESIAN_POINT('Ctrl Pts',(-1.22464826497951,5.05000000000873,-6.71968413468298));
#1568=CARTESIAN_POINT('Ctrl Pts',(-1.2186430756542,5.05000000000362,-6.72263180905017));
#1569=CARTESIAN_POINT('Origin',(-1.01875591845837,5.08521461992832,-6.49999999999921));
#1570=CARTESIAN_POINT('',(-1.25753021990894,5.27640829532085,-6.74999999999921));
#1571=CARTESIAN_POINT('',(-1.41379079549666,5.08126057558763,-6.49999999999921));
#1572=CARTESIAN_POINT('Origin',(-1.25753021990904,5.27640829532072,-6.49999999999921));
#1573=CARTESIAN_POINT('',(-1.17501649404599,4.89006690019523,-6.49999999999921));
#1574=CARTESIAN_POINT('',(-1.01875591845827,5.08521461992845,-6.74999999999921));
#1575=CARTESIAN_POINT('Origin',(-1.46066896817295,5.0227162596677,-6.49999999999993));
#1576=CARTESIAN_POINT('',(-1.32155755315451,5.31643894216204,-6.74999999999921));
#1577=CARTESIAN_POINT('',(-1.51921328409288,5.06959443234399,-6.49999999999993));
#1578=CARTESIAN_POINT('Ctrl Pts',(-1.32155755315445,5.31643894216202,-6.74999999999972));
#1579=CARTESIAN_POINT('Ctrl Pts',(-1.33025746684891,5.30557396030102,-6.74999999999973));
#1580=CARTESIAN_POINT('Ctrl Pts',(-1.33977709565453,5.29368526830603,-6.74882534571794));
#1581=CARTESIAN_POINT('Ctrl Pts',(-1.35853985429561,5.27025319306287,-6.74379886814159));
#1582=CARTESIAN_POINT('Ctrl Pts',(-1.36778336459672,5.25870933466604,-6.73995068073352));
#1583=CARTESIAN_POINT('Ctrl Pts',(-1.38471680263582,5.23756182635727,-6.73077223279323));
#1584=CARTESIAN_POINT('Ctrl Pts',(-1.3939838344173,5.22598859290379,-6.72445284371293));
#1585=CARTESIAN_POINT('Ctrl Pts',(-1.41171622032713,5.20384330985516,-6.70937444814087));
#1586=CARTESIAN_POINT('Ctrl Pts',(-1.42018404173197,5.19326817897491,-6.70062286978156));
#1587=CARTESIAN_POINT('Ctrl Pts',(-1.44681277791698,5.16001259210448,-6.66893495697479));
#1588=CARTESIAN_POINT('Ctrl Pts',(-1.46463113515399,5.13775994282864,-6.63857224465785));
#1589=CARTESIAN_POINT('Ctrl Pts',(-1.49497242175949,5.09986789697789,-6.57084259878413));
#1590=CARTESIAN_POINT('Ctrl Pts',(-1.50768017559192,5.08399768036054,-6.53368808617887));
#1591=CARTESIAN_POINT('Ctrl Pts',(-1.51921328409288,5.06959443234399,-6.49999999999993));
#1592=CARTESIAN_POINT('Origin',(-1.46066896817295,5.0227162596677,-6.49999999999993));
#1593=CARTESIAN_POINT('Origin',(-1.46066896817285,5.02271625966783,-6.74999999999942));
#1594=CARTESIAN_POINT('Origin',(-1.3942160715267,4.00693568544469,-6.74999999999993));
#1595=CARTESIAN_POINT('',(0.0459999929551467,5.05000000000363,-6.7499999999988));
#1596=CARTESIAN_POINT('',(0.0459999929551463,5.05000000000363,-6.7499999999988));
#1597=CARTESIAN_POINT('',(0.0459999929551463,5.45000000000363,-6.74999999999859));
#1598=CARTESIAN_POINT('Origin',(0.0459999929551463,5.25000000000363,-6.74999999999869));
#1599=CARTESIAN_POINT('',(-1.15456735787815,5.45000000000363,-6.74999999999908));
#1600=CARTESIAN_POINT('',(-1.15456735787815,5.45000000000363,-6.74999999999908));
#1601=CARTESIAN_POINT('',(-1.25214121774469,5.40313028779744,-6.74999999999914));
#1602=CARTESIAN_POINT('Origin',(-1.15456735787815,5.32500000000363,-6.74999999999914));
#1603=CARTESIAN_POINT('',(-3.00700599587509,3.21154831899802,-6.750000000001));
#1604=CARTESIAN_POINT('',(-0.0211308226330359,5.30375363800577,-6.74999999999869));
#1605=CARTESIAN_POINT('Origin',(0.0459999929551463,5.25000000000363,-6.74999999999869));
#1606=CARTESIAN_POINT('Origin',(-2.64199087197021,3.46741496320919,-0.25));
#1607=CARTESIAN_POINT('',(-2.5950842569798,3.14581774700523,-2.34852064410666E-28));
#1608=CARTESIAN_POINT('',(-2.63954154927774,3.21889488292004,-0.0119817908496587));
#1609=CARTESIAN_POINT('Ctrl Pts',(-2.63954154927774,3.21889488292004,-0.0119817908496587));
#1610=CARTESIAN_POINT('Ctrl Pts',(-2.6358897959907,3.2128922755301,-0.0100418713630455));
#1611=CARTESIAN_POINT('Ctrl Pts',(-2.63217560996008,3.20678704366951,-0.00829897605729838));
#1612=CARTESIAN_POINT('Ctrl Pts',(-2.61715836290256,3.18210228786085,-0.00225011343547957));
#1613=CARTESIAN_POINT('Ctrl Pts',(-2.60564718756315,3.16318067385027,2.75065016161445E-17));
#1614=CARTESIAN_POINT('Ctrl Pts',(-2.5950842569798,3.14581774700523,-2.39036699445623E-18));
#1615=CARTESIAN_POINT('',(-2.84512962023413,3.21372292755618,-1.79361175880362E-29));
#1616=CARTESIAN_POINT('Origin',(-2.64199087197021,3.46741496320919,0.));
#1617=CARTESIAN_POINT('Origin',(-2.84512962023413,3.21372292755618,-0.25));
#1618=CARTESIAN_POINT('',(-2.6303247291497,3.36199247408456,-0.129302396977883));
#1619=CARTESIAN_POINT('Ctrl Pts',(-2.58344655605029,3.42053679053291,-0.25));
#1620=CARTESIAN_POINT('Ctrl Pts',(-2.59497966455124,3.40613354251638,-0.216311913821041));
#1621=CARTESIAN_POINT('Ctrl Pts',(-2.60768741838365,3.39026332589904,-0.179157401215773));
#1622=CARTESIAN_POINT('Ctrl Pts',(-2.6252856553525,3.36828557621472,-0.13987355760687));
#1623=CARTESIAN_POINT('Ctrl Pts',(-2.62777439122301,3.36517749134864,-0.134535844262698));
#1624=CARTESIAN_POINT('Ctrl Pts',(-2.63032472914971,3.36199247408454,-0.129302396977852));
#1625=CARTESIAN_POINT('Ctrl Pts',(-2.6303247291497,3.36199247408456,-0.129302396977882));
#1626=CARTESIAN_POINT('Ctrl Pts',(-2.63376645743104,3.3576942342312,-0.122239762822646));
#1627=CARTESIAN_POINT('Ctrl Pts',(-2.63719465058557,3.35283460205588,-0.114588388639659));
#1628=CARTESIAN_POINT('Ctrl Pts',(-2.64571035028174,3.33838837280042,-0.0940781075609436));
#1629=CARTESIAN_POINT('Ctrl Pts',(-2.65019319590064,3.32829030878699,-0.0817805378836941));
#1630=CARTESIAN_POINT('Ctrl Pts',(-2.65723698464781,3.30251483719729,-0.0563621191222738));
#1631=CARTESIAN_POINT('Ctrl Pts',(-2.65846793660429,3.28799763141491,-0.0455845780503664));
#1632=CARTESIAN_POINT('Ctrl Pts',(-2.65622487864595,3.25962790875322,-0.0282976918454155));
#1633=CARTESIAN_POINT('Ctrl Pts',(-2.65256103257343,3.24481424392855,-0.02135970980699));
#1634=CARTESIAN_POINT('Ctrl Pts',(-2.64388608328238,3.22647930931117,-0.0145208093839791));
#1635=CARTESIAN_POINT('Ctrl Pts',(-2.64181795965887,3.22263675612272,-0.0131910874554158));
#1636=CARTESIAN_POINT('Ctrl Pts',(-2.63954154927774,3.21889488292004,-0.0119817908496587));
#1637=CARTESIAN_POINT('Origin',(-2.57148154612295,2.99460478655231,-0.25));
#1638=CARTESIAN_POINT('',(-2.88415916418075,3.24497504267371,4.74737487824811E-30));
#1639=CARTESIAN_POINT('Origin',(-2.88415916418075,3.24497504267371,-0.25));
#1640=CARTESIAN_POINT('',(-2.57148154612295,2.99460478655231,0.));
#1641=CARTESIAN_POINT('Origin',(-2.68102041591683,3.49866707832672,-0.25));
#1642=CARTESIAN_POINT('',(-2.93722046277508,3.29870074118511,-2.35770177775442E-28));
#1643=CARTESIAN_POINT('Ctrl Pts',(-2.93722046277508,3.29870074118511,-1.65672436664895E-29));
#1644=CARTESIAN_POINT('Ctrl Pts',(-2.92852054908062,3.30956572304611,-3.47694868554059E-17));
#1645=CARTESIAN_POINT('Ctrl Pts',(-2.919000920275,3.3214544150411,-0.0011746542817931));
#1646=CARTESIAN_POINT('Ctrl Pts',(-2.90023816163392,3.34488649028426,-0.00620113185816736));
#1647=CARTESIAN_POINT('Ctrl Pts',(-2.89099465133282,3.35643034868109,-0.0100493192662434));
#1648=CARTESIAN_POINT('Ctrl Pts',(-2.87406121329372,3.37757785698985,-0.0192277672065529));
#1649=CARTESIAN_POINT('Ctrl Pts',(-2.86479418151224,3.38915109044332,-0.025547156286866));
#1650=CARTESIAN_POINT('Ctrl Pts',(-2.84706179560242,3.41129637349195,-0.0406255518589455));
#1651=CARTESIAN_POINT('Ctrl Pts',(-2.83859397419758,3.42187150437219,-0.0493771302182585));
#1652=CARTESIAN_POINT('Ctrl Pts',(-2.81196523801259,3.45512709124261,-0.0810650430250584));
#1653=CARTESIAN_POINT('Ctrl Pts',(-2.79414688077559,3.47737974051843,-0.111427755342024));
#1654=CARTESIAN_POINT('Ctrl Pts',(-2.76380559417012,3.51527178636914,-0.179157401215772));
#1655=CARTESIAN_POINT('Ctrl Pts',(-2.75109784033771,3.53114200298648,-0.216311913821041));
#1656=CARTESIAN_POINT('Ctrl Pts',(-2.73956473183676,3.54554525100301,-0.25));
#1657=CARTESIAN_POINT('Origin',(-2.68102041591683,3.49866707832672,0.));
#1658=CARTESIAN_POINT('Origin',(-1.40785670970066,4.00693568544107,-1.61406881995208E-28));
#1659=CARTESIAN_POINT('',(-2.4259606472204,2.86781905707233,-2.44618131370422E-28));
#1660=CARTESIAN_POINT('',(-2.4259606472204,2.86781905707233,-2.44618131370422E-28));
#1661=CARTESIAN_POINT('',(-2.76769082461598,2.65992368469193,-2.63740647862459E-28));
#1662=CARTESIAN_POINT('Origin',(-2.59682573591819,2.76387137088213,-2.54179389616441E-28));
#1663=CARTESIAN_POINT('',(-3.01622281644749,3.06845072733171,-2.4938913255764E-28));
#1664=CARTESIAN_POINT('',(-3.06171341235364,3.14322636678363,-2.46762271610841E-28));
#1665=CARTESIAN_POINT('',(-3.00700599587792,3.2115483189944,-2.41931885171857E-28));
#1666=CARTESIAN_POINT('Origin',(-2.90943213601137,3.13341803120058,-1.61406881995208E-28));
#1667=CARTESIAN_POINT('',(-1.21461124703107,5.45,-8.36725513212375E-29));
#1668=CARTESIAN_POINT('',(-2.50182573591819,2.76387137088213,-2.51781252464569E-28));
#1669=CARTESIAN_POINT('Origin',(-2.59682573591819,2.76387137088213,-2.54179389616441E-28));
#1670=CARTESIAN_POINT('Origin',(-1.42163942422633,4.99146414455018,-0.25));
#1671=CARTESIAN_POINT('',(-1.21864307565701,5.05,-0.0273681909514735));
#1672=CARTESIAN_POINT('',(-1.10195433913984,5.05,-1.01023530324064E-28));
#1673=CARTESIAN_POINT('Ctrl Pts',(-1.10195433913984,5.05,1.36592399683213E-18));
#1674=CARTESIAN_POINT('Ctrl Pts',(-1.11789678327201,5.05,6.89707041693483E-18));
#1675=CARTESIAN_POINT('Ctrl Pts',(-1.13530727794987,5.05,-0.00157395165761503));
#1676=CARTESIAN_POINT('Ctrl Pts',(-1.16942943556322,5.05,-0.00830078404660289));
#1677=CARTESIAN_POINT('Ctrl Pts',(-1.18614172042556,5.05,-0.0134505096418733));
#1678=CARTESIAN_POINT('Ctrl Pts',(-1.20674002727245,5.05,-0.021796459193484));
#1679=CARTESIAN_POINT('Ctrl Pts',(-1.21268464256721,5.05,-0.0244434670933118));
#1680=CARTESIAN_POINT('Ctrl Pts',(-1.21864307565701,5.05,-0.0273681909514735));
#1681=CARTESIAN_POINT('',(-1.31621693416128,5.00313028962819,-0.129302394832012));
#1682=CARTESIAN_POINT('Ctrl Pts',(-1.21864307565702,5.05,-0.0273681909514736));
#1683=CARTESIAN_POINT('Ctrl Pts',(-1.23099972927726,5.05000000001054,-0.0334335103226265));
#1684=CARTESIAN_POINT('Ctrl Pts',(-1.24266956299267,5.04818051908994,-0.0405861204718361));
#1685=CARTESIAN_POINT('Ctrl Pts',(-1.2666114586574,5.041241707888,-0.0589790150742134));
#1686=CARTESIAN_POINT('Ctrl Pts',(-1.27800164016764,5.03563624757858,-0.0704506870846615));
#1687=CARTESIAN_POINT('Ctrl Pts',(-1.29733822717102,5.02278950282485,-0.095045022541764));
#1688=CARTESIAN_POINT('Ctrl Pts',(-1.30535077113071,5.01561117306271,-0.108136853305367));
#1689=CARTESIAN_POINT('Ctrl Pts',(-1.31354642247677,5.00638204695762,-0.123899355195795));
#1690=CARTESIAN_POINT('Ctrl Pts',(-1.31491480024537,5.00475647367193,-0.126630337524808));
#1691=CARTESIAN_POINT('Ctrl Pts',(-1.3162169341613,5.00313028962817,-0.129302394832046));
#1692=CARTESIAN_POINT('',(-1.36309510830641,4.94458597187389,-0.25));
#1693=CARTESIAN_POINT('Ctrl Pts',(-1.31621693416127,5.00313028962821,-0.129302394831982));
#1694=CARTESIAN_POINT('Ctrl Pts',(-1.31876727245337,4.99994527190778,-0.13453584280369));
#1695=CARTESIAN_POINT('Ctrl Pts',(-1.32125600867243,4.99683718660641,-0.139873556866266));
#1696=CARTESIAN_POINT('Ctrl Pts',(-1.33885424597305,4.97485943650775,-0.179157401215772));
#1697=CARTESIAN_POINT('Ctrl Pts',(-1.35156199980546,4.95898921989042,-0.216311913821041));
#1698=CARTESIAN_POINT('Ctrl Pts',(-1.36309510830641,4.94458597187389,-0.25));
#1699=CARTESIAN_POINT('',(-1.37476125155005,5.0500084604701,-0.25));
#1700=CARTESIAN_POINT('Origin',(-1.42163942422633,4.99146414455018,-0.25));
#1701=CARTESIAN_POINT('',(-1.21850067596242,5.24515618020319,1.79361175880362E-29));
#1702=CARTESIAN_POINT('Origin',(-1.21850067596242,5.24515618020319,-0.25));
#1703=CARTESIAN_POINT('Origin',(-1.42163942422633,4.99146414455018,0.));
#1704=CARTESIAN_POINT('Origin',(-1.02291168974448,5.08854226943437,-0.25));
#1705=CARTESIAN_POINT('',(-1.41379079549666,5.08126057558763,-0.25));
#1706=CARTESIAN_POINT('',(-1.25753021990904,5.27640829532072,3.56220609263071E-30));
#1707=CARTESIAN_POINT('Origin',(-1.25753021990904,5.27640829532072,-0.25));
#1708=CARTESIAN_POINT('',(-1.02291168974448,5.08854226943437,0.));
#1709=CARTESIAN_POINT('',(-1.1791722653321,4.89339454970129,-0.25));
#1710=CARTESIAN_POINT('Origin',(-1.46066896817295,5.0227162596677,-0.25));
#1711=CARTESIAN_POINT('',(-1.51921328409288,5.06959443234399,-0.25));
#1712=CARTESIAN_POINT('',(-1.32155755315456,5.31643894216189,-9.31153658439742E-29));
#1713=CARTESIAN_POINT('Ctrl Pts',(-1.51921328409288,5.06959443234399,-0.25));
#1714=CARTESIAN_POINT('Ctrl Pts',(-1.50768017559193,5.08399768036052,-0.216311913821041));
#1715=CARTESIAN_POINT('Ctrl Pts',(-1.49497242175952,5.09986789697785,-0.179157401215772));
#1716=CARTESIAN_POINT('Ctrl Pts',(-1.46463113515404,5.13775994282857,-0.111427755342024));
#1717=CARTESIAN_POINT('Ctrl Pts',(-1.44681277791705,5.16001259210439,-0.0810650430250582));
#1718=CARTESIAN_POINT('Ctrl Pts',(-1.42018404173206,5.1932681789748,-0.0493771302182584));
#1719=CARTESIAN_POINT('Ctrl Pts',(-1.41171622032722,5.20384330985505,-0.0406255518589453));
#1720=CARTESIAN_POINT('Ctrl Pts',(-1.3939838344174,5.22598859290367,-0.0255471562868659));
#1721=CARTESIAN_POINT('Ctrl Pts',(-1.38471680263591,5.23756182635715,-0.0192277672065528));
#1722=CARTESIAN_POINT('Ctrl Pts',(-1.36778336459682,5.25870933466591,-0.0100493192662434));
#1723=CARTESIAN_POINT('Ctrl Pts',(-1.35853985429571,5.27025319306274,-0.00620113185816699));
#1724=CARTESIAN_POINT('Ctrl Pts',(-1.33977709565464,5.2936852683059,-0.00117465428179285));
#1725=CARTESIAN_POINT('Ctrl Pts',(-1.33025746684902,5.30557396030089,2.66015358618067E-18));
#1726=CARTESIAN_POINT('Ctrl Pts',(-1.32155755315456,5.31643894216189,1.83412222877054E-29));
#1727=CARTESIAN_POINT('Origin',(-1.46066896817295,5.0227162596677,0.));
#1728=CARTESIAN_POINT('Origin',(-1.46066896817295,5.0227162596677,-0.25));
#1729=CARTESIAN_POINT('Origin',(-1.46066896817295,5.0227162596677,0.1));
#1730=CARTESIAN_POINT('',(-1.51921328409288,5.06959443234399,0.1));
#1731=CARTESIAN_POINT('',(-1.41379079549666,5.08126057558763,0.1));
#1732=CARTESIAN_POINT('Origin',(-1.47233511141659,5.12813874826392,0.2));
#1733=CARTESIAN_POINT('',(-1.37476125155005,5.0500084604701,0.1));
#1734=CARTESIAN_POINT('Origin',(-1.42163942422633,4.99146414455018,0.1));
#1735=CARTESIAN_POINT('',(-1.36309510830641,4.94458597187389,0.1));
#1736=CARTESIAN_POINT('Origin',(-2.6850321452023,3.29367052240221,-2.29658010780193E-28));
#1737=CARTESIAN_POINT('',(-1.31621693562721,5.00313028779755,-6.94999999999937));
#1738=CARTESIAN_POINT('',(-1.31621693562724,5.00313028779741,-6.74999999999937));
#1739=CARTESIAN_POINT('',(-1.31621693563012,5.00313028779382,0.2));
#1740=CARTESIAN_POINT('',(-1.31621693563012,5.00313028779382,-1.67571449898529E-28));
#1741=CARTESIAN_POINT('',(-2.63032472872658,3.36199247461298,0.2));
#1742=CARTESIAN_POINT('',(-2.6850321452023,3.29367052240221,0.2));
#1743=CARTESIAN_POINT('',(-2.63032472872658,3.36199247461298,-2.37138071075307E-28));
#1744=CARTESIAN_POINT('',(-2.63032472872367,3.36199247461671,-6.95000000000077));
#1745=CARTESIAN_POINT('',(-2.63032472872375,3.36199247461661,-6.75000000000077));
#1746=CARTESIAN_POINT('',(-1.31621693562721,5.00313028779755,-6.94999999999937));
#1747=CARTESIAN_POINT('',(-2.4115599229039,3.6351992822393,-6.35500000000054));
#1748=CARTESIAN_POINT('Origin',(-2.4115599229039,3.6351992822393,-6.45000000000053));
#1749=CARTESIAN_POINT('',(-1.5349817414528,4.72992348016749,-0.205));
#1750=CARTESIAN_POINT('Origin',(-1.5349817414528,4.72992348016749,-0.3));
#1751=CARTESIAN_POINT('',(-1.5349817414528,4.72992348016749,-6.35500000000053));
#1752=CARTESIAN_POINT('Origin',(-1.5349817414528,4.72992348016749,-6.45000000000053));
#1753=CARTESIAN_POINT('',(-2.4115599229039,3.6351992822393,-0.205));
#1754=CARTESIAN_POINT('Origin',(-2.4115599229039,3.6351992822393,-0.3));
#1755=CARTESIAN_POINT('Origin',(-1.21461124703107,5.45,-8.36725513212375E-29));
#1756=CARTESIAN_POINT('',(-1.25214121774461,5.40313028779755,-6.94999999999914));
#1757=CARTESIAN_POINT('',(-1.25214121774469,5.40313028779744,-6.74999999999914));
#1758=CARTESIAN_POINT('',(-3.00700599587501,3.21154831899813,-6.950000000001));
#1759=CARTESIAN_POINT('',(-3.00700599587501,3.21154831899813,-6.950000000001));
#1760=CARTESIAN_POINT('',(-3.00700599587509,3.21154831899802,-6.750000000001));
#1761=CARTESIAN_POINT('',(-3.00700599587509,3.21154831899802,-6.750000000001));
#1762=CARTESIAN_POINT('',(-3.00700599587509,3.21154831899802,-6.750000000001));
#1763=CARTESIAN_POINT('',(-3.00700599587792,3.2115483189944,0.2));
#1764=CARTESIAN_POINT('',(-3.00700599587792,3.2115483189944,-1.65217411466039E-28));
#1765=CARTESIAN_POINT('',(-1.25214121774752,5.40313028779382,0.2));
#1766=CARTESIAN_POINT('',(-1.21461124703107,5.45,0.2));
#1767=CARTESIAN_POINT('',(-1.25214121774752,5.40313028779382,-8.698625672505E-29));
#1768=CARTESIAN_POINT('',(-1.25214121774752,5.40313028779382,-6.77614005387563E-29));
#1769=CARTESIAN_POINT('',(-1.21461124703107,5.45,-8.36725513212375E-29));
#1770=CARTESIAN_POINT('',(-2.56767809869037,3.7602077427094,-6.35500000000054));
#1771=CARTESIAN_POINT('Origin',(-2.56767809869037,3.7602077427094,-6.45000000000053));
#1772=CARTESIAN_POINT('',(-1.69109991723927,4.85493194063759,-0.205));
#1773=CARTESIAN_POINT('Origin',(-1.69109991723927,4.85493194063759,-0.3));
#1774=CARTESIAN_POINT('',(-1.69109991723927,4.85493194063759,-6.35500000000053));
#1775=CARTESIAN_POINT('Origin',(-1.69109991723927,4.85493194063759,-6.45000000000053));
#1776=CARTESIAN_POINT('',(-2.56767809869037,3.7602077427094,-0.205));
#1777=CARTESIAN_POINT('Origin',(-2.56767809869037,3.7602077427094,-0.3));
#1778=CARTESIAN_POINT('Origin',(-2.4115599229039,3.6351992822393,-0.3));
#1779=CARTESIAN_POINT('',(-2.4115599229039,3.6351992822393,-0.205));
#1780=CARTESIAN_POINT('Origin',(-1.5349817414528,4.72992348016749,-6.45000000000053));
#1781=CARTESIAN_POINT('',(-1.5349817414528,4.72992348016749,-6.35500000000053));
#1782=CARTESIAN_POINT('Origin',(-1.5349817414528,4.72992348016749,-0.3));
#1783=CARTESIAN_POINT('',(-1.5349817414528,4.72992348016749,-0.205));
#1784=CARTESIAN_POINT('Origin',(-2.4115599229039,3.6351992822393,-6.45000000000053));
#1785=CARTESIAN_POINT('',(-2.4115599229039,3.6351992822393,-6.35500000000054));
#1786=CARTESIAN_POINT('Origin',(-1.3942160715267,4.00693568544469,-6.74999999999993));
#1787=CARTESIAN_POINT('',(-3.01622281644466,3.06845072733534,-6.75000000000108));
#1788=CARTESIAN_POINT('Origin',(-2.90943213600854,3.13341803120421,-6.750000000001));
#1789=CARTESIAN_POINT('',(-2.76769082461315,2.65992368469556,-6.75000000000119));
#1790=CARTESIAN_POINT('',(-2.76769082461315,2.65992368469556,-6.75000000000119));
#1791=CARTESIAN_POINT('',(-2.42596064721757,2.86781905707596,-6.75000000000094));
#1792=CARTESIAN_POINT('Origin',(-2.59682573591536,2.76387137088576,-6.75000000000106));
#1793=CARTESIAN_POINT('',(-2.63954154929332,3.21889488295392,-6.75000000000084));
#1794=CARTESIAN_POINT('',(-2.67098186941394,2.82325038960906,-6.75000000000106));
#1795=CARTESIAN_POINT('Origin',(-2.59682573591536,2.76387137088576,-6.75000000000106));
#1796=CARTESIAN_POINT('Origin',(-2.59682573591536,2.76387137088576,-6.75000000000106));
#1797=CARTESIAN_POINT('',(-2.67098186941385,2.82325038960916,-6.95000000000106));
#1798=CARTESIAN_POINT('Origin',(-2.59682573591528,2.76387137088586,-6.95000000000107));
#1799=CARTESIAN_POINT('',(-2.67098186941394,2.82325038960906,-6.75000000000106));
#1800=CARTESIAN_POINT('Origin',(0.0459999929551463,5.25000000000363,-6.74999999999869));
#1801=CARTESIAN_POINT('',(-0.0211308226329546,5.30375363800588,-6.94999999999869));
#1802=CARTESIAN_POINT('Origin',(0.0459999929552278,5.25000000000373,-6.94999999999869));
#1803=CARTESIAN_POINT('',(-0.0211308226330359,5.30375363800577,-6.74999999999869));
#1804=CARTESIAN_POINT('Origin',(-2.59682573591536,2.76387137088576,-6.75000000000106));
#1805=CARTESIAN_POINT('',(-2.76769082461307,2.65992368469566,-6.95000000000119));
#1806=CARTESIAN_POINT('',(-2.76769082461315,2.65992368469556,-6.75000000000119));
#1807=CARTESIAN_POINT('',(-2.42596064721749,2.86781905707606,-6.95000000000094));
#1808=CARTESIAN_POINT('Origin',(-2.59682573591528,2.76387137088586,-6.95000000000107));
#1809=CARTESIAN_POINT('',(-2.42596064721757,2.86781905707596,-6.75000000000094));
#1810=CARTESIAN_POINT('Origin',(-2.63954154929332,3.21889488295392,-6.75000000000084));
#1811=CARTESIAN_POINT('',(-2.63954154929324,3.21889488295402,-6.95000000000084));
#1812=CARTESIAN_POINT('',(-2.63954154929324,3.21889488295402,-6.95000000000084));
#1813=CARTESIAN_POINT('',(-2.63954154929332,3.21889488295392,-6.75000000000084));
#1814=CARTESIAN_POINT('Origin',(-2.5327508688572,3.28386218682279,-6.75000000000077));
#1815=CARTESIAN_POINT('Origin',(-2.53275086885712,3.2838621868229,-6.95000000000077));
#1816=CARTESIAN_POINT('Origin',(-1.21864307576075,4.92500000000363,-6.74999999999938));
#1817=CARTESIAN_POINT('',(-1.21864307576066,5.05000000000373,-6.94999999999931));
#1818=CARTESIAN_POINT('Origin',(-1.21864307576066,4.92500000000373,-6.94999999999937));
#1819=CARTESIAN_POINT('',(-1.21864307576075,5.05000000000363,-6.74999999999931));
#1820=CARTESIAN_POINT('Origin',(0.0459999929551467,5.05000000000363,-6.7499999999988));
#1821=CARTESIAN_POINT('',(0.0459999929552282,5.05000000000373,-6.9499999999988));
#1822=CARTESIAN_POINT('',(0.0459999929552278,5.05000000000373,-6.9499999999988));
#1823=CARTESIAN_POINT('',(0.0459999929551467,5.05000000000363,-6.7499999999988));
#1824=CARTESIAN_POINT('Origin',(0.0459999929551463,5.25000000000363,-6.74999999999869));
#1825=CARTESIAN_POINT('',(0.0459999929552278,5.45000000000373,-6.94999999999859));
#1826=CARTESIAN_POINT('Origin',(0.0459999929552278,5.25000000000373,-6.94999999999869));
#1827=CARTESIAN_POINT('',(0.0459999929551463,5.45000000000363,-6.74999999999859));
#1828=CARTESIAN_POINT('Origin',(-1.15456735787815,5.45000000000363,-6.74999999999908));
#1829=CARTESIAN_POINT('',(-1.15456735787806,5.45000000000373,-6.94999999999908));
#1830=CARTESIAN_POINT('',(-1.15456735787806,5.45000000000373,-6.94999999999908));
#1831=CARTESIAN_POINT('',(-1.15456735787815,5.45000000000363,-6.74999999999908));
#1832=CARTESIAN_POINT('Origin',(-1.15456735787815,5.32500000000363,-6.74999999999914));
#1833=CARTESIAN_POINT('Origin',(-1.15456735787806,5.32500000000373,-6.94999999999914));
#1834=CARTESIAN_POINT('Origin',(-2.90943213600854,3.13341803120421,-6.750000000001));
#1835=CARTESIAN_POINT('',(-3.01622281644458,3.06845072733544,-6.95000000000108));
#1836=CARTESIAN_POINT('Origin',(-2.90943213600846,3.13341803120431,-6.950000000001));
#1837=CARTESIAN_POINT('',(-3.01622281644466,3.06845072733534,-6.75000000000108));
#1838=CARTESIAN_POINT('Origin',(-2.76769082461315,2.65992368469556,-6.75000000000119));
#1839=CARTESIAN_POINT('',(-2.76769082461307,2.65992368469566,-6.95000000000119));
#1840=CARTESIAN_POINT('Origin',(-1.39421607152662,4.0069356854448,-6.94999999999993));
#1841=CARTESIAN_POINT('Origin',(-1.40785670970066,4.00693568544107,0.2));
#1842=CARTESIAN_POINT('',(-1.21864307576358,5.05,0.2));
#1843=CARTESIAN_POINT('Origin',(-1.21864307576358,4.925,0.2));
#1844=CARTESIAN_POINT('',(0.0459999929523175,5.05,0.2));
#1845=CARTESIAN_POINT('',(-1.27868696491367,5.05,0.2));
#1846=CARTESIAN_POINT('',(0.0459999929523175,5.45,0.2));
#1847=CARTESIAN_POINT('Origin',(0.0459999929523175,5.25,0.2));
#1848=CARTESIAN_POINT('',(-1.15456735788097,5.45,0.2));
#1849=CARTESIAN_POINT('',(0.0459999929523175,5.45,0.2));
#1850=CARTESIAN_POINT('Origin',(-1.15456735788097,5.325,0.2));
#1851=CARTESIAN_POINT('',(-3.01622281644749,3.06845072733171,0.2));
#1852=CARTESIAN_POINT('Origin',(-2.90943213601137,3.13341803120058,0.2));
#1853=CARTESIAN_POINT('',(-2.76769082461598,2.65992368469193,0.2));
#1854=CARTESIAN_POINT('',(-3.06171341235364,3.14322636678363,0.2));
#1855=CARTESIAN_POINT('',(-2.4259606472204,2.86781905707233,0.2));
#1856=CARTESIAN_POINT('Origin',(-2.59682573591819,2.76387137088213,0.2));
#1857=CARTESIAN_POINT('',(-2.63954154929615,3.21889488295029,0.2));
#1858=CARTESIAN_POINT('',(-2.4259606472204,2.86781905707233,0.2));
#1859=CARTESIAN_POINT('Origin',(-2.53275086886003,3.28386218681917,0.2));
#1860=CARTESIAN_POINT('',(-2.50182573591819,2.76387137088213,0.2));
#1861=CARTESIAN_POINT('Origin',(-2.59682573591819,2.76387137088213,0.2));
#1862=CARTESIAN_POINT('',(0.131999992952317,5.25,0.2));
#1863=CARTESIAN_POINT('Origin',(0.0459999929523175,5.25,0.2));
#1864=CARTESIAN_POINT('Origin',(-1.40785670970066,4.00693568544107,-1.61406881995208E-28));
#1865=CARTESIAN_POINT('',(-1.15456735788097,5.45,-8.21568304653037E-29));
#1866=CARTESIAN_POINT('Origin',(-1.15456735788097,5.325,-1.61406881995208E-28));
#1867=CARTESIAN_POINT('',(0.0459999929523175,5.45,-5.18502497562751E-29));
#1868=CARTESIAN_POINT('',(0.0459999929523175,5.45,-5.18502497562751E-29));
#1869=CARTESIAN_POINT('',(0.0459999929523175,5.05,-7.2045088929933E-29));
#1870=CARTESIAN_POINT('Origin',(0.0459999929523175,5.25,-6.19476693431041E-29));
#1871=CARTESIAN_POINT('',(-1.27868696491367,5.05,-1.05484889016865E-28));
#1872=CARTESIAN_POINT('',(0.131999992952317,5.25,-5.97767241319358E-29));
#1873=CARTESIAN_POINT('Origin',(0.0459999929523175,5.25,-6.19476693431041E-29));
#1874=CARTESIAN_POINT('Origin',(-2.90943213601137,3.13341803120058,-1.65217411466039E-28));
#1875=CARTESIAN_POINT('',(-3.01622281644749,3.06845072733171,-1.65217411466039E-28));
#1876=CARTESIAN_POINT('Origin',(-3.06171341235364,3.14322636678363,-2.46762271610841E-28));
#1877=CARTESIAN_POINT('',(-2.76769082461598,2.65992368469193,-2.63740647862459E-28));
#1878=CARTESIAN_POINT('Origin',(-1.15456735788097,5.325,-6.77614005387563E-29));
#1879=CARTESIAN_POINT('',(-1.15456735788097,5.45,-6.77614005387563E-29));
#1880=CARTESIAN_POINT('Origin',(0.0459999929523175,5.45,-5.18502497562751E-29));
#1881=CARTESIAN_POINT('',(0.0459999929523175,5.45,-5.18502497562751E-29));
#1882=CARTESIAN_POINT('Origin',(-1.21864307576358,4.925,-1.67571449898529E-28));
#1883=CARTESIAN_POINT('',(-1.21864307576358,5.05,-1.67571449898529E-28));
#1884=CARTESIAN_POINT('Origin',(-1.27868696491367,5.05,-1.05484889016865E-28));
#1885=CARTESIAN_POINT('',(0.0459999929523175,5.05,-7.2045088929933E-29));
#1886=CARTESIAN_POINT('Origin',(-2.53275086886003,3.28386218681917,-2.37138071075307E-28));
#1887=CARTESIAN_POINT('',(-2.63954154929615,3.21889488295029,-2.37138071075307E-28));
#1888=CARTESIAN_POINT('Origin',(0.0459999929523175,5.25,-6.19476693431041E-29));
#1889=CARTESIAN_POINT('',(0.131999992952317,5.25,-6.19476693431041E-29));
#1890=CARTESIAN_POINT('Origin',(-2.59682573591819,2.76387137088213,-2.54179389616441E-28));
#1891=CARTESIAN_POINT('',(-2.50182573591819,2.76387137088213,-2.54179389616441E-28));
#1892=CARTESIAN_POINT('Origin',(0.0459999929523175,5.25,-6.19476693431041E-29));
#1893=CARTESIAN_POINT('Origin',(-2.4259606472204,2.86781905707233,-2.44618131370422E-28));
#1894=CARTESIAN_POINT('',(-2.4259606472204,2.86781905707233,-2.44618131370422E-28));
#1895=CARTESIAN_POINT('Origin',(-2.59682573591819,2.76387137088213,-2.54179389616441E-28));
#1896=UNCERTAINTY_MEASURE_WITH_UNIT(LENGTH_MEASURE(0.000393700787401575),
#1902,'DISTANCE_ACCURACY_VALUE',
'Maximum model space distance between geometric entities at asserted c
onnectivities');
#1897=UNCERTAINTY_MEASURE_WITH_UNIT(LENGTH_MEASURE(0.000393700787401575),
#1902,'DISTANCE_ACCURACY_VALUE',
'Maximum model space distance between geometric entities at asserted c
onnectivities');
#1898=(
GEOMETRIC_REPRESENTATION_CONTEXT(3)
GLOBAL_UNCERTAINTY_ASSIGNED_CONTEXT((#1896))
GLOBAL_UNIT_ASSIGNED_CONTEXT((#1902,#1906,#1907))
REPRESENTATION_CONTEXT('','3D')
);
#1899=(
GEOMETRIC_REPRESENTATION_CONTEXT(3)
GLOBAL_UNCERTAINTY_ASSIGNED_CONTEXT((#1897))
GLOBAL_UNIT_ASSIGNED_CONTEXT((#1902,#1906,#1907))
REPRESENTATION_CONTEXT('','3D')
);
#1900=DIMENSIONAL_EXPONENTS(1.,0.,0.,0.,0.,0.,0.);
#1901=DIMENSIONAL_EXPONENTS(0.,1.,0.,0.,0.,0.,0.);
#1902=(
CONVERSION_BASED_UNIT('inch',#1905)
LENGTH_UNIT()
NAMED_UNIT(#1900)
);
#1903=(
LENGTH_UNIT()
NAMED_UNIT(*)
SI_UNIT(.MILLI.,.METRE.)
);
#1904=(
LENGTH_UNIT()
NAMED_UNIT(*)
SI_UNIT(.CENTI.,.METRE.)
);
#1905=LENGTH_MEASURE_WITH_UNIT(LENGTH_MEASURE(25.4),#1903);
#1906=(
NAMED_UNIT(*)
PLANE_ANGLE_UNIT()
SI_UNIT($,.RADIAN.)
);
#1907=(
NAMED_UNIT(*)
SI_UNIT($,.STERADIAN.)
SOLID_ANGLE_UNIT()
);
#1908=SHAPE_DEFINITION_REPRESENTATION(#1909,#1910);
#1909=PRODUCT_DEFINITION_SHAPE('',$,#1912);
#1910=SHAPE_REPRESENTATION('',(#1044),#1898);
#1911=PRODUCT_DEFINITION_CONTEXT('part definition',#1916,'design');
#1912=PRODUCT_DEFINITION('PistonMech','PistonMech',#1913,#1911);
#1913=PRODUCT_DEFINITION_FORMATION('',$,#1918);
#1914=PRODUCT_RELATED_PRODUCT_CATEGORY('PistonMech','PistonMech',(#1918));
#1915=APPLICATION_PROTOCOL_DEFINITION('international standard',
'automotive_design',2009,#1916);
#1916=APPLICATION_CONTEXT(
'Core Data for Automotive Mechanical Design Process');
#1917=PRODUCT_CONTEXT('part definition',#1916,'mechanical');
#1918=PRODUCT('PistonMech','PistonMech',$,(#1917));
#1919=PRESENTATION_STYLE_ASSIGNMENT((#1920));
#1920=SURFACE_STYLE_USAGE(.BOTH.,#1923);
#1921=SURFACE_STYLE_RENDERING_WITH_PROPERTIES($,#1927,(#1922));
#1922=SURFACE_STYLE_TRANSPARENT(0.);
#1923=SURFACE_SIDE_STYLE('',(#1924,#1921));
#1924=SURFACE_STYLE_FILL_AREA(#1925);
#1925=FILL_AREA_STYLE('',(#1926));
#1926=FILL_AREA_STYLE_COLOUR('',#1927);
#1927=COLOUR_RGB('',0.0196078431372549,0.0196078431372549,0.0196078431372549);
ENDSEC;
END-ISO-10303-21;
