ISO-10303-21;
HEADER;
/* Generated by software containing ST-Developer
 * from STEP Tools, Inc. (www.steptools.com) 
 */

FILE_DESCRIPTION(
/* description */ (''),
/* implementation_level */ '2;1');

FILE_NAME(
/* name */ 'RoundyBit.stp',
/* time_stamp */ '2025-10-13T19:18:54-04:00',
/* author */ ('Teddy'),
/* organization */ (''),
/* preprocessor_version */ 'ST-DEVELOPER v20.1',
/* originating_system */ 'Autodesk Inventor 2026',
/* authorisation */ '');

FILE_SCHEMA (('AUTOMOTIVE_DESIGN { 1 0 10303 214 3 1 1 }'));
ENDSEC;

DATA;
#10=MECHANICAL_DESIGN_GEOMETRIC_PRESENTATION_REPRESENTATION('',(#151,#152,
#153,#154,#155,#156,#157,#158,#159,#160,#161,#162,#163,#164,#165,#166,#167,
#168,#169,#170,#171,#172,#173,#174,#175,#176,#177,#178,#179,#180,#181,#182,
#183,#184,#185,#186,#187,#188,#189,#190,#191,#192,#193,#194,#195,#196,#197,
#198,#199,#200,#201,#202,#203,#204,#205,#206,#207,#208,#209,#210,#211,#212,
#213,#214,#215,#216,#217,#218,#219,#220,#221,#222,#223,#224,#225,#226,#227,
#228,#229,#230,#231,#232,#233,#234,#235,#236,#237,#238,#239,#240,#241,#242,
#243,#244,#245,#246,#247,#248,#249,#250,#251,#252,#253,#254,#255,#256,#257,
#258,#259,#260,#261,#262,#263,#264,#265,#266,#267,#268,#269,#270,#271,#272,
#273,#274,#275,#276,#277,#278,#279,#280,#281,#282,#283),#5468);
#11=GEOMETRICALLY_BOUNDED_WIREFRAME_SHAPE_REPRESENTATION('',(#12),#5467);
#12=GEOMETRIC_CURVE_SET('Sketch7',(#5464));
#13=SHAPE_REPRESENTATION_RELATIONSHIP('SRR','None',#5479,#15);
#14=SHAPE_REPRESENTATION_RELATIONSHIP('SRR','None',#5479,#11);
#15=ADVANCED_BREP_SHAPE_REPRESENTATION('',(#16),#5467);
#16=MANIFOLD_SOLID_BREP('Solid4',#3062);
#17=B_SPLINE_SURFACE_WITH_KNOTS('',3,1,((#4827,#4828),(#4829,#4830),(#4831,
#4832),(#4833,#4834),(#4835,#4836),(#4837,#4838),(#4839,#4840)),
 .UNSPECIFIED.,.F.,.F.,.F.,(4,3,4),(2,2),(0.,0.00020738145105359,0.00041476290210718),
(0.,1.875),.UNSPECIFIED.);
#18=B_SPLINE_SURFACE_WITH_KNOTS('',3,1,((#4856,#4857),(#4858,#4859),(#4860,
#4861),(#4862,#4863),(#4864,#4865),(#4866,#4867),(#4868,#4869),(#4870,#4871),
(#4872,#4873),(#4874,#4875)),.UNSPECIFIED.,.F.,.F.,.F.,(4,2,2,2,4),(2,2),
(0.00315005522438501,0.00393839991300703,0.00472674460162906,0.00551508929025108,
0.00630343397887311),(0.,1.725),.UNSPECIFIED.);
#19=B_SPLINE_SURFACE_WITH_KNOTS('',3,1,((#4890,#4891),(#4892,#4893),(#4894,
#4895),(#4896,#4897),(#4898,#4899),(#4900,#4901)),.UNSPECIFIED.,.F.,.F.,
 .F.,(4,2,4),(2,2),(0.,0.00096454021771227,0.00192908043542454),(0.,1.725),
 .UNSPECIFIED.);
#20=B_SPLINE_SURFACE_WITH_KNOTS('',3,1,((#4914,#4915),(#4916,#4917),(#4918,
#4919),(#4920,#4921),(#4922,#4923),(#4924,#4925)),.UNSPECIFIED.,.F.,.F.,
 .F.,(4,2,4),(2,2),(0.,0.000963249600916618,0.00192649920183324),(0.,1.725),
 .UNSPECIFIED.);
#21=B_SPLINE_SURFACE_WITH_KNOTS('',3,1,((#4934,#4935),(#4936,#4937),(#4938,
#4939),(#4940,#4941),(#4942,#4943),(#4944,#4945),(#4946,#4947),(#4948,#4949),
(#4950,#4951),(#4952,#4953)),.UNSPECIFIED.,.F.,.F.,.F.,(4,2,2,2,4),(2,2),
(0.,0.000787513806096251,0.0015750276121925,0.00236254141828875,0.00315005522438501),
(0.,1.725),.UNSPECIFIED.);
#22=B_SPLINE_SURFACE_WITH_KNOTS('',3,1,((#5162,#5163),(#5164,#5165),(#5166,
#5167),(#5168,#5169),(#5170,#5171),(#5172,#5173),(#5174,#5175),(#5176,#5177),
(#5178,#5179),(#5180,#5181),(#5182,#5183),(#5184,#5185),(#5186,#5187)),
 .UNSPECIFIED.,.F.,.F.,.F.,(4,3,3,3,4),(2,2),(0.,0.000244942746559097,0.000388239548229486,
0.00051114760794072,0.00077593012237216),(0.,1.875),.UNSPECIFIED.);
#23=B_SPLINE_SURFACE_WITH_KNOTS('',3,1,((#5207,#5208),(#5209,#5210),(#5211,
#5212),(#5213,#5214),(#5215,#5216),(#5217,#5218)),.UNSPECIFIED.,.F.,.F.,
 .F.,(4,2,4),(2,2),(0.,0.000301951801941341,0.000603903603882682),(0.,1.875),
 .UNSPECIFIED.);
#24=B_SPLINE_SURFACE_WITH_KNOTS('',3,1,((#5273,#5274),(#5275,#5276),(#5277,
#5278),(#5279,#5280),(#5281,#5282),(#5283,#5284)),.UNSPECIFIED.,.F.,.F.,
 .F.,(4,2,4),(2,2),(0.,0.000301951801940191,0.000603903603880382),(0.,1.875),
 .UNSPECIFIED.);
#25=B_SPLINE_SURFACE_WITH_KNOTS('',3,1,((#5297,#5298),(#5299,#5300),(#5301,
#5302),(#5303,#5304),(#5305,#5306),(#5307,#5308),(#5309,#5310),(#5311,#5312),
(#5313,#5314),(#5315,#5316),(#5317,#5318),(#5319,#5320),(#5321,#5322)),
 .UNSPECIFIED.,.F.,.F.,.F.,(4,3,3,3,4),(2,2),(0.,0.000244942746109979,0.000388239548249461,
0.000511147607870775,0.000775930122419971),(0.,1.875),.UNSPECIFIED.);
#26=B_SPLINE_SURFACE_WITH_KNOTS('',3,1,((#5354,#5355),(#5356,#5357),(#5358,
#5359),(#5360,#5361),(#5362,#5363),(#5364,#5365),(#5366,#5367)),
 .UNSPECIFIED.,.F.,.F.,.F.,(4,3,4),(2,2),(0.,0.000207381451053534,0.000414762902107069),
(0.,1.875),.UNSPECIFIED.);
#27=B_SPLINE_SURFACE_WITH_KNOTS('',3,1,((#5389,#5390),(#5391,#5392),(#5393,
#5394),(#5395,#5396),(#5397,#5398),(#5399,#5400),(#5401,#5402)),
 .UNSPECIFIED.,.F.,.F.,.F.,(4,3,4),(2,2),(3.5762240613455E-18,0.000207192007082509,
0.000414384014165015),(0.,1.875),.UNSPECIFIED.);
#28=B_SPLINE_SURFACE_WITH_KNOTS('',3,1,((#5410,#5411),(#5412,#5413),(#5414,
#5415),(#5416,#5417),(#5418,#5419),(#5420,#5421),(#5422,#5423)),
 .UNSPECIFIED.,.F.,.F.,.F.,(4,3,4),(2,2),(0.,0.000207192007082452,0.000414384014164904),
(0.,1.875),.UNSPECIFIED.);
#29=(
BOUNDED_SURFACE()
B_SPLINE_SURFACE(1,2,((#4815,#4816,#4817),(#4818,#4819,#4820)),
 .UNSPECIFIED.,.F.,.F.,.F.)
B_SPLINE_SURFACE_WITH_KNOTS((2,2),(3,3),(-7.96818601859029E-16,43.9399365982609),
(-2.02416360052134,-1.10950755311148),.UNSPECIFIED.)
GEOMETRIC_REPRESENTATION_ITEM()
RATIONAL_B_SPLINE_SURFACE(((1.,0.897235516269708,1.),(1.,0.897235516269708,
1.)))
REPRESENTATION_ITEM('')
SURFACE()
);
#30=(
BOUNDED_SURFACE()
B_SPLINE_SURFACE(1,2,((#5231,#5232,#5233),(#5234,#5235,#5236)),
 .UNSPECIFIED.,.F.,.F.,.F.)
B_SPLINE_SURFACE_WITH_KNOTS((2,2),(3,3),(-2.78767291504915E-16,43.9399365945086),
(1.11742905270597,2.03208510003161),.UNSPECIFIED.)
GEOMETRIC_REPRESENTATION_ITEM()
RATIONAL_B_SPLINE_SURFACE(((1.,0.897235516288301,1.),(1.,0.897235516288301,
1.)))
REPRESENTATION_ITEM('')
SURFACE()
);
#31=B_SPLINE_CURVE_WITH_KNOTS('',3,(#4338,#4339,#4340,#4341,#4342,#4343,
#4344),.UNSPECIFIED.,.F.,.F.,(4,3,4),(0.,0.0615059258072037,0.123011851614407),
 .UNSPECIFIED.);
#32=B_SPLINE_CURVE_WITH_KNOTS('',3,(#4346,#4347,#4348,#4349,#4350,#4351,
#4352,#4353,#4354,#4355,#4356,#4357,#4358),.UNSPECIFIED.,.F.,.F.,(4,3,3,
3,4),(0.,0.0594744240537069,0.118948848107414,0.178423272161121,0.237897696214828),
 .UNSPECIFIED.);
#33=B_SPLINE_CURVE_WITH_KNOTS('',3,(#4360,#4361,#4362,#4363,#4364,#4365,
#4366,#4367,#4368,#4369,#4370,#4371,#4372),.UNSPECIFIED.,.F.,.F.,(4,3,3,
3,4),(0.,0.0827510783696527,0.165502156739305,0.248253235108958,0.331004313478611),
 .UNSPECIFIED.);
#34=B_SPLINE_CURVE_WITH_KNOTS('',3,(#4373,#4374,#4375,#4376,#4377,#4378,
#4379),.UNSPECIFIED.,.F.,.F.,(4,3,4),(0.,0.095090333696704,0.190180667393408),
 .UNSPECIFIED.);
#35=B_SPLINE_CURVE_WITH_KNOTS('',3,(#4398,#4399,#4400,#4401,#4402,#4403,
#4404),.UNSPECIFIED.,.F.,.F.,(4,3,4),(0.,0.0208401191047205,0.041680238209441),
 .UNSPECIFIED.);
#36=B_SPLINE_CURVE_WITH_KNOTS('',3,(#4416,#4417,#4418,#4419,#4420,#4421,
#4422),.UNSPECIFIED.,.F.,.F.,(4,3,4),(0.,0.0208401191047,0.0416802382094001),
 .UNSPECIFIED.);
#37=B_SPLINE_CURVE_WITH_KNOTS('',3,(#4707,#4708,#4709,#4710,#4711,#4712,
#4713),.UNSPECIFIED.,.F.,.F.,(4,3,4),(-0.0417044902246603,-0.0208522451123301,
0.),.UNSPECIFIED.);
#38=B_SPLINE_CURVE_WITH_KNOTS('',3,(#4723,#4724,#4725,#4726,#4727,#4728,
#4729,#4730,#4731,#4732,#4733,#4734,#4735),.UNSPECIFIED.,.F.,.F.,(4,3,3,
3,4),(-0.0775092548444258,-0.0510595852085388,-0.0387820464967912,-0.0244678343860661,
0.),.UNSPECIFIED.);
#39=B_SPLINE_CURVE_WITH_KNOTS('',3,(#4739,#4740,#4741,#4742,#4743,#4744,
#4745,#4746,#4747,#4748),.UNSPECIFIED.,.F.,.F.,(4,2,2,2,4),(-0.059945756221448,
-0.0459964411239545,-0.0308901078469569,-0.0150885118738842,0.),
 .UNSPECIFIED.);
#40=B_SPLINE_CURVE_WITH_KNOTS('',3,(#4772,#4773,#4774,#4775,#4776,#4777,
#4778),.UNSPECIFIED.,.F.,.F.,(4,3,4),(-0.0599457562301838,-0.0299728781150919,
0.),.UNSPECIFIED.);
#41=B_SPLINE_CURVE_WITH_KNOTS('',3,(#4782,#4783,#4784,#4785,#4786,#4787,
#4788,#4789,#4790,#4791,#4792,#4793,#4794),.UNSPECIFIED.,.F.,.F.,(4,3,3,
3,4),(-0.0775092549450446,-0.0510595852849551,-0.0387820465475306,-0.0244678344642001,
0.),.UNSPECIFIED.);
#42=B_SPLINE_CURVE_WITH_KNOTS('',3,(#4804,#4805,#4806,#4807,#4808,#4809,
#4810),.UNSPECIFIED.,.F.,.F.,(4,3,4),(-0.0417044902247034,-0.0208522451123517,
0.),.UNSPECIFIED.);
#43=B_SPLINE_CURVE_WITH_KNOTS('',3,(#4844,#4845,#4846,#4847,#4848,#4849,
#4850),.UNSPECIFIED.,.F.,.F.,(4,3,4),(0.,0.00020738145105359,0.00041476290210718),
 .UNSPECIFIED.);
#44=B_SPLINE_CURVE_WITH_KNOTS('',3,(#4879,#4880,#4881,#4882,#4883,#4884,
#4885,#4886,#4887,#4888),.UNSPECIFIED.,.F.,.F.,(4,2,2,2,4),(0.00315005522438501,
0.00393839991300703,0.00472674460162906,0.00551508929025108,0.00630343397887311),
 .UNSPECIFIED.);
#45=B_SPLINE_CURVE_WITH_KNOTS('',3,(#4904,#4905,#4906,#4907,#4908,#4909),
 .UNSPECIFIED.,.F.,.F.,(4,2,4),(0.,0.00096454021771227,0.00192908043542454),
 .UNSPECIFIED.);
#46=B_SPLINE_CURVE_WITH_KNOTS('',3,(#4928,#4929,#4930,#4931,#4932,#4933),
 .UNSPECIFIED.,.F.,.F.,(4,2,4),(0.,0.000963249600916618,0.00192649920183324),
 .UNSPECIFIED.);
#47=B_SPLINE_CURVE_WITH_KNOTS('',3,(#4954,#4955,#4956,#4957,#4958,#4959,
#4960,#4961,#4962,#4963),.UNSPECIFIED.,.F.,.F.,(4,2,2,2,4),(0.,0.000787513806096251,
0.0015750276121925,0.00236254141828875,0.00315005522438501),
 .UNSPECIFIED.);
#48=B_SPLINE_CURVE_WITH_KNOTS('',3,(#5190,#5191,#5192,#5193,#5194,#5195,
#5196,#5197,#5198,#5199,#5200,#5201,#5202),.UNSPECIFIED.,.F.,.F.,(4,3,3,
3,4),(0.,0.000244942746559097,0.000388239548229486,0.00051114760794072,
0.00077593012237216),.UNSPECIFIED.);
#49=B_SPLINE_CURVE_WITH_KNOTS('',3,(#5221,#5222,#5223,#5224,#5225,#5226),
 .UNSPECIFIED.,.F.,.F.,(4,2,4),(0.,0.000301951801941341,0.000603903603882682),
 .UNSPECIFIED.);
#50=B_SPLINE_CURVE_WITH_KNOTS('',3,(#5287,#5288,#5289,#5290,#5291,#5292),
 .UNSPECIFIED.,.F.,.F.,(4,2,4),(0.,0.000301951801940191,0.000603903603880382),
 .UNSPECIFIED.);
#51=B_SPLINE_CURVE_WITH_KNOTS('',3,(#5325,#5326,#5327,#5328,#5329,#5330,
#5331,#5332,#5333,#5334,#5335,#5336,#5337),.UNSPECIFIED.,.F.,.F.,(4,3,3,
3,4),(0.,0.000244942746109979,0.000388239548249461,0.000511147607870775,
0.000775930122419971),.UNSPECIFIED.);
#52=B_SPLINE_CURVE_WITH_KNOTS('',3,(#5370,#5371,#5372,#5373,#5374,#5375,
#5376),.UNSPECIFIED.,.F.,.F.,(4,3,4),(0.,0.000207381451053534,0.000414762902107069),
 .UNSPECIFIED.);
#53=B_SPLINE_CURVE_WITH_KNOTS('',3,(#5403,#5404,#5405,#5406,#5407,#5408,
#5409),.UNSPECIFIED.,.F.,.F.,(4,3,4),(3.5762240613455E-18,0.000207192007082509,
0.000414384014165015),.UNSPECIFIED.);
#54=B_SPLINE_CURVE_WITH_KNOTS('',3,(#5426,#5427,#5428,#5429,#5430,#5431,
#5432),.UNSPECIFIED.,.F.,.F.,(4,3,4),(0.,0.000207192007082452,0.000414384014164904),
 .UNSPECIFIED.);
#55=ELLIPSE('',#3122,0.0111999702856068,0.0104996261889281);
#56=ELLIPSE('',#3125,0.0111999702865632,0.0104996261910609);
#57=ELLIPSE('',#3252,0.0111999702856068,0.0104996261889281);
#58=ELLIPSE('',#3257,0.0111999702865632,0.0104996261910609);
#59=ELLIPSE('',#3265,0.0111999702856068,0.0104996261889281);
#60=ELLIPSE('',#3337,0.0111999702865632,0.0104996261910609);
#61=FACE_BOUND('',#433,.T.);
#62=FACE_BOUND('',#434,.T.);
#63=FACE_BOUND('',#435,.T.);
#64=FACE_BOUND('',#436,.T.);
#65=FACE_BOUND('',#437,.T.);
#66=FACE_BOUND('',#438,.T.);
#67=FACE_BOUND('',#439,.T.);
#68=FACE_BOUND('',#440,.T.);
#69=FACE_BOUND('',#441,.T.);
#70=FACE_BOUND('',#442,.T.);
#71=FACE_BOUND('',#443,.T.);
#72=FACE_BOUND('',#444,.T.);
#73=FACE_BOUND('',#445,.T.);
#74=FACE_BOUND('',#446,.T.);
#75=FACE_BOUND('',#447,.T.);
#76=FACE_BOUND('',#448,.T.);
#77=FACE_BOUND('',#449,.T.);
#78=FACE_BOUND('',#478,.T.);
#79=FACE_BOUND('',#484,.T.);
#80=FACE_BOUND('',#487,.T.);
#81=FACE_BOUND('',#495,.T.);
#82=FACE_BOUND('',#496,.T.);
#83=FACE_BOUND('',#527,.T.);
#84=FACE_BOUND('',#559,.T.);
#85=FACE_BOUND('',#560,.T.);
#86=FACE_BOUND('',#561,.T.);
#87=FACE_BOUND('',#562,.T.);
#88=FACE_BOUND('',#563,.T.);
#89=FACE_BOUND('',#604,.T.);
#90=FACE_BOUND('',#605,.T.);
#91=FACE_BOUND('',#606,.T.);
#92=FACE_BOUND('',#607,.T.);
#93=FACE_BOUND('',#608,.T.);
#94=FACE_BOUND('',#609,.T.);
#95=PLANE('',#3090);
#96=PLANE('',#3143);
#97=PLANE('',#3146);
#98=PLANE('',#3166);
#99=PLANE('',#3169);
#100=PLANE('',#3172);
#101=PLANE('',#3180);
#102=PLANE('',#3183);
#103=PLANE('',#3184);
#104=PLANE('',#3187);
#105=PLANE('',#3188);
#106=PLANE('',#3191);
#107=PLANE('',#3192);
#108=PLANE('',#3193);
#109=PLANE('',#3194);
#110=PLANE('',#3197);
#111=PLANE('',#3209);
#112=PLANE('',#3210);
#113=PLANE('',#3214);
#114=PLANE('',#3217);
#115=PLANE('',#3220);
#116=PLANE('',#3229);
#117=PLANE('',#3247);
#118=PLANE('',#3262);
#119=PLANE('',#3270);
#120=PLANE('',#3275);
#121=PLANE('',#3279);
#122=PLANE('',#3283);
#123=PLANE('',#3287);
#124=PLANE('',#3288);
#125=PLANE('',#3289);
#126=PLANE('',#3290);
#127=PLANE('',#3294);
#128=PLANE('',#3298);
#129=PLANE('',#3302);
#130=PLANE('',#3306);
#131=PLANE('',#3310);
#132=PLANE('',#3314);
#133=PLANE('',#3315);
#134=PLANE('',#3316);
#135=PLANE('',#3317);
#136=PLANE('',#3321);
#137=PLANE('',#3325);
#138=PLANE('',#3326);
#139=PLANE('',#3329);
#140=PLANE('',#3332);
#141=PLANE('',#3340);
#142=PLANE('',#3343);
#143=PLANE('',#3346);
#144=PLANE('',#3355);
#145=PLANE('',#3358);
#146=PLANE('',#3361);
#147=PLANE('',#3364);
#148=PLANE('',#3365);
#149=PLANE('',#3368);
#150=PLANE('',#3379);
#151=STYLED_ITEM('',(#5488),#2917);
#152=STYLED_ITEM('',(#5488),#2918);
#153=STYLED_ITEM('',(#5488),#2920);
#154=STYLED_ITEM('',(#5488),#2922);
#155=STYLED_ITEM('',(#5488),#2924);
#156=STYLED_ITEM('',(#5488),#2926);
#157=STYLED_ITEM('',(#5488),#2929);
#158=STYLED_ITEM('',(#5488),#2932);
#159=STYLED_ITEM('',(#5488),#2934);
#160=STYLED_ITEM('',(#5488),#2936);
#161=STYLED_ITEM('',(#5488),#2937);
#162=STYLED_ITEM('',(#5488),#2940);
#163=STYLED_ITEM('',(#5488),#2942);
#164=STYLED_ITEM('',(#5488),#2943);
#165=STYLED_ITEM('',(#5488),#2944);
#166=STYLED_ITEM('',(#5488),#2945);
#167=STYLED_ITEM('',(#5488),#2946);
#168=STYLED_ITEM('',(#5488),#2947);
#169=STYLED_ITEM('',(#5488),#2948);
#170=STYLED_ITEM('',(#5488),#2949);
#171=STYLED_ITEM('',(#5488),#2950);
#172=STYLED_ITEM('',(#5488),#2951);
#173=STYLED_ITEM('',(#5488),#2952);
#174=STYLED_ITEM('',(#5488),#2953);
#175=STYLED_ITEM('',(#5488),#2954);
#176=STYLED_ITEM('',(#5488),#2955);
#177=STYLED_ITEM('',(#5488),#2956);
#178=STYLED_ITEM('',(#5488),#2957);
#179=STYLED_ITEM('',(#5488),#2958);
#180=STYLED_ITEM('',(#5488),#2959);
#181=STYLED_ITEM('',(#5488),#2960);
#182=STYLED_ITEM('',(#5488),#2961);
#183=STYLED_ITEM('',(#5488),#2962);
#184=STYLED_ITEM('',(#5488),#2963);
#185=STYLED_ITEM('',(#5488),#2964);
#186=STYLED_ITEM('',(#5488),#2965);
#187=STYLED_ITEM('',(#5488),#2966);
#188=STYLED_ITEM('',(#5488),#2967);
#189=STYLED_ITEM('',(#5488),#2968);
#190=STYLED_ITEM('',(#5488),#2969);
#191=STYLED_ITEM('',(#5488),#2970);
#192=STYLED_ITEM('',(#5488),#2971);
#193=STYLED_ITEM('',(#5488),#2972);
#194=STYLED_ITEM('',(#5488),#2973);
#195=STYLED_ITEM('',(#5488),#2974);
#196=STYLED_ITEM('',(#5488),#2975);
#197=STYLED_ITEM('',(#5488),#2976);
#198=STYLED_ITEM('',(#5488),#2977);
#199=STYLED_ITEM('',(#5488),#2978);
#200=STYLED_ITEM('',(#5488),#2979);
#201=STYLED_ITEM('',(#5488),#2980);
#202=STYLED_ITEM('',(#5488),#2981);
#203=STYLED_ITEM('',(#5488),#2982);
#204=STYLED_ITEM('',(#5488),#2983);
#205=STYLED_ITEM('',(#5488),#2984);
#206=STYLED_ITEM('',(#5488),#2985);
#207=STYLED_ITEM('',(#5488),#2986);
#208=STYLED_ITEM('',(#5488),#2987);
#209=STYLED_ITEM('',(#5488),#2988);
#210=STYLED_ITEM('',(#5488),#2989);
#211=STYLED_ITEM('',(#5488),#2990);
#212=STYLED_ITEM('',(#5488),#2991);
#213=STYLED_ITEM('',(#5488),#2992);
#214=STYLED_ITEM('',(#5488),#2993);
#215=STYLED_ITEM('',(#5488),#2994);
#216=STYLED_ITEM('',(#5488),#2995);
#217=STYLED_ITEM('',(#5488),#2996);
#218=STYLED_ITEM('',(#5488),#2997);
#219=STYLED_ITEM('',(#5488),#2998);
#220=STYLED_ITEM('',(#5488),#2999);
#221=STYLED_ITEM('',(#5488),#3000);
#222=STYLED_ITEM('',(#5488),#3001);
#223=STYLED_ITEM('',(#5488),#3002);
#224=STYLED_ITEM('',(#5488),#3003);
#225=STYLED_ITEM('',(#5488),#3004);
#226=STYLED_ITEM('',(#5488),#3005);
#227=STYLED_ITEM('',(#5488),#3006);
#228=STYLED_ITEM('',(#5488),#3007);
#229=STYLED_ITEM('',(#5488),#3008);
#230=STYLED_ITEM('',(#5488),#3009);
#231=STYLED_ITEM('',(#5488),#3010);
#232=STYLED_ITEM('',(#5488),#3011);
#233=STYLED_ITEM('',(#5488),#3012);
#234=STYLED_ITEM('',(#5488),#3013);
#235=STYLED_ITEM('',(#5488),#3014);
#236=STYLED_ITEM('',(#5488),#3015);
#237=STYLED_ITEM('',(#5488),#3016);
#238=STYLED_ITEM('',(#5488),#3017);
#239=STYLED_ITEM('',(#5488),#3018);
#240=STYLED_ITEM('',(#5488),#3019);
#241=STYLED_ITEM('',(#5488),#3020);
#242=STYLED_ITEM('',(#5488),#3021);
#243=STYLED_ITEM('',(#5488),#3022);
#244=STYLED_ITEM('',(#5488),#3023);
#245=STYLED_ITEM('',(#5488),#3024);
#246=STYLED_ITEM('',(#5488),#3025);
#247=STYLED_ITEM('',(#5488),#3026);
#248=STYLED_ITEM('',(#5488),#3027);
#249=STYLED_ITEM('',(#5488),#3028);
#250=STYLED_ITEM('',(#5488),#3029);
#251=STYLED_ITEM('',(#5488),#3030);
#252=STYLED_ITEM('',(#5488),#3031);
#253=STYLED_ITEM('',(#5488),#3032);
#254=STYLED_ITEM('',(#5488),#3033);
#255=STYLED_ITEM('',(#5488),#3034);
#256=STYLED_ITEM('',(#5488),#3035);
#257=STYLED_ITEM('',(#5488),#3036);
#258=STYLED_ITEM('',(#5488),#3037);
#259=STYLED_ITEM('',(#5488),#3038);
#260=STYLED_ITEM('',(#5488),#3039);
#261=STYLED_ITEM('',(#5488),#3040);
#262=STYLED_ITEM('',(#5488),#3041);
#263=STYLED_ITEM('',(#5488),#3042);
#264=STYLED_ITEM('',(#5488),#3043);
#265=STYLED_ITEM('',(#5488),#3044);
#266=STYLED_ITEM('',(#5488),#3045);
#267=STYLED_ITEM('',(#5488),#3046);
#268=STYLED_ITEM('',(#5488),#3047);
#269=STYLED_ITEM('',(#5488),#3048);
#270=STYLED_ITEM('',(#5488),#3049);
#271=STYLED_ITEM('',(#5488),#3050);
#272=STYLED_ITEM('',(#5488),#3051);
#273=STYLED_ITEM('',(#5488),#3052);
#274=STYLED_ITEM('',(#5488),#3053);
#275=STYLED_ITEM('',(#5488),#3054);
#276=STYLED_ITEM('',(#5488),#3055);
#277=STYLED_ITEM('',(#5488),#3056);
#278=STYLED_ITEM('',(#5488),#3057);
#279=STYLED_ITEM('',(#5488),#3058);
#280=STYLED_ITEM('',(#5488),#3059);
#281=STYLED_ITEM('',(#5488),#3060);
#282=STYLED_ITEM('',(#5488),#3061);
#283=STYLED_ITEM('',(#5488),#16);
#284=FACE_OUTER_BOUND('',#430,.T.);
#285=FACE_OUTER_BOUND('',#431,.T.);
#286=FACE_OUTER_BOUND('',#432,.T.);
#287=FACE_OUTER_BOUND('',#450,.T.);
#288=FACE_OUTER_BOUND('',#451,.T.);
#289=FACE_OUTER_BOUND('',#452,.T.);
#290=FACE_OUTER_BOUND('',#453,.T.);
#291=FACE_OUTER_BOUND('',#454,.T.);
#292=FACE_OUTER_BOUND('',#455,.T.);
#293=FACE_OUTER_BOUND('',#456,.T.);
#294=FACE_OUTER_BOUND('',#457,.T.);
#295=FACE_OUTER_BOUND('',#458,.T.);
#296=FACE_OUTER_BOUND('',#459,.T.);
#297=FACE_OUTER_BOUND('',#460,.T.);
#298=FACE_OUTER_BOUND('',#461,.T.);
#299=FACE_OUTER_BOUND('',#462,.T.);
#300=FACE_OUTER_BOUND('',#463,.T.);
#301=FACE_OUTER_BOUND('',#464,.T.);
#302=FACE_OUTER_BOUND('',#465,.T.);
#303=FACE_OUTER_BOUND('',#466,.T.);
#304=FACE_OUTER_BOUND('',#467,.T.);
#305=FACE_OUTER_BOUND('',#468,.T.);
#306=FACE_OUTER_BOUND('',#469,.T.);
#307=FACE_OUTER_BOUND('',#470,.T.);
#308=FACE_OUTER_BOUND('',#471,.T.);
#309=FACE_OUTER_BOUND('',#472,.T.);
#310=FACE_OUTER_BOUND('',#473,.T.);
#311=FACE_OUTER_BOUND('',#474,.T.);
#312=FACE_OUTER_BOUND('',#475,.T.);
#313=FACE_OUTER_BOUND('',#476,.T.);
#314=FACE_OUTER_BOUND('',#477,.T.);
#315=FACE_OUTER_BOUND('',#479,.T.);
#316=FACE_OUTER_BOUND('',#480,.T.);
#317=FACE_OUTER_BOUND('',#481,.T.);
#318=FACE_OUTER_BOUND('',#482,.T.);
#319=FACE_OUTER_BOUND('',#483,.T.);
#320=FACE_OUTER_BOUND('',#485,.T.);
#321=FACE_OUTER_BOUND('',#486,.T.);
#322=FACE_OUTER_BOUND('',#488,.T.);
#323=FACE_OUTER_BOUND('',#489,.T.);
#324=FACE_OUTER_BOUND('',#490,.T.);
#325=FACE_OUTER_BOUND('',#491,.T.);
#326=FACE_OUTER_BOUND('',#492,.T.);
#327=FACE_OUTER_BOUND('',#493,.T.);
#328=FACE_OUTER_BOUND('',#494,.T.);
#329=FACE_OUTER_BOUND('',#497,.T.);
#330=FACE_OUTER_BOUND('',#498,.T.);
#331=FACE_OUTER_BOUND('',#499,.T.);
#332=FACE_OUTER_BOUND('',#500,.T.);
#333=FACE_OUTER_BOUND('',#501,.T.);
#334=FACE_OUTER_BOUND('',#502,.T.);
#335=FACE_OUTER_BOUND('',#503,.T.);
#336=FACE_OUTER_BOUND('',#504,.T.);
#337=FACE_OUTER_BOUND('',#505,.T.);
#338=FACE_OUTER_BOUND('',#506,.T.);
#339=FACE_OUTER_BOUND('',#507,.T.);
#340=FACE_OUTER_BOUND('',#508,.T.);
#341=FACE_OUTER_BOUND('',#509,.T.);
#342=FACE_OUTER_BOUND('',#510,.T.);
#343=FACE_OUTER_BOUND('',#511,.T.);
#344=FACE_OUTER_BOUND('',#512,.T.);
#345=FACE_OUTER_BOUND('',#513,.T.);
#346=FACE_OUTER_BOUND('',#514,.T.);
#347=FACE_OUTER_BOUND('',#515,.T.);
#348=FACE_OUTER_BOUND('',#516,.T.);
#349=FACE_OUTER_BOUND('',#517,.T.);
#350=FACE_OUTER_BOUND('',#518,.T.);
#351=FACE_OUTER_BOUND('',#519,.T.);
#352=FACE_OUTER_BOUND('',#520,.T.);
#353=FACE_OUTER_BOUND('',#521,.T.);
#354=FACE_OUTER_BOUND('',#522,.T.);
#355=FACE_OUTER_BOUND('',#523,.T.);
#356=FACE_OUTER_BOUND('',#524,.T.);
#357=FACE_OUTER_BOUND('',#525,.T.);
#358=FACE_OUTER_BOUND('',#526,.T.);
#359=FACE_OUTER_BOUND('',#528,.T.);
#360=FACE_OUTER_BOUND('',#529,.T.);
#361=FACE_OUTER_BOUND('',#530,.T.);
#362=FACE_OUTER_BOUND('',#531,.T.);
#363=FACE_OUTER_BOUND('',#532,.T.);
#364=FACE_OUTER_BOUND('',#533,.T.);
#365=FACE_OUTER_BOUND('',#534,.T.);
#366=FACE_OUTER_BOUND('',#535,.T.);
#367=FACE_OUTER_BOUND('',#536,.T.);
#368=FACE_OUTER_BOUND('',#537,.T.);
#369=FACE_OUTER_BOUND('',#538,.T.);
#370=FACE_OUTER_BOUND('',#539,.T.);
#371=FACE_OUTER_BOUND('',#540,.T.);
#372=FACE_OUTER_BOUND('',#541,.T.);
#373=FACE_OUTER_BOUND('',#542,.T.);
#374=FACE_OUTER_BOUND('',#543,.T.);
#375=FACE_OUTER_BOUND('',#544,.T.);
#376=FACE_OUTER_BOUND('',#545,.T.);
#377=FACE_OUTER_BOUND('',#546,.T.);
#378=FACE_OUTER_BOUND('',#547,.T.);
#379=FACE_OUTER_BOUND('',#548,.T.);
#380=FACE_OUTER_BOUND('',#549,.T.);
#381=FACE_OUTER_BOUND('',#550,.T.);
#382=FACE_OUTER_BOUND('',#551,.T.);
#383=FACE_OUTER_BOUND('',#552,.T.);
#384=FACE_OUTER_BOUND('',#553,.T.);
#385=FACE_OUTER_BOUND('',#554,.T.);
#386=FACE_OUTER_BOUND('',#555,.T.);
#387=FACE_OUTER_BOUND('',#556,.T.);
#388=FACE_OUTER_BOUND('',#557,.T.);
#389=FACE_OUTER_BOUND('',#558,.T.);
#390=FACE_OUTER_BOUND('',#564,.T.);
#391=FACE_OUTER_BOUND('',#565,.T.);
#392=FACE_OUTER_BOUND('',#566,.T.);
#393=FACE_OUTER_BOUND('',#567,.T.);
#394=FACE_OUTER_BOUND('',#568,.T.);
#395=FACE_OUTER_BOUND('',#569,.T.);
#396=FACE_OUTER_BOUND('',#570,.T.);
#397=FACE_OUTER_BOUND('',#571,.T.);
#398=FACE_OUTER_BOUND('',#572,.T.);
#399=FACE_OUTER_BOUND('',#573,.T.);
#400=FACE_OUTER_BOUND('',#574,.T.);
#401=FACE_OUTER_BOUND('',#575,.T.);
#402=FACE_OUTER_BOUND('',#576,.T.);
#403=FACE_OUTER_BOUND('',#577,.T.);
#404=FACE_OUTER_BOUND('',#578,.T.);
#405=FACE_OUTER_BOUND('',#579,.T.);
#406=FACE_OUTER_BOUND('',#580,.T.);
#407=FACE_OUTER_BOUND('',#581,.T.);
#408=FACE_OUTER_BOUND('',#582,.T.);
#409=FACE_OUTER_BOUND('',#583,.T.);
#410=FACE_OUTER_BOUND('',#584,.T.);
#411=FACE_OUTER_BOUND('',#585,.T.);
#412=FACE_OUTER_BOUND('',#586,.T.);
#413=FACE_OUTER_BOUND('',#587,.T.);
#414=FACE_OUTER_BOUND('',#588,.T.);
#415=FACE_OUTER_BOUND('',#589,.T.);
#416=FACE_OUTER_BOUND('',#590,.T.);
#417=FACE_OUTER_BOUND('',#591,.T.);
#418=FACE_OUTER_BOUND('',#592,.T.);
#419=FACE_OUTER_BOUND('',#593,.T.);
#420=FACE_OUTER_BOUND('',#594,.T.);
#421=FACE_OUTER_BOUND('',#595,.T.);
#422=FACE_OUTER_BOUND('',#596,.T.);
#423=FACE_OUTER_BOUND('',#597,.T.);
#424=FACE_OUTER_BOUND('',#598,.T.);
#425=FACE_OUTER_BOUND('',#599,.T.);
#426=FACE_OUTER_BOUND('',#600,.T.);
#427=FACE_OUTER_BOUND('',#601,.T.);
#428=FACE_OUTER_BOUND('',#602,.T.);
#429=FACE_OUTER_BOUND('',#603,.T.);
#430=EDGE_LOOP('',(#1976,#1977,#1978,#1979));
#431=EDGE_LOOP('',(#1980,#1981,#1982,#1983));
#432=EDGE_LOOP('',(#1984,#1985,#1986,#1987,#1988,#1989,#1990,#1991,#1992,
#1993,#1994,#1995,#1996,#1997,#1998,#1999,#2000,#2001,#2002,#2003,#2004,
#2005,#2006,#2007,#2008,#2009,#2010,#2011,#2012,#2013,#2014,#2015,#2016,
#2017,#2018,#2019,#2020,#2021,#2022));
#433=EDGE_LOOP('',(#2023));
#434=EDGE_LOOP('',(#2024));
#435=EDGE_LOOP('',(#2025));
#436=EDGE_LOOP('',(#2026));
#437=EDGE_LOOP('',(#2027));
#438=EDGE_LOOP('',(#2028));
#439=EDGE_LOOP('',(#2029));
#440=EDGE_LOOP('',(#2030));
#441=EDGE_LOOP('',(#2031));
#442=EDGE_LOOP('',(#2032,#2033));
#443=EDGE_LOOP('',(#2034,#2035));
#444=EDGE_LOOP('',(#2036,#2037,#2038,#2039,#2040));
#445=EDGE_LOOP('',(#2041));
#446=EDGE_LOOP('',(#2042));
#447=EDGE_LOOP('',(#2043));
#448=EDGE_LOOP('',(#2044));
#449=EDGE_LOOP('',(#2045,#2046,#2047,#2048,#2049,#2050,#2051,#2052,#2053,
#2054,#2055,#2056,#2057,#2058,#2059,#2060));
#450=EDGE_LOOP('',(#2061,#2062,#2063,#2064));
#451=EDGE_LOOP('',(#2065,#2066,#2067,#2068));
#452=EDGE_LOOP('',(#2069,#2070,#2071,#2072));
#453=EDGE_LOOP('',(#2073,#2074,#2075,#2076,#2077,#2078));
#454=EDGE_LOOP('',(#2079,#2080,#2081,#2082,#2083,#2084));
#455=EDGE_LOOP('',(#2085,#2086,#2087,#2088));
#456=EDGE_LOOP('',(#2089,#2090,#2091,#2092));
#457=EDGE_LOOP('',(#2093,#2094,#2095,#2096));
#458=EDGE_LOOP('',(#2097,#2098,#2099,#2100));
#459=EDGE_LOOP('',(#2101,#2102,#2103,#2104));
#460=EDGE_LOOP('',(#2105,#2106,#2107,#2108));
#461=EDGE_LOOP('',(#2109,#2110,#2111,#2112));
#462=EDGE_LOOP('',(#2113,#2114,#2115,#2116));
#463=EDGE_LOOP('',(#2117,#2118,#2119,#2120));
#464=EDGE_LOOP('',(#2121,#2122,#2123,#2124));
#465=EDGE_LOOP('',(#2125,#2126,#2127,#2128,#2129,#2130));
#466=EDGE_LOOP('',(#2131,#2132,#2133,#2134));
#467=EDGE_LOOP('',(#2135,#2136,#2137,#2138,#2139,#2140));
#468=EDGE_LOOP('',(#2141,#2142,#2143,#2144));
#469=EDGE_LOOP('',(#2145,#2146,#2147,#2148));
#470=EDGE_LOOP('',(#2149,#2150,#2151,#2152));
#471=EDGE_LOOP('',(#2153,#2154,#2155,#2156));
#472=EDGE_LOOP('',(#2157,#2158,#2159,#2160));
#473=EDGE_LOOP('',(#2161,#2162,#2163,#2164,#2165,#2166));
#474=EDGE_LOOP('',(#2167,#2168,#2169,#2170));
#475=EDGE_LOOP('',(#2171,#2172,#2173,#2174));
#476=EDGE_LOOP('',(#2175,#2176,#2177,#2178));
#477=EDGE_LOOP('',(#2179,#2180,#2181,#2182,#2183,#2184,#2185,#2186,#2187,
#2188));
#478=EDGE_LOOP('',(#2189));
#479=EDGE_LOOP('',(#2190,#2191,#2192,#2193));
#480=EDGE_LOOP('',(#2194,#2195,#2196,#2197));
#481=EDGE_LOOP('',(#2198,#2199,#2200,#2201));
#482=EDGE_LOOP('',(#2202,#2203,#2204,#2205));
#483=EDGE_LOOP('',(#2206,#2207,#2208,#2209,#2210,#2211,#2212,#2213,#2214));
#484=EDGE_LOOP('',(#2215));
#485=EDGE_LOOP('',(#2216,#2217,#2218,#2219));
#486=EDGE_LOOP('',(#2220,#2221,#2222,#2223,#2224,#2225,#2226,#2227,#2228));
#487=EDGE_LOOP('',(#2229));
#488=EDGE_LOOP('',(#2230,#2231,#2232,#2233));
#489=EDGE_LOOP('',(#2234,#2235,#2236,#2237));
#490=EDGE_LOOP('',(#2238,#2239,#2240,#2241));
#491=EDGE_LOOP('',(#2242,#2243,#2244,#2245));
#492=EDGE_LOOP('',(#2246,#2247,#2248,#2249));
#493=EDGE_LOOP('',(#2250,#2251,#2252,#2253));
#494=EDGE_LOOP('',(#2254,#2255,#2256,#2257,#2258,#2259,#2260,#2261,#2262,
#2263,#2264,#2265,#2266,#2267));
#495=EDGE_LOOP('',(#2268));
#496=EDGE_LOOP('',(#2269));
#497=EDGE_LOOP('',(#2270,#2271,#2272,#2273,#2274,#2275));
#498=EDGE_LOOP('',(#2276,#2277,#2278,#2279));
#499=EDGE_LOOP('',(#2280,#2281,#2282,#2283));
#500=EDGE_LOOP('',(#2284,#2285,#2286,#2287));
#501=EDGE_LOOP('',(#2288,#2289,#2290,#2291));
#502=EDGE_LOOP('',(#2292,#2293,#2294,#2295));
#503=EDGE_LOOP('',(#2296,#2297,#2298,#2299));
#504=EDGE_LOOP('',(#2300,#2301,#2302,#2303));
#505=EDGE_LOOP('',(#2304,#2305,#2306,#2307));
#506=EDGE_LOOP('',(#2308,#2309,#2310,#2311,#2312,#2313));
#507=EDGE_LOOP('',(#2314,#2315,#2316,#2317,#2318,#2319));
#508=EDGE_LOOP('',(#2320,#2321,#2322,#2323));
#509=EDGE_LOOP('',(#2324,#2325,#2326,#2327));
#510=EDGE_LOOP('',(#2328,#2329,#2330,#2331,#2332,#2333,#2334,#2335));
#511=EDGE_LOOP('',(#2336,#2337,#2338,#2339));
#512=EDGE_LOOP('',(#2340,#2341,#2342,#2343));
#513=EDGE_LOOP('',(#2344,#2345,#2346,#2347));
#514=EDGE_LOOP('',(#2348,#2349,#2350,#2351));
#515=EDGE_LOOP('',(#2352,#2353,#2354,#2355,#2356,#2357,#2358,#2359,#2360,
#2361,#2362,#2363,#2364,#2365,#2366,#2367,#2368,#2369,#2370,#2371,#2372,
#2373,#2374,#2375,#2376,#2377,#2378,#2379,#2380,#2381,#2382,#2383));
#516=EDGE_LOOP('',(#2384,#2385,#2386,#2387));
#517=EDGE_LOOP('',(#2388,#2389,#2390,#2391));
#518=EDGE_LOOP('',(#2392,#2393,#2394,#2395,#2396,#2397));
#519=EDGE_LOOP('',(#2398,#2399,#2400,#2401));
#520=EDGE_LOOP('',(#2402,#2403,#2404,#2405));
#521=EDGE_LOOP('',(#2406,#2407,#2408,#2409));
#522=EDGE_LOOP('',(#2410,#2411,#2412,#2413));
#523=EDGE_LOOP('',(#2414,#2415,#2416,#2417));
#524=EDGE_LOOP('',(#2418,#2419,#2420,#2421));
#525=EDGE_LOOP('',(#2422,#2423,#2424,#2425));
#526=EDGE_LOOP('',(#2426));
#527=EDGE_LOOP('',(#2427,#2428,#2429,#2430,#2431));
#528=EDGE_LOOP('',(#2432,#2433,#2434,#2435));
#529=EDGE_LOOP('',(#2436,#2437,#2438,#2439));
#530=EDGE_LOOP('',(#2440,#2441,#2442,#2443));
#531=EDGE_LOOP('',(#2444,#2445,#2446,#2447));
#532=EDGE_LOOP('',(#2448,#2449,#2450,#2451));
#533=EDGE_LOOP('',(#2452,#2453,#2454,#2455));
#534=EDGE_LOOP('',(#2456,#2457,#2458,#2459));
#535=EDGE_LOOP('',(#2460,#2461,#2462,#2463));
#536=EDGE_LOOP('',(#2464,#2465,#2466,#2467));
#537=EDGE_LOOP('',(#2468,#2469,#2470,#2471));
#538=EDGE_LOOP('',(#2472,#2473,#2474,#2475));
#539=EDGE_LOOP('',(#2476,#2477,#2478,#2479));
#540=EDGE_LOOP('',(#2480,#2481,#2482,#2483));
#541=EDGE_LOOP('',(#2484,#2485,#2486,#2487));
#542=EDGE_LOOP('',(#2488,#2489,#2490,#2491));
#543=EDGE_LOOP('',(#2492,#2493,#2494,#2495));
#544=EDGE_LOOP('',(#2496,#2497,#2498,#2499));
#545=EDGE_LOOP('',(#2500,#2501,#2502,#2503));
#546=EDGE_LOOP('',(#2504,#2505,#2506,#2507));
#547=EDGE_LOOP('',(#2508,#2509,#2510,#2511));
#548=EDGE_LOOP('',(#2512,#2513,#2514,#2515));
#549=EDGE_LOOP('',(#2516,#2517,#2518,#2519));
#550=EDGE_LOOP('',(#2520,#2521,#2522,#2523));
#551=EDGE_LOOP('',(#2524,#2525,#2526,#2527));
#552=EDGE_LOOP('',(#2528,#2529,#2530,#2531));
#553=EDGE_LOOP('',(#2532,#2533,#2534,#2535));
#554=EDGE_LOOP('',(#2536,#2537,#2538,#2539));
#555=EDGE_LOOP('',(#2540,#2541,#2542,#2543));
#556=EDGE_LOOP('',(#2544,#2545,#2546,#2547));
#557=EDGE_LOOP('',(#2548,#2549,#2550,#2551));
#558=EDGE_LOOP('',(#2552,#2553,#2554,#2555,#2556,#2557,#2558,#2559,#2560,
#2561,#2562,#2563,#2564,#2565,#2566,#2567,#2568));
#559=EDGE_LOOP('',(#2569));
#560=EDGE_LOOP('',(#2570));
#561=EDGE_LOOP('',(#2571));
#562=EDGE_LOOP('',(#2572));
#563=EDGE_LOOP('',(#2573,#2574,#2575,#2576,#2577,#2578,#2579,#2580,#2581,
#2582,#2583,#2584,#2585,#2586,#2587,#2588,#2589,#2590,#2591,#2592,#2593,
#2594,#2595,#2596,#2597,#2598,#2599,#2600,#2601,#2602));
#564=EDGE_LOOP('',(#2603,#2604,#2605,#2606));
#565=EDGE_LOOP('',(#2607,#2608,#2609,#2610));
#566=EDGE_LOOP('',(#2611,#2612,#2613,#2614));
#567=EDGE_LOOP('',(#2615,#2616,#2617,#2618));
#568=EDGE_LOOP('',(#2619,#2620,#2621,#2622));
#569=EDGE_LOOP('',(#2623,#2624,#2625,#2626));
#570=EDGE_LOOP('',(#2627,#2628,#2629,#2630));
#571=EDGE_LOOP('',(#2631,#2632,#2633,#2634,#2635,#2636));
#572=EDGE_LOOP('',(#2637,#2638,#2639,#2640,#2641,#2642));
#573=EDGE_LOOP('',(#2643,#2644,#2645,#2646));
#574=EDGE_LOOP('',(#2647,#2648,#2649,#2650));
#575=EDGE_LOOP('',(#2651,#2652,#2653,#2654));
#576=EDGE_LOOP('',(#2655,#2656,#2657,#2658));
#577=EDGE_LOOP('',(#2659,#2660,#2661,#2662));
#578=EDGE_LOOP('',(#2663,#2664,#2665,#2666,#2667,#2668));
#579=EDGE_LOOP('',(#2669,#2670,#2671,#2672));
#580=EDGE_LOOP('',(#2673,#2674,#2675,#2676));
#581=EDGE_LOOP('',(#2677,#2678,#2679,#2680));
#582=EDGE_LOOP('',(#2681,#2682,#2683,#2684));
#583=EDGE_LOOP('',(#2685,#2686,#2687,#2688));
#584=EDGE_LOOP('',(#2689,#2690,#2691,#2692));
#585=EDGE_LOOP('',(#2693,#2694,#2695,#2696));
#586=EDGE_LOOP('',(#2697,#2698,#2699,#2700));
#587=EDGE_LOOP('',(#2701,#2702,#2703,#2704));
#588=EDGE_LOOP('',(#2705,#2706,#2707,#2708));
#589=EDGE_LOOP('',(#2709,#2710,#2711,#2712));
#590=EDGE_LOOP('',(#2713,#2714,#2715,#2716,#2717,#2718));
#591=EDGE_LOOP('',(#2719,#2720,#2721,#2722));
#592=EDGE_LOOP('',(#2723,#2724,#2725,#2726));
#593=EDGE_LOOP('',(#2727,#2728,#2729,#2730));
#594=EDGE_LOOP('',(#2731,#2732,#2733,#2734));
#595=EDGE_LOOP('',(#2735,#2736,#2737,#2738));
#596=EDGE_LOOP('',(#2739,#2740,#2741,#2742));
#597=EDGE_LOOP('',(#2743,#2744,#2745,#2746,#2747,#2748));
#598=EDGE_LOOP('',(#2749,#2750,#2751,#2752));
#599=EDGE_LOOP('',(#2753,#2754,#2755,#2756));
#600=EDGE_LOOP('',(#2757,#2758,#2759,#2760));
#601=EDGE_LOOP('',(#2761,#2762,#2763,#2764));
#602=EDGE_LOOP('',(#2765,#2766,#2767,#2768));
#603=EDGE_LOOP('',(#2769,#2770,#2771,#2772,#2773,#2774,#2775,#2776,#2777,
#2778,#2779,#2780,#2781,#2782,#2783,#2784,#2785,#2786,#2787,#2788,#2789,
#2790,#2791,#2792,#2793,#2794,#2795,#2796,#2797,#2798));
#604=EDGE_LOOP('',(#2799));
#605=EDGE_LOOP('',(#2800));
#606=EDGE_LOOP('',(#2801));
#607=EDGE_LOOP('',(#2802));
#608=EDGE_LOOP('',(#2803));
#609=EDGE_LOOP('',(#2804,#2805,#2806,#2807,#2808,#2809,#2810,#2811,#2812,
#2813,#2814,#2815,#2816,#2817,#2818,#2819,#2820,#2821,#2822,#2823,#2824,
#2825,#2826,#2827,#2828,#2829,#2830,#2831,#2832,#2833,#2834,#2835,#2836,
#2837,#2838,#2839));
#610=LINE('',#4224,#854);
#611=LINE('',#4227,#855);
#612=LINE('',#4232,#856);
#613=LINE('',#4236,#857);
#614=LINE('',#4242,#858);
#615=LINE('',#4246,#859);
#616=LINE('',#4254,#860);
#617=LINE('',#4258,#861);
#618=LINE('',#4264,#862);
#619=LINE('',#4266,#863);
#620=LINE('',#4274,#864);
#621=LINE('',#4278,#865);
#622=LINE('',#4282,#866);
#623=LINE('',#4286,#867);
#624=LINE('',#4294,#868);
#625=LINE('',#4298,#869);
#626=LINE('',#4302,#870);
#627=LINE('',#4306,#871);
#628=LINE('',#4392,#872);
#629=LINE('',#4396,#873);
#630=LINE('',#4424,#874);
#631=LINE('',#4428,#875);
#632=LINE('',#4435,#876);
#633=LINE('',#4438,#877);
#634=LINE('',#4439,#878);
#635=LINE('',#4444,#879);
#636=LINE('',#4445,#880);
#637=LINE('',#4448,#881);
#638=LINE('',#4450,#882);
#639=LINE('',#4452,#883);
#640=LINE('',#4453,#884);
#641=LINE('',#4459,#885);
#642=LINE('',#4462,#886);
#643=LINE('',#4463,#887);
#644=LINE('',#4470,#888);
#645=LINE('',#4471,#889);
#646=LINE('',#4475,#890);
#647=LINE('',#4479,#891);
#648=LINE('',#4484,#892);
#649=LINE('',#4485,#893);
#650=LINE('',#4488,#894);
#651=LINE('',#4493,#895);
#652=LINE('',#4498,#896);
#653=LINE('',#4499,#897);
#654=LINE('',#4501,#898);
#655=LINE('',#4506,#899);
#656=LINE('',#4507,#900);
#657=LINE('',#4509,#901);
#658=LINE('',#4511,#902);
#659=LINE('',#4512,#903);
#660=LINE('',#4515,#904);
#661=LINE('',#4518,#905);
#662=LINE('',#4521,#906);
#663=LINE('',#4523,#907);
#664=LINE('',#4525,#908);
#665=LINE('',#4526,#909);
#666=LINE('',#4531,#910);
#667=LINE('',#4536,#911);
#668=LINE('',#4541,#912);
#669=LINE('',#4542,#913);
#670=LINE('',#4545,#914);
#671=LINE('',#4546,#915);
#672=LINE('',#4551,#916);
#673=LINE('',#4552,#917);
#674=LINE('',#4555,#918);
#675=LINE('',#4557,#919);
#676=LINE('',#4559,#920);
#677=LINE('',#4560,#921);
#678=LINE('',#4562,#922);
#679=LINE('',#4566,#923);
#680=LINE('',#4568,#924);
#681=LINE('',#4570,#925);
#682=LINE('',#4574,#926);
#683=LINE('',#4576,#927);
#684=LINE('',#4579,#928);
#685=LINE('',#4580,#929);
#686=LINE('',#4582,#930);
#687=LINE('',#4587,#931);
#688=LINE('',#4593,#932);
#689=LINE('',#4597,#933);
#690=LINE('',#4601,#934);
#691=LINE('',#4605,#935);
#692=LINE('',#4609,#936);
#693=LINE('',#4611,#937);
#694=LINE('',#4614,#938);
#695=LINE('',#4618,#939);
#696=LINE('',#4622,#940);
#697=LINE('',#4626,#941);
#698=LINE('',#4627,#942);
#699=LINE('',#4630,#943);
#700=LINE('',#4634,#944);
#701=LINE('',#4635,#945);
#702=LINE('',#4638,#946);
#703=LINE('',#4642,#947);
#704=LINE('',#4643,#948);
#705=LINE('',#4647,#949);
#706=LINE('',#4651,#950);
#707=LINE('',#4655,#951);
#708=LINE('',#4659,#952);
#709=LINE('',#4662,#953);
#710=LINE('',#4664,#954);
#711=LINE('',#4665,#955);
#712=LINE('',#4674,#956);
#713=LINE('',#4675,#957);
#714=LINE('',#4680,#958);
#715=LINE('',#4683,#959);
#716=LINE('',#4684,#960);
#717=LINE('',#4687,#961);
#718=LINE('',#4691,#962);
#719=LINE('',#4694,#963);
#720=LINE('',#4697,#964);
#721=LINE('',#4701,#965);
#722=LINE('',#4705,#966);
#723=LINE('',#4717,#967);
#724=LINE('',#4721,#968);
#725=LINE('',#4756,#969);
#726=LINE('',#4760,#970);
#727=LINE('',#4764,#971);
#728=LINE('',#4796,#972);
#729=LINE('',#4800,#973);
#730=LINE('',#4811,#974);
#731=LINE('',#4821,#975);
#732=LINE('',#4823,#976);
#733=LINE('',#4826,#977);
#734=LINE('',#4842,#978);
#735=LINE('',#4851,#979);
#736=LINE('',#4854,#980);
#737=LINE('',#4877,#981);
#738=LINE('',#4889,#982);
#739=LINE('',#4903,#983);
#740=LINE('',#4912,#984);
#741=LINE('',#4927,#985);
#742=LINE('',#4972,#986);
#743=LINE('',#4975,#987);
#744=LINE('',#4978,#988);
#745=LINE('',#4980,#989);
#746=LINE('',#4981,#990);
#747=LINE('',#4986,#991);
#748=LINE('',#4990,#992);
#749=LINE('',#4992,#993);
#750=LINE('',#4993,#994);
#751=LINE('',#4998,#995);
#752=LINE('',#5002,#996);
#753=LINE('',#5004,#997);
#754=LINE('',#5005,#998);
#755=LINE('',#5010,#999);
#756=LINE('',#5014,#1000);
#757=LINE('',#5016,#1001);
#758=LINE('',#5017,#1002);
#759=LINE('',#5020,#1003);
#760=LINE('',#5022,#1004);
#761=LINE('',#5023,#1005);
#762=LINE('',#5026,#1006);
#763=LINE('',#5028,#1007);
#764=LINE('',#5029,#1008);
#765=LINE('',#5032,#1009);
#766=LINE('',#5034,#1010);
#767=LINE('',#5035,#1011);
#768=LINE('',#5040,#1012);
#769=LINE('',#5044,#1013);
#770=LINE('',#5046,#1014);
#771=LINE('',#5047,#1015);
#772=LINE('',#5052,#1016);
#773=LINE('',#5056,#1017);
#774=LINE('',#5058,#1018);
#775=LINE('',#5059,#1019);
#776=LINE('',#5064,#1020);
#777=LINE('',#5068,#1021);
#778=LINE('',#5070,#1022);
#779=LINE('',#5071,#1023);
#780=LINE('',#5076,#1024);
#781=LINE('',#5080,#1025);
#782=LINE('',#5082,#1026);
#783=LINE('',#5083,#1027);
#784=LINE('',#5088,#1028);
#785=LINE('',#5092,#1029);
#786=LINE('',#5094,#1030);
#787=LINE('',#5095,#1031);
#788=LINE('',#5100,#1032);
#789=LINE('',#5104,#1033);
#790=LINE('',#5106,#1034);
#791=LINE('',#5107,#1035);
#792=LINE('',#5110,#1036);
#793=LINE('',#5112,#1037);
#794=LINE('',#5113,#1038);
#795=LINE('',#5116,#1039);
#796=LINE('',#5118,#1040);
#797=LINE('',#5119,#1041);
#798=LINE('',#5122,#1042);
#799=LINE('',#5124,#1043);
#800=LINE('',#5125,#1044);
#801=LINE('',#5130,#1045);
#802=LINE('',#5134,#1046);
#803=LINE('',#5136,#1047);
#804=LINE('',#5137,#1048);
#805=LINE('',#5142,#1049);
#806=LINE('',#5145,#1050);
#807=LINE('',#5146,#1051);
#808=LINE('',#5152,#1052);
#809=LINE('',#5153,#1053);
#810=LINE('',#5156,#1054);
#811=LINE('',#5160,#1055);
#812=LINE('',#5161,#1056);
#813=LINE('',#5189,#1057);
#814=LINE('',#5205,#1058);
#815=LINE('',#5220,#1059);
#816=LINE('',#5229,#1060);
#817=LINE('',#5237,#1061);
#818=LINE('',#5239,#1062);
#819=LINE('',#5243,#1063);
#820=LINE('',#5247,#1064);
#821=LINE('',#5248,#1065);
#822=LINE('',#5251,#1066);
#823=LINE('',#5255,#1067);
#824=LINE('',#5256,#1068);
#825=LINE('',#5259,#1069);
#826=LINE('',#5263,#1070);
#827=LINE('',#5264,#1071);
#828=LINE('',#5271,#1072);
#829=LINE('',#5286,#1073);
#830=LINE('',#5295,#1074);
#831=LINE('',#5324,#1075);
#832=LINE('',#5340,#1076);
#833=LINE('',#5341,#1077);
#834=LINE('',#5344,#1078);
#835=LINE('',#5348,#1079);
#836=LINE('',#5349,#1080);
#837=LINE('',#5352,#1081);
#838=LINE('',#5369,#1082);
#839=LINE('',#5379,#1083);
#840=LINE('',#5380,#1084);
#841=LINE('',#5383,#1085);
#842=LINE('',#5387,#1086);
#843=LINE('',#5388,#1087);
#844=LINE('',#5425,#1088);
#845=LINE('',#5435,#1089);
#846=LINE('',#5436,#1090);
#847=LINE('',#5439,#1091);
#848=LINE('',#5442,#1092);
#849=LINE('',#5445,#1093);
#850=LINE('',#5449,#1094);
#851=LINE('',#5453,#1095);
#852=LINE('',#5457,#1096);
#853=LINE('',#5461,#1097);
#854=VECTOR('',#3386,0.393700787401575);
#855=VECTOR('',#3389,0.393700787401575);
#856=VECTOR('',#3394,0.393700787401575);
#857=VECTOR('',#3399,0.393700787401575);
#858=VECTOR('',#3404,0.393700787401575);
#859=VECTOR('',#3407,0.393700787401575);
#860=VECTOR('',#3414,0.393700787401575);
#861=VECTOR('',#3417,0.393700787401575);
#862=VECTOR('',#3422,0.393700787401575);
#863=VECTOR('',#3423,0.393700787401575);
#864=VECTOR('',#3430,0.393700787401575);
#865=VECTOR('',#3433,0.393700787401575);
#866=VECTOR('',#3436,0.393700787401575);
#867=VECTOR('',#3439,0.393700787401575);
#868=VECTOR('',#3446,0.393700787401575);
#869=VECTOR('',#3449,0.393700787401575);
#870=VECTOR('',#3452,0.393700787401575);
#871=VECTOR('',#3455,0.393700787401575);
#872=VECTOR('',#3496,0.393700787401575);
#873=VECTOR('',#3499,0.393700787401575);
#874=VECTOR('',#3510,0.393700787401575);
#875=VECTOR('',#3513,0.393700787401575);
#876=VECTOR('',#3522,0.393700787401575);
#877=VECTOR('',#3525,0.393700787401575);
#878=VECTOR('',#3526,0.393700787401575);
#879=VECTOR('',#3531,0.393700787401575);
#880=VECTOR('',#3532,0.393700787401575);
#881=VECTOR('',#3535,0.393700787401575);
#882=VECTOR('',#3536,0.393700787401575);
#883=VECTOR('',#3537,0.393700787401575);
#884=VECTOR('',#3538,0.393700787401575);
#885=VECTOR('',#3543,0.393700787401575);
#886=VECTOR('',#3546,0.393700787401575);
#887=VECTOR('',#3547,0.393700787401575);
#888=VECTOR('',#3556,0.393700787401575);
#889=VECTOR('',#3557,0.393700787401575);
#890=VECTOR('',#3562,0.393700787401575);
#891=VECTOR('',#3567,0.393700787401575);
#892=VECTOR('',#3572,0.393700787401575);
#893=VECTOR('',#3573,0.393700787401575);
#894=VECTOR('',#3576,0.393700787401575);
#895=VECTOR('',#3583,0.393700787401575);
#896=VECTOR('',#3588,0.393700787401575);
#897=VECTOR('',#3589,0.393700787401575);
#898=VECTOR('',#3592,0.393700787401575);
#899=VECTOR('',#3597,0.393700787401575);
#900=VECTOR('',#3598,0.393700787401575);
#901=VECTOR('',#3601,0.393700787401575);
#902=VECTOR('',#3602,0.393700787401575);
#903=VECTOR('',#3603,0.393700787401575);
#904=VECTOR('',#3606,0.25);
#905=VECTOR('',#3609,0.25);
#906=VECTOR('',#3612,0.393700787401575);
#907=VECTOR('',#3613,0.393700787401575);
#908=VECTOR('',#3614,0.393700787401575);
#909=VECTOR('',#3615,0.393700787401575);
#910=VECTOR('',#3620,0.393700787401575);
#911=VECTOR('',#3627,0.393700787401575);
#912=VECTOR('',#3632,0.393700787401575);
#913=VECTOR('',#3633,0.393700787401575);
#914=VECTOR('',#3636,0.393700787401575);
#915=VECTOR('',#3637,0.393700787401575);
#916=VECTOR('',#3642,0.25);
#917=VECTOR('',#3643,0.25);
#918=VECTOR('',#3646,0.393700787401575);
#919=VECTOR('',#3647,0.393700787401575);
#920=VECTOR('',#3648,0.393700787401575);
#921=VECTOR('',#3649,0.393700787401575);
#922=VECTOR('',#3652,0.393700787401575);
#923=VECTOR('',#3657,0.0899999999999999);
#924=VECTOR('',#3660,0.393700787401575);
#925=VECTOR('',#3663,0.393700787401575);
#926=VECTOR('',#3668,0.0899999999999999);
#927=VECTOR('',#3671,0.393700787401575);
#928=VECTOR('',#3674,0.393700787401575);
#929=VECTOR('',#3675,0.393700787401575);
#930=VECTOR('',#3678,0.393700787401575);
#931=VECTOR('',#3685,0.0899999999999999);
#932=VECTOR('',#3694,0.0859999999999999);
#933=VECTOR('',#3699,0.0859999999999975);
#934=VECTOR('',#3704,0.393700787401575);
#935=VECTOR('',#3709,0.393700787401575);
#936=VECTOR('',#3714,0.393700787401575);
#937=VECTOR('',#3717,0.393700787401575);
#938=VECTOR('',#3720,0.393700787401575);
#939=VECTOR('',#3723,0.393700787401575);
#940=VECTOR('',#3726,0.393700787401575);
#941=VECTOR('',#3731,0.393700787401575);
#942=VECTOR('',#3732,0.393700787401575);
#943=VECTOR('',#3735,0.393700787401575);
#944=VECTOR('',#3740,0.393700787401575);
#945=VECTOR('',#3741,0.393700787401575);
#946=VECTOR('',#3744,0.393700787401575);
#947=VECTOR('',#3749,0.393700787401575);
#948=VECTOR('',#3750,0.393700787401575);
#949=VECTOR('',#3755,0.0899999999999999);
#950=VECTOR('',#3760,0.0899999999999999);
#951=VECTOR('',#3765,0.09);
#952=VECTOR('',#3770,0.09);
#953=VECTOR('',#3773,0.393700787401575);
#954=VECTOR('',#3774,0.393700787401575);
#955=VECTOR('',#3775,0.393700787401575);
#956=VECTOR('',#3788,0.0500000000000003);
#957=VECTOR('',#3789,0.0500000000000003);
#958=VECTOR('',#3794,0.393700787401575);
#959=VECTOR('',#3797,0.393700787401575);
#960=VECTOR('',#3798,0.05);
#961=VECTOR('',#3801,0.05);
#962=VECTOR('',#3806,0.393700787401575);
#963=VECTOR('',#3809,0.393700787401575);
#964=VECTOR('',#3812,0.393700787401575);
#965=VECTOR('',#3817,0.393700787401575);
#966=VECTOR('',#3822,0.393700787401575);
#967=VECTOR('',#3825,0.393700787401575);
#968=VECTOR('',#3828,0.393700787401575);
#969=VECTOR('',#3837,0.393700787401575);
#970=VECTOR('',#3840,0.393700787401575);
#971=VECTOR('',#3843,0.393700787401575);
#972=VECTOR('',#3852,0.393700787401575);
#973=VECTOR('',#3855,0.393700787401575);
#974=VECTOR('',#3858,0.393700787401575);
#975=VECTOR('',#3865,0.393700787401575);
#976=VECTOR('',#3866,0.393700787401575);
#977=VECTOR('',#3869,0.393700787401575);
#978=VECTOR('',#3870,0.393700787401575);
#979=VECTOR('',#3871,0.393700787401575);
#980=VECTOR('',#3874,0.393700787401575);
#981=VECTOR('',#3877,0.393700787401575);
#982=VECTOR('',#3878,0.393700787401575);
#983=VECTOR('',#3879,0.393700787401575);
#984=VECTOR('',#3882,0.393700787401575);
#985=VECTOR('',#3885,0.393700787401575);
#986=VECTOR('',#3894,0.393700787401575);
#987=VECTOR('',#3897,0.393700787401575);
#988=VECTOR('',#3900,0.393700787401575);
#989=VECTOR('',#3901,0.393700787401575);
#990=VECTOR('',#3902,0.393700787401575);
#991=VECTOR('',#3907,0.393700787401575);
#992=VECTOR('',#3912,0.393700787401575);
#993=VECTOR('',#3913,0.393700787401575);
#994=VECTOR('',#3914,0.393700787401575);
#995=VECTOR('',#3919,0.393700787401575);
#996=VECTOR('',#3924,0.393700787401575);
#997=VECTOR('',#3925,0.393700787401575);
#998=VECTOR('',#3926,0.393700787401575);
#999=VECTOR('',#3931,0.393700787401575);
#1000=VECTOR('',#3936,0.393700787401575);
#1001=VECTOR('',#3937,0.393700787401575);
#1002=VECTOR('',#3938,0.393700787401575);
#1003=VECTOR('',#3941,0.393700787401575);
#1004=VECTOR('',#3942,0.393700787401575);
#1005=VECTOR('',#3943,0.393700787401575);
#1006=VECTOR('',#3946,0.393700787401575);
#1007=VECTOR('',#3947,0.393700787401575);
#1008=VECTOR('',#3948,0.393700787401575);
#1009=VECTOR('',#3951,0.393700787401575);
#1010=VECTOR('',#3952,0.393700787401575);
#1011=VECTOR('',#3953,0.393700787401575);
#1012=VECTOR('',#3958,0.393700787401575);
#1013=VECTOR('',#3963,0.393700787401575);
#1014=VECTOR('',#3964,0.393700787401575);
#1015=VECTOR('',#3965,0.393700787401575);
#1016=VECTOR('',#3970,0.393700787401575);
#1017=VECTOR('',#3975,0.393700787401575);
#1018=VECTOR('',#3976,0.393700787401575);
#1019=VECTOR('',#3977,0.393700787401575);
#1020=VECTOR('',#3982,0.393700787401575);
#1021=VECTOR('',#3987,0.393700787401575);
#1022=VECTOR('',#3988,0.393700787401575);
#1023=VECTOR('',#3989,0.393700787401575);
#1024=VECTOR('',#3994,0.393700787401575);
#1025=VECTOR('',#3999,0.393700787401575);
#1026=VECTOR('',#4000,0.393700787401575);
#1027=VECTOR('',#4001,0.393700787401575);
#1028=VECTOR('',#4006,0.393700787401575);
#1029=VECTOR('',#4011,0.393700787401575);
#1030=VECTOR('',#4012,0.393700787401575);
#1031=VECTOR('',#4013,0.393700787401575);
#1032=VECTOR('',#4018,0.393700787401575);
#1033=VECTOR('',#4023,0.393700787401575);
#1034=VECTOR('',#4024,0.393700787401575);
#1035=VECTOR('',#4025,0.393700787401575);
#1036=VECTOR('',#4028,0.393700787401575);
#1037=VECTOR('',#4029,0.393700787401575);
#1038=VECTOR('',#4030,0.393700787401575);
#1039=VECTOR('',#4033,0.393700787401575);
#1040=VECTOR('',#4034,0.393700787401575);
#1041=VECTOR('',#4035,0.393700787401575);
#1042=VECTOR('',#4038,0.393700787401575);
#1043=VECTOR('',#4039,0.393700787401575);
#1044=VECTOR('',#4040,0.393700787401575);
#1045=VECTOR('',#4045,0.393700787401575);
#1046=VECTOR('',#4050,0.393700787401575);
#1047=VECTOR('',#4051,0.393700787401575);
#1048=VECTOR('',#4052,0.393700787401575);
#1049=VECTOR('',#4057,0.393700787401575);
#1050=VECTOR('',#4062,0.393700787401575);
#1051=VECTOR('',#4063,0.393700787401575);
#1052=VECTOR('',#4072,0.393700787401575);
#1053=VECTOR('',#4073,0.393700787401575);
#1054=VECTOR('',#4076,0.393700787401575);
#1055=VECTOR('',#4081,0.393700787401575);
#1056=VECTOR('',#4082,0.393700787401575);
#1057=VECTOR('',#4083,0.393700787401575);
#1058=VECTOR('',#4086,0.393700787401575);
#1059=VECTOR('',#4089,0.393700787401575);
#1060=VECTOR('',#4092,0.393700787401575);
#1061=VECTOR('',#4095,0.393700787401575);
#1062=VECTOR('',#4096,0.393700787401575);
#1063=VECTOR('',#4101,0.393700787401575);
#1064=VECTOR('',#4106,0.393700787401575);
#1065=VECTOR('',#4107,0.393700787401575);
#1066=VECTOR('',#4110,0.393700787401575);
#1067=VECTOR('',#4115,0.393700787401575);
#1068=VECTOR('',#4116,0.393700787401575);
#1069=VECTOR('',#4119,0.393700787401575);
#1070=VECTOR('',#4124,0.393700787401575);
#1071=VECTOR('',#4125,0.393700787401575);
#1072=VECTOR('',#4136,0.393700787401575);
#1073=VECTOR('',#4139,0.393700787401575);
#1074=VECTOR('',#4142,0.393700787401575);
#1075=VECTOR('',#4145,0.393700787401575);
#1076=VECTOR('',#4148,0.393700787401575);
#1077=VECTOR('',#4149,0.393700787401575);
#1078=VECTOR('',#4152,0.393700787401575);
#1079=VECTOR('',#4157,0.393700787401575);
#1080=VECTOR('',#4158,0.393700787401575);
#1081=VECTOR('',#4161,0.393700787401575);
#1082=VECTOR('',#4164,0.393700787401575);
#1083=VECTOR('',#4167,0.393700787401575);
#1084=VECTOR('',#4168,0.393700787401575);
#1085=VECTOR('',#4171,0.393700787401575);
#1086=VECTOR('',#4176,0.393700787401575);
#1087=VECTOR('',#4177,0.393700787401575);
#1088=VECTOR('',#4178,0.393700787401575);
#1089=VECTOR('',#4181,0.393700787401575);
#1090=VECTOR('',#4182,0.393700787401575);
#1091=VECTOR('',#4185,0.393700787401575);
#1092=VECTOR('',#4190,0.393700787401575);
#1093=VECTOR('',#4193,0.0285433070866142);
#1094=VECTOR('',#4198,0.0285433070866142);
#1095=VECTOR('',#4203,0.0285433070866142);
#1096=VECTOR('',#4208,0.0285433070866142);
#1097=VECTOR('',#4213,0.240708445572888);
#1098=CIRCLE('',#3085,0.25);
#1099=CIRCLE('',#3086,0.25);
#1100=CIRCLE('',#3088,3.75);
#1101=CIRCLE('',#3089,3.75);
#1102=CIRCLE('',#3091,0.25);
#1103=CIRCLE('',#3092,0.25);
#1104=CIRCLE('',#3093,0.25);
#1105=CIRCLE('',#3094,0.2);
#1106=CIRCLE('',#3095,1.32895869509056);
#1107=CIRCLE('',#3096,0.2);
#1108=CIRCLE('',#3097,0.25);
#1109=CIRCLE('',#3098,0.25);
#1110=CIRCLE('',#3099,0.25);
#1111=CIRCLE('',#3100,0.25);
#1112=CIRCLE('',#3101,3.75000000000001);
#1113=CIRCLE('',#3102,0.25);
#1114=CIRCLE('',#3103,0.25);
#1115=CIRCLE('',#3104,0.141732283464567);
#1116=CIRCLE('',#3105,0.25);
#1117=CIRCLE('',#3106,0.25);
#1118=CIRCLE('',#3107,3.75000000000001);
#1119=CIRCLE('',#3108,0.25);
#1120=CIRCLE('',#3109,0.25);
#1121=CIRCLE('',#3110,0.141732283464567);
#1122=CIRCLE('',#3111,0.25);
#1123=CIRCLE('',#3112,0.25);
#1124=CIRCLE('',#3113,0.0899999999999999);
#1125=CIRCLE('',#3114,0.0899999999999999);
#1126=CIRCLE('',#3115,0.0899999999999999);
#1127=CIRCLE('',#3116,0.0859999999999975);
#1128=CIRCLE('',#3117,0.0859999999999999);
#1129=CIRCLE('',#3118,0.0899999999999999);
#1130=CIRCLE('',#3119,0.0899999999999999);
#1131=CIRCLE('',#3120,0.09);
#1132=CIRCLE('',#3121,0.0900000000000001);
#1133=CIRCLE('',#3123,0.0955677120244971);
#1134=CIRCLE('',#3124,0.0955677120244997);
#1135=CIRCLE('',#3126,0.16307708782103);
#1136=CIRCLE('',#3127,0.0285433070866142);
#1137=CIRCLE('',#3128,0.0285433070866142);
#1138=CIRCLE('',#3129,0.0285433070866142);
#1139=CIRCLE('',#3130,0.0285433070866142);
#1140=CIRCLE('',#3131,0.05);
#1141=CIRCLE('',#3132,0.0955677120244971);
#1142=CIRCLE('',#3133,0.575882672654418);
#1143=CIRCLE('',#3134,0.0500000000000003);
#1144=CIRCLE('',#3135,0.0748031496062993);
#1145=CIRCLE('',#3136,0.05);
#1146=CIRCLE('',#3137,0.575882672654418);
#1147=CIRCLE('',#3138,0.095567712024497);
#1148=CIRCLE('',#3139,0.05);
#1149=CIRCLE('',#3140,0.285433070866142);
#1150=CIRCLE('',#3142,0.25);
#1151=CIRCLE('',#3145,0.25);
#1152=CIRCLE('',#3148,0.25);
#1153=CIRCLE('',#3149,0.25);
#1154=CIRCLE('',#3151,0.25);
#1155=CIRCLE('',#3153,0.25);
#1156=CIRCLE('',#3155,3.75000000000001);
#1157=CIRCLE('',#3157,0.25);
#1158=CIRCLE('',#3159,0.25);
#1159=CIRCLE('',#3161,3.75000000000001);
#1160=CIRCLE('',#3163,0.25);
#1161=CIRCLE('',#3165,0.25);
#1162=CIRCLE('',#3168,0.25);
#1163=CIRCLE('',#3171,0.25);
#1164=CIRCLE('',#3174,0.25);
#1165=CIRCLE('',#3175,0.25);
#1166=CIRCLE('',#3177,0.25);
#1167=CIRCLE('',#3179,0.25);
#1168=CIRCLE('',#3182,0.25);
#1169=CIRCLE('',#3186,0.0899999999999999);
#1170=CIRCLE('',#3190,0.0899999999999999);
#1171=CIRCLE('',#3196,0.0899999999999999);
#1172=CIRCLE('',#3198,0.25);
#1173=CIRCLE('',#3200,0.0859999999999999);
#1174=CIRCLE('',#3202,0.0859999999999975);
#1175=CIRCLE('',#3204,0.2);
#1176=CIRCLE('',#3206,1.32895869509056);
#1177=CIRCLE('',#3208,0.2);
#1178=CIRCLE('',#3211,0.141732283464567);
#1179=CIRCLE('',#3212,0.25);
#1180=CIRCLE('',#3213,0.141732283464567);
#1181=CIRCLE('',#3216,0.141732283464567);
#1182=CIRCLE('',#3219,0.25);
#1183=CIRCLE('',#3222,0.0899999999999999);
#1184=CIRCLE('',#3224,0.0899999999999999);
#1185=CIRCLE('',#3226,0.09);
#1186=CIRCLE('',#3228,0.0900000000000001);
#1187=CIRCLE('',#3231,0.25);
#1188=CIRCLE('',#3233,0.141732283464567);
#1189=CIRCLE('',#3235,0.0500000000000003);
#1190=CIRCLE('',#3237,0.575882672654418);
#1191=CIRCLE('',#3238,0.575882672654418);
#1192=CIRCLE('',#3240,0.05);
#1193=CIRCLE('',#3242,0.05);
#1194=CIRCLE('',#3244,0.285433070866142);
#1195=CIRCLE('',#3246,0.05);
#1196=CIRCLE('',#3248,0.579819680528434);
#1197=CIRCLE('',#3249,0.0157627651398198);
#1198=CIRCLE('',#3250,0.0550228391566052);
#1199=CIRCLE('',#3251,0.109156697424322);
#1200=CIRCLE('',#3253,0.0955677120244971);
#1201=CIRCLE('',#3254,0.0157569655398764);
#1202=CIRCLE('',#3255,0.0157569655400104);
#1203=CIRCLE('',#3256,0.0955677120244997);
#1204=CIRCLE('',#3258,0.109156697424322);
#1205=CIRCLE('',#3259,0.0550228391566052);
#1206=CIRCLE('',#3260,0.0157627651396482);
#1207=CIRCLE('',#3261,0.579819680528434);
#1208=CIRCLE('',#3263,0.0748031496062993);
#1209=CIRCLE('',#3267,0.579819680528434);
#1210=CIRCLE('',#3269,0.16307708782103);
#1211=CIRCLE('',#3271,0.240708445572888);
#1212=CIRCLE('',#3273,0.0568683096428432);
#1213=CIRCLE('',#3274,0.0568683096428432);
#1214=CIRCLE('',#3277,0.0568683096428432);
#1215=CIRCLE('',#3278,0.0568683096428432);
#1216=CIRCLE('',#3281,0.0730529501996765);
#1217=CIRCLE('',#3282,0.0730529501996765);
#1218=CIRCLE('',#3285,0.0568683096428432);
#1219=CIRCLE('',#3286,0.0568683096428432);
#1220=CIRCLE('',#3292,0.0568683096428432);
#1221=CIRCLE('',#3293,0.0568683096428432);
#1222=CIRCLE('',#3296,0.0730529501996763);
#1223=CIRCLE('',#3297,0.0730529501996763);
#1224=CIRCLE('',#3300,0.0568683096428432);
#1225=CIRCLE('',#3301,0.0568683096428432);
#1226=CIRCLE('',#3304,0.0568683096428432);
#1227=CIRCLE('',#3305,0.0568683096428432);
#1228=CIRCLE('',#3308,0.0730529501996764);
#1229=CIRCLE('',#3309,0.0730529501996764);
#1230=CIRCLE('',#3312,0.0568683096428432);
#1231=CIRCLE('',#3313,0.0568683096428432);
#1232=CIRCLE('',#3319,0.0568683096428432);
#1233=CIRCLE('',#3320,0.0568683096428432);
#1234=CIRCLE('',#3323,0.0730529501996764);
#1235=CIRCLE('',#3324,0.0730529501996764);
#1236=CIRCLE('',#3327,0.141732283464567);
#1237=CIRCLE('',#3328,0.141732283464567);
#1238=CIRCLE('',#3331,0.0157627651396482);
#1239=CIRCLE('',#3334,0.0550228391566052);
#1240=CIRCLE('',#3336,0.109156697424322);
#1241=CIRCLE('',#3339,0.0955677120244997);
#1242=CIRCLE('',#3342,0.0157569655400104);
#1243=CIRCLE('',#3345,0.0157569655398764);
#1244=CIRCLE('',#3348,0.0955677120244971);
#1245=CIRCLE('',#3352,0.109156697424322);
#1246=CIRCLE('',#3354,0.0550228391566052);
#1247=CIRCLE('',#3357,0.0157627651398198);
#1248=CIRCLE('',#3360,0.579819680528434);
#1249=CIRCLE('',#3363,0.095567712024497);
#1250=CIRCLE('',#3367,0.0955677120244971);
#1251=CIRCLE('',#3370,0.0285433070866142);
#1252=CIRCLE('',#3372,0.0285433070866142);
#1253=CIRCLE('',#3374,0.0285433070866142);
#1254=CIRCLE('',#3376,0.0285433070866142);
#1255=CIRCLE('',#3378,0.240708445572888);
#1256=VERTEX_POINT('',#4220);
#1257=VERTEX_POINT('',#4221);
#1258=VERTEX_POINT('',#4223);
#1259=VERTEX_POINT('',#4225);
#1260=VERTEX_POINT('',#4229);
#1261=VERTEX_POINT('',#4231);
#1262=VERTEX_POINT('',#4235);
#1263=VERTEX_POINT('',#4237);
#1264=VERTEX_POINT('',#4239);
#1265=VERTEX_POINT('',#4241);
#1266=VERTEX_POINT('',#4243);
#1267=VERTEX_POINT('',#4245);
#1268=VERTEX_POINT('',#4247);
#1269=VERTEX_POINT('',#4249);
#1270=VERTEX_POINT('',#4251);
#1271=VERTEX_POINT('',#4253);
#1272=VERTEX_POINT('',#4255);
#1273=VERTEX_POINT('',#4257);
#1274=VERTEX_POINT('',#4259);
#1275=VERTEX_POINT('',#4261);
#1276=VERTEX_POINT('',#4263);
#1277=VERTEX_POINT('',#4265);
#1278=VERTEX_POINT('',#4267);
#1279=VERTEX_POINT('',#4269);
#1280=VERTEX_POINT('',#4271);
#1281=VERTEX_POINT('',#4273);
#1282=VERTEX_POINT('',#4275);
#1283=VERTEX_POINT('',#4277);
#1284=VERTEX_POINT('',#4279);
#1285=VERTEX_POINT('',#4281);
#1286=VERTEX_POINT('',#4283);
#1287=VERTEX_POINT('',#4285);
#1288=VERTEX_POINT('',#4287);
#1289=VERTEX_POINT('',#4289);
#1290=VERTEX_POINT('',#4291);
#1291=VERTEX_POINT('',#4293);
#1292=VERTEX_POINT('',#4295);
#1293=VERTEX_POINT('',#4297);
#1294=VERTEX_POINT('',#4299);
#1295=VERTEX_POINT('',#4301);
#1296=VERTEX_POINT('',#4303);
#1297=VERTEX_POINT('',#4305);
#1298=VERTEX_POINT('',#4308);
#1299=VERTEX_POINT('',#4310);
#1300=VERTEX_POINT('',#4312);
#1301=VERTEX_POINT('',#4314);
#1302=VERTEX_POINT('',#4316);
#1303=VERTEX_POINT('',#4318);
#1304=VERTEX_POINT('',#4320);
#1305=VERTEX_POINT('',#4322);
#1306=VERTEX_POINT('',#4324);
#1307=VERTEX_POINT('',#4326);
#1308=VERTEX_POINT('',#4327);
#1309=VERTEX_POINT('',#4330);
#1310=VERTEX_POINT('',#4331);
#1311=VERTEX_POINT('',#4334);
#1312=VERTEX_POINT('',#4335);
#1313=VERTEX_POINT('',#4337);
#1314=VERTEX_POINT('',#4345);
#1315=VERTEX_POINT('',#4359);
#1316=VERTEX_POINT('',#4380);
#1317=VERTEX_POINT('',#4382);
#1318=VERTEX_POINT('',#4384);
#1319=VERTEX_POINT('',#4386);
#1320=VERTEX_POINT('',#4388);
#1321=VERTEX_POINT('',#4389);
#1322=VERTEX_POINT('',#4391);
#1323=VERTEX_POINT('',#4393);
#1324=VERTEX_POINT('',#4395);
#1325=VERTEX_POINT('',#4397);
#1326=VERTEX_POINT('',#4405);
#1327=VERTEX_POINT('',#4407);
#1328=VERTEX_POINT('',#4409);
#1329=VERTEX_POINT('',#4411);
#1330=VERTEX_POINT('',#4413);
#1331=VERTEX_POINT('',#4415);
#1332=VERTEX_POINT('',#4423);
#1333=VERTEX_POINT('',#4425);
#1334=VERTEX_POINT('',#4427);
#1335=VERTEX_POINT('',#4429);
#1336=VERTEX_POINT('',#4433);
#1337=VERTEX_POINT('',#4437);
#1338=VERTEX_POINT('',#4441);
#1339=VERTEX_POINT('',#4442);
#1340=VERTEX_POINT('',#4447);
#1341=VERTEX_POINT('',#4449);
#1342=VERTEX_POINT('',#4451);
#1343=VERTEX_POINT('',#4455);
#1344=VERTEX_POINT('',#4456);
#1345=VERTEX_POINT('',#4458);
#1346=VERTEX_POINT('',#4460);
#1347=VERTEX_POINT('',#4467);
#1348=VERTEX_POINT('',#4468);
#1349=VERTEX_POINT('',#4473);
#1350=VERTEX_POINT('',#4477);
#1351=VERTEX_POINT('',#4481);
#1352=VERTEX_POINT('',#4482);
#1353=VERTEX_POINT('',#4487);
#1354=VERTEX_POINT('',#4491);
#1355=VERTEX_POINT('',#4495);
#1356=VERTEX_POINT('',#4496);
#1357=VERTEX_POINT('',#4503);
#1358=VERTEX_POINT('',#4504);
#1359=VERTEX_POINT('',#4510);
#1360=VERTEX_POINT('',#4514);
#1361=VERTEX_POINT('',#4516);
#1362=VERTEX_POINT('',#4520);
#1363=VERTEX_POINT('',#4522);
#1364=VERTEX_POINT('',#4524);
#1365=VERTEX_POINT('',#4528);
#1366=VERTEX_POINT('',#4530);
#1367=VERTEX_POINT('',#4534);
#1368=VERTEX_POINT('',#4538);
#1369=VERTEX_POINT('',#4539);
#1370=VERTEX_POINT('',#4544);
#1371=VERTEX_POINT('',#4548);
#1372=VERTEX_POINT('',#4549);
#1373=VERTEX_POINT('',#4554);
#1374=VERTEX_POINT('',#4556);
#1375=VERTEX_POINT('',#4558);
#1376=VERTEX_POINT('',#4564);
#1377=VERTEX_POINT('',#4572);
#1378=VERTEX_POINT('',#4578);
#1379=VERTEX_POINT('',#4585);
#1380=VERTEX_POINT('',#4591);
#1381=VERTEX_POINT('',#4595);
#1382=VERTEX_POINT('',#4599);
#1383=VERTEX_POINT('',#4603);
#1384=VERTEX_POINT('',#4607);
#1385=VERTEX_POINT('',#4613);
#1386=VERTEX_POINT('',#4615);
#1387=VERTEX_POINT('',#4617);
#1388=VERTEX_POINT('',#4619);
#1389=VERTEX_POINT('',#4621);
#1390=VERTEX_POINT('',#4625);
#1391=VERTEX_POINT('',#4629);
#1392=VERTEX_POINT('',#4633);
#1393=VERTEX_POINT('',#4637);
#1394=VERTEX_POINT('',#4641);
#1395=VERTEX_POINT('',#4645);
#1396=VERTEX_POINT('',#4649);
#1397=VERTEX_POINT('',#4653);
#1398=VERTEX_POINT('',#4657);
#1399=VERTEX_POINT('',#4661);
#1400=VERTEX_POINT('',#4663);
#1401=VERTEX_POINT('',#4671);
#1402=VERTEX_POINT('',#4672);
#1403=VERTEX_POINT('',#4677);
#1404=VERTEX_POINT('',#4679);
#1405=VERTEX_POINT('',#4681);
#1406=VERTEX_POINT('',#4686);
#1407=VERTEX_POINT('',#4690);
#1408=VERTEX_POINT('',#4692);
#1409=VERTEX_POINT('',#4696);
#1410=VERTEX_POINT('',#4700);
#1411=VERTEX_POINT('',#4704);
#1412=VERTEX_POINT('',#4706);
#1413=VERTEX_POINT('',#4714);
#1414=VERTEX_POINT('',#4716);
#1415=VERTEX_POINT('',#4718);
#1416=VERTEX_POINT('',#4720);
#1417=VERTEX_POINT('',#4722);
#1418=VERTEX_POINT('',#4736);
#1419=VERTEX_POINT('',#4738);
#1420=VERTEX_POINT('',#4749);
#1421=VERTEX_POINT('',#4751);
#1422=VERTEX_POINT('',#4753);
#1423=VERTEX_POINT('',#4755);
#1424=VERTEX_POINT('',#4757);
#1425=VERTEX_POINT('',#4759);
#1426=VERTEX_POINT('',#4761);
#1427=VERTEX_POINT('',#4763);
#1428=VERTEX_POINT('',#4765);
#1429=VERTEX_POINT('',#4767);
#1430=VERTEX_POINT('',#4769);
#1431=VERTEX_POINT('',#4771);
#1432=VERTEX_POINT('',#4779);
#1433=VERTEX_POINT('',#4781);
#1434=VERTEX_POINT('',#4795);
#1435=VERTEX_POINT('',#4797);
#1436=VERTEX_POINT('',#4799);
#1437=VERTEX_POINT('',#4801);
#1438=VERTEX_POINT('',#4803);
#1439=VERTEX_POINT('',#4822);
#1440=VERTEX_POINT('',#4824);
#1441=VERTEX_POINT('',#4841);
#1442=VERTEX_POINT('',#4843);
#1443=VERTEX_POINT('',#4853);
#1444=VERTEX_POINT('',#4876);
#1445=VERTEX_POINT('',#4878);
#1446=VERTEX_POINT('',#4902);
#1447=VERTEX_POINT('',#4911);
#1448=VERTEX_POINT('',#4926);
#1449=VERTEX_POINT('',#4965);
#1450=VERTEX_POINT('',#4968);
#1451=VERTEX_POINT('',#4969);
#1452=VERTEX_POINT('',#4971);
#1453=VERTEX_POINT('',#4973);
#1454=VERTEX_POINT('',#4977);
#1455=VERTEX_POINT('',#4979);
#1456=VERTEX_POINT('',#4983);
#1457=VERTEX_POINT('',#4985);
#1458=VERTEX_POINT('',#4989);
#1459=VERTEX_POINT('',#4991);
#1460=VERTEX_POINT('',#4995);
#1461=VERTEX_POINT('',#4997);
#1462=VERTEX_POINT('',#5001);
#1463=VERTEX_POINT('',#5003);
#1464=VERTEX_POINT('',#5007);
#1465=VERTEX_POINT('',#5009);
#1466=VERTEX_POINT('',#5013);
#1467=VERTEX_POINT('',#5015);
#1468=VERTEX_POINT('',#5019);
#1469=VERTEX_POINT('',#5021);
#1470=VERTEX_POINT('',#5025);
#1471=VERTEX_POINT('',#5027);
#1472=VERTEX_POINT('',#5031);
#1473=VERTEX_POINT('',#5033);
#1474=VERTEX_POINT('',#5037);
#1475=VERTEX_POINT('',#5039);
#1476=VERTEX_POINT('',#5043);
#1477=VERTEX_POINT('',#5045);
#1478=VERTEX_POINT('',#5049);
#1479=VERTEX_POINT('',#5051);
#1480=VERTEX_POINT('',#5055);
#1481=VERTEX_POINT('',#5057);
#1482=VERTEX_POINT('',#5061);
#1483=VERTEX_POINT('',#5063);
#1484=VERTEX_POINT('',#5067);
#1485=VERTEX_POINT('',#5069);
#1486=VERTEX_POINT('',#5073);
#1487=VERTEX_POINT('',#5075);
#1488=VERTEX_POINT('',#5079);
#1489=VERTEX_POINT('',#5081);
#1490=VERTEX_POINT('',#5085);
#1491=VERTEX_POINT('',#5087);
#1492=VERTEX_POINT('',#5091);
#1493=VERTEX_POINT('',#5093);
#1494=VERTEX_POINT('',#5097);
#1495=VERTEX_POINT('',#5099);
#1496=VERTEX_POINT('',#5103);
#1497=VERTEX_POINT('',#5105);
#1498=VERTEX_POINT('',#5109);
#1499=VERTEX_POINT('',#5111);
#1500=VERTEX_POINT('',#5115);
#1501=VERTEX_POINT('',#5117);
#1502=VERTEX_POINT('',#5121);
#1503=VERTEX_POINT('',#5123);
#1504=VERTEX_POINT('',#5127);
#1505=VERTEX_POINT('',#5129);
#1506=VERTEX_POINT('',#5133);
#1507=VERTEX_POINT('',#5135);
#1508=VERTEX_POINT('',#5139);
#1509=VERTEX_POINT('',#5141);
#1510=VERTEX_POINT('',#5151);
#1511=VERTEX_POINT('',#5155);
#1512=VERTEX_POINT('',#5159);
#1513=VERTEX_POINT('',#5188);
#1514=VERTEX_POINT('',#5204);
#1515=VERTEX_POINT('',#5219);
#1516=VERTEX_POINT('',#5228);
#1517=VERTEX_POINT('',#5238);
#1518=VERTEX_POINT('',#5242);
#1519=VERTEX_POINT('',#5246);
#1520=VERTEX_POINT('',#5250);
#1521=VERTEX_POINT('',#5254);
#1522=VERTEX_POINT('',#5258);
#1523=VERTEX_POINT('',#5262);
#1524=VERTEX_POINT('',#5270);
#1525=VERTEX_POINT('',#5285);
#1526=VERTEX_POINT('',#5294);
#1527=VERTEX_POINT('',#5323);
#1528=VERTEX_POINT('',#5339);
#1529=VERTEX_POINT('',#5343);
#1530=VERTEX_POINT('',#5347);
#1531=VERTEX_POINT('',#5351);
#1532=VERTEX_POINT('',#5368);
#1533=VERTEX_POINT('',#5378);
#1534=VERTEX_POINT('',#5382);
#1535=VERTEX_POINT('',#5386);
#1536=VERTEX_POINT('',#5424);
#1537=VERTEX_POINT('',#5434);
#1538=VERTEX_POINT('',#5438);
#1539=VERTEX_POINT('',#5444);
#1540=VERTEX_POINT('',#5448);
#1541=VERTEX_POINT('',#5452);
#1542=VERTEX_POINT('',#5456);
#1543=VERTEX_POINT('',#5460);
#1544=EDGE_CURVE('',#1256,#1257,#1098,.T.);
#1545=EDGE_CURVE('',#1257,#1258,#610,.T.);
#1546=EDGE_CURVE('',#1258,#1259,#1099,.T.);
#1547=EDGE_CURVE('',#1259,#1256,#611,.T.);
#1548=EDGE_CURVE('',#1260,#1259,#1100,.T.);
#1549=EDGE_CURVE('',#1261,#1260,#612,.T.);
#1550=EDGE_CURVE('',#1256,#1261,#1101,.T.);
#1551=EDGE_CURVE('',#1258,#1262,#613,.T.);
#1552=EDGE_CURVE('',#1262,#1263,#1102,.F.);
#1553=EDGE_CURVE('',#1263,#1264,#1103,.T.);
#1554=EDGE_CURVE('',#1264,#1265,#614,.T.);
#1555=EDGE_CURVE('',#1266,#1265,#1104,.T.);
#1556=EDGE_CURVE('',#1266,#1267,#615,.T.);
#1557=EDGE_CURVE('',#1267,#1268,#1105,.T.);
#1558=EDGE_CURVE('',#1268,#1269,#1106,.T.);
#1559=EDGE_CURVE('',#1269,#1270,#1107,.T.);
#1560=EDGE_CURVE('',#1270,#1271,#616,.T.);
#1561=EDGE_CURVE('',#1272,#1271,#1108,.T.);
#1562=EDGE_CURVE('',#1272,#1273,#617,.T.);
#1563=EDGE_CURVE('',#1273,#1274,#1109,.T.);
#1564=EDGE_CURVE('',#1275,#1274,#1110,.T.);
#1565=EDGE_CURVE('',#1275,#1276,#618,.T.);
#1566=EDGE_CURVE('',#1276,#1277,#619,.T.);
#1567=EDGE_CURVE('',#1278,#1277,#1111,.T.);
#1568=EDGE_CURVE('',#1278,#1279,#1112,.T.);
#1569=EDGE_CURVE('',#1280,#1279,#1113,.T.);
#1570=EDGE_CURVE('',#1280,#1281,#620,.T.);
#1571=EDGE_CURVE('',#1282,#1281,#1114,.T.);
#1572=EDGE_CURVE('',#1282,#1283,#621,.T.);
#1573=EDGE_CURVE('',#1284,#1283,#1115,.T.);
#1574=EDGE_CURVE('',#1284,#1285,#622,.T.);
#1575=EDGE_CURVE('',#1286,#1285,#1116,.T.);
#1576=EDGE_CURVE('',#1286,#1287,#623,.T.);
#1577=EDGE_CURVE('',#1288,#1287,#1117,.T.);
#1578=EDGE_CURVE('',#1288,#1289,#1118,.T.);
#1579=EDGE_CURVE('',#1290,#1289,#1119,.T.);
#1580=EDGE_CURVE('',#1290,#1291,#624,.T.);
#1581=EDGE_CURVE('',#1291,#1292,#1120,.F.);
#1582=EDGE_CURVE('',#1292,#1293,#625,.T.);
#1583=EDGE_CURVE('',#1294,#1293,#1121,.T.);
#1584=EDGE_CURVE('',#1294,#1295,#626,.T.);
#1585=EDGE_CURVE('',#1296,#1295,#1122,.T.);
#1586=EDGE_CURVE('',#1296,#1297,#627,.T.);
#1587=EDGE_CURVE('',#1260,#1297,#1123,.T.);
#1588=EDGE_CURVE('',#1298,#1298,#1124,.T.);
#1589=EDGE_CURVE('',#1299,#1299,#1125,.T.);
#1590=EDGE_CURVE('',#1300,#1300,#1126,.T.);
#1591=EDGE_CURVE('',#1301,#1301,#1127,.T.);
#1592=EDGE_CURVE('',#1302,#1302,#1128,.T.);
#1593=EDGE_CURVE('',#1303,#1303,#1129,.T.);
#1594=EDGE_CURVE('',#1304,#1304,#1130,.T.);
#1595=EDGE_CURVE('',#1305,#1305,#1131,.T.);
#1596=EDGE_CURVE('',#1306,#1306,#1132,.T.);
#1597=EDGE_CURVE('',#1307,#1308,#55,.T.);
#1598=EDGE_CURVE('',#1308,#1307,#1133,.T.);
#1599=EDGE_CURVE('',#1309,#1310,#1134,.T.);
#1600=EDGE_CURVE('',#1310,#1309,#56,.T.);
#1601=EDGE_CURVE('',#1311,#1312,#1135,.T.);
#1602=EDGE_CURVE('',#1313,#1311,#31,.T.);
#1603=EDGE_CURVE('',#1314,#1313,#32,.T.);
#1604=EDGE_CURVE('',#1315,#1314,#33,.T.);
#1605=EDGE_CURVE('',#1312,#1315,#34,.T.);
#1606=EDGE_CURVE('',#1316,#1316,#1136,.T.);
#1607=EDGE_CURVE('',#1317,#1317,#1137,.T.);
#1608=EDGE_CURVE('',#1318,#1318,#1138,.T.);
#1609=EDGE_CURVE('',#1319,#1319,#1139,.T.);
#1610=EDGE_CURVE('',#1320,#1321,#1140,.T.);
#1611=EDGE_CURVE('',#1322,#1320,#628,.T.);
#1612=EDGE_CURVE('',#1323,#1322,#1141,.T.);
#1613=EDGE_CURVE('',#1324,#1323,#629,.T.);
#1614=EDGE_CURVE('',#1325,#1324,#35,.T.);
#1615=EDGE_CURVE('',#1326,#1325,#1142,.T.);
#1616=EDGE_CURVE('',#1327,#1326,#1143,.T.);
#1617=EDGE_CURVE('',#1328,#1327,#1144,.T.);
#1618=EDGE_CURVE('',#1328,#1329,#1145,.F.);
#1619=EDGE_CURVE('',#1330,#1329,#1146,.T.);
#1620=EDGE_CURVE('',#1331,#1330,#36,.T.);
#1621=EDGE_CURVE('',#1332,#1331,#630,.T.);
#1622=EDGE_CURVE('',#1333,#1332,#1147,.T.);
#1623=EDGE_CURVE('',#1334,#1333,#631,.T.);
#1624=EDGE_CURVE('',#1335,#1334,#1148,.T.);
#1625=EDGE_CURVE('',#1321,#1335,#1149,.T.);
#1626=EDGE_CURVE('',#1336,#1261,#1150,.T.);
#1627=EDGE_CURVE('',#1297,#1336,#632,.T.);
#1628=EDGE_CURVE('',#1337,#1296,#633,.T.);
#1629=EDGE_CURVE('',#1336,#1337,#634,.T.);
#1630=EDGE_CURVE('',#1338,#1339,#1151,.T.);
#1631=EDGE_CURVE('',#1339,#1272,#635,.T.);
#1632=EDGE_CURVE('',#1271,#1338,#636,.T.);
#1633=EDGE_CURVE('',#1339,#1340,#637,.T.);
#1634=EDGE_CURVE('',#1341,#1340,#638,.T.);
#1635=EDGE_CURVE('',#1342,#1341,#639,.T.);
#1636=EDGE_CURVE('',#1273,#1342,#640,.T.);
#1637=EDGE_CURVE('',#1343,#1344,#1152,.T.);
#1638=EDGE_CURVE('',#1345,#1344,#641,.F.);
#1639=EDGE_CURVE('',#1346,#1345,#1153,.F.);
#1640=EDGE_CURVE('',#1346,#1275,#642,.T.);
#1641=EDGE_CURVE('',#1274,#1343,#643,.T.);
#1642=EDGE_CURVE('',#1343,#1342,#1154,.T.);
#1643=EDGE_CURVE('',#1347,#1348,#1155,.T.);
#1644=EDGE_CURVE('',#1348,#1278,#644,.T.);
#1645=EDGE_CURVE('',#1277,#1347,#645,.T.);
#1646=EDGE_CURVE('',#1349,#1348,#1156,.T.);
#1647=EDGE_CURVE('',#1279,#1349,#646,.T.);
#1648=EDGE_CURVE('',#1349,#1350,#1157,.T.);
#1649=EDGE_CURVE('',#1350,#1280,#647,.T.);
#1650=EDGE_CURVE('',#1351,#1352,#1158,.T.);
#1651=EDGE_CURVE('',#1352,#1290,#648,.T.);
#1652=EDGE_CURVE('',#1289,#1351,#649,.T.);
#1653=EDGE_CURVE('',#1353,#1288,#650,.T.);
#1654=EDGE_CURVE('',#1351,#1353,#1159,.T.);
#1655=EDGE_CURVE('',#1354,#1353,#1160,.T.);
#1656=EDGE_CURVE('',#1287,#1354,#651,.T.);
#1657=EDGE_CURVE('',#1355,#1356,#1161,.T.);
#1658=EDGE_CURVE('',#1356,#1286,#652,.T.);
#1659=EDGE_CURVE('',#1285,#1355,#653,.T.);
#1660=EDGE_CURVE('',#1354,#1356,#654,.T.);
#1661=EDGE_CURVE('',#1357,#1358,#1162,.T.);
#1662=EDGE_CURVE('',#1358,#1282,#655,.T.);
#1663=EDGE_CURVE('',#1281,#1357,#656,.T.);
#1664=EDGE_CURVE('',#1345,#1358,#657,.F.);
#1665=EDGE_CURVE('',#1344,#1359,#658,.T.);
#1666=EDGE_CURVE('',#1359,#1283,#659,.T.);
#1667=EDGE_CURVE('',#1291,#1360,#660,.T.);
#1668=EDGE_CURVE('',#1361,#1360,#1163,.F.);
#1669=EDGE_CURVE('',#1361,#1292,#661,.T.);
#1670=EDGE_CURVE('',#1361,#1362,#662,.T.);
#1671=EDGE_CURVE('',#1362,#1363,#663,.T.);
#1672=EDGE_CURVE('',#1364,#1363,#664,.T.);
#1673=EDGE_CURVE('',#1364,#1293,#665,.T.);
#1674=EDGE_CURVE('',#1362,#1365,#1164,.T.);
#1675=EDGE_CURVE('',#1365,#1366,#666,.T.);
#1676=EDGE_CURVE('',#1363,#1366,#1165,.T.);
#1677=EDGE_CURVE('',#1367,#1337,#1166,.T.);
#1678=EDGE_CURVE('',#1295,#1367,#667,.T.);
#1679=EDGE_CURVE('',#1368,#1369,#1167,.T.);
#1680=EDGE_CURVE('',#1369,#1266,#668,.T.);
#1681=EDGE_CURVE('',#1265,#1368,#669,.T.);
#1682=EDGE_CURVE('',#1370,#1369,#670,.T.);
#1683=EDGE_CURVE('',#1267,#1370,#671,.T.);
#1684=EDGE_CURVE('',#1371,#1372,#1168,.F.);
#1685=EDGE_CURVE('',#1371,#1263,#672,.T.);
#1686=EDGE_CURVE('',#1262,#1372,#673,.T.);
#1687=EDGE_CURVE('',#1373,#1294,#674,.T.);
#1688=EDGE_CURVE('',#1374,#1373,#675,.T.);
#1689=EDGE_CURVE('',#1375,#1374,#676,.T.);
#1690=EDGE_CURVE('',#1375,#1367,#677,.T.);
#1691=EDGE_CURVE('',#1372,#1257,#678,.T.);
#1692=EDGE_CURVE('',#1376,#1376,#1169,.T.);
#1693=EDGE_CURVE('',#1376,#1298,#679,.T.);
#1694=EDGE_CURVE('',#1360,#1352,#680,.T.);
#1695=EDGE_CURVE('',#1365,#1355,#681,.T.);
#1696=EDGE_CURVE('',#1377,#1377,#1170,.T.);
#1697=EDGE_CURVE('',#1377,#1299,#682,.T.);
#1698=EDGE_CURVE('',#1357,#1350,#683,.T.);
#1699=EDGE_CURVE('',#1378,#1346,#684,.T.);
#1700=EDGE_CURVE('',#1276,#1378,#685,.T.);
#1701=EDGE_CURVE('',#1347,#1378,#686,.T.);
#1702=EDGE_CURVE('',#1379,#1379,#1171,.T.);
#1703=EDGE_CURVE('',#1379,#1300,#687,.T.);
#1704=EDGE_CURVE('',#1371,#1375,#1172,.T.);
#1705=EDGE_CURVE('',#1380,#1380,#1173,.T.);
#1706=EDGE_CURVE('',#1380,#1302,#688,.T.);
#1707=EDGE_CURVE('',#1381,#1381,#1174,.T.);
#1708=EDGE_CURVE('',#1381,#1301,#689,.T.);
#1709=EDGE_CURVE('',#1382,#1370,#1175,.T.);
#1710=EDGE_CURVE('',#1268,#1382,#690,.T.);
#1711=EDGE_CURVE('',#1383,#1382,#1176,.T.);
#1712=EDGE_CURVE('',#1269,#1383,#691,.T.);
#1713=EDGE_CURVE('',#1384,#1383,#1177,.T.);
#1714=EDGE_CURVE('',#1270,#1384,#692,.T.);
#1715=EDGE_CURVE('',#1338,#1384,#693,.T.);
#1716=EDGE_CURVE('',#1385,#1368,#694,.T.);
#1717=EDGE_CURVE('',#1386,#1385,#1178,.T.);
#1718=EDGE_CURVE('',#1387,#1386,#695,.T.);
#1719=EDGE_CURVE('',#1388,#1387,#1179,.T.);
#1720=EDGE_CURVE('',#1389,#1388,#696,.T.);
#1721=EDGE_CURVE('',#1340,#1389,#1180,.T.);
#1722=EDGE_CURVE('',#1390,#1284,#697,.T.);
#1723=EDGE_CURVE('',#1366,#1390,#698,.T.);
#1724=EDGE_CURVE('',#1391,#1389,#699,.T.);
#1725=EDGE_CURVE('',#1341,#1391,#1181,.T.);
#1726=EDGE_CURVE('',#1388,#1392,#700,.T.);
#1727=EDGE_CURVE('',#1391,#1392,#701,.T.);
#1728=EDGE_CURVE('',#1387,#1393,#702,.T.);
#1729=EDGE_CURVE('',#1392,#1393,#1182,.T.);
#1730=EDGE_CURVE('',#1394,#1386,#703,.T.);
#1731=EDGE_CURVE('',#1393,#1394,#704,.T.);
#1732=EDGE_CURVE('',#1395,#1395,#1183,.T.);
#1733=EDGE_CURVE('',#1395,#1303,#705,.T.);
#1734=EDGE_CURVE('',#1396,#1396,#1184,.T.);
#1735=EDGE_CURVE('',#1396,#1304,#706,.T.);
#1736=EDGE_CURVE('',#1397,#1397,#1185,.T.);
#1737=EDGE_CURVE('',#1397,#1305,#707,.T.);
#1738=EDGE_CURVE('',#1398,#1398,#1186,.T.);
#1739=EDGE_CURVE('',#1398,#1306,#708,.T.);
#1740=EDGE_CURVE('',#1264,#1399,#709,.T.);
#1741=EDGE_CURVE('',#1400,#1399,#710,.T.);
#1742=EDGE_CURVE('',#1400,#1385,#711,.T.);
#1743=EDGE_CURVE('',#1399,#1374,#1187,.T.);
#1744=EDGE_CURVE('',#1390,#1359,#1188,.T.);
#1745=EDGE_CURVE('',#1401,#1402,#1189,.T.);
#1746=EDGE_CURVE('',#1402,#1327,#712,.T.);
#1747=EDGE_CURVE('',#1326,#1401,#713,.T.);
#1748=EDGE_CURVE('',#1403,#1401,#1190,.T.);
#1749=EDGE_CURVE('',#1404,#1325,#714,.T.);
#1750=EDGE_CURVE('',#1404,#1405,#1191,.T.);
#1751=EDGE_CURVE('',#1405,#1330,#715,.T.);
#1752=EDGE_CURVE('',#1403,#1329,#716,.T.);
#1753=EDGE_CURVE('',#1328,#1406,#717,.T.);
#1754=EDGE_CURVE('',#1403,#1406,#1192,.F.);
#1755=EDGE_CURVE('',#1321,#1407,#718,.T.);
#1756=EDGE_CURVE('',#1407,#1408,#1193,.T.);
#1757=EDGE_CURVE('',#1408,#1320,#719,.T.);
#1758=EDGE_CURVE('',#1409,#1335,#720,.T.);
#1759=EDGE_CURVE('',#1409,#1407,#1194,.T.);
#1760=EDGE_CURVE('',#1334,#1410,#721,.T.);
#1761=EDGE_CURVE('',#1410,#1409,#1195,.T.);
#1762=EDGE_CURVE('',#1411,#1410,#722,.T.);
#1763=EDGE_CURVE('',#1412,#1411,#37,.T.);
#1764=EDGE_CURVE('',#1413,#1412,#1196,.T.);
#1765=EDGE_CURVE('',#1414,#1413,#723,.T.);
#1766=EDGE_CURVE('',#1415,#1414,#1197,.T.);
#1767=EDGE_CURVE('',#1416,#1415,#724,.T.);
#1768=EDGE_CURVE('',#1417,#1416,#38,.T.);
#1769=EDGE_CURVE('',#1418,#1417,#1198,.T.);
#1770=EDGE_CURVE('',#1419,#1418,#39,.T.);
#1771=EDGE_CURVE('',#1420,#1419,#1199,.T.);
#1772=EDGE_CURVE('',#1421,#1420,#57,.T.);
#1773=EDGE_CURVE('',#1422,#1421,#1200,.T.);
#1774=EDGE_CURVE('',#1423,#1422,#725,.T.);
#1775=EDGE_CURVE('',#1424,#1423,#1201,.T.);
#1776=EDGE_CURVE('',#1425,#1424,#726,.T.);
#1777=EDGE_CURVE('',#1426,#1425,#1202,.T.);
#1778=EDGE_CURVE('',#1427,#1426,#727,.T.);
#1779=EDGE_CURVE('',#1428,#1427,#1203,.T.);
#1780=EDGE_CURVE('',#1429,#1428,#58,.T.);
#1781=EDGE_CURVE('',#1430,#1429,#1204,.T.);
#1782=EDGE_CURVE('',#1431,#1430,#40,.T.);
#1783=EDGE_CURVE('',#1432,#1431,#1205,.T.);
#1784=EDGE_CURVE('',#1433,#1432,#41,.T.);
#1785=EDGE_CURVE('',#1434,#1433,#728,.T.);
#1786=EDGE_CURVE('',#1435,#1434,#1206,.T.);
#1787=EDGE_CURVE('',#1436,#1435,#729,.T.);
#1788=EDGE_CURVE('',#1437,#1436,#1207,.T.);
#1789=EDGE_CURVE('',#1438,#1437,#42,.T.);
#1790=EDGE_CURVE('',#1408,#1438,#730,.T.);
#1791=EDGE_CURVE('',#1402,#1406,#1208,.T.);
#1792=EDGE_CURVE('',#1421,#1308,#731,.T.);
#1793=EDGE_CURVE('',#1439,#1420,#732,.T.);
#1794=EDGE_CURVE('',#1439,#1440,#59,.T.);
#1795=EDGE_CURVE('',#1440,#1307,#733,.T.);
#1796=EDGE_CURVE('',#1441,#1437,#734,.T.);
#1797=EDGE_CURVE('',#1441,#1442,#43,.T.);
#1798=EDGE_CURVE('',#1442,#1438,#735,.T.);
#1799=EDGE_CURVE('',#1443,#1436,#736,.T.);
#1800=EDGE_CURVE('',#1443,#1441,#1209,.T.);
#1801=EDGE_CURVE('',#1444,#1313,#737,.T.);
#1802=EDGE_CURVE('',#1444,#1445,#44,.T.);
#1803=EDGE_CURVE('',#1445,#1314,#738,.T.);
#1804=EDGE_CURVE('',#1446,#1311,#739,.T.);
#1805=EDGE_CURVE('',#1446,#1444,#45,.T.);
#1806=EDGE_CURVE('',#1447,#1312,#740,.T.);
#1807=EDGE_CURVE('',#1447,#1446,#1210,.T.);
#1808=EDGE_CURVE('',#1448,#1315,#741,.T.);
#1809=EDGE_CURVE('',#1448,#1447,#46,.T.);
#1810=EDGE_CURVE('',#1445,#1448,#47,.T.);
#1811=EDGE_CURVE('',#1449,#1449,#1211,.T.);
#1812=EDGE_CURVE('',#1450,#1451,#1212,.T.);
#1813=EDGE_CURVE('',#1452,#1450,#742,.T.);
#1814=EDGE_CURVE('',#1453,#1452,#1213,.T.);
#1815=EDGE_CURVE('',#1453,#1451,#743,.T.);
#1816=EDGE_CURVE('',#1454,#1450,#744,.T.);
#1817=EDGE_CURVE('',#1455,#1454,#745,.T.);
#1818=EDGE_CURVE('',#1452,#1455,#746,.T.);
#1819=EDGE_CURVE('',#1456,#1454,#1214,.T.);
#1820=EDGE_CURVE('',#1457,#1456,#747,.T.);
#1821=EDGE_CURVE('',#1455,#1457,#1215,.T.);
#1822=EDGE_CURVE('',#1458,#1456,#748,.T.);
#1823=EDGE_CURVE('',#1459,#1458,#749,.T.);
#1824=EDGE_CURVE('',#1457,#1459,#750,.T.);
#1825=EDGE_CURVE('',#1460,#1458,#1216,.T.);
#1826=EDGE_CURVE('',#1461,#1460,#751,.T.);
#1827=EDGE_CURVE('',#1459,#1461,#1217,.T.);
#1828=EDGE_CURVE('',#1462,#1460,#752,.T.);
#1829=EDGE_CURVE('',#1463,#1462,#753,.T.);
#1830=EDGE_CURVE('',#1461,#1463,#754,.T.);
#1831=EDGE_CURVE('',#1464,#1462,#1218,.T.);
#1832=EDGE_CURVE('',#1465,#1464,#755,.F.);
#1833=EDGE_CURVE('',#1463,#1465,#1219,.T.);
#1834=EDGE_CURVE('',#1466,#1464,#756,.T.);
#1835=EDGE_CURVE('',#1467,#1466,#757,.T.);
#1836=EDGE_CURVE('',#1465,#1467,#758,.T.);
#1837=EDGE_CURVE('',#1468,#1466,#759,.T.);
#1838=EDGE_CURVE('',#1469,#1468,#760,.T.);
#1839=EDGE_CURVE('',#1467,#1469,#761,.T.);
#1840=EDGE_CURVE('',#1470,#1468,#762,.T.);
#1841=EDGE_CURVE('',#1471,#1470,#763,.F.);
#1842=EDGE_CURVE('',#1469,#1471,#764,.T.);
#1843=EDGE_CURVE('',#1472,#1470,#765,.T.);
#1844=EDGE_CURVE('',#1473,#1472,#766,.T.);
#1845=EDGE_CURVE('',#1471,#1473,#767,.T.);
#1846=EDGE_CURVE('',#1474,#1472,#1220,.T.);
#1847=EDGE_CURVE('',#1475,#1474,#768,.T.);
#1848=EDGE_CURVE('',#1473,#1475,#1221,.T.);
#1849=EDGE_CURVE('',#1476,#1474,#769,.T.);
#1850=EDGE_CURVE('',#1477,#1476,#770,.T.);
#1851=EDGE_CURVE('',#1475,#1477,#771,.T.);
#1852=EDGE_CURVE('',#1478,#1476,#1222,.T.);
#1853=EDGE_CURVE('',#1479,#1478,#772,.T.);
#1854=EDGE_CURVE('',#1477,#1479,#1223,.T.);
#1855=EDGE_CURVE('',#1480,#1478,#773,.T.);
#1856=EDGE_CURVE('',#1481,#1480,#774,.T.);
#1857=EDGE_CURVE('',#1479,#1481,#775,.T.);
#1858=EDGE_CURVE('',#1482,#1480,#1224,.T.);
#1859=EDGE_CURVE('',#1483,#1482,#776,.T.);
#1860=EDGE_CURVE('',#1481,#1483,#1225,.T.);
#1861=EDGE_CURVE('',#1484,#1482,#777,.T.);
#1862=EDGE_CURVE('',#1485,#1484,#778,.T.);
#1863=EDGE_CURVE('',#1483,#1485,#779,.T.);
#1864=EDGE_CURVE('',#1486,#1484,#1226,.T.);
#1865=EDGE_CURVE('',#1487,#1486,#780,.T.);
#1866=EDGE_CURVE('',#1485,#1487,#1227,.T.);
#1867=EDGE_CURVE('',#1488,#1486,#781,.T.);
#1868=EDGE_CURVE('',#1489,#1488,#782,.T.);
#1869=EDGE_CURVE('',#1487,#1489,#783,.T.);
#1870=EDGE_CURVE('',#1490,#1488,#1228,.T.);
#1871=EDGE_CURVE('',#1491,#1490,#784,.T.);
#1872=EDGE_CURVE('',#1489,#1491,#1229,.T.);
#1873=EDGE_CURVE('',#1492,#1490,#785,.T.);
#1874=EDGE_CURVE('',#1493,#1492,#786,.T.);
#1875=EDGE_CURVE('',#1491,#1493,#787,.T.);
#1876=EDGE_CURVE('',#1494,#1492,#1230,.T.);
#1877=EDGE_CURVE('',#1495,#1494,#788,.T.);
#1878=EDGE_CURVE('',#1493,#1495,#1231,.T.);
#1879=EDGE_CURVE('',#1496,#1494,#789,.T.);
#1880=EDGE_CURVE('',#1497,#1496,#790,.F.);
#1881=EDGE_CURVE('',#1495,#1497,#791,.T.);
#1882=EDGE_CURVE('',#1498,#1496,#792,.T.);
#1883=EDGE_CURVE('',#1499,#1498,#793,.T.);
#1884=EDGE_CURVE('',#1497,#1499,#794,.T.);
#1885=EDGE_CURVE('',#1500,#1498,#795,.T.);
#1886=EDGE_CURVE('',#1501,#1500,#796,.T.);
#1887=EDGE_CURVE('',#1499,#1501,#797,.T.);
#1888=EDGE_CURVE('',#1502,#1500,#798,.T.);
#1889=EDGE_CURVE('',#1503,#1502,#799,.F.);
#1890=EDGE_CURVE('',#1501,#1503,#800,.T.);
#1891=EDGE_CURVE('',#1504,#1502,#1232,.T.);
#1892=EDGE_CURVE('',#1505,#1504,#801,.T.);
#1893=EDGE_CURVE('',#1503,#1505,#1233,.T.);
#1894=EDGE_CURVE('',#1506,#1504,#802,.T.);
#1895=EDGE_CURVE('',#1507,#1506,#803,.T.);
#1896=EDGE_CURVE('',#1505,#1507,#804,.T.);
#1897=EDGE_CURVE('',#1508,#1506,#1234,.T.);
#1898=EDGE_CURVE('',#1509,#1508,#805,.T.);
#1899=EDGE_CURVE('',#1507,#1509,#1235,.T.);
#1900=EDGE_CURVE('',#1451,#1508,#806,.T.);
#1901=EDGE_CURVE('',#1509,#1453,#807,.T.);
#1902=EDGE_CURVE('',#1373,#1364,#1236,.T.);
#1903=EDGE_CURVE('',#1394,#1400,#1237,.T.);
#1904=EDGE_CURVE('',#1510,#1435,#808,.T.);
#1905=EDGE_CURVE('',#1510,#1443,#809,.T.);
#1906=EDGE_CURVE('',#1511,#1434,#810,.T.);
#1907=EDGE_CURVE('',#1511,#1510,#1238,.T.);
#1908=EDGE_CURVE('',#1512,#1433,#811,.T.);
#1909=EDGE_CURVE('',#1512,#1511,#812,.T.);
#1910=EDGE_CURVE('',#1513,#1432,#813,.T.);
#1911=EDGE_CURVE('',#1513,#1512,#48,.T.);
#1912=EDGE_CURVE('',#1514,#1431,#814,.T.);
#1913=EDGE_CURVE('',#1514,#1513,#1239,.T.);
#1914=EDGE_CURVE('',#1515,#1430,#815,.T.);
#1915=EDGE_CURVE('',#1515,#1514,#49,.T.);
#1916=EDGE_CURVE('',#1516,#1429,#816,.T.);
#1917=EDGE_CURVE('',#1516,#1515,#1240,.T.);
#1918=EDGE_CURVE('',#1428,#1310,#817,.T.);
#1919=EDGE_CURVE('',#1517,#1309,#818,.T.);
#1920=EDGE_CURVE('',#1517,#1516,#60,.T.);
#1921=EDGE_CURVE('',#1518,#1427,#819,.T.);
#1922=EDGE_CURVE('',#1518,#1517,#1241,.T.);
#1923=EDGE_CURVE('',#1519,#1426,#820,.T.);
#1924=EDGE_CURVE('',#1519,#1518,#821,.T.);
#1925=EDGE_CURVE('',#1520,#1425,#822,.T.);
#1926=EDGE_CURVE('',#1520,#1519,#1242,.T.);
#1927=EDGE_CURVE('',#1521,#1424,#823,.T.);
#1928=EDGE_CURVE('',#1521,#1520,#824,.T.);
#1929=EDGE_CURVE('',#1522,#1423,#825,.T.);
#1930=EDGE_CURVE('',#1522,#1521,#1243,.T.);
#1931=EDGE_CURVE('',#1523,#1422,#826,.T.);
#1932=EDGE_CURVE('',#1523,#1522,#827,.T.);
#1933=EDGE_CURVE('',#1440,#1523,#1244,.T.);
#1934=EDGE_CURVE('',#1524,#1419,#828,.T.);
#1935=EDGE_CURVE('',#1524,#1439,#1245,.T.);
#1936=EDGE_CURVE('',#1525,#1418,#829,.T.);
#1937=EDGE_CURVE('',#1525,#1524,#50,.T.);
#1938=EDGE_CURVE('',#1526,#1417,#830,.T.);
#1939=EDGE_CURVE('',#1526,#1525,#1246,.T.);
#1940=EDGE_CURVE('',#1527,#1416,#831,.T.);
#1941=EDGE_CURVE('',#1527,#1526,#51,.T.);
#1942=EDGE_CURVE('',#1528,#1415,#832,.T.);
#1943=EDGE_CURVE('',#1528,#1527,#833,.T.);
#1944=EDGE_CURVE('',#1529,#1414,#834,.T.);
#1945=EDGE_CURVE('',#1529,#1528,#1247,.T.);
#1946=EDGE_CURVE('',#1530,#1413,#835,.T.);
#1947=EDGE_CURVE('',#1530,#1529,#836,.T.);
#1948=EDGE_CURVE('',#1531,#1412,#837,.T.);
#1949=EDGE_CURVE('',#1531,#1530,#1248,.T.);
#1950=EDGE_CURVE('',#1532,#1411,#838,.T.);
#1951=EDGE_CURVE('',#1532,#1531,#52,.T.);
#1952=EDGE_CURVE('',#1533,#1333,#839,.T.);
#1953=EDGE_CURVE('',#1533,#1532,#840,.T.);
#1954=EDGE_CURVE('',#1534,#1332,#841,.T.);
#1955=EDGE_CURVE('',#1534,#1533,#1249,.T.);
#1956=EDGE_CURVE('',#1535,#1331,#842,.T.);
#1957=EDGE_CURVE('',#1535,#1534,#843,.T.);
#1958=EDGE_CURVE('',#1405,#1535,#53,.T.);
#1959=EDGE_CURVE('',#1536,#1324,#844,.T.);
#1960=EDGE_CURVE('',#1536,#1404,#54,.T.);
#1961=EDGE_CURVE('',#1537,#1323,#845,.T.);
#1962=EDGE_CURVE('',#1537,#1536,#846,.T.);
#1963=EDGE_CURVE('',#1538,#1322,#847,.T.);
#1964=EDGE_CURVE('',#1538,#1537,#1250,.T.);
#1965=EDGE_CURVE('',#1442,#1538,#848,.T.);
#1966=EDGE_CURVE('',#1319,#1539,#849,.T.);
#1967=EDGE_CURVE('',#1539,#1539,#1251,.T.);
#1968=EDGE_CURVE('',#1318,#1540,#850,.T.);
#1969=EDGE_CURVE('',#1540,#1540,#1252,.T.);
#1970=EDGE_CURVE('',#1317,#1541,#851,.T.);
#1971=EDGE_CURVE('',#1541,#1541,#1253,.T.);
#1972=EDGE_CURVE('',#1316,#1542,#852,.T.);
#1973=EDGE_CURVE('',#1542,#1542,#1254,.T.);
#1974=EDGE_CURVE('',#1449,#1543,#853,.T.);
#1975=EDGE_CURVE('',#1543,#1543,#1255,.T.);
#1976=ORIENTED_EDGE('',*,*,#1544,.T.);
#1977=ORIENTED_EDGE('',*,*,#1545,.T.);
#1978=ORIENTED_EDGE('',*,*,#1546,.T.);
#1979=ORIENTED_EDGE('',*,*,#1547,.T.);
#1980=ORIENTED_EDGE('',*,*,#1547,.F.);
#1981=ORIENTED_EDGE('',*,*,#1548,.F.);
#1982=ORIENTED_EDGE('',*,*,#1549,.F.);
#1983=ORIENTED_EDGE('',*,*,#1550,.F.);
#1984=ORIENTED_EDGE('',*,*,#1546,.F.);
#1985=ORIENTED_EDGE('',*,*,#1551,.T.);
#1986=ORIENTED_EDGE('',*,*,#1552,.T.);
#1987=ORIENTED_EDGE('',*,*,#1553,.T.);
#1988=ORIENTED_EDGE('',*,*,#1554,.T.);
#1989=ORIENTED_EDGE('',*,*,#1555,.F.);
#1990=ORIENTED_EDGE('',*,*,#1556,.T.);
#1991=ORIENTED_EDGE('',*,*,#1557,.T.);
#1992=ORIENTED_EDGE('',*,*,#1558,.T.);
#1993=ORIENTED_EDGE('',*,*,#1559,.T.);
#1994=ORIENTED_EDGE('',*,*,#1560,.T.);
#1995=ORIENTED_EDGE('',*,*,#1561,.F.);
#1996=ORIENTED_EDGE('',*,*,#1562,.T.);
#1997=ORIENTED_EDGE('',*,*,#1563,.T.);
#1998=ORIENTED_EDGE('',*,*,#1564,.F.);
#1999=ORIENTED_EDGE('',*,*,#1565,.T.);
#2000=ORIENTED_EDGE('',*,*,#1566,.T.);
#2001=ORIENTED_EDGE('',*,*,#1567,.F.);
#2002=ORIENTED_EDGE('',*,*,#1568,.T.);
#2003=ORIENTED_EDGE('',*,*,#1569,.F.);
#2004=ORIENTED_EDGE('',*,*,#1570,.T.);
#2005=ORIENTED_EDGE('',*,*,#1571,.F.);
#2006=ORIENTED_EDGE('',*,*,#1572,.T.);
#2007=ORIENTED_EDGE('',*,*,#1573,.F.);
#2008=ORIENTED_EDGE('',*,*,#1574,.T.);
#2009=ORIENTED_EDGE('',*,*,#1575,.F.);
#2010=ORIENTED_EDGE('',*,*,#1576,.T.);
#2011=ORIENTED_EDGE('',*,*,#1577,.F.);
#2012=ORIENTED_EDGE('',*,*,#1578,.T.);
#2013=ORIENTED_EDGE('',*,*,#1579,.F.);
#2014=ORIENTED_EDGE('',*,*,#1580,.T.);
#2015=ORIENTED_EDGE('',*,*,#1581,.T.);
#2016=ORIENTED_EDGE('',*,*,#1582,.T.);
#2017=ORIENTED_EDGE('',*,*,#1583,.F.);
#2018=ORIENTED_EDGE('',*,*,#1584,.T.);
#2019=ORIENTED_EDGE('',*,*,#1585,.F.);
#2020=ORIENTED_EDGE('',*,*,#1586,.T.);
#2021=ORIENTED_EDGE('',*,*,#1587,.F.);
#2022=ORIENTED_EDGE('',*,*,#1548,.T.);
#2023=ORIENTED_EDGE('',*,*,#1588,.T.);
#2024=ORIENTED_EDGE('',*,*,#1589,.T.);
#2025=ORIENTED_EDGE('',*,*,#1590,.T.);
#2026=ORIENTED_EDGE('',*,*,#1591,.T.);
#2027=ORIENTED_EDGE('',*,*,#1592,.T.);
#2028=ORIENTED_EDGE('',*,*,#1593,.T.);
#2029=ORIENTED_EDGE('',*,*,#1594,.T.);
#2030=ORIENTED_EDGE('',*,*,#1595,.T.);
#2031=ORIENTED_EDGE('',*,*,#1596,.T.);
#2032=ORIENTED_EDGE('',*,*,#1597,.F.);
#2033=ORIENTED_EDGE('',*,*,#1598,.F.);
#2034=ORIENTED_EDGE('',*,*,#1599,.F.);
#2035=ORIENTED_EDGE('',*,*,#1600,.F.);
#2036=ORIENTED_EDGE('',*,*,#1601,.F.);
#2037=ORIENTED_EDGE('',*,*,#1602,.F.);
#2038=ORIENTED_EDGE('',*,*,#1603,.F.);
#2039=ORIENTED_EDGE('',*,*,#1604,.F.);
#2040=ORIENTED_EDGE('',*,*,#1605,.F.);
#2041=ORIENTED_EDGE('',*,*,#1606,.F.);
#2042=ORIENTED_EDGE('',*,*,#1607,.F.);
#2043=ORIENTED_EDGE('',*,*,#1608,.F.);
#2044=ORIENTED_EDGE('',*,*,#1609,.F.);
#2045=ORIENTED_EDGE('',*,*,#1610,.F.);
#2046=ORIENTED_EDGE('',*,*,#1611,.F.);
#2047=ORIENTED_EDGE('',*,*,#1612,.F.);
#2048=ORIENTED_EDGE('',*,*,#1613,.F.);
#2049=ORIENTED_EDGE('',*,*,#1614,.F.);
#2050=ORIENTED_EDGE('',*,*,#1615,.F.);
#2051=ORIENTED_EDGE('',*,*,#1616,.F.);
#2052=ORIENTED_EDGE('',*,*,#1617,.F.);
#2053=ORIENTED_EDGE('',*,*,#1618,.T.);
#2054=ORIENTED_EDGE('',*,*,#1619,.F.);
#2055=ORIENTED_EDGE('',*,*,#1620,.F.);
#2056=ORIENTED_EDGE('',*,*,#1621,.F.);
#2057=ORIENTED_EDGE('',*,*,#1622,.F.);
#2058=ORIENTED_EDGE('',*,*,#1623,.F.);
#2059=ORIENTED_EDGE('',*,*,#1624,.F.);
#2060=ORIENTED_EDGE('',*,*,#1625,.F.);
#2061=ORIENTED_EDGE('',*,*,#1626,.T.);
#2062=ORIENTED_EDGE('',*,*,#1549,.T.);
#2063=ORIENTED_EDGE('',*,*,#1587,.T.);
#2064=ORIENTED_EDGE('',*,*,#1627,.T.);
#2065=ORIENTED_EDGE('',*,*,#1627,.F.);
#2066=ORIENTED_EDGE('',*,*,#1586,.F.);
#2067=ORIENTED_EDGE('',*,*,#1628,.F.);
#2068=ORIENTED_EDGE('',*,*,#1629,.F.);
#2069=ORIENTED_EDGE('',*,*,#1630,.T.);
#2070=ORIENTED_EDGE('',*,*,#1631,.T.);
#2071=ORIENTED_EDGE('',*,*,#1561,.T.);
#2072=ORIENTED_EDGE('',*,*,#1632,.T.);
#2073=ORIENTED_EDGE('',*,*,#1631,.F.);
#2074=ORIENTED_EDGE('',*,*,#1633,.T.);
#2075=ORIENTED_EDGE('',*,*,#1634,.F.);
#2076=ORIENTED_EDGE('',*,*,#1635,.F.);
#2077=ORIENTED_EDGE('',*,*,#1636,.F.);
#2078=ORIENTED_EDGE('',*,*,#1562,.F.);
#2079=ORIENTED_EDGE('',*,*,#1637,.T.);
#2080=ORIENTED_EDGE('',*,*,#1638,.F.);
#2081=ORIENTED_EDGE('',*,*,#1639,.F.);
#2082=ORIENTED_EDGE('',*,*,#1640,.T.);
#2083=ORIENTED_EDGE('',*,*,#1564,.T.);
#2084=ORIENTED_EDGE('',*,*,#1641,.T.);
#2085=ORIENTED_EDGE('',*,*,#1641,.F.);
#2086=ORIENTED_EDGE('',*,*,#1563,.F.);
#2087=ORIENTED_EDGE('',*,*,#1636,.T.);
#2088=ORIENTED_EDGE('',*,*,#1642,.F.);
#2089=ORIENTED_EDGE('',*,*,#1643,.T.);
#2090=ORIENTED_EDGE('',*,*,#1644,.T.);
#2091=ORIENTED_EDGE('',*,*,#1567,.T.);
#2092=ORIENTED_EDGE('',*,*,#1645,.T.);
#2093=ORIENTED_EDGE('',*,*,#1644,.F.);
#2094=ORIENTED_EDGE('',*,*,#1646,.F.);
#2095=ORIENTED_EDGE('',*,*,#1647,.F.);
#2096=ORIENTED_EDGE('',*,*,#1568,.F.);
#2097=ORIENTED_EDGE('',*,*,#1648,.T.);
#2098=ORIENTED_EDGE('',*,*,#1649,.T.);
#2099=ORIENTED_EDGE('',*,*,#1569,.T.);
#2100=ORIENTED_EDGE('',*,*,#1647,.T.);
#2101=ORIENTED_EDGE('',*,*,#1650,.T.);
#2102=ORIENTED_EDGE('',*,*,#1651,.T.);
#2103=ORIENTED_EDGE('',*,*,#1579,.T.);
#2104=ORIENTED_EDGE('',*,*,#1652,.T.);
#2105=ORIENTED_EDGE('',*,*,#1652,.F.);
#2106=ORIENTED_EDGE('',*,*,#1578,.F.);
#2107=ORIENTED_EDGE('',*,*,#1653,.F.);
#2108=ORIENTED_EDGE('',*,*,#1654,.F.);
#2109=ORIENTED_EDGE('',*,*,#1655,.T.);
#2110=ORIENTED_EDGE('',*,*,#1653,.T.);
#2111=ORIENTED_EDGE('',*,*,#1577,.T.);
#2112=ORIENTED_EDGE('',*,*,#1656,.T.);
#2113=ORIENTED_EDGE('',*,*,#1657,.T.);
#2114=ORIENTED_EDGE('',*,*,#1658,.T.);
#2115=ORIENTED_EDGE('',*,*,#1575,.T.);
#2116=ORIENTED_EDGE('',*,*,#1659,.T.);
#2117=ORIENTED_EDGE('',*,*,#1656,.F.);
#2118=ORIENTED_EDGE('',*,*,#1576,.F.);
#2119=ORIENTED_EDGE('',*,*,#1658,.F.);
#2120=ORIENTED_EDGE('',*,*,#1660,.F.);
#2121=ORIENTED_EDGE('',*,*,#1661,.T.);
#2122=ORIENTED_EDGE('',*,*,#1662,.T.);
#2123=ORIENTED_EDGE('',*,*,#1571,.T.);
#2124=ORIENTED_EDGE('',*,*,#1663,.T.);
#2125=ORIENTED_EDGE('',*,*,#1662,.F.);
#2126=ORIENTED_EDGE('',*,*,#1664,.F.);
#2127=ORIENTED_EDGE('',*,*,#1638,.T.);
#2128=ORIENTED_EDGE('',*,*,#1665,.T.);
#2129=ORIENTED_EDGE('',*,*,#1666,.T.);
#2130=ORIENTED_EDGE('',*,*,#1572,.F.);
#2131=ORIENTED_EDGE('',*,*,#1581,.F.);
#2132=ORIENTED_EDGE('',*,*,#1667,.T.);
#2133=ORIENTED_EDGE('',*,*,#1668,.F.);
#2134=ORIENTED_EDGE('',*,*,#1669,.T.);
#2135=ORIENTED_EDGE('',*,*,#1669,.F.);
#2136=ORIENTED_EDGE('',*,*,#1670,.T.);
#2137=ORIENTED_EDGE('',*,*,#1671,.T.);
#2138=ORIENTED_EDGE('',*,*,#1672,.F.);
#2139=ORIENTED_EDGE('',*,*,#1673,.T.);
#2140=ORIENTED_EDGE('',*,*,#1582,.F.);
#2141=ORIENTED_EDGE('',*,*,#1674,.T.);
#2142=ORIENTED_EDGE('',*,*,#1675,.T.);
#2143=ORIENTED_EDGE('',*,*,#1676,.F.);
#2144=ORIENTED_EDGE('',*,*,#1671,.F.);
#2145=ORIENTED_EDGE('',*,*,#1677,.T.);
#2146=ORIENTED_EDGE('',*,*,#1628,.T.);
#2147=ORIENTED_EDGE('',*,*,#1585,.T.);
#2148=ORIENTED_EDGE('',*,*,#1678,.T.);
#2149=ORIENTED_EDGE('',*,*,#1679,.T.);
#2150=ORIENTED_EDGE('',*,*,#1680,.T.);
#2151=ORIENTED_EDGE('',*,*,#1555,.T.);
#2152=ORIENTED_EDGE('',*,*,#1681,.T.);
#2153=ORIENTED_EDGE('',*,*,#1680,.F.);
#2154=ORIENTED_EDGE('',*,*,#1682,.F.);
#2155=ORIENTED_EDGE('',*,*,#1683,.F.);
#2156=ORIENTED_EDGE('',*,*,#1556,.F.);
#2157=ORIENTED_EDGE('',*,*,#1684,.F.);
#2158=ORIENTED_EDGE('',*,*,#1685,.T.);
#2159=ORIENTED_EDGE('',*,*,#1552,.F.);
#2160=ORIENTED_EDGE('',*,*,#1686,.T.);
#2161=ORIENTED_EDGE('',*,*,#1678,.F.);
#2162=ORIENTED_EDGE('',*,*,#1584,.F.);
#2163=ORIENTED_EDGE('',*,*,#1687,.F.);
#2164=ORIENTED_EDGE('',*,*,#1688,.F.);
#2165=ORIENTED_EDGE('',*,*,#1689,.F.);
#2166=ORIENTED_EDGE('',*,*,#1690,.T.);
#2167=ORIENTED_EDGE('',*,*,#1545,.F.);
#2168=ORIENTED_EDGE('',*,*,#1691,.F.);
#2169=ORIENTED_EDGE('',*,*,#1686,.F.);
#2170=ORIENTED_EDGE('',*,*,#1551,.F.);
#2171=ORIENTED_EDGE('',*,*,#1692,.F.);
#2172=ORIENTED_EDGE('',*,*,#1693,.T.);
#2173=ORIENTED_EDGE('',*,*,#1588,.F.);
#2174=ORIENTED_EDGE('',*,*,#1693,.F.);
#2175=ORIENTED_EDGE('',*,*,#1651,.F.);
#2176=ORIENTED_EDGE('',*,*,#1694,.F.);
#2177=ORIENTED_EDGE('',*,*,#1667,.F.);
#2178=ORIENTED_EDGE('',*,*,#1580,.F.);
#2179=ORIENTED_EDGE('',*,*,#1650,.F.);
#2180=ORIENTED_EDGE('',*,*,#1654,.T.);
#2181=ORIENTED_EDGE('',*,*,#1655,.F.);
#2182=ORIENTED_EDGE('',*,*,#1660,.T.);
#2183=ORIENTED_EDGE('',*,*,#1657,.F.);
#2184=ORIENTED_EDGE('',*,*,#1695,.F.);
#2185=ORIENTED_EDGE('',*,*,#1674,.F.);
#2186=ORIENTED_EDGE('',*,*,#1670,.F.);
#2187=ORIENTED_EDGE('',*,*,#1668,.T.);
#2188=ORIENTED_EDGE('',*,*,#1694,.T.);
#2189=ORIENTED_EDGE('',*,*,#1692,.T.);
#2190=ORIENTED_EDGE('',*,*,#1696,.F.);
#2191=ORIENTED_EDGE('',*,*,#1697,.T.);
#2192=ORIENTED_EDGE('',*,*,#1589,.F.);
#2193=ORIENTED_EDGE('',*,*,#1697,.F.);
#2194=ORIENTED_EDGE('',*,*,#1649,.F.);
#2195=ORIENTED_EDGE('',*,*,#1698,.F.);
#2196=ORIENTED_EDGE('',*,*,#1663,.F.);
#2197=ORIENTED_EDGE('',*,*,#1570,.F.);
#2198=ORIENTED_EDGE('',*,*,#1640,.F.);
#2199=ORIENTED_EDGE('',*,*,#1699,.F.);
#2200=ORIENTED_EDGE('',*,*,#1700,.F.);
#2201=ORIENTED_EDGE('',*,*,#1565,.F.);
#2202=ORIENTED_EDGE('',*,*,#1645,.F.);
#2203=ORIENTED_EDGE('',*,*,#1566,.F.);
#2204=ORIENTED_EDGE('',*,*,#1700,.T.);
#2205=ORIENTED_EDGE('',*,*,#1701,.F.);
#2206=ORIENTED_EDGE('',*,*,#1643,.F.);
#2207=ORIENTED_EDGE('',*,*,#1701,.T.);
#2208=ORIENTED_EDGE('',*,*,#1699,.T.);
#2209=ORIENTED_EDGE('',*,*,#1639,.T.);
#2210=ORIENTED_EDGE('',*,*,#1664,.T.);
#2211=ORIENTED_EDGE('',*,*,#1661,.F.);
#2212=ORIENTED_EDGE('',*,*,#1698,.T.);
#2213=ORIENTED_EDGE('',*,*,#1648,.F.);
#2214=ORIENTED_EDGE('',*,*,#1646,.T.);
#2215=ORIENTED_EDGE('',*,*,#1696,.T.);
#2216=ORIENTED_EDGE('',*,*,#1702,.F.);
#2217=ORIENTED_EDGE('',*,*,#1703,.T.);
#2218=ORIENTED_EDGE('',*,*,#1590,.F.);
#2219=ORIENTED_EDGE('',*,*,#1703,.F.);
#2220=ORIENTED_EDGE('',*,*,#1544,.F.);
#2221=ORIENTED_EDGE('',*,*,#1550,.T.);
#2222=ORIENTED_EDGE('',*,*,#1626,.F.);
#2223=ORIENTED_EDGE('',*,*,#1629,.T.);
#2224=ORIENTED_EDGE('',*,*,#1677,.F.);
#2225=ORIENTED_EDGE('',*,*,#1690,.F.);
#2226=ORIENTED_EDGE('',*,*,#1704,.F.);
#2227=ORIENTED_EDGE('',*,*,#1684,.T.);
#2228=ORIENTED_EDGE('',*,*,#1691,.T.);
#2229=ORIENTED_EDGE('',*,*,#1702,.T.);
#2230=ORIENTED_EDGE('',*,*,#1705,.F.);
#2231=ORIENTED_EDGE('',*,*,#1706,.T.);
#2232=ORIENTED_EDGE('',*,*,#1592,.F.);
#2233=ORIENTED_EDGE('',*,*,#1706,.F.);
#2234=ORIENTED_EDGE('',*,*,#1707,.F.);
#2235=ORIENTED_EDGE('',*,*,#1708,.T.);
#2236=ORIENTED_EDGE('',*,*,#1591,.F.);
#2237=ORIENTED_EDGE('',*,*,#1708,.F.);
#2238=ORIENTED_EDGE('',*,*,#1557,.F.);
#2239=ORIENTED_EDGE('',*,*,#1683,.T.);
#2240=ORIENTED_EDGE('',*,*,#1709,.F.);
#2241=ORIENTED_EDGE('',*,*,#1710,.F.);
#2242=ORIENTED_EDGE('',*,*,#1558,.F.);
#2243=ORIENTED_EDGE('',*,*,#1710,.T.);
#2244=ORIENTED_EDGE('',*,*,#1711,.F.);
#2245=ORIENTED_EDGE('',*,*,#1712,.F.);
#2246=ORIENTED_EDGE('',*,*,#1559,.F.);
#2247=ORIENTED_EDGE('',*,*,#1712,.T.);
#2248=ORIENTED_EDGE('',*,*,#1713,.F.);
#2249=ORIENTED_EDGE('',*,*,#1714,.F.);
#2250=ORIENTED_EDGE('',*,*,#1632,.F.);
#2251=ORIENTED_EDGE('',*,*,#1560,.F.);
#2252=ORIENTED_EDGE('',*,*,#1714,.T.);
#2253=ORIENTED_EDGE('',*,*,#1715,.F.);
#2254=ORIENTED_EDGE('',*,*,#1633,.F.);
#2255=ORIENTED_EDGE('',*,*,#1630,.F.);
#2256=ORIENTED_EDGE('',*,*,#1715,.T.);
#2257=ORIENTED_EDGE('',*,*,#1713,.T.);
#2258=ORIENTED_EDGE('',*,*,#1711,.T.);
#2259=ORIENTED_EDGE('',*,*,#1709,.T.);
#2260=ORIENTED_EDGE('',*,*,#1682,.T.);
#2261=ORIENTED_EDGE('',*,*,#1679,.F.);
#2262=ORIENTED_EDGE('',*,*,#1716,.F.);
#2263=ORIENTED_EDGE('',*,*,#1717,.F.);
#2264=ORIENTED_EDGE('',*,*,#1718,.F.);
#2265=ORIENTED_EDGE('',*,*,#1719,.F.);
#2266=ORIENTED_EDGE('',*,*,#1720,.F.);
#2267=ORIENTED_EDGE('',*,*,#1721,.F.);
#2268=ORIENTED_EDGE('',*,*,#1707,.T.);
#2269=ORIENTED_EDGE('',*,*,#1705,.T.);
#2270=ORIENTED_EDGE('',*,*,#1659,.F.);
#2271=ORIENTED_EDGE('',*,*,#1574,.F.);
#2272=ORIENTED_EDGE('',*,*,#1722,.F.);
#2273=ORIENTED_EDGE('',*,*,#1723,.F.);
#2274=ORIENTED_EDGE('',*,*,#1675,.F.);
#2275=ORIENTED_EDGE('',*,*,#1695,.T.);
#2276=ORIENTED_EDGE('',*,*,#1721,.T.);
#2277=ORIENTED_EDGE('',*,*,#1724,.F.);
#2278=ORIENTED_EDGE('',*,*,#1725,.F.);
#2279=ORIENTED_EDGE('',*,*,#1634,.T.);
#2280=ORIENTED_EDGE('',*,*,#1720,.T.);
#2281=ORIENTED_EDGE('',*,*,#1726,.T.);
#2282=ORIENTED_EDGE('',*,*,#1727,.F.);
#2283=ORIENTED_EDGE('',*,*,#1724,.T.);
#2284=ORIENTED_EDGE('',*,*,#1719,.T.);
#2285=ORIENTED_EDGE('',*,*,#1728,.T.);
#2286=ORIENTED_EDGE('',*,*,#1729,.F.);
#2287=ORIENTED_EDGE('',*,*,#1726,.F.);
#2288=ORIENTED_EDGE('',*,*,#1718,.T.);
#2289=ORIENTED_EDGE('',*,*,#1730,.F.);
#2290=ORIENTED_EDGE('',*,*,#1731,.F.);
#2291=ORIENTED_EDGE('',*,*,#1728,.F.);
#2292=ORIENTED_EDGE('',*,*,#1732,.F.);
#2293=ORIENTED_EDGE('',*,*,#1733,.T.);
#2294=ORIENTED_EDGE('',*,*,#1593,.F.);
#2295=ORIENTED_EDGE('',*,*,#1733,.F.);
#2296=ORIENTED_EDGE('',*,*,#1734,.F.);
#2297=ORIENTED_EDGE('',*,*,#1735,.T.);
#2298=ORIENTED_EDGE('',*,*,#1594,.F.);
#2299=ORIENTED_EDGE('',*,*,#1735,.F.);
#2300=ORIENTED_EDGE('',*,*,#1736,.F.);
#2301=ORIENTED_EDGE('',*,*,#1737,.T.);
#2302=ORIENTED_EDGE('',*,*,#1595,.F.);
#2303=ORIENTED_EDGE('',*,*,#1737,.F.);
#2304=ORIENTED_EDGE('',*,*,#1738,.F.);
#2305=ORIENTED_EDGE('',*,*,#1739,.T.);
#2306=ORIENTED_EDGE('',*,*,#1596,.F.);
#2307=ORIENTED_EDGE('',*,*,#1739,.F.);
#2308=ORIENTED_EDGE('',*,*,#1681,.F.);
#2309=ORIENTED_EDGE('',*,*,#1554,.F.);
#2310=ORIENTED_EDGE('',*,*,#1740,.T.);
#2311=ORIENTED_EDGE('',*,*,#1741,.F.);
#2312=ORIENTED_EDGE('',*,*,#1742,.T.);
#2313=ORIENTED_EDGE('',*,*,#1716,.T.);
#2314=ORIENTED_EDGE('',*,*,#1704,.T.);
#2315=ORIENTED_EDGE('',*,*,#1689,.T.);
#2316=ORIENTED_EDGE('',*,*,#1743,.F.);
#2317=ORIENTED_EDGE('',*,*,#1740,.F.);
#2318=ORIENTED_EDGE('',*,*,#1553,.F.);
#2319=ORIENTED_EDGE('',*,*,#1685,.F.);
#2320=ORIENTED_EDGE('',*,*,#1722,.T.);
#2321=ORIENTED_EDGE('',*,*,#1573,.T.);
#2322=ORIENTED_EDGE('',*,*,#1666,.F.);
#2323=ORIENTED_EDGE('',*,*,#1744,.F.);
#2324=ORIENTED_EDGE('',*,*,#1745,.T.);
#2325=ORIENTED_EDGE('',*,*,#1746,.T.);
#2326=ORIENTED_EDGE('',*,*,#1616,.T.);
#2327=ORIENTED_EDGE('',*,*,#1747,.T.);
#2328=ORIENTED_EDGE('',*,*,#1748,.T.);
#2329=ORIENTED_EDGE('',*,*,#1747,.F.);
#2330=ORIENTED_EDGE('',*,*,#1615,.T.);
#2331=ORIENTED_EDGE('',*,*,#1749,.F.);
#2332=ORIENTED_EDGE('',*,*,#1750,.T.);
#2333=ORIENTED_EDGE('',*,*,#1751,.T.);
#2334=ORIENTED_EDGE('',*,*,#1619,.T.);
#2335=ORIENTED_EDGE('',*,*,#1752,.F.);
#2336=ORIENTED_EDGE('',*,*,#1618,.F.);
#2337=ORIENTED_EDGE('',*,*,#1753,.T.);
#2338=ORIENTED_EDGE('',*,*,#1754,.F.);
#2339=ORIENTED_EDGE('',*,*,#1752,.T.);
#2340=ORIENTED_EDGE('',*,*,#1610,.T.);
#2341=ORIENTED_EDGE('',*,*,#1755,.T.);
#2342=ORIENTED_EDGE('',*,*,#1756,.T.);
#2343=ORIENTED_EDGE('',*,*,#1757,.T.);
#2344=ORIENTED_EDGE('',*,*,#1755,.F.);
#2345=ORIENTED_EDGE('',*,*,#1625,.T.);
#2346=ORIENTED_EDGE('',*,*,#1758,.F.);
#2347=ORIENTED_EDGE('',*,*,#1759,.T.);
#2348=ORIENTED_EDGE('',*,*,#1624,.T.);
#2349=ORIENTED_EDGE('',*,*,#1760,.T.);
#2350=ORIENTED_EDGE('',*,*,#1761,.T.);
#2351=ORIENTED_EDGE('',*,*,#1758,.T.);
#2352=ORIENTED_EDGE('',*,*,#1756,.F.);
#2353=ORIENTED_EDGE('',*,*,#1759,.F.);
#2354=ORIENTED_EDGE('',*,*,#1761,.F.);
#2355=ORIENTED_EDGE('',*,*,#1762,.F.);
#2356=ORIENTED_EDGE('',*,*,#1763,.F.);
#2357=ORIENTED_EDGE('',*,*,#1764,.F.);
#2358=ORIENTED_EDGE('',*,*,#1765,.F.);
#2359=ORIENTED_EDGE('',*,*,#1766,.F.);
#2360=ORIENTED_EDGE('',*,*,#1767,.F.);
#2361=ORIENTED_EDGE('',*,*,#1768,.F.);
#2362=ORIENTED_EDGE('',*,*,#1769,.F.);
#2363=ORIENTED_EDGE('',*,*,#1770,.F.);
#2364=ORIENTED_EDGE('',*,*,#1771,.F.);
#2365=ORIENTED_EDGE('',*,*,#1772,.F.);
#2366=ORIENTED_EDGE('',*,*,#1773,.F.);
#2367=ORIENTED_EDGE('',*,*,#1774,.F.);
#2368=ORIENTED_EDGE('',*,*,#1775,.F.);
#2369=ORIENTED_EDGE('',*,*,#1776,.F.);
#2370=ORIENTED_EDGE('',*,*,#1777,.F.);
#2371=ORIENTED_EDGE('',*,*,#1778,.F.);
#2372=ORIENTED_EDGE('',*,*,#1779,.F.);
#2373=ORIENTED_EDGE('',*,*,#1780,.F.);
#2374=ORIENTED_EDGE('',*,*,#1781,.F.);
#2375=ORIENTED_EDGE('',*,*,#1782,.F.);
#2376=ORIENTED_EDGE('',*,*,#1783,.F.);
#2377=ORIENTED_EDGE('',*,*,#1784,.F.);
#2378=ORIENTED_EDGE('',*,*,#1785,.F.);
#2379=ORIENTED_EDGE('',*,*,#1786,.F.);
#2380=ORIENTED_EDGE('',*,*,#1787,.F.);
#2381=ORIENTED_EDGE('',*,*,#1788,.F.);
#2382=ORIENTED_EDGE('',*,*,#1789,.F.);
#2383=ORIENTED_EDGE('',*,*,#1790,.F.);
#2384=ORIENTED_EDGE('',*,*,#1748,.F.);
#2385=ORIENTED_EDGE('',*,*,#1754,.T.);
#2386=ORIENTED_EDGE('',*,*,#1791,.F.);
#2387=ORIENTED_EDGE('',*,*,#1745,.F.);
#2388=ORIENTED_EDGE('',*,*,#1746,.F.);
#2389=ORIENTED_EDGE('',*,*,#1791,.T.);
#2390=ORIENTED_EDGE('',*,*,#1753,.F.);
#2391=ORIENTED_EDGE('',*,*,#1617,.T.);
#2392=ORIENTED_EDGE('',*,*,#1792,.F.);
#2393=ORIENTED_EDGE('',*,*,#1772,.T.);
#2394=ORIENTED_EDGE('',*,*,#1793,.F.);
#2395=ORIENTED_EDGE('',*,*,#1794,.T.);
#2396=ORIENTED_EDGE('',*,*,#1795,.T.);
#2397=ORIENTED_EDGE('',*,*,#1597,.T.);
#2398=ORIENTED_EDGE('',*,*,#1789,.T.);
#2399=ORIENTED_EDGE('',*,*,#1796,.F.);
#2400=ORIENTED_EDGE('',*,*,#1797,.T.);
#2401=ORIENTED_EDGE('',*,*,#1798,.T.);
#2402=ORIENTED_EDGE('',*,*,#1788,.T.);
#2403=ORIENTED_EDGE('',*,*,#1799,.F.);
#2404=ORIENTED_EDGE('',*,*,#1800,.T.);
#2405=ORIENTED_EDGE('',*,*,#1796,.T.);
#2406=ORIENTED_EDGE('',*,*,#1603,.T.);
#2407=ORIENTED_EDGE('',*,*,#1801,.F.);
#2408=ORIENTED_EDGE('',*,*,#1802,.T.);
#2409=ORIENTED_EDGE('',*,*,#1803,.T.);
#2410=ORIENTED_EDGE('',*,*,#1602,.T.);
#2411=ORIENTED_EDGE('',*,*,#1804,.F.);
#2412=ORIENTED_EDGE('',*,*,#1805,.T.);
#2413=ORIENTED_EDGE('',*,*,#1801,.T.);
#2414=ORIENTED_EDGE('',*,*,#1601,.T.);
#2415=ORIENTED_EDGE('',*,*,#1806,.F.);
#2416=ORIENTED_EDGE('',*,*,#1807,.T.);
#2417=ORIENTED_EDGE('',*,*,#1804,.T.);
#2418=ORIENTED_EDGE('',*,*,#1605,.T.);
#2419=ORIENTED_EDGE('',*,*,#1808,.F.);
#2420=ORIENTED_EDGE('',*,*,#1809,.T.);
#2421=ORIENTED_EDGE('',*,*,#1806,.T.);
#2422=ORIENTED_EDGE('',*,*,#1604,.T.);
#2423=ORIENTED_EDGE('',*,*,#1803,.F.);
#2424=ORIENTED_EDGE('',*,*,#1810,.T.);
#2425=ORIENTED_EDGE('',*,*,#1808,.T.);
#2426=ORIENTED_EDGE('',*,*,#1811,.F.);
#2427=ORIENTED_EDGE('',*,*,#1805,.F.);
#2428=ORIENTED_EDGE('',*,*,#1807,.F.);
#2429=ORIENTED_EDGE('',*,*,#1809,.F.);
#2430=ORIENTED_EDGE('',*,*,#1810,.F.);
#2431=ORIENTED_EDGE('',*,*,#1802,.F.);
#2432=ORIENTED_EDGE('',*,*,#1812,.F.);
#2433=ORIENTED_EDGE('',*,*,#1813,.F.);
#2434=ORIENTED_EDGE('',*,*,#1814,.F.);
#2435=ORIENTED_EDGE('',*,*,#1815,.T.);
#2436=ORIENTED_EDGE('',*,*,#1816,.F.);
#2437=ORIENTED_EDGE('',*,*,#1817,.F.);
#2438=ORIENTED_EDGE('',*,*,#1818,.F.);
#2439=ORIENTED_EDGE('',*,*,#1813,.T.);
#2440=ORIENTED_EDGE('',*,*,#1819,.F.);
#2441=ORIENTED_EDGE('',*,*,#1820,.F.);
#2442=ORIENTED_EDGE('',*,*,#1821,.F.);
#2443=ORIENTED_EDGE('',*,*,#1817,.T.);
#2444=ORIENTED_EDGE('',*,*,#1822,.F.);
#2445=ORIENTED_EDGE('',*,*,#1823,.F.);
#2446=ORIENTED_EDGE('',*,*,#1824,.F.);
#2447=ORIENTED_EDGE('',*,*,#1820,.T.);
#2448=ORIENTED_EDGE('',*,*,#1825,.F.);
#2449=ORIENTED_EDGE('',*,*,#1826,.F.);
#2450=ORIENTED_EDGE('',*,*,#1827,.F.);
#2451=ORIENTED_EDGE('',*,*,#1823,.T.);
#2452=ORIENTED_EDGE('',*,*,#1828,.F.);
#2453=ORIENTED_EDGE('',*,*,#1829,.F.);
#2454=ORIENTED_EDGE('',*,*,#1830,.F.);
#2455=ORIENTED_EDGE('',*,*,#1826,.T.);
#2456=ORIENTED_EDGE('',*,*,#1831,.F.);
#2457=ORIENTED_EDGE('',*,*,#1832,.F.);
#2458=ORIENTED_EDGE('',*,*,#1833,.F.);
#2459=ORIENTED_EDGE('',*,*,#1829,.T.);
#2460=ORIENTED_EDGE('',*,*,#1834,.F.);
#2461=ORIENTED_EDGE('',*,*,#1835,.F.);
#2462=ORIENTED_EDGE('',*,*,#1836,.F.);
#2463=ORIENTED_EDGE('',*,*,#1832,.T.);
#2464=ORIENTED_EDGE('',*,*,#1837,.F.);
#2465=ORIENTED_EDGE('',*,*,#1838,.F.);
#2466=ORIENTED_EDGE('',*,*,#1839,.F.);
#2467=ORIENTED_EDGE('',*,*,#1835,.T.);
#2468=ORIENTED_EDGE('',*,*,#1840,.F.);
#2469=ORIENTED_EDGE('',*,*,#1841,.F.);
#2470=ORIENTED_EDGE('',*,*,#1842,.F.);
#2471=ORIENTED_EDGE('',*,*,#1838,.T.);
#2472=ORIENTED_EDGE('',*,*,#1843,.F.);
#2473=ORIENTED_EDGE('',*,*,#1844,.F.);
#2474=ORIENTED_EDGE('',*,*,#1845,.F.);
#2475=ORIENTED_EDGE('',*,*,#1841,.T.);
#2476=ORIENTED_EDGE('',*,*,#1846,.F.);
#2477=ORIENTED_EDGE('',*,*,#1847,.F.);
#2478=ORIENTED_EDGE('',*,*,#1848,.F.);
#2479=ORIENTED_EDGE('',*,*,#1844,.T.);
#2480=ORIENTED_EDGE('',*,*,#1849,.F.);
#2481=ORIENTED_EDGE('',*,*,#1850,.F.);
#2482=ORIENTED_EDGE('',*,*,#1851,.F.);
#2483=ORIENTED_EDGE('',*,*,#1847,.T.);
#2484=ORIENTED_EDGE('',*,*,#1852,.F.);
#2485=ORIENTED_EDGE('',*,*,#1853,.F.);
#2486=ORIENTED_EDGE('',*,*,#1854,.F.);
#2487=ORIENTED_EDGE('',*,*,#1850,.T.);
#2488=ORIENTED_EDGE('',*,*,#1855,.F.);
#2489=ORIENTED_EDGE('',*,*,#1856,.F.);
#2490=ORIENTED_EDGE('',*,*,#1857,.F.);
#2491=ORIENTED_EDGE('',*,*,#1853,.T.);
#2492=ORIENTED_EDGE('',*,*,#1858,.F.);
#2493=ORIENTED_EDGE('',*,*,#1859,.F.);
#2494=ORIENTED_EDGE('',*,*,#1860,.F.);
#2495=ORIENTED_EDGE('',*,*,#1856,.T.);
#2496=ORIENTED_EDGE('',*,*,#1861,.F.);
#2497=ORIENTED_EDGE('',*,*,#1862,.F.);
#2498=ORIENTED_EDGE('',*,*,#1863,.F.);
#2499=ORIENTED_EDGE('',*,*,#1859,.T.);
#2500=ORIENTED_EDGE('',*,*,#1864,.F.);
#2501=ORIENTED_EDGE('',*,*,#1865,.F.);
#2502=ORIENTED_EDGE('',*,*,#1866,.F.);
#2503=ORIENTED_EDGE('',*,*,#1862,.T.);
#2504=ORIENTED_EDGE('',*,*,#1867,.F.);
#2505=ORIENTED_EDGE('',*,*,#1868,.F.);
#2506=ORIENTED_EDGE('',*,*,#1869,.F.);
#2507=ORIENTED_EDGE('',*,*,#1865,.T.);
#2508=ORIENTED_EDGE('',*,*,#1870,.F.);
#2509=ORIENTED_EDGE('',*,*,#1871,.F.);
#2510=ORIENTED_EDGE('',*,*,#1872,.F.);
#2511=ORIENTED_EDGE('',*,*,#1868,.T.);
#2512=ORIENTED_EDGE('',*,*,#1873,.F.);
#2513=ORIENTED_EDGE('',*,*,#1874,.F.);
#2514=ORIENTED_EDGE('',*,*,#1875,.F.);
#2515=ORIENTED_EDGE('',*,*,#1871,.T.);
#2516=ORIENTED_EDGE('',*,*,#1876,.F.);
#2517=ORIENTED_EDGE('',*,*,#1877,.F.);
#2518=ORIENTED_EDGE('',*,*,#1878,.F.);
#2519=ORIENTED_EDGE('',*,*,#1874,.T.);
#2520=ORIENTED_EDGE('',*,*,#1879,.F.);
#2521=ORIENTED_EDGE('',*,*,#1880,.F.);
#2522=ORIENTED_EDGE('',*,*,#1881,.F.);
#2523=ORIENTED_EDGE('',*,*,#1877,.T.);
#2524=ORIENTED_EDGE('',*,*,#1882,.F.);
#2525=ORIENTED_EDGE('',*,*,#1883,.F.);
#2526=ORIENTED_EDGE('',*,*,#1884,.F.);
#2527=ORIENTED_EDGE('',*,*,#1880,.T.);
#2528=ORIENTED_EDGE('',*,*,#1885,.F.);
#2529=ORIENTED_EDGE('',*,*,#1886,.F.);
#2530=ORIENTED_EDGE('',*,*,#1887,.F.);
#2531=ORIENTED_EDGE('',*,*,#1883,.T.);
#2532=ORIENTED_EDGE('',*,*,#1888,.F.);
#2533=ORIENTED_EDGE('',*,*,#1889,.F.);
#2534=ORIENTED_EDGE('',*,*,#1890,.F.);
#2535=ORIENTED_EDGE('',*,*,#1886,.T.);
#2536=ORIENTED_EDGE('',*,*,#1891,.F.);
#2537=ORIENTED_EDGE('',*,*,#1892,.F.);
#2538=ORIENTED_EDGE('',*,*,#1893,.F.);
#2539=ORIENTED_EDGE('',*,*,#1889,.T.);
#2540=ORIENTED_EDGE('',*,*,#1894,.F.);
#2541=ORIENTED_EDGE('',*,*,#1895,.F.);
#2542=ORIENTED_EDGE('',*,*,#1896,.F.);
#2543=ORIENTED_EDGE('',*,*,#1892,.T.);
#2544=ORIENTED_EDGE('',*,*,#1897,.F.);
#2545=ORIENTED_EDGE('',*,*,#1898,.F.);
#2546=ORIENTED_EDGE('',*,*,#1899,.F.);
#2547=ORIENTED_EDGE('',*,*,#1895,.T.);
#2548=ORIENTED_EDGE('',*,*,#1900,.F.);
#2549=ORIENTED_EDGE('',*,*,#1815,.F.);
#2550=ORIENTED_EDGE('',*,*,#1901,.F.);
#2551=ORIENTED_EDGE('',*,*,#1898,.T.);
#2552=ORIENTED_EDGE('',*,*,#1902,.T.);
#2553=ORIENTED_EDGE('',*,*,#1672,.T.);
#2554=ORIENTED_EDGE('',*,*,#1676,.T.);
#2555=ORIENTED_EDGE('',*,*,#1723,.T.);
#2556=ORIENTED_EDGE('',*,*,#1744,.T.);
#2557=ORIENTED_EDGE('',*,*,#1665,.F.);
#2558=ORIENTED_EDGE('',*,*,#1637,.F.);
#2559=ORIENTED_EDGE('',*,*,#1642,.T.);
#2560=ORIENTED_EDGE('',*,*,#1635,.T.);
#2561=ORIENTED_EDGE('',*,*,#1725,.T.);
#2562=ORIENTED_EDGE('',*,*,#1727,.T.);
#2563=ORIENTED_EDGE('',*,*,#1729,.T.);
#2564=ORIENTED_EDGE('',*,*,#1731,.T.);
#2565=ORIENTED_EDGE('',*,*,#1903,.T.);
#2566=ORIENTED_EDGE('',*,*,#1741,.T.);
#2567=ORIENTED_EDGE('',*,*,#1743,.T.);
#2568=ORIENTED_EDGE('',*,*,#1688,.T.);
#2569=ORIENTED_EDGE('',*,*,#1732,.T.);
#2570=ORIENTED_EDGE('',*,*,#1734,.T.);
#2571=ORIENTED_EDGE('',*,*,#1736,.T.);
#2572=ORIENTED_EDGE('',*,*,#1738,.T.);
#2573=ORIENTED_EDGE('',*,*,#1812,.T.);
#2574=ORIENTED_EDGE('',*,*,#1900,.T.);
#2575=ORIENTED_EDGE('',*,*,#1897,.T.);
#2576=ORIENTED_EDGE('',*,*,#1894,.T.);
#2577=ORIENTED_EDGE('',*,*,#1891,.T.);
#2578=ORIENTED_EDGE('',*,*,#1888,.T.);
#2579=ORIENTED_EDGE('',*,*,#1885,.T.);
#2580=ORIENTED_EDGE('',*,*,#1882,.T.);
#2581=ORIENTED_EDGE('',*,*,#1879,.T.);
#2582=ORIENTED_EDGE('',*,*,#1876,.T.);
#2583=ORIENTED_EDGE('',*,*,#1873,.T.);
#2584=ORIENTED_EDGE('',*,*,#1870,.T.);
#2585=ORIENTED_EDGE('',*,*,#1867,.T.);
#2586=ORIENTED_EDGE('',*,*,#1864,.T.);
#2587=ORIENTED_EDGE('',*,*,#1861,.T.);
#2588=ORIENTED_EDGE('',*,*,#1858,.T.);
#2589=ORIENTED_EDGE('',*,*,#1855,.T.);
#2590=ORIENTED_EDGE('',*,*,#1852,.T.);
#2591=ORIENTED_EDGE('',*,*,#1849,.T.);
#2592=ORIENTED_EDGE('',*,*,#1846,.T.);
#2593=ORIENTED_EDGE('',*,*,#1843,.T.);
#2594=ORIENTED_EDGE('',*,*,#1840,.T.);
#2595=ORIENTED_EDGE('',*,*,#1837,.T.);
#2596=ORIENTED_EDGE('',*,*,#1834,.T.);
#2597=ORIENTED_EDGE('',*,*,#1831,.T.);
#2598=ORIENTED_EDGE('',*,*,#1828,.T.);
#2599=ORIENTED_EDGE('',*,*,#1825,.T.);
#2600=ORIENTED_EDGE('',*,*,#1822,.T.);
#2601=ORIENTED_EDGE('',*,*,#1819,.T.);
#2602=ORIENTED_EDGE('',*,*,#1816,.T.);
#2603=ORIENTED_EDGE('',*,*,#1787,.T.);
#2604=ORIENTED_EDGE('',*,*,#1904,.F.);
#2605=ORIENTED_EDGE('',*,*,#1905,.T.);
#2606=ORIENTED_EDGE('',*,*,#1799,.T.);
#2607=ORIENTED_EDGE('',*,*,#1786,.T.);
#2608=ORIENTED_EDGE('',*,*,#1906,.F.);
#2609=ORIENTED_EDGE('',*,*,#1907,.T.);
#2610=ORIENTED_EDGE('',*,*,#1904,.T.);
#2611=ORIENTED_EDGE('',*,*,#1785,.T.);
#2612=ORIENTED_EDGE('',*,*,#1908,.F.);
#2613=ORIENTED_EDGE('',*,*,#1909,.T.);
#2614=ORIENTED_EDGE('',*,*,#1906,.T.);
#2615=ORIENTED_EDGE('',*,*,#1784,.T.);
#2616=ORIENTED_EDGE('',*,*,#1910,.F.);
#2617=ORIENTED_EDGE('',*,*,#1911,.T.);
#2618=ORIENTED_EDGE('',*,*,#1908,.T.);
#2619=ORIENTED_EDGE('',*,*,#1783,.T.);
#2620=ORIENTED_EDGE('',*,*,#1912,.F.);
#2621=ORIENTED_EDGE('',*,*,#1913,.T.);
#2622=ORIENTED_EDGE('',*,*,#1910,.T.);
#2623=ORIENTED_EDGE('',*,*,#1782,.T.);
#2624=ORIENTED_EDGE('',*,*,#1914,.F.);
#2625=ORIENTED_EDGE('',*,*,#1915,.T.);
#2626=ORIENTED_EDGE('',*,*,#1912,.T.);
#2627=ORIENTED_EDGE('',*,*,#1781,.T.);
#2628=ORIENTED_EDGE('',*,*,#1916,.F.);
#2629=ORIENTED_EDGE('',*,*,#1917,.T.);
#2630=ORIENTED_EDGE('',*,*,#1914,.T.);
#2631=ORIENTED_EDGE('',*,*,#1918,.T.);
#2632=ORIENTED_EDGE('',*,*,#1600,.T.);
#2633=ORIENTED_EDGE('',*,*,#1919,.F.);
#2634=ORIENTED_EDGE('',*,*,#1920,.T.);
#2635=ORIENTED_EDGE('',*,*,#1916,.T.);
#2636=ORIENTED_EDGE('',*,*,#1780,.T.);
#2637=ORIENTED_EDGE('',*,*,#1599,.T.);
#2638=ORIENTED_EDGE('',*,*,#1918,.F.);
#2639=ORIENTED_EDGE('',*,*,#1779,.T.);
#2640=ORIENTED_EDGE('',*,*,#1921,.F.);
#2641=ORIENTED_EDGE('',*,*,#1922,.T.);
#2642=ORIENTED_EDGE('',*,*,#1919,.T.);
#2643=ORIENTED_EDGE('',*,*,#1778,.T.);
#2644=ORIENTED_EDGE('',*,*,#1923,.F.);
#2645=ORIENTED_EDGE('',*,*,#1924,.T.);
#2646=ORIENTED_EDGE('',*,*,#1921,.T.);
#2647=ORIENTED_EDGE('',*,*,#1777,.T.);
#2648=ORIENTED_EDGE('',*,*,#1925,.F.);
#2649=ORIENTED_EDGE('',*,*,#1926,.T.);
#2650=ORIENTED_EDGE('',*,*,#1923,.T.);
#2651=ORIENTED_EDGE('',*,*,#1776,.T.);
#2652=ORIENTED_EDGE('',*,*,#1927,.F.);
#2653=ORIENTED_EDGE('',*,*,#1928,.T.);
#2654=ORIENTED_EDGE('',*,*,#1925,.T.);
#2655=ORIENTED_EDGE('',*,*,#1775,.T.);
#2656=ORIENTED_EDGE('',*,*,#1929,.F.);
#2657=ORIENTED_EDGE('',*,*,#1930,.T.);
#2658=ORIENTED_EDGE('',*,*,#1927,.T.);
#2659=ORIENTED_EDGE('',*,*,#1774,.T.);
#2660=ORIENTED_EDGE('',*,*,#1931,.F.);
#2661=ORIENTED_EDGE('',*,*,#1932,.T.);
#2662=ORIENTED_EDGE('',*,*,#1929,.T.);
#2663=ORIENTED_EDGE('',*,*,#1598,.T.);
#2664=ORIENTED_EDGE('',*,*,#1795,.F.);
#2665=ORIENTED_EDGE('',*,*,#1933,.T.);
#2666=ORIENTED_EDGE('',*,*,#1931,.T.);
#2667=ORIENTED_EDGE('',*,*,#1773,.T.);
#2668=ORIENTED_EDGE('',*,*,#1792,.T.);
#2669=ORIENTED_EDGE('',*,*,#1717,.T.);
#2670=ORIENTED_EDGE('',*,*,#1742,.F.);
#2671=ORIENTED_EDGE('',*,*,#1903,.F.);
#2672=ORIENTED_EDGE('',*,*,#1730,.T.);
#2673=ORIENTED_EDGE('',*,*,#1673,.F.);
#2674=ORIENTED_EDGE('',*,*,#1902,.F.);
#2675=ORIENTED_EDGE('',*,*,#1687,.T.);
#2676=ORIENTED_EDGE('',*,*,#1583,.T.);
#2677=ORIENTED_EDGE('',*,*,#1771,.T.);
#2678=ORIENTED_EDGE('',*,*,#1934,.F.);
#2679=ORIENTED_EDGE('',*,*,#1935,.T.);
#2680=ORIENTED_EDGE('',*,*,#1793,.T.);
#2681=ORIENTED_EDGE('',*,*,#1770,.T.);
#2682=ORIENTED_EDGE('',*,*,#1936,.F.);
#2683=ORIENTED_EDGE('',*,*,#1937,.T.);
#2684=ORIENTED_EDGE('',*,*,#1934,.T.);
#2685=ORIENTED_EDGE('',*,*,#1769,.T.);
#2686=ORIENTED_EDGE('',*,*,#1938,.F.);
#2687=ORIENTED_EDGE('',*,*,#1939,.T.);
#2688=ORIENTED_EDGE('',*,*,#1936,.T.);
#2689=ORIENTED_EDGE('',*,*,#1768,.T.);
#2690=ORIENTED_EDGE('',*,*,#1940,.F.);
#2691=ORIENTED_EDGE('',*,*,#1941,.T.);
#2692=ORIENTED_EDGE('',*,*,#1938,.T.);
#2693=ORIENTED_EDGE('',*,*,#1767,.T.);
#2694=ORIENTED_EDGE('',*,*,#1942,.F.);
#2695=ORIENTED_EDGE('',*,*,#1943,.T.);
#2696=ORIENTED_EDGE('',*,*,#1940,.T.);
#2697=ORIENTED_EDGE('',*,*,#1766,.T.);
#2698=ORIENTED_EDGE('',*,*,#1944,.F.);
#2699=ORIENTED_EDGE('',*,*,#1945,.T.);
#2700=ORIENTED_EDGE('',*,*,#1942,.T.);
#2701=ORIENTED_EDGE('',*,*,#1765,.T.);
#2702=ORIENTED_EDGE('',*,*,#1946,.F.);
#2703=ORIENTED_EDGE('',*,*,#1947,.T.);
#2704=ORIENTED_EDGE('',*,*,#1944,.T.);
#2705=ORIENTED_EDGE('',*,*,#1764,.T.);
#2706=ORIENTED_EDGE('',*,*,#1948,.F.);
#2707=ORIENTED_EDGE('',*,*,#1949,.T.);
#2708=ORIENTED_EDGE('',*,*,#1946,.T.);
#2709=ORIENTED_EDGE('',*,*,#1763,.T.);
#2710=ORIENTED_EDGE('',*,*,#1950,.F.);
#2711=ORIENTED_EDGE('',*,*,#1951,.T.);
#2712=ORIENTED_EDGE('',*,*,#1948,.T.);
#2713=ORIENTED_EDGE('',*,*,#1760,.F.);
#2714=ORIENTED_EDGE('',*,*,#1623,.T.);
#2715=ORIENTED_EDGE('',*,*,#1952,.F.);
#2716=ORIENTED_EDGE('',*,*,#1953,.T.);
#2717=ORIENTED_EDGE('',*,*,#1950,.T.);
#2718=ORIENTED_EDGE('',*,*,#1762,.T.);
#2719=ORIENTED_EDGE('',*,*,#1622,.T.);
#2720=ORIENTED_EDGE('',*,*,#1954,.F.);
#2721=ORIENTED_EDGE('',*,*,#1955,.T.);
#2722=ORIENTED_EDGE('',*,*,#1952,.T.);
#2723=ORIENTED_EDGE('',*,*,#1621,.T.);
#2724=ORIENTED_EDGE('',*,*,#1956,.F.);
#2725=ORIENTED_EDGE('',*,*,#1957,.T.);
#2726=ORIENTED_EDGE('',*,*,#1954,.T.);
#2727=ORIENTED_EDGE('',*,*,#1620,.T.);
#2728=ORIENTED_EDGE('',*,*,#1751,.F.);
#2729=ORIENTED_EDGE('',*,*,#1958,.T.);
#2730=ORIENTED_EDGE('',*,*,#1956,.T.);
#2731=ORIENTED_EDGE('',*,*,#1614,.T.);
#2732=ORIENTED_EDGE('',*,*,#1959,.F.);
#2733=ORIENTED_EDGE('',*,*,#1960,.T.);
#2734=ORIENTED_EDGE('',*,*,#1749,.T.);
#2735=ORIENTED_EDGE('',*,*,#1613,.T.);
#2736=ORIENTED_EDGE('',*,*,#1961,.F.);
#2737=ORIENTED_EDGE('',*,*,#1962,.T.);
#2738=ORIENTED_EDGE('',*,*,#1959,.T.);
#2739=ORIENTED_EDGE('',*,*,#1612,.T.);
#2740=ORIENTED_EDGE('',*,*,#1963,.F.);
#2741=ORIENTED_EDGE('',*,*,#1964,.T.);
#2742=ORIENTED_EDGE('',*,*,#1961,.T.);
#2743=ORIENTED_EDGE('',*,*,#1757,.F.);
#2744=ORIENTED_EDGE('',*,*,#1790,.T.);
#2745=ORIENTED_EDGE('',*,*,#1798,.F.);
#2746=ORIENTED_EDGE('',*,*,#1965,.T.);
#2747=ORIENTED_EDGE('',*,*,#1963,.T.);
#2748=ORIENTED_EDGE('',*,*,#1611,.T.);
#2749=ORIENTED_EDGE('',*,*,#1609,.T.);
#2750=ORIENTED_EDGE('',*,*,#1966,.T.);
#2751=ORIENTED_EDGE('',*,*,#1967,.T.);
#2752=ORIENTED_EDGE('',*,*,#1966,.F.);
#2753=ORIENTED_EDGE('',*,*,#1608,.T.);
#2754=ORIENTED_EDGE('',*,*,#1968,.T.);
#2755=ORIENTED_EDGE('',*,*,#1969,.T.);
#2756=ORIENTED_EDGE('',*,*,#1968,.F.);
#2757=ORIENTED_EDGE('',*,*,#1607,.T.);
#2758=ORIENTED_EDGE('',*,*,#1970,.T.);
#2759=ORIENTED_EDGE('',*,*,#1971,.T.);
#2760=ORIENTED_EDGE('',*,*,#1970,.F.);
#2761=ORIENTED_EDGE('',*,*,#1606,.T.);
#2762=ORIENTED_EDGE('',*,*,#1972,.T.);
#2763=ORIENTED_EDGE('',*,*,#1973,.T.);
#2764=ORIENTED_EDGE('',*,*,#1972,.F.);
#2765=ORIENTED_EDGE('',*,*,#1811,.T.);
#2766=ORIENTED_EDGE('',*,*,#1974,.T.);
#2767=ORIENTED_EDGE('',*,*,#1975,.T.);
#2768=ORIENTED_EDGE('',*,*,#1974,.F.);
#2769=ORIENTED_EDGE('',*,*,#1899,.T.);
#2770=ORIENTED_EDGE('',*,*,#1901,.T.);
#2771=ORIENTED_EDGE('',*,*,#1814,.T.);
#2772=ORIENTED_EDGE('',*,*,#1818,.T.);
#2773=ORIENTED_EDGE('',*,*,#1821,.T.);
#2774=ORIENTED_EDGE('',*,*,#1824,.T.);
#2775=ORIENTED_EDGE('',*,*,#1827,.T.);
#2776=ORIENTED_EDGE('',*,*,#1830,.T.);
#2777=ORIENTED_EDGE('',*,*,#1833,.T.);
#2778=ORIENTED_EDGE('',*,*,#1836,.T.);
#2779=ORIENTED_EDGE('',*,*,#1839,.T.);
#2780=ORIENTED_EDGE('',*,*,#1842,.T.);
#2781=ORIENTED_EDGE('',*,*,#1845,.T.);
#2782=ORIENTED_EDGE('',*,*,#1848,.T.);
#2783=ORIENTED_EDGE('',*,*,#1851,.T.);
#2784=ORIENTED_EDGE('',*,*,#1854,.T.);
#2785=ORIENTED_EDGE('',*,*,#1857,.T.);
#2786=ORIENTED_EDGE('',*,*,#1860,.T.);
#2787=ORIENTED_EDGE('',*,*,#1863,.T.);
#2788=ORIENTED_EDGE('',*,*,#1866,.T.);
#2789=ORIENTED_EDGE('',*,*,#1869,.T.);
#2790=ORIENTED_EDGE('',*,*,#1872,.T.);
#2791=ORIENTED_EDGE('',*,*,#1875,.T.);
#2792=ORIENTED_EDGE('',*,*,#1878,.T.);
#2793=ORIENTED_EDGE('',*,*,#1881,.T.);
#2794=ORIENTED_EDGE('',*,*,#1884,.T.);
#2795=ORIENTED_EDGE('',*,*,#1887,.T.);
#2796=ORIENTED_EDGE('',*,*,#1890,.T.);
#2797=ORIENTED_EDGE('',*,*,#1893,.T.);
#2798=ORIENTED_EDGE('',*,*,#1896,.T.);
#2799=ORIENTED_EDGE('',*,*,#1975,.F.);
#2800=ORIENTED_EDGE('',*,*,#1973,.F.);
#2801=ORIENTED_EDGE('',*,*,#1971,.F.);
#2802=ORIENTED_EDGE('',*,*,#1969,.F.);
#2803=ORIENTED_EDGE('',*,*,#1967,.F.);
#2804=ORIENTED_EDGE('',*,*,#1794,.F.);
#2805=ORIENTED_EDGE('',*,*,#1935,.F.);
#2806=ORIENTED_EDGE('',*,*,#1937,.F.);
#2807=ORIENTED_EDGE('',*,*,#1939,.F.);
#2808=ORIENTED_EDGE('',*,*,#1941,.F.);
#2809=ORIENTED_EDGE('',*,*,#1943,.F.);
#2810=ORIENTED_EDGE('',*,*,#1945,.F.);
#2811=ORIENTED_EDGE('',*,*,#1947,.F.);
#2812=ORIENTED_EDGE('',*,*,#1949,.F.);
#2813=ORIENTED_EDGE('',*,*,#1951,.F.);
#2814=ORIENTED_EDGE('',*,*,#1953,.F.);
#2815=ORIENTED_EDGE('',*,*,#1955,.F.);
#2816=ORIENTED_EDGE('',*,*,#1957,.F.);
#2817=ORIENTED_EDGE('',*,*,#1958,.F.);
#2818=ORIENTED_EDGE('',*,*,#1750,.F.);
#2819=ORIENTED_EDGE('',*,*,#1960,.F.);
#2820=ORIENTED_EDGE('',*,*,#1962,.F.);
#2821=ORIENTED_EDGE('',*,*,#1964,.F.);
#2822=ORIENTED_EDGE('',*,*,#1965,.F.);
#2823=ORIENTED_EDGE('',*,*,#1797,.F.);
#2824=ORIENTED_EDGE('',*,*,#1800,.F.);
#2825=ORIENTED_EDGE('',*,*,#1905,.F.);
#2826=ORIENTED_EDGE('',*,*,#1907,.F.);
#2827=ORIENTED_EDGE('',*,*,#1909,.F.);
#2828=ORIENTED_EDGE('',*,*,#1911,.F.);
#2829=ORIENTED_EDGE('',*,*,#1913,.F.);
#2830=ORIENTED_EDGE('',*,*,#1915,.F.);
#2831=ORIENTED_EDGE('',*,*,#1917,.F.);
#2832=ORIENTED_EDGE('',*,*,#1920,.F.);
#2833=ORIENTED_EDGE('',*,*,#1922,.F.);
#2834=ORIENTED_EDGE('',*,*,#1924,.F.);
#2835=ORIENTED_EDGE('',*,*,#1926,.F.);
#2836=ORIENTED_EDGE('',*,*,#1928,.F.);
#2837=ORIENTED_EDGE('',*,*,#1930,.F.);
#2838=ORIENTED_EDGE('',*,*,#1932,.F.);
#2839=ORIENTED_EDGE('',*,*,#1933,.F.);
#2840=CYLINDRICAL_SURFACE('',#3084,0.25);
#2841=CYLINDRICAL_SURFACE('',#3087,3.75);
#2842=CYLINDRICAL_SURFACE('',#3141,0.25);
#2843=CYLINDRICAL_SURFACE('',#3144,0.25);
#2844=CYLINDRICAL_SURFACE('',#3147,0.25);
#2845=CYLINDRICAL_SURFACE('',#3150,0.25);
#2846=CYLINDRICAL_SURFACE('',#3152,0.25);
#2847=CYLINDRICAL_SURFACE('',#3154,3.75000000000001);
#2848=CYLINDRICAL_SURFACE('',#3156,0.25);
#2849=CYLINDRICAL_SURFACE('',#3158,0.25);
#2850=CYLINDRICAL_SURFACE('',#3160,3.75000000000001);
#2851=CYLINDRICAL_SURFACE('',#3162,0.25);
#2852=CYLINDRICAL_SURFACE('',#3164,0.25);
#2853=CYLINDRICAL_SURFACE('',#3167,0.25);
#2854=CYLINDRICAL_SURFACE('',#3170,0.25);
#2855=CYLINDRICAL_SURFACE('',#3173,0.25);
#2856=CYLINDRICAL_SURFACE('',#3176,0.25);
#2857=CYLINDRICAL_SURFACE('',#3178,0.25);
#2858=CYLINDRICAL_SURFACE('',#3181,0.25);
#2859=CYLINDRICAL_SURFACE('',#3185,0.0899999999999999);
#2860=CYLINDRICAL_SURFACE('',#3189,0.0899999999999999);
#2861=CYLINDRICAL_SURFACE('',#3195,0.0899999999999999);
#2862=CYLINDRICAL_SURFACE('',#3199,0.0859999999999999);
#2863=CYLINDRICAL_SURFACE('',#3201,0.0859999999999975);
#2864=CYLINDRICAL_SURFACE('',#3203,0.2);
#2865=CYLINDRICAL_SURFACE('',#3205,1.32895869509056);
#2866=CYLINDRICAL_SURFACE('',#3207,0.2);
#2867=CYLINDRICAL_SURFACE('',#3215,0.141732283464567);
#2868=CYLINDRICAL_SURFACE('',#3218,0.25);
#2869=CYLINDRICAL_SURFACE('',#3221,0.0899999999999999);
#2870=CYLINDRICAL_SURFACE('',#3223,0.0899999999999999);
#2871=CYLINDRICAL_SURFACE('',#3225,0.09);
#2872=CYLINDRICAL_SURFACE('',#3227,0.0900000000000001);
#2873=CYLINDRICAL_SURFACE('',#3230,0.25);
#2874=CYLINDRICAL_SURFACE('',#3232,0.141732283464567);
#2875=CYLINDRICAL_SURFACE('',#3234,0.0500000000000003);
#2876=CYLINDRICAL_SURFACE('',#3236,0.575882672654418);
#2877=CYLINDRICAL_SURFACE('',#3239,0.05);
#2878=CYLINDRICAL_SURFACE('',#3241,0.05);
#2879=CYLINDRICAL_SURFACE('',#3243,0.285433070866142);
#2880=CYLINDRICAL_SURFACE('',#3245,0.05);
#2881=CYLINDRICAL_SURFACE('',#3264,0.0748031496062993);
#2882=CYLINDRICAL_SURFACE('',#3266,0.579819680528434);
#2883=CYLINDRICAL_SURFACE('',#3268,0.16307708782103);
#2884=CYLINDRICAL_SURFACE('',#3272,0.0568683096428432);
#2885=CYLINDRICAL_SURFACE('',#3276,0.0568683096428432);
#2886=CYLINDRICAL_SURFACE('',#3280,0.0730529501996765);
#2887=CYLINDRICAL_SURFACE('',#3284,0.0568683096428432);
#2888=CYLINDRICAL_SURFACE('',#3291,0.0568683096428432);
#2889=CYLINDRICAL_SURFACE('',#3295,0.0730529501996763);
#2890=CYLINDRICAL_SURFACE('',#3299,0.0568683096428432);
#2891=CYLINDRICAL_SURFACE('',#3303,0.0568683096428432);
#2892=CYLINDRICAL_SURFACE('',#3307,0.0730529501996764);
#2893=CYLINDRICAL_SURFACE('',#3311,0.0568683096428432);
#2894=CYLINDRICAL_SURFACE('',#3318,0.0568683096428432);
#2895=CYLINDRICAL_SURFACE('',#3322,0.0730529501996764);
#2896=CYLINDRICAL_SURFACE('',#3330,0.0157627651396482);
#2897=CYLINDRICAL_SURFACE('',#3333,0.0550228391566052);
#2898=CYLINDRICAL_SURFACE('',#3335,0.109156697424322);
#2899=CYLINDRICAL_SURFACE('',#3338,0.0955677120244997);
#2900=CYLINDRICAL_SURFACE('',#3341,0.0157569655400104);
#2901=CYLINDRICAL_SURFACE('',#3344,0.0157569655398764);
#2902=CYLINDRICAL_SURFACE('',#3347,0.095567712024497);
#2903=CYLINDRICAL_SURFACE('',#3349,0.141732283464567);
#2904=CYLINDRICAL_SURFACE('',#3350,0.141732283464567);
#2905=CYLINDRICAL_SURFACE('',#3351,0.109156697424322);
#2906=CYLINDRICAL_SURFACE('',#3353,0.0550228391566052);
#2907=CYLINDRICAL_SURFACE('',#3356,0.0157627651398198);
#2908=CYLINDRICAL_SURFACE('',#3359,0.579819680528434);
#2909=CYLINDRICAL_SURFACE('',#3362,0.095567712024497);
#2910=CYLINDRICAL_SURFACE('',#3366,0.0955677120244971);
#2911=CYLINDRICAL_SURFACE('',#3369,0.0285433070866142);
#2912=CYLINDRICAL_SURFACE('',#3371,0.0285433070866142);
#2913=CYLINDRICAL_SURFACE('',#3373,0.0285433070866142);
#2914=CYLINDRICAL_SURFACE('',#3375,0.0285433070866142);
#2915=CYLINDRICAL_SURFACE('',#3377,0.240708445572888);
#2916=ADVANCED_FACE('',(#284),#2840,.T.);
#2917=ADVANCED_FACE('',(#285),#2841,.T.);
#2918=ADVANCED_FACE('',(#286,#61,#62,#63,#64,#65,#66,#67,#68,#69,#70,#71,
#72,#73,#74,#75,#76,#77),#95,.T.);
#2919=ADVANCED_FACE('',(#287),#2842,.T.);
#2920=ADVANCED_FACE('',(#288),#96,.T.);
#2921=ADVANCED_FACE('',(#289),#2843,.F.);
#2922=ADVANCED_FACE('',(#290),#97,.T.);
#2923=ADVANCED_FACE('',(#291),#2844,.F.);
#2924=ADVANCED_FACE('',(#292),#2845,.T.);
#2925=ADVANCED_FACE('',(#293),#2846,.T.);
#2926=ADVANCED_FACE('',(#294),#2847,.T.);
#2927=ADVANCED_FACE('',(#295),#2848,.T.);
#2928=ADVANCED_FACE('',(#296),#2849,.T.);
#2929=ADVANCED_FACE('',(#297),#2850,.T.);
#2930=ADVANCED_FACE('',(#298),#2851,.T.);
#2931=ADVANCED_FACE('',(#299),#2852,.F.);
#2932=ADVANCED_FACE('',(#300),#98,.T.);
#2933=ADVANCED_FACE('',(#301),#2853,.F.);
#2934=ADVANCED_FACE('',(#302),#99,.T.);
#2935=ADVANCED_FACE('',(#303),#2854,.F.);
#2936=ADVANCED_FACE('',(#304),#100,.T.);
#2937=ADVANCED_FACE('',(#305),#2855,.T.);
#2938=ADVANCED_FACE('',(#306),#2856,.F.);
#2939=ADVANCED_FACE('',(#307),#2857,.F.);
#2940=ADVANCED_FACE('',(#308),#101,.T.);
#2941=ADVANCED_FACE('',(#309),#2858,.F.);
#2942=ADVANCED_FACE('',(#310),#102,.T.);
#2943=ADVANCED_FACE('',(#311),#103,.T.);
#2944=ADVANCED_FACE('',(#312),#2859,.F.);
#2945=ADVANCED_FACE('',(#313),#104,.T.);
#2946=ADVANCED_FACE('',(#314,#78),#105,.F.);
#2947=ADVANCED_FACE('',(#315),#2860,.F.);
#2948=ADVANCED_FACE('',(#316),#106,.T.);
#2949=ADVANCED_FACE('',(#317),#107,.T.);
#2950=ADVANCED_FACE('',(#318),#108,.T.);
#2951=ADVANCED_FACE('',(#319,#79),#109,.F.);
#2952=ADVANCED_FACE('',(#320),#2861,.F.);
#2953=ADVANCED_FACE('',(#321,#80),#110,.F.);
#2954=ADVANCED_FACE('',(#322),#2862,.F.);
#2955=ADVANCED_FACE('',(#323),#2863,.F.);
#2956=ADVANCED_FACE('',(#324),#2864,.T.);
#2957=ADVANCED_FACE('',(#325),#2865,.F.);
#2958=ADVANCED_FACE('',(#326),#2866,.T.);
#2959=ADVANCED_FACE('',(#327),#111,.T.);
#2960=ADVANCED_FACE('',(#328,#81,#82),#112,.F.);
#2961=ADVANCED_FACE('',(#329),#113,.T.);
#2962=ADVANCED_FACE('',(#330),#2867,.T.);
#2963=ADVANCED_FACE('',(#331),#114,.T.);
#2964=ADVANCED_FACE('',(#332),#2868,.T.);
#2965=ADVANCED_FACE('',(#333),#115,.T.);
#2966=ADVANCED_FACE('',(#334),#2869,.F.);
#2967=ADVANCED_FACE('',(#335),#2870,.F.);
#2968=ADVANCED_FACE('',(#336),#2871,.F.);
#2969=ADVANCED_FACE('',(#337),#2872,.F.);
#2970=ADVANCED_FACE('',(#338),#116,.T.);
#2971=ADVANCED_FACE('',(#339),#2873,.T.);
#2972=ADVANCED_FACE('',(#340),#2874,.T.);
#2973=ADVANCED_FACE('',(#341),#2875,.F.);
#2974=ADVANCED_FACE('',(#342),#2876,.F.);
#2975=ADVANCED_FACE('',(#343),#2877,.F.);
#2976=ADVANCED_FACE('',(#344),#2878,.T.);
#2977=ADVANCED_FACE('',(#345),#2879,.F.);
#2978=ADVANCED_FACE('',(#346),#2880,.T.);
#2979=ADVANCED_FACE('',(#347),#117,.F.);
#2980=ADVANCED_FACE('',(#348),#118,.F.);
#2981=ADVANCED_FACE('',(#349),#2881,.T.);
#2982=ADVANCED_FACE('',(#350),#29,.F.);
#2983=ADVANCED_FACE('',(#351),#17,.T.);
#2984=ADVANCED_FACE('',(#352),#2882,.F.);
#2985=ADVANCED_FACE('',(#353),#18,.T.);
#2986=ADVANCED_FACE('',(#354),#19,.T.);
#2987=ADVANCED_FACE('',(#355),#2883,.F.);
#2988=ADVANCED_FACE('',(#356),#20,.T.);
#2989=ADVANCED_FACE('',(#357),#21,.T.);
#2990=ADVANCED_FACE('',(#358,#83),#119,.F.);
#2991=ADVANCED_FACE('',(#359),#2884,.F.);
#2992=ADVANCED_FACE('',(#360),#120,.T.);
#2993=ADVANCED_FACE('',(#361),#2885,.F.);
#2994=ADVANCED_FACE('',(#362),#121,.T.);
#2995=ADVANCED_FACE('',(#363),#2886,.T.);
#2996=ADVANCED_FACE('',(#364),#122,.T.);
#2997=ADVANCED_FACE('',(#365),#2887,.F.);
#2998=ADVANCED_FACE('',(#366),#123,.T.);
#2999=ADVANCED_FACE('',(#367),#124,.T.);
#3000=ADVANCED_FACE('',(#368),#125,.T.);
#3001=ADVANCED_FACE('',(#369),#126,.T.);
#3002=ADVANCED_FACE('',(#370),#2888,.F.);
#3003=ADVANCED_FACE('',(#371),#127,.T.);
#3004=ADVANCED_FACE('',(#372),#2889,.T.);
#3005=ADVANCED_FACE('',(#373),#128,.T.);
#3006=ADVANCED_FACE('',(#374),#2890,.F.);
#3007=ADVANCED_FACE('',(#375),#129,.T.);
#3008=ADVANCED_FACE('',(#376),#2891,.F.);
#3009=ADVANCED_FACE('',(#377),#130,.T.);
#3010=ADVANCED_FACE('',(#378),#2892,.T.);
#3011=ADVANCED_FACE('',(#379),#131,.T.);
#3012=ADVANCED_FACE('',(#380),#2893,.F.);
#3013=ADVANCED_FACE('',(#381),#132,.T.);
#3014=ADVANCED_FACE('',(#382),#133,.T.);
#3015=ADVANCED_FACE('',(#383),#134,.T.);
#3016=ADVANCED_FACE('',(#384),#135,.T.);
#3017=ADVANCED_FACE('',(#385),#2894,.F.);
#3018=ADVANCED_FACE('',(#386),#136,.T.);
#3019=ADVANCED_FACE('',(#387),#2895,.T.);
#3020=ADVANCED_FACE('',(#388),#137,.T.);
#3021=ADVANCED_FACE('',(#389,#84,#85,#86,#87,#88),#138,.F.);
#3022=ADVANCED_FACE('',(#390),#139,.T.);
#3023=ADVANCED_FACE('',(#391),#2896,.F.);
#3024=ADVANCED_FACE('',(#392),#140,.T.);
#3025=ADVANCED_FACE('',(#393),#22,.T.);
#3026=ADVANCED_FACE('',(#394),#2897,.T.);
#3027=ADVANCED_FACE('',(#395),#23,.T.);
#3028=ADVANCED_FACE('',(#396),#2898,.T.);
#3029=ADVANCED_FACE('',(#397),#30,.F.);
#3030=ADVANCED_FACE('',(#398),#2899,.F.);
#3031=ADVANCED_FACE('',(#399),#141,.T.);
#3032=ADVANCED_FACE('',(#400),#2900,.F.);
#3033=ADVANCED_FACE('',(#401),#142,.T.);
#3034=ADVANCED_FACE('',(#402),#2901,.F.);
#3035=ADVANCED_FACE('',(#403),#143,.T.);
#3036=ADVANCED_FACE('',(#404),#2902,.F.);
#3037=ADVANCED_FACE('',(#405),#2903,.T.);
#3038=ADVANCED_FACE('',(#406),#2904,.T.);
#3039=ADVANCED_FACE('',(#407),#2905,.T.);
#3040=ADVANCED_FACE('',(#408),#24,.T.);
#3041=ADVANCED_FACE('',(#409),#2906,.T.);
#3042=ADVANCED_FACE('',(#410),#25,.T.);
#3043=ADVANCED_FACE('',(#411),#144,.T.);
#3044=ADVANCED_FACE('',(#412),#2907,.F.);
#3045=ADVANCED_FACE('',(#413),#145,.T.);
#3046=ADVANCED_FACE('',(#414),#2908,.F.);
#3047=ADVANCED_FACE('',(#415),#26,.T.);
#3048=ADVANCED_FACE('',(#416),#146,.T.);
#3049=ADVANCED_FACE('',(#417),#2909,.F.);
#3050=ADVANCED_FACE('',(#418),#147,.T.);
#3051=ADVANCED_FACE('',(#419),#27,.T.);
#3052=ADVANCED_FACE('',(#420),#28,.T.);
#3053=ADVANCED_FACE('',(#421),#148,.T.);
#3054=ADVANCED_FACE('',(#422),#2910,.F.);
#3055=ADVANCED_FACE('',(#423),#149,.T.);
#3056=ADVANCED_FACE('',(#424),#2911,.F.);
#3057=ADVANCED_FACE('',(#425),#2912,.F.);
#3058=ADVANCED_FACE('',(#426),#2913,.F.);
#3059=ADVANCED_FACE('',(#427),#2914,.F.);
#3060=ADVANCED_FACE('',(#428),#2915,.F.);
#3061=ADVANCED_FACE('',(#429,#89,#90,#91,#92,#93,#94),#150,.F.);
#3062=CLOSED_SHELL('',(#2916,#2917,#2918,#2919,#2920,#2921,#2922,#2923,
#2924,#2925,#2926,#2927,#2928,#2929,#2930,#2931,#2932,#2933,#2934,#2935,
#2936,#2937,#2938,#2939,#2940,#2941,#2942,#2943,#2944,#2945,#2946,#2947,
#2948,#2949,#2950,#2951,#2952,#2953,#2954,#2955,#2956,#2957,#2958,#2959,
#2960,#2961,#2962,#2963,#2964,#2965,#2966,#2967,#2968,#2969,#2970,#2971,
#2972,#2973,#2974,#2975,#2976,#2977,#2978,#2979,#2980,#2981,#2982,#2983,
#2984,#2985,#2986,#2987,#2988,#2989,#2990,#2991,#2992,#2993,#2994,#2995,
#2996,#2997,#2998,#2999,#3000,#3001,#3002,#3003,#3004,#3005,#3006,#3007,
#3008,#3009,#3010,#3011,#3012,#3013,#3014,#3015,#3016,#3017,#3018,#3019,
#3020,#3021,#3022,#3023,#3024,#3025,#3026,#3027,#3028,#3029,#3030,#3031,
#3032,#3033,#3034,#3035,#3036,#3037,#3038,#3039,#3040,#3041,#3042,#3043,
#3044,#3045,#3046,#3047,#3048,#3049,#3050,#3051,#3052,#3053,#3054,#3055,
#3056,#3057,#3058,#3059,#3060,#3061));
#3063=DERIVED_UNIT_ELEMENT(#3065,1.);
#3064=DERIVED_UNIT_ELEMENT(#5473,-3.);
#3065=(
CONVERSION_BASED_UNIT('gram',#3067)
MASS_UNIT()
NAMED_UNIT(#5470)
);
#3066=(
MASS_UNIT()
NAMED_UNIT(*)
SI_UNIT(.KILO.,.GRAM.)
);
#3067=MASS_MEASURE_WITH_UNIT(MASS_MEASURE(0.001),#3066);
#3068=DERIVED_UNIT((#3063,#3064));
#3069=MEASURE_REPRESENTATION_ITEM('density measure',
POSITIVE_RATIO_MEASURE(0.952),#3068);
#3070=PROPERTY_DEFINITION_REPRESENTATION(#3075,#3072);
#3071=PROPERTY_DEFINITION_REPRESENTATION(#3076,#3073);
#3072=REPRESENTATION('material name',(#3074),#5467);
#3073=REPRESENTATION('density',(#3069),#5467);
#3074=DESCRIPTIVE_REPRESENTATION_ITEM('Plastic, Opaque Black',
'Plastic, Opaque Black');
#3075=PROPERTY_DEFINITION('material property','material name',#5481);
#3076=PROPERTY_DEFINITION('material property','density of part',#5481);
#3077=DATE_TIME_ROLE('creation_date');
#3078=APPLIED_DATE_AND_TIME_ASSIGNMENT(#3079,#3077,(#5481));
#3079=DATE_AND_TIME(#3080,#3081);
#3080=CALENDAR_DATE(2025,13,10);
#3081=LOCAL_TIME(0,0,0.,#3082);
#3082=COORDINATED_UNIVERSAL_TIME_OFFSET(0,0,.BEHIND.);
#3083=AXIS2_PLACEMENT_3D('',#4218,#3380,#3381);
#3084=AXIS2_PLACEMENT_3D('',#4219,#3382,#3383);
#3085=AXIS2_PLACEMENT_3D('',#4222,#3384,#3385);
#3086=AXIS2_PLACEMENT_3D('',#4226,#3387,#3388);
#3087=AXIS2_PLACEMENT_3D('',#4228,#3390,#3391);
#3088=AXIS2_PLACEMENT_3D('',#4230,#3392,#3393);
#3089=AXIS2_PLACEMENT_3D('',#4233,#3395,#3396);
#3090=AXIS2_PLACEMENT_3D('',#4234,#3397,#3398);
#3091=AXIS2_PLACEMENT_3D('',#4238,#3400,#3401);
#3092=AXIS2_PLACEMENT_3D('',#4240,#3402,#3403);
#3093=AXIS2_PLACEMENT_3D('',#4244,#3405,#3406);
#3094=AXIS2_PLACEMENT_3D('',#4248,#3408,#3409);
#3095=AXIS2_PLACEMENT_3D('',#4250,#3410,#3411);
#3096=AXIS2_PLACEMENT_3D('',#4252,#3412,#3413);
#3097=AXIS2_PLACEMENT_3D('',#4256,#3415,#3416);
#3098=AXIS2_PLACEMENT_3D('',#4260,#3418,#3419);
#3099=AXIS2_PLACEMENT_3D('',#4262,#3420,#3421);
#3100=AXIS2_PLACEMENT_3D('',#4268,#3424,#3425);
#3101=AXIS2_PLACEMENT_3D('',#4270,#3426,#3427);
#3102=AXIS2_PLACEMENT_3D('',#4272,#3428,#3429);
#3103=AXIS2_PLACEMENT_3D('',#4276,#3431,#3432);
#3104=AXIS2_PLACEMENT_3D('',#4280,#3434,#3435);
#3105=AXIS2_PLACEMENT_3D('',#4284,#3437,#3438);
#3106=AXIS2_PLACEMENT_3D('',#4288,#3440,#3441);
#3107=AXIS2_PLACEMENT_3D('',#4290,#3442,#3443);
#3108=AXIS2_PLACEMENT_3D('',#4292,#3444,#3445);
#3109=AXIS2_PLACEMENT_3D('',#4296,#3447,#3448);
#3110=AXIS2_PLACEMENT_3D('',#4300,#3450,#3451);
#3111=AXIS2_PLACEMENT_3D('',#4304,#3453,#3454);
#3112=AXIS2_PLACEMENT_3D('',#4307,#3456,#3457);
#3113=AXIS2_PLACEMENT_3D('',#4309,#3458,#3459);
#3114=AXIS2_PLACEMENT_3D('',#4311,#3460,#3461);
#3115=AXIS2_PLACEMENT_3D('',#4313,#3462,#3463);
#3116=AXIS2_PLACEMENT_3D('',#4315,#3464,#3465);
#3117=AXIS2_PLACEMENT_3D('',#4317,#3466,#3467);
#3118=AXIS2_PLACEMENT_3D('',#4319,#3468,#3469);
#3119=AXIS2_PLACEMENT_3D('',#4321,#3470,#3471);
#3120=AXIS2_PLACEMENT_3D('',#4323,#3472,#3473);
#3121=AXIS2_PLACEMENT_3D('',#4325,#3474,#3475);
#3122=AXIS2_PLACEMENT_3D('',#4328,#3476,#3477);
#3123=AXIS2_PLACEMENT_3D('',#4329,#3478,#3479);
#3124=AXIS2_PLACEMENT_3D('',#4332,#3480,#3481);
#3125=AXIS2_PLACEMENT_3D('',#4333,#3482,#3483);
#3126=AXIS2_PLACEMENT_3D('',#4336,#3484,#3485);
#3127=AXIS2_PLACEMENT_3D('',#4381,#3486,#3487);
#3128=AXIS2_PLACEMENT_3D('',#4383,#3488,#3489);
#3129=AXIS2_PLACEMENT_3D('',#4385,#3490,#3491);
#3130=AXIS2_PLACEMENT_3D('',#4387,#3492,#3493);
#3131=AXIS2_PLACEMENT_3D('',#4390,#3494,#3495);
#3132=AXIS2_PLACEMENT_3D('',#4394,#3497,#3498);
#3133=AXIS2_PLACEMENT_3D('',#4406,#3500,#3501);
#3134=AXIS2_PLACEMENT_3D('',#4408,#3502,#3503);
#3135=AXIS2_PLACEMENT_3D('',#4410,#3504,#3505);
#3136=AXIS2_PLACEMENT_3D('',#4412,#3506,#3507);
#3137=AXIS2_PLACEMENT_3D('',#4414,#3508,#3509);
#3138=AXIS2_PLACEMENT_3D('',#4426,#3511,#3512);
#3139=AXIS2_PLACEMENT_3D('',#4430,#3514,#3515);
#3140=AXIS2_PLACEMENT_3D('',#4431,#3516,#3517);
#3141=AXIS2_PLACEMENT_3D('',#4432,#3518,#3519);
#3142=AXIS2_PLACEMENT_3D('',#4434,#3520,#3521);
#3143=AXIS2_PLACEMENT_3D('',#4436,#3523,#3524);
#3144=AXIS2_PLACEMENT_3D('',#4440,#3527,#3528);
#3145=AXIS2_PLACEMENT_3D('',#4443,#3529,#3530);
#3146=AXIS2_PLACEMENT_3D('',#4446,#3533,#3534);
#3147=AXIS2_PLACEMENT_3D('',#4454,#3539,#3540);
#3148=AXIS2_PLACEMENT_3D('',#4457,#3541,#3542);
#3149=AXIS2_PLACEMENT_3D('',#4461,#3544,#3545);
#3150=AXIS2_PLACEMENT_3D('',#4464,#3548,#3549);
#3151=AXIS2_PLACEMENT_3D('',#4465,#3550,#3551);
#3152=AXIS2_PLACEMENT_3D('',#4466,#3552,#3553);
#3153=AXIS2_PLACEMENT_3D('',#4469,#3554,#3555);
#3154=AXIS2_PLACEMENT_3D('',#4472,#3558,#3559);
#3155=AXIS2_PLACEMENT_3D('',#4474,#3560,#3561);
#3156=AXIS2_PLACEMENT_3D('',#4476,#3563,#3564);
#3157=AXIS2_PLACEMENT_3D('',#4478,#3565,#3566);
#3158=AXIS2_PLACEMENT_3D('',#4480,#3568,#3569);
#3159=AXIS2_PLACEMENT_3D('',#4483,#3570,#3571);
#3160=AXIS2_PLACEMENT_3D('',#4486,#3574,#3575);
#3161=AXIS2_PLACEMENT_3D('',#4489,#3577,#3578);
#3162=AXIS2_PLACEMENT_3D('',#4490,#3579,#3580);
#3163=AXIS2_PLACEMENT_3D('',#4492,#3581,#3582);
#3164=AXIS2_PLACEMENT_3D('',#4494,#3584,#3585);
#3165=AXIS2_PLACEMENT_3D('',#4497,#3586,#3587);
#3166=AXIS2_PLACEMENT_3D('',#4500,#3590,#3591);
#3167=AXIS2_PLACEMENT_3D('',#4502,#3593,#3594);
#3168=AXIS2_PLACEMENT_3D('',#4505,#3595,#3596);
#3169=AXIS2_PLACEMENT_3D('',#4508,#3599,#3600);
#3170=AXIS2_PLACEMENT_3D('',#4513,#3604,#3605);
#3171=AXIS2_PLACEMENT_3D('',#4517,#3607,#3608);
#3172=AXIS2_PLACEMENT_3D('',#4519,#3610,#3611);
#3173=AXIS2_PLACEMENT_3D('',#4527,#3616,#3617);
#3174=AXIS2_PLACEMENT_3D('',#4529,#3618,#3619);
#3175=AXIS2_PLACEMENT_3D('',#4532,#3621,#3622);
#3176=AXIS2_PLACEMENT_3D('',#4533,#3623,#3624);
#3177=AXIS2_PLACEMENT_3D('',#4535,#3625,#3626);
#3178=AXIS2_PLACEMENT_3D('',#4537,#3628,#3629);
#3179=AXIS2_PLACEMENT_3D('',#4540,#3630,#3631);
#3180=AXIS2_PLACEMENT_3D('',#4543,#3634,#3635);
#3181=AXIS2_PLACEMENT_3D('',#4547,#3638,#3639);
#3182=AXIS2_PLACEMENT_3D('',#4550,#3640,#3641);
#3183=AXIS2_PLACEMENT_3D('',#4553,#3644,#3645);
#3184=AXIS2_PLACEMENT_3D('',#4561,#3650,#3651);
#3185=AXIS2_PLACEMENT_3D('',#4563,#3653,#3654);
#3186=AXIS2_PLACEMENT_3D('',#4565,#3655,#3656);
#3187=AXIS2_PLACEMENT_3D('',#4567,#3658,#3659);
#3188=AXIS2_PLACEMENT_3D('',#4569,#3661,#3662);
#3189=AXIS2_PLACEMENT_3D('',#4571,#3664,#3665);
#3190=AXIS2_PLACEMENT_3D('',#4573,#3666,#3667);
#3191=AXIS2_PLACEMENT_3D('',#4575,#3669,#3670);
#3192=AXIS2_PLACEMENT_3D('',#4577,#3672,#3673);
#3193=AXIS2_PLACEMENT_3D('',#4581,#3676,#3677);
#3194=AXIS2_PLACEMENT_3D('',#4583,#3679,#3680);
#3195=AXIS2_PLACEMENT_3D('',#4584,#3681,#3682);
#3196=AXIS2_PLACEMENT_3D('',#4586,#3683,#3684);
#3197=AXIS2_PLACEMENT_3D('',#4588,#3686,#3687);
#3198=AXIS2_PLACEMENT_3D('',#4589,#3688,#3689);
#3199=AXIS2_PLACEMENT_3D('',#4590,#3690,#3691);
#3200=AXIS2_PLACEMENT_3D('',#4592,#3692,#3693);
#3201=AXIS2_PLACEMENT_3D('',#4594,#3695,#3696);
#3202=AXIS2_PLACEMENT_3D('',#4596,#3697,#3698);
#3203=AXIS2_PLACEMENT_3D('',#4598,#3700,#3701);
#3204=AXIS2_PLACEMENT_3D('',#4600,#3702,#3703);
#3205=AXIS2_PLACEMENT_3D('',#4602,#3705,#3706);
#3206=AXIS2_PLACEMENT_3D('',#4604,#3707,#3708);
#3207=AXIS2_PLACEMENT_3D('',#4606,#3710,#3711);
#3208=AXIS2_PLACEMENT_3D('',#4608,#3712,#3713);
#3209=AXIS2_PLACEMENT_3D('',#4610,#3715,#3716);
#3210=AXIS2_PLACEMENT_3D('',#4612,#3718,#3719);
#3211=AXIS2_PLACEMENT_3D('',#4616,#3721,#3722);
#3212=AXIS2_PLACEMENT_3D('',#4620,#3724,#3725);
#3213=AXIS2_PLACEMENT_3D('',#4623,#3727,#3728);
#3214=AXIS2_PLACEMENT_3D('',#4624,#3729,#3730);
#3215=AXIS2_PLACEMENT_3D('',#4628,#3733,#3734);
#3216=AXIS2_PLACEMENT_3D('',#4631,#3736,#3737);
#3217=AXIS2_PLACEMENT_3D('',#4632,#3738,#3739);
#3218=AXIS2_PLACEMENT_3D('',#4636,#3742,#3743);
#3219=AXIS2_PLACEMENT_3D('',#4639,#3745,#3746);
#3220=AXIS2_PLACEMENT_3D('',#4640,#3747,#3748);
#3221=AXIS2_PLACEMENT_3D('',#4644,#3751,#3752);
#3222=AXIS2_PLACEMENT_3D('',#4646,#3753,#3754);
#3223=AXIS2_PLACEMENT_3D('',#4648,#3756,#3757);
#3224=AXIS2_PLACEMENT_3D('',#4650,#3758,#3759);
#3225=AXIS2_PLACEMENT_3D('',#4652,#3761,#3762);
#3226=AXIS2_PLACEMENT_3D('',#4654,#3763,#3764);
#3227=AXIS2_PLACEMENT_3D('',#4656,#3766,#3767);
#3228=AXIS2_PLACEMENT_3D('',#4658,#3768,#3769);
#3229=AXIS2_PLACEMENT_3D('',#4660,#3771,#3772);
#3230=AXIS2_PLACEMENT_3D('',#4666,#3776,#3777);
#3231=AXIS2_PLACEMENT_3D('',#4667,#3778,#3779);
#3232=AXIS2_PLACEMENT_3D('',#4668,#3780,#3781);
#3233=AXIS2_PLACEMENT_3D('',#4669,#3782,#3783);
#3234=AXIS2_PLACEMENT_3D('',#4670,#3784,#3785);
#3235=AXIS2_PLACEMENT_3D('',#4673,#3786,#3787);
#3236=AXIS2_PLACEMENT_3D('',#4676,#3790,#3791);
#3237=AXIS2_PLACEMENT_3D('',#4678,#3792,#3793);
#3238=AXIS2_PLACEMENT_3D('',#4682,#3795,#3796);
#3239=AXIS2_PLACEMENT_3D('',#4685,#3799,#3800);
#3240=AXIS2_PLACEMENT_3D('',#4688,#3802,#3803);
#3241=AXIS2_PLACEMENT_3D('',#4689,#3804,#3805);
#3242=AXIS2_PLACEMENT_3D('',#4693,#3807,#3808);
#3243=AXIS2_PLACEMENT_3D('',#4695,#3810,#3811);
#3244=AXIS2_PLACEMENT_3D('',#4698,#3813,#3814);
#3245=AXIS2_PLACEMENT_3D('',#4699,#3815,#3816);
#3246=AXIS2_PLACEMENT_3D('',#4702,#3818,#3819);
#3247=AXIS2_PLACEMENT_3D('',#4703,#3820,#3821);
#3248=AXIS2_PLACEMENT_3D('',#4715,#3823,#3824);
#3249=AXIS2_PLACEMENT_3D('',#4719,#3826,#3827);
#3250=AXIS2_PLACEMENT_3D('',#4737,#3829,#3830);
#3251=AXIS2_PLACEMENT_3D('',#4750,#3831,#3832);
#3252=AXIS2_PLACEMENT_3D('',#4752,#3833,#3834);
#3253=AXIS2_PLACEMENT_3D('',#4754,#3835,#3836);
#3254=AXIS2_PLACEMENT_3D('',#4758,#3838,#3839);
#3255=AXIS2_PLACEMENT_3D('',#4762,#3841,#3842);
#3256=AXIS2_PLACEMENT_3D('',#4766,#3844,#3845);
#3257=AXIS2_PLACEMENT_3D('',#4768,#3846,#3847);
#3258=AXIS2_PLACEMENT_3D('',#4770,#3848,#3849);
#3259=AXIS2_PLACEMENT_3D('',#4780,#3850,#3851);
#3260=AXIS2_PLACEMENT_3D('',#4798,#3853,#3854);
#3261=AXIS2_PLACEMENT_3D('',#4802,#3856,#3857);
#3262=AXIS2_PLACEMENT_3D('',#4812,#3859,#3860);
#3263=AXIS2_PLACEMENT_3D('',#4813,#3861,#3862);
#3264=AXIS2_PLACEMENT_3D('',#4814,#3863,#3864);
#3265=AXIS2_PLACEMENT_3D('',#4825,#3867,#3868);
#3266=AXIS2_PLACEMENT_3D('',#4852,#3872,#3873);
#3267=AXIS2_PLACEMENT_3D('',#4855,#3875,#3876);
#3268=AXIS2_PLACEMENT_3D('',#4910,#3880,#3881);
#3269=AXIS2_PLACEMENT_3D('',#4913,#3883,#3884);
#3270=AXIS2_PLACEMENT_3D('',#4964,#3886,#3887);
#3271=AXIS2_PLACEMENT_3D('',#4966,#3888,#3889);
#3272=AXIS2_PLACEMENT_3D('',#4967,#3890,#3891);
#3273=AXIS2_PLACEMENT_3D('',#4970,#3892,#3893);
#3274=AXIS2_PLACEMENT_3D('',#4974,#3895,#3896);
#3275=AXIS2_PLACEMENT_3D('',#4976,#3898,#3899);
#3276=AXIS2_PLACEMENT_3D('',#4982,#3903,#3904);
#3277=AXIS2_PLACEMENT_3D('',#4984,#3905,#3906);
#3278=AXIS2_PLACEMENT_3D('',#4987,#3908,#3909);
#3279=AXIS2_PLACEMENT_3D('',#4988,#3910,#3911);
#3280=AXIS2_PLACEMENT_3D('',#4994,#3915,#3916);
#3281=AXIS2_PLACEMENT_3D('',#4996,#3917,#3918);
#3282=AXIS2_PLACEMENT_3D('',#4999,#3920,#3921);
#3283=AXIS2_PLACEMENT_3D('',#5000,#3922,#3923);
#3284=AXIS2_PLACEMENT_3D('',#5006,#3927,#3928);
#3285=AXIS2_PLACEMENT_3D('',#5008,#3929,#3930);
#3286=AXIS2_PLACEMENT_3D('',#5011,#3932,#3933);
#3287=AXIS2_PLACEMENT_3D('',#5012,#3934,#3935);
#3288=AXIS2_PLACEMENT_3D('',#5018,#3939,#3940);
#3289=AXIS2_PLACEMENT_3D('',#5024,#3944,#3945);
#3290=AXIS2_PLACEMENT_3D('',#5030,#3949,#3950);
#3291=AXIS2_PLACEMENT_3D('',#5036,#3954,#3955);
#3292=AXIS2_PLACEMENT_3D('',#5038,#3956,#3957);
#3293=AXIS2_PLACEMENT_3D('',#5041,#3959,#3960);
#3294=AXIS2_PLACEMENT_3D('',#5042,#3961,#3962);
#3295=AXIS2_PLACEMENT_3D('',#5048,#3966,#3967);
#3296=AXIS2_PLACEMENT_3D('',#5050,#3968,#3969);
#3297=AXIS2_PLACEMENT_3D('',#5053,#3971,#3972);
#3298=AXIS2_PLACEMENT_3D('',#5054,#3973,#3974);
#3299=AXIS2_PLACEMENT_3D('',#5060,#3978,#3979);
#3300=AXIS2_PLACEMENT_3D('',#5062,#3980,#3981);
#3301=AXIS2_PLACEMENT_3D('',#5065,#3983,#3984);
#3302=AXIS2_PLACEMENT_3D('',#5066,#3985,#3986);
#3303=AXIS2_PLACEMENT_3D('',#5072,#3990,#3991);
#3304=AXIS2_PLACEMENT_3D('',#5074,#3992,#3993);
#3305=AXIS2_PLACEMENT_3D('',#5077,#3995,#3996);
#3306=AXIS2_PLACEMENT_3D('',#5078,#3997,#3998);
#3307=AXIS2_PLACEMENT_3D('',#5084,#4002,#4003);
#3308=AXIS2_PLACEMENT_3D('',#5086,#4004,#4005);
#3309=AXIS2_PLACEMENT_3D('',#5089,#4007,#4008);
#3310=AXIS2_PLACEMENT_3D('',#5090,#4009,#4010);
#3311=AXIS2_PLACEMENT_3D('',#5096,#4014,#4015);
#3312=AXIS2_PLACEMENT_3D('',#5098,#4016,#4017);
#3313=AXIS2_PLACEMENT_3D('',#5101,#4019,#4020);
#3314=AXIS2_PLACEMENT_3D('',#5102,#4021,#4022);
#3315=AXIS2_PLACEMENT_3D('',#5108,#4026,#4027);
#3316=AXIS2_PLACEMENT_3D('',#5114,#4031,#4032);
#3317=AXIS2_PLACEMENT_3D('',#5120,#4036,#4037);
#3318=AXIS2_PLACEMENT_3D('',#5126,#4041,#4042);
#3319=AXIS2_PLACEMENT_3D('',#5128,#4043,#4044);
#3320=AXIS2_PLACEMENT_3D('',#5131,#4046,#4047);
#3321=AXIS2_PLACEMENT_3D('',#5132,#4048,#4049);
#3322=AXIS2_PLACEMENT_3D('',#5138,#4053,#4054);
#3323=AXIS2_PLACEMENT_3D('',#5140,#4055,#4056);
#3324=AXIS2_PLACEMENT_3D('',#5143,#4058,#4059);
#3325=AXIS2_PLACEMENT_3D('',#5144,#4060,#4061);
#3326=AXIS2_PLACEMENT_3D('',#5147,#4064,#4065);
#3327=AXIS2_PLACEMENT_3D('',#5148,#4066,#4067);
#3328=AXIS2_PLACEMENT_3D('',#5149,#4068,#4069);
#3329=AXIS2_PLACEMENT_3D('',#5150,#4070,#4071);
#3330=AXIS2_PLACEMENT_3D('',#5154,#4074,#4075);
#3331=AXIS2_PLACEMENT_3D('',#5157,#4077,#4078);
#3332=AXIS2_PLACEMENT_3D('',#5158,#4079,#4080);
#3333=AXIS2_PLACEMENT_3D('',#5203,#4084,#4085);
#3334=AXIS2_PLACEMENT_3D('',#5206,#4087,#4088);
#3335=AXIS2_PLACEMENT_3D('',#5227,#4090,#4091);
#3336=AXIS2_PLACEMENT_3D('',#5230,#4093,#4094);
#3337=AXIS2_PLACEMENT_3D('',#5240,#4097,#4098);
#3338=AXIS2_PLACEMENT_3D('',#5241,#4099,#4100);
#3339=AXIS2_PLACEMENT_3D('',#5244,#4102,#4103);
#3340=AXIS2_PLACEMENT_3D('',#5245,#4104,#4105);
#3341=AXIS2_PLACEMENT_3D('',#5249,#4108,#4109);
#3342=AXIS2_PLACEMENT_3D('',#5252,#4111,#4112);
#3343=AXIS2_PLACEMENT_3D('',#5253,#4113,#4114);
#3344=AXIS2_PLACEMENT_3D('',#5257,#4117,#4118);
#3345=AXIS2_PLACEMENT_3D('',#5260,#4120,#4121);
#3346=AXIS2_PLACEMENT_3D('',#5261,#4122,#4123);
#3347=AXIS2_PLACEMENT_3D('',#5265,#4126,#4127);
#3348=AXIS2_PLACEMENT_3D('',#5266,#4128,#4129);
#3349=AXIS2_PLACEMENT_3D('',#5267,#4130,#4131);
#3350=AXIS2_PLACEMENT_3D('',#5268,#4132,#4133);
#3351=AXIS2_PLACEMENT_3D('',#5269,#4134,#4135);
#3352=AXIS2_PLACEMENT_3D('',#5272,#4137,#4138);
#3353=AXIS2_PLACEMENT_3D('',#5293,#4140,#4141);
#3354=AXIS2_PLACEMENT_3D('',#5296,#4143,#4144);
#3355=AXIS2_PLACEMENT_3D('',#5338,#4146,#4147);
#3356=AXIS2_PLACEMENT_3D('',#5342,#4150,#4151);
#3357=AXIS2_PLACEMENT_3D('',#5345,#4153,#4154);
#3358=AXIS2_PLACEMENT_3D('',#5346,#4155,#4156);
#3359=AXIS2_PLACEMENT_3D('',#5350,#4159,#4160);
#3360=AXIS2_PLACEMENT_3D('',#5353,#4162,#4163);
#3361=AXIS2_PLACEMENT_3D('',#5377,#4165,#4166);
#3362=AXIS2_PLACEMENT_3D('',#5381,#4169,#4170);
#3363=AXIS2_PLACEMENT_3D('',#5384,#4172,#4173);
#3364=AXIS2_PLACEMENT_3D('',#5385,#4174,#4175);
#3365=AXIS2_PLACEMENT_3D('',#5433,#4179,#4180);
#3366=AXIS2_PLACEMENT_3D('',#5437,#4183,#4184);
#3367=AXIS2_PLACEMENT_3D('',#5440,#4186,#4187);
#3368=AXIS2_PLACEMENT_3D('',#5441,#4188,#4189);
#3369=AXIS2_PLACEMENT_3D('',#5443,#4191,#4192);
#3370=AXIS2_PLACEMENT_3D('',#5446,#4194,#4195);
#3371=AXIS2_PLACEMENT_3D('',#5447,#4196,#4197);
#3372=AXIS2_PLACEMENT_3D('',#5450,#4199,#4200);
#3373=AXIS2_PLACEMENT_3D('',#5451,#4201,#4202);
#3374=AXIS2_PLACEMENT_3D('',#5454,#4204,#4205);
#3375=AXIS2_PLACEMENT_3D('',#5455,#4206,#4207);
#3376=AXIS2_PLACEMENT_3D('',#5458,#4209,#4210);
#3377=AXIS2_PLACEMENT_3D('',#5459,#4211,#4212);
#3378=AXIS2_PLACEMENT_3D('',#5462,#4214,#4215);
#3379=AXIS2_PLACEMENT_3D('',#5463,#4216,#4217);
#3380=DIRECTION('axis',(0.,0.,1.));
#3381=DIRECTION('refdir',(1.,0.,0.));
#3382=DIRECTION('center_axis',(-4.83217902588991E-16,-1.46987437347612E-15,
-1.));
#3383=DIRECTION('ref_axis',(0.0937454408500402,-0.995596199430187,0.));
#3384=DIRECTION('center_axis',(4.83217902588991E-16,1.46987437347612E-15,
1.));
#3385=DIRECTION('ref_axis',(0.0937454408500402,-0.995596199430187,0.));
#3386=DIRECTION('',(4.83217902588991E-16,1.46987437347612E-15,1.));
#3387=DIRECTION('center_axis',(-9.52363188311271E-16,-3.39591861239028E-16,
-1.));
#3388=DIRECTION('ref_axis',(0.0937454408500402,-0.995596199430187,0.));
#3389=DIRECTION('',(-4.83217902588991E-16,-1.46987437347612E-15,-1.));
#3390=DIRECTION('center_axis',(-4.83217902588991E-16,-1.46987437347612E-15,
-1.));
#3391=DIRECTION('ref_axis',(-0.784909291244364,-0.619610687866398,1.29003209306444E-15));
#3392=DIRECTION('center_axis',(4.83217902588991E-16,1.46987437347612E-15,
1.));
#3393=DIRECTION('ref_axis',(-0.784909291244364,-0.619610687866398,1.29003209306444E-15));
#3394=DIRECTION('',(4.83217902588991E-16,1.46987437347612E-15,1.));
#3395=DIRECTION('center_axis',(-4.83217902588991E-16,-1.46987437347612E-15,
-1.));
#3396=DIRECTION('ref_axis',(-0.784909291244364,-0.619610687866398,1.29003209306444E-15));
#3397=DIRECTION('center_axis',(9.52363188311271E-16,3.39591861239028E-16,
1.));
#3398=DIRECTION('ref_axis',(1.,-2.50147125235858E-15,-9.5236318831127E-16));
#3399=DIRECTION('',(0.609769822661308,0.792578553439088,-1.45964259943535E-15));
#3400=DIRECTION('center_axis',(9.52363188311271E-16,3.39591861239028E-16,
1.));
#3401=DIRECTION('ref_axis',(0.792578553439088,-0.609769822661309,0.));
#3402=DIRECTION('center_axis',(9.52363188311271E-16,3.39591861239028E-16,
1.));
#3403=DIRECTION('ref_axis',(1.,-2.32419013066195E-15,-9.52363188311271E-16));
#3404=DIRECTION('',(0.92359993463829,0.383357745110422,-1.00978774865865E-15));
#3405=DIRECTION('center_axis',(9.52363188311271E-16,3.39591861239028E-16,
1.));
#3406=DIRECTION('ref_axis',(-0.0401319748735587,0.999194387790858,0.));
#3407=DIRECTION('',(0.951369898213243,-0.308050834723302,-6.92293911319776E-18));
#3408=DIRECTION('center_axis',(4.83217902588991E-16,1.46987437347612E-15,
1.));
#3409=DIRECTION('ref_axis',(1.,-2.22044604925033E-16,-4.83217902588991E-16));
#3410=DIRECTION('center_axis',(-4.83217902588991E-16,-1.46987437347612E-15,
-1.));
#3411=DIRECTION('ref_axis',(-0.13305258174171,-0.991108980128757,1.52109908069659E-15));
#3412=DIRECTION('center_axis',(4.83217902588991E-16,1.46987437347612E-15,
1.));
#3413=DIRECTION('ref_axis',(1.,-2.22044604925033E-16,-4.83217902588991E-16));
#3414=DIRECTION('',(-0.966523914302699,-0.256576544292321,8.44176945961795E-16));
#3415=DIRECTION('center_axis',(9.52363188311271E-16,3.39591861239028E-16,
1.));
#3416=DIRECTION('ref_axis',(-0.0669252211634589,-0.997757994090863,1.47669716567362E-15));
#3417=DIRECTION('',(-0.923599934638288,0.383357745110426,7.49417408293755E-16));
#3418=DIRECTION('center_axis',(9.52363188311271E-16,3.39591861239028E-16,
1.));
#3419=DIRECTION('ref_axis',(1.,-2.32419013066195E-15,-9.52363188311271E-16));
#3420=DIRECTION('center_axis',(9.52363188311271E-16,3.39591861239028E-16,
1.));
#3421=DIRECTION('ref_axis',(-0.495350822325638,-0.86869301989904,0.));
#3422=DIRECTION('',(-0.553299901078352,0.832982124338023,-9.5701466042638E-16));
#3423=DIRECTION('',(-0.534171033669051,0.845376429047402,-9.84476142484176E-16));
#3424=DIRECTION('center_axis',(-9.52363188311271E-16,-3.39591861239028E-16,
-1.));
#3425=DIRECTION('ref_axis',(0.185053776686669,0.982728395709618,-2.0527394607014E-15));
#3426=DIRECTION('center_axis',(4.83217902588991E-16,1.46987437347612E-15,
1.));
#3427=DIRECTION('ref_axis',(-0.534171033669052,0.845376429047401,-9.84476142484174E-16));
#3428=DIRECTION('center_axis',(-9.52363188311271E-16,-3.39591861239028E-16,
-1.));
#3429=DIRECTION('ref_axis',(-0.999941286149162,0.0108362472452387,0.));
#3430=DIRECTION('',(0.724498422684708,-0.689276457981389,6.63059193588495E-16));
#3431=DIRECTION('center_axis',(9.52363188311271E-16,3.39591861239028E-16,
1.));
#3432=DIRECTION('ref_axis',(0.983205513747402,-0.182501829406468,0.));
#3433=DIRECTION('',(-0.92359993463829,-0.383357745110422,1.00978774865865E-15));
#3434=DIRECTION('center_axis',(-9.52363188311271E-16,-3.39591861239028E-16,
-1.));
#3435=DIRECTION('ref_axis',(2.50147125235858E-15,1.,-3.3959186123903E-16));
#3436=DIRECTION('',(-0.671174754266023,-0.741299163115637,8.90941291424196E-16));
#3437=DIRECTION('center_axis',(9.52363188311271E-16,3.39591861239028E-16,
1.));
#3438=DIRECTION('ref_axis',(0.326639880997697,-0.945148870888502,1.59578947348261E-15));
#3439=DIRECTION('',(-0.985667306485445,0.168700802978907,2.28323101406899E-16));
#3440=DIRECTION('center_axis',(-9.52363188311271E-16,-3.39591861239028E-16,
-1.));
#3441=DIRECTION('ref_axis',(-0.606484376317957,0.795095403886992,-2.0527394607014E-15));
#3442=DIRECTION('center_axis',(4.83217902588991E-16,1.46987437347612E-15,
1.));
#3443=DIRECTION('ref_axis',(-0.985667306485445,0.168700802978906,2.283231014069E-16));
#3444=DIRECTION('center_axis',(-9.52363188311271E-16,-3.39591861239028E-16,
-1.));
#3445=DIRECTION('ref_axis',(-0.677144220192137,-0.7358503278931,2.05273946070139E-15));
#3446=DIRECTION('',(0.997016301949311,0.0771912796067028,-5.95237610024701E-16));
#3447=DIRECTION('center_axis',(9.52363188311271E-16,3.39591861239028E-16,
1.));
#3448=DIRECTION('ref_axis',(0.741299163115643,0.671174754266017,-1.3987061727561E-15));
#3449=DIRECTION('',(0.671174754266017,-0.741299163115643,-3.87462966349443E-16));
#3450=DIRECTION('center_axis',(-9.52363188311271E-16,-3.39591861239028E-16,
-1.));
#3451=DIRECTION('ref_axis',(-1.,2.50147125235858E-15,9.5236318831127E-16));
#3452=DIRECTION('',(0.923599934638288,-0.383357745110426,-7.49417408293755E-16));
#3453=DIRECTION('center_axis',(9.52363188311271E-16,3.39591861239028E-16,
1.));
#3454=DIRECTION('ref_axis',(0.990574259265064,0.136976774971048,0.));
#3455=DIRECTION('',(-0.784909291244364,-0.619610687866398,1.29003209306444E-15));
#3456=DIRECTION('center_axis',(-9.52363188311271E-16,-3.39591861239028E-16,
-1.));
#3457=DIRECTION('ref_axis',(-0.996688293632285,0.0813169437224704,0.));
#3458=DIRECTION('center_axis',(-4.83217902588991E-16,-1.46987437347612E-15,
-1.));
#3459=DIRECTION('ref_axis',(-1.,2.22044604925033E-16,4.83217902588991E-16));
#3460=DIRECTION('center_axis',(-4.83217902588991E-16,-1.46987437347612E-15,
-1.));
#3461=DIRECTION('ref_axis',(-1.,2.22044604925033E-16,4.83217902588991E-16));
#3462=DIRECTION('center_axis',(-4.83217902588991E-16,-1.46987437347612E-15,
-1.));
#3463=DIRECTION('ref_axis',(-1.,2.22044604925033E-16,4.83217902588991E-16));
#3464=DIRECTION('center_axis',(-4.83217902588991E-16,-1.46987437347612E-15,
-1.));
#3465=DIRECTION('ref_axis',(-1.,2.22044604925033E-16,4.83217902588991E-16));
#3466=DIRECTION('center_axis',(-4.83217902588991E-16,-1.46987437347612E-15,
-1.));
#3467=DIRECTION('ref_axis',(-1.,2.22044604925033E-16,4.83217902588991E-16));
#3468=DIRECTION('center_axis',(-9.52363188311271E-16,-3.39591861239028E-16,
-1.));
#3469=DIRECTION('ref_axis',(-1.,2.32419013066195E-15,9.52363188311271E-16));
#3470=DIRECTION('center_axis',(-9.52363188311271E-16,-3.39591861239028E-16,
-1.));
#3471=DIRECTION('ref_axis',(-1.,2.32419013066195E-15,9.52363188311271E-16));
#3472=DIRECTION('center_axis',(-9.52363188311271E-16,-3.39591861239028E-16,
-1.));
#3473=DIRECTION('ref_axis',(-1.,2.32419013066195E-15,9.52363188311271E-16));
#3474=DIRECTION('center_axis',(-9.52363188311271E-16,-3.39591861239028E-16,
-1.));
#3475=DIRECTION('ref_axis',(-1.,2.32419013066195E-15,9.52363188311271E-16));
#3476=DIRECTION('center_axis',(-9.52363188311271E-16,-3.39591861239028E-16,
-1.));
#3477=DIRECTION('ref_axis',(0.987728384369958,-0.1561814288253,-8.8763821121836E-16));
#3478=DIRECTION('center_axis',(9.52363188311271E-16,3.39591861239028E-16,
1.));
#3479=DIRECTION('ref_axis',(-1.,2.50147125235858E-15,9.5236318831127E-16));
#3480=DIRECTION('center_axis',(9.52363188311271E-16,3.39591861239028E-16,
1.));
#3481=DIRECTION('ref_axis',(0.275326316650736,0.961350830529385,-5.88677566594652E-16));
#3482=DIRECTION('center_axis',(-9.52363188311271E-16,-3.39591861239028E-16,
-1.));
#3483=DIRECTION('ref_axis',(0.988860967435424,0.148842154924864,-9.92300368165131E-16));
#3484=DIRECTION('center_axis',(9.52363188311271E-16,3.39591861239028E-16,
1.));
#3485=DIRECTION('ref_axis',(-0.346328005144501,-0.938113486126615,6.4840574798807E-16));
#3486=DIRECTION('center_axis',(9.52363188311271E-16,3.39591861239028E-16,
1.));
#3487=DIRECTION('ref_axis',(-1.,2.50147125235858E-15,9.5236318831127E-16));
#3488=DIRECTION('center_axis',(9.52363188311271E-16,3.39591861239028E-16,
1.));
#3489=DIRECTION('ref_axis',(-1.,2.50147125235858E-15,9.5236318831127E-16));
#3490=DIRECTION('center_axis',(9.52363188311271E-16,3.39591861239028E-16,
1.));
#3491=DIRECTION('ref_axis',(-1.,2.50147125235858E-15,9.5236318831127E-16));
#3492=DIRECTION('center_axis',(9.52363188311271E-16,3.39591861239028E-16,
1.));
#3493=DIRECTION('ref_axis',(-1.,2.50147125235858E-15,9.5236318831127E-16));
#3494=DIRECTION('center_axis',(-9.52363188311271E-16,-3.39591861239028E-16,
-1.));
#3495=DIRECTION('ref_axis',(-0.0673164759724738,0.997731673378493,-2.74711822296708E-16));
#3496=DIRECTION('',(0.809016994374962,0.587785252292453,-9.70085091995787E-16));
#3497=DIRECTION('center_axis',(9.52363188311271E-16,3.39591861239028E-16,
1.));
#3498=DIRECTION('ref_axis',(0.587785252292471,-0.809016994374949,-2.8504945002181E-16));
#3499=DIRECTION('',(-0.809016994374953,-0.587785252292466,9.70085091995782E-16));
#3500=DIRECTION('center_axis',(9.52363188311271E-16,3.39591861239028E-16,
1.));
#3501=DIRECTION('ref_axis',(0.902793568594661,-0.430074147681672,-7.13737681091715E-16));
#3502=DIRECTION('center_axis',(9.52363188311271E-16,3.39591861239028E-16,
1.));
#3503=DIRECTION('ref_axis',(0.971655439163497,0.236401581094527,-1.00564892490548E-15));
#3504=DIRECTION('center_axis',(-9.52363188311271E-16,-3.39591861239028E-16,
-1.));
#3505=DIRECTION('ref_axis',(-0.472233733941149,-0.881473369154168,7.4907920654803E-16));
#3506=DIRECTION('center_axis',(9.52363188311271E-16,3.39591861239028E-16,
1.));
#3507=DIRECTION('ref_axis',(0.971655439163494,-0.236401581094538,-8.45088819057991E-16));
#3508=DIRECTION('center_axis',(9.52363188311271E-16,3.39591861239028E-16,
1.));
#3509=DIRECTION('ref_axis',(0.902793568594661,-0.430074147681672,-7.13737681091715E-16));
#3510=DIRECTION('',(0.809016994374945,-0.587785252292477,-5.70870916326071E-16));
#3511=DIRECTION('center_axis',(9.52363188311271E-16,3.39591861239028E-16,
1.));
#3512=DIRECTION('ref_axis',(-0.587785252292475,-0.809016994374946,8.34520623809399E-16));
#3513=DIRECTION('',(-0.809016994374946,0.587785252292475,5.70870916326072E-16));
#3514=DIRECTION('center_axis',(-9.52363188311271E-16,-3.39591861239028E-16,
-1.));
#3515=DIRECTION('ref_axis',(-0.0673164759724759,-0.997731673378493,4.02931289662758E-16));
#3516=DIRECTION('center_axis',(9.52363188311271E-16,3.39591861239028E-16,
1.));
#3517=DIRECTION('ref_axis',(-1.,2.50147125235858E-15,9.5236318831127E-16));
#3518=DIRECTION('center_axis',(-4.83217902588991E-16,-1.46987437347612E-15,
-1.));
#3519=DIRECTION('ref_axis',(-0.996688293632285,0.0813169437224704,0.));
#3520=DIRECTION('center_axis',(4.83217902588991E-16,1.46987437347612E-15,
1.));
#3521=DIRECTION('ref_axis',(-0.996688293632285,0.0813169437224704,0.));
#3522=DIRECTION('',(-4.83217902588991E-16,-1.46987437347612E-15,-1.));
#3523=DIRECTION('center_axis',(-0.619610687866398,0.784909291244364,-8.5431107569087E-16));
#3524=DIRECTION('ref_axis',(0.784909291244364,0.619610687866398,-1.29003209306444E-15));
#3525=DIRECTION('',(-2.93515686607591E-16,8.56717619110221E-16,1.));
#3526=DIRECTION('',(0.784909291244364,0.619610687866398,-1.29003209306444E-15));
#3527=DIRECTION('center_axis',(8.9152195754763E-16,-1.10493151236829E-15,
-1.));
#3528=DIRECTION('ref_axis',(-0.0669252211634589,-0.997757994090863,1.47669716567362E-15));
#3529=DIRECTION('center_axis',(-4.83217902588991E-16,-1.46987437347612E-15,
-1.));
#3530=DIRECTION('ref_axis',(-0.0669252211634589,-0.997757994090863,1.47669716567362E-15));
#3531=DIRECTION('',(-8.9152195754763E-16,1.10493151236829E-15,1.));
#3532=DIRECTION('',(8.9152195754763E-16,-1.10493151236829E-15,-1.));
#3533=DIRECTION('center_axis',(0.383357745110426,0.923599934638288,-6.78742825241246E-16));
#3534=DIRECTION('ref_axis',(0.923599934638288,-0.383357745110426,-7.49417408293755E-16));
#3535=DIRECTION('',(0.923599934638288,-0.383357745110426,1.17187702164162E-16));
#3536=DIRECTION('',(9.52363188311271E-16,3.39591861239028E-16,1.));
#3537=DIRECTION('',(0.923599934638288,-0.383357745110426,-7.49417408293755E-16));
#3538=DIRECTION('',(-9.52363188311271E-16,-3.39591861239028E-16,-1.));
#3539=DIRECTION('center_axis',(-9.52363188311271E-16,-3.39591861239028E-16,
-1.));
#3540=DIRECTION('ref_axis',(-0.495350822325638,-0.86869301989904,0.));
#3541=DIRECTION('center_axis',(-9.52363188311271E-16,-3.39591861239028E-16,
-1.));
#3542=DIRECTION('ref_axis',(-0.495350822325638,-0.86869301989904,0.));
#3543=DIRECTION('',(9.52363188311271E-16,3.39591861239028E-16,1.));
#3544=DIRECTION('center_axis',(-4.83217902588991E-16,-1.46987437347612E-15,
-1.));
#3545=DIRECTION('ref_axis',(-0.495350822325638,-0.86869301989904,0.));
#3546=DIRECTION('',(1.14777710081113E-15,4.69393564416549E-16,1.));
#3547=DIRECTION('',(-9.52363188311271E-16,-3.39591861239028E-16,-1.));
#3548=DIRECTION('center_axis',(-9.52363188311271E-16,-3.39591861239028E-16,
-1.));
#3549=DIRECTION('ref_axis',(1.,-2.32419013066195E-15,-9.52363188311271E-16));
#3550=DIRECTION('center_axis',(-9.52363188311271E-16,-3.39591861239028E-16,
-1.));
#3551=DIRECTION('ref_axis',(1.,-2.32419013066195E-15,-9.52363188311271E-16));
#3552=DIRECTION('center_axis',(-4.83217902588992E-16,-1.46987437347612E-15,
-1.));
#3553=DIRECTION('ref_axis',(0.185053776686669,0.982728395709618,-2.0527394607014E-15));
#3554=DIRECTION('center_axis',(4.83217902588991E-16,1.46987437347612E-15,
1.));
#3555=DIRECTION('ref_axis',(0.185053776686669,0.982728395709618,-2.0527394607014E-15));
#3556=DIRECTION('',(4.83217902588991E-16,1.46987437347612E-15,1.));
#3557=DIRECTION('',(-4.83217902588992E-16,-1.46987437347612E-15,-1.));
#3558=DIRECTION('center_axis',(-4.83217902588991E-16,-1.46987437347612E-15,
-1.));
#3559=DIRECTION('ref_axis',(-0.534171033669052,0.845376429047401,-9.84476142484174E-16));
#3560=DIRECTION('center_axis',(-4.83217902588991E-16,-1.46987437347612E-15,
-1.));
#3561=DIRECTION('ref_axis',(-0.534171033669052,0.845376429047401,-9.84476142484174E-16));
#3562=DIRECTION('',(-4.83217902588991E-16,-1.46987437347612E-15,-1.));
#3563=DIRECTION('center_axis',(-4.83217902588991E-16,-1.46987437347612E-15,
-1.));
#3564=DIRECTION('ref_axis',(-0.999941286149162,0.0108362472452387,0.));
#3565=DIRECTION('center_axis',(4.83217902588991E-16,1.46987437347612E-15,
1.));
#3566=DIRECTION('ref_axis',(-0.999941286149162,0.0108362472452387,0.));
#3567=DIRECTION('',(4.83217902588991E-16,1.46987437347612E-15,1.));
#3568=DIRECTION('center_axis',(-4.83217902588991E-16,-1.46987437347612E-15,
-1.));
#3569=DIRECTION('ref_axis',(-0.677144220192137,-0.7358503278931,2.05273946070139E-15));
#3570=DIRECTION('center_axis',(4.83217902588991E-16,1.46987437347612E-15,
1.));
#3571=DIRECTION('ref_axis',(-0.677144220192137,-0.7358503278931,2.05273946070139E-15));
#3572=DIRECTION('',(4.83217902588991E-16,1.46987437347612E-15,1.));
#3573=DIRECTION('',(-4.83217902588991E-16,-1.46987437347612E-15,-1.));
#3574=DIRECTION('center_axis',(-4.83217902588991E-16,-1.46987437347612E-15,
-1.));
#3575=DIRECTION('ref_axis',(-0.985667306485445,0.168700802978906,2.283231014069E-16));
#3576=DIRECTION('',(4.83217902588991E-16,1.46987437347612E-15,1.));
#3577=DIRECTION('center_axis',(-4.83217902588991E-16,-1.46987437347612E-15,
-1.));
#3578=DIRECTION('ref_axis',(-0.985667306485445,0.168700802978906,2.283231014069E-16));
#3579=DIRECTION('center_axis',(-4.83217902588992E-16,-1.46987437347612E-15,
-1.));
#3580=DIRECTION('ref_axis',(-0.606484376317957,0.795095403886992,-2.0527394607014E-15));
#3581=DIRECTION('center_axis',(4.83217902588991E-16,1.46987437347612E-15,
1.));
#3582=DIRECTION('ref_axis',(-0.606484376317957,0.795095403886992,-2.0527394607014E-15));
#3583=DIRECTION('',(-4.83217902588992E-16,-1.46987437347612E-15,-1.));
#3584=DIRECTION('center_axis',(1.77547268803114E-15,1.24869992797812E-15,
1.));
#3585=DIRECTION('ref_axis',(0.326639880997697,-0.945148870888502,1.59578947348261E-15));
#3586=DIRECTION('center_axis',(-4.83217902588991E-16,-1.46987437347612E-15,
-1.));
#3587=DIRECTION('ref_axis',(0.326639880997697,-0.945148870888502,1.59578947348261E-15));
#3588=DIRECTION('',(1.77547268803114E-15,1.24869992797812E-15,1.));
#3589=DIRECTION('',(-1.77547268803114E-15,-1.24869992797812E-15,-1.));
#3590=DIRECTION('center_axis',(0.168700802978907,0.985667306485445,-1.53032636275673E-15));
#3591=DIRECTION('ref_axis',(0.985667306485445,-0.168700802978907,-2.28323101406899E-16));
#3592=DIRECTION('',(0.985667306485445,-0.168700802978907,-2.28323101406899E-16));
#3593=DIRECTION('center_axis',(-1.45288888114141E-15,-5.47344583794537E-16,
-1.));
#3594=DIRECTION('ref_axis',(0.983205513747402,-0.182501829406468,0.));
#3595=DIRECTION('center_axis',(-4.83217902588991E-16,-1.46987437347612E-15,
-1.));
#3596=DIRECTION('ref_axis',(0.983205513747402,-0.182501829406468,0.));
#3597=DIRECTION('',(1.45288888114141E-15,5.47344583794537E-16,1.));
#3598=DIRECTION('',(-1.45288888114141E-15,-5.47344583794537E-16,-1.));
#3599=DIRECTION('center_axis',(-0.383357745110422,0.92359993463829,5.14487835531196E-17));
#3600=DIRECTION('ref_axis',(0.92359993463829,0.383357745110422,-1.00978774865865E-15));
#3601=DIRECTION('',(0.92359993463829,0.383357745110422,-1.00978774865864E-15));
#3602=DIRECTION('',(-0.92359993463829,-0.383357745110422,1.00978774865865E-15));
#3603=DIRECTION('',(9.52363188311271E-16,3.39591861239028E-16,1.));
#3604=DIRECTION('center_axis',(-3.4693629916878E-17,1.42977647955098E-15,
1.));
#3605=DIRECTION('ref_axis',(0.741299163115643,0.671174754266017,-1.3987061727561E-15));
#3606=DIRECTION('',(3.4693629916878E-17,-1.42977647955098E-15,-1.));
#3607=DIRECTION('center_axis',(-4.83217902588991E-16,-1.46987437347612E-15,
-1.));
#3608=DIRECTION('ref_axis',(0.741299163115643,0.671174754266017,-1.3987061727561E-15));
#3609=DIRECTION('',(-3.4693629916878E-17,1.42977647955098E-15,1.));
#3610=DIRECTION('center_axis',(-0.741299163115643,-0.671174754266017,9.33911518495134E-16));
#3611=DIRECTION('ref_axis',(-0.671174754266017,0.741299163115643,3.87462966349443E-16));
#3612=DIRECTION('',(-0.671174754266017,0.741299163115643,-7.6529298591587E-16));
#3613=DIRECTION('',(-9.52363188311271E-16,-3.39591861239028E-16,-1.));
#3614=DIRECTION('',(-0.671174754266017,0.741299163115643,3.87462966349443E-16));
#3615=DIRECTION('',(9.52363188311271E-16,3.39591861239028E-16,1.));
#3616=DIRECTION('center_axis',(-9.52363188311271E-16,-3.39591861239028E-16,
-1.));
#3617=DIRECTION('ref_axis',(-1.,2.64581466059727E-15,9.5236318831127E-16));
#3618=DIRECTION('center_axis',(-4.83217902588991E-16,-1.46987437347612E-15,
-1.));
#3619=DIRECTION('ref_axis',(1.,-2.32419013066195E-15,-9.5236318831127E-16));
#3620=DIRECTION('',(-9.52363188311271E-16,-3.39591861239028E-16,-1.));
#3621=DIRECTION('center_axis',(-9.52363188311271E-16,-3.39591861239028E-16,
-1.));
#3622=DIRECTION('ref_axis',(1.,-2.32419013066195E-15,-9.5236318831127E-16));
#3623=DIRECTION('center_axis',(-2.93515686607591E-16,8.56717619110221E-16,
1.));
#3624=DIRECTION('ref_axis',(0.990574259265064,0.136976774971048,0.));
#3625=DIRECTION('center_axis',(-4.83217902588991E-16,-1.46987437347612E-15,
-1.));
#3626=DIRECTION('ref_axis',(0.990574259265064,0.136976774971048,0.));
#3627=DIRECTION('',(2.93515686607591E-16,-8.56717619110221E-16,-1.));
#3628=DIRECTION('center_axis',(2.27651992991208E-15,8.89208338671597E-16,
1.));
#3629=DIRECTION('ref_axis',(-0.0401319748735587,0.999194387790858,0.));
#3630=DIRECTION('center_axis',(-4.83217902588991E-16,-1.46987437347612E-15,
-1.));
#3631=DIRECTION('ref_axis',(-0.0401319748735587,0.999194387790858,0.));
#3632=DIRECTION('',(2.27651992991208E-15,8.89208338671597E-16,1.));
#3633=DIRECTION('',(-2.27651992991208E-15,-8.89208338671597E-16,-1.));
#3634=DIRECTION('center_axis',(-0.308050834723302,-0.951369898213243,1.54724991132601E-15));
#3635=DIRECTION('ref_axis',(-0.951369898213243,0.308050834723302,6.92293911319776E-18));
#3636=DIRECTION('',(-0.951369898213243,0.308050834723302,6.92293911319776E-18));
#3637=DIRECTION('',(-4.83217902588991E-16,-1.46987437347612E-15,-1.));
#3638=DIRECTION('center_axis',(-8.9925123685199E-16,-1.16884637119594E-15,
-1.));
#3639=DIRECTION('ref_axis',(0.792578553439088,-0.609769822661309,0.));
#3640=DIRECTION('center_axis',(-4.83217902588991E-16,-1.46987437347612E-15,
-1.));
#3641=DIRECTION('ref_axis',(0.792578553439088,-0.609769822661309,0.));
#3642=DIRECTION('',(8.9925123685199E-16,1.16884637119594E-15,1.));
#3643=DIRECTION('',(-8.9925123685199E-16,-1.16884637119594E-15,-1.));
#3644=DIRECTION('center_axis',(-0.383357745110426,-0.923599934638288,6.78742825241245E-16));
#3645=DIRECTION('ref_axis',(-0.923599934638288,0.383357745110426,7.49417408293755E-16));
#3646=DIRECTION('',(9.52363188311271E-16,3.39591861239028E-16,1.));
#3647=DIRECTION('',(-0.923599934638288,0.383357745110426,7.49417408293755E-16));
#3648=DIRECTION('',(-9.52363188311271E-16,-3.39591861239028E-16,-1.));
#3649=DIRECTION('',(-0.923599934638288,0.383357745110426,-1.17187702164161E-16));
#3650=DIRECTION('center_axis',(0.792578553439088,-0.609769822661309,5.13296889819082E-16));
#3651=DIRECTION('ref_axis',(-0.609769822661308,-0.792578553439088,1.45964259943535E-15));
#3652=DIRECTION('',(-0.609769822661308,-0.792578553439088,1.45964259943535E-15));
#3653=DIRECTION('center_axis',(-4.83217902588991E-16,-1.46987437347612E-15,
-1.));
#3654=DIRECTION('ref_axis',(-1.,2.22044604925033E-16,4.83217902588991E-16));
#3655=DIRECTION('center_axis',(4.83217902588991E-16,1.46987437347612E-15,
1.));
#3656=DIRECTION('ref_axis',(-1.,2.22044604925033E-16,4.83217902588991E-16));
#3657=DIRECTION('',(4.83217902588991E-16,1.46987437347612E-15,1.));
#3658=DIRECTION('center_axis',(0.0771912796067028,-0.997016301949311,1.42818850394351E-15));
#3659=DIRECTION('ref_axis',(-0.997016301949311,-0.0771912796067028,5.95237610024701E-16));
#3660=DIRECTION('',(-0.997016301949311,-0.0771912796067028,5.95237610024701E-16));
#3661=DIRECTION('center_axis',(4.83217902588991E-16,1.46987437347612E-15,
1.));
#3662=DIRECTION('ref_axis',(1.,-2.22044604925033E-16,-4.83217902588991E-16));
#3663=DIRECTION('',(0.671174754266023,0.741299163115637,-1.41394029997008E-15));
#3664=DIRECTION('center_axis',(-4.83217902588991E-16,-1.46987437347612E-15,
-1.));
#3665=DIRECTION('ref_axis',(-1.,2.22044604925033E-16,4.83217902588991E-16));
#3666=DIRECTION('center_axis',(4.83217902588991E-16,1.46987437347612E-15,
1.));
#3667=DIRECTION('ref_axis',(-1.,2.22044604925033E-16,4.83217902588991E-16));
#3668=DIRECTION('',(4.83217902588991E-16,1.46987437347612E-15,1.));
#3669=DIRECTION('center_axis',(-0.689276457981389,-0.724498422684708,1.39799238945786E-15));
#3670=DIRECTION('ref_axis',(-0.724498422684708,0.689276457981389,-6.63059193588495E-16));
#3671=DIRECTION('',(-0.724498422684708,0.689276457981389,-6.63059193588495E-16));
#3672=DIRECTION('center_axis',(0.832982124338023,0.553299901078352,-1.21579322045868E-15));
#3673=DIRECTION('ref_axis',(0.553299901078352,-0.832982124338023,9.5701466042638E-16));
#3674=DIRECTION('',(0.553299901078352,-0.832982124338023,9.5701466042638E-16));
#3675=DIRECTION('',(-4.83217902588991E-16,-1.46987437347612E-15,-1.));
#3676=DIRECTION('center_axis',(0.845376429047402,0.534171033669051,-1.19366533838584E-15));
#3677=DIRECTION('ref_axis',(0.534171033669051,-0.845376429047402,9.84476142484176E-16));
#3678=DIRECTION('',(0.534171033669051,-0.845376429047402,9.84476142484176E-16));
#3679=DIRECTION('center_axis',(4.83217902588991E-16,1.46987437347612E-15,
1.));
#3680=DIRECTION('ref_axis',(1.,-2.22044604925033E-16,-4.83217902588991E-16));
#3681=DIRECTION('center_axis',(-4.83217902588991E-16,-1.46987437347612E-15,
-1.));
#3682=DIRECTION('ref_axis',(-1.,2.22044604925033E-16,4.83217902588991E-16));
#3683=DIRECTION('center_axis',(4.83217902588991E-16,1.46987437347612E-15,
1.));
#3684=DIRECTION('ref_axis',(-1.,2.22044604925033E-16,4.83217902588991E-16));
#3685=DIRECTION('',(4.83217902588991E-16,1.46987437347612E-15,1.));
#3686=DIRECTION('center_axis',(4.83217902588991E-16,1.46987437347612E-15,
1.));
#3687=DIRECTION('ref_axis',(1.,-2.22044604925033E-16,-4.83217902588991E-16));
#3688=DIRECTION('center_axis',(-4.83217902588991E-16,-1.46987437347612E-15,
-1.));
#3689=DIRECTION('ref_axis',(1.,-2.32419013066195E-15,-9.52363188311271E-16));
#3690=DIRECTION('center_axis',(-4.83217902588991E-16,-1.46987437347612E-15,
-1.));
#3691=DIRECTION('ref_axis',(-1.,2.22044604925033E-16,4.83217902588991E-16));
#3692=DIRECTION('center_axis',(4.83217902588991E-16,1.46987437347612E-15,
1.));
#3693=DIRECTION('ref_axis',(-1.,2.22044604925033E-16,4.83217902588991E-16));
#3694=DIRECTION('',(4.83217902588991E-16,1.46987437347612E-15,1.));
#3695=DIRECTION('center_axis',(-4.83217902588991E-16,-1.46987437347612E-15,
-1.));
#3696=DIRECTION('ref_axis',(-1.,2.22044604925033E-16,4.83217902588991E-16));
#3697=DIRECTION('center_axis',(4.83217902588991E-16,1.46987437347612E-15,
1.));
#3698=DIRECTION('ref_axis',(-1.,2.22044604925033E-16,4.83217902588991E-16));
#3699=DIRECTION('',(4.83217902588991E-16,1.46987437347612E-15,1.));
#3700=DIRECTION('center_axis',(-4.83217902588991E-16,-1.46987437347612E-15,
-1.));
#3701=DIRECTION('ref_axis',(1.,-2.22044604925033E-16,-4.83217902588991E-16));
#3702=DIRECTION('center_axis',(-4.83217902588991E-16,-1.46987437347612E-15,
-1.));
#3703=DIRECTION('ref_axis',(1.,-2.22044604925033E-16,-4.83217902588991E-16));
#3704=DIRECTION('',(-4.83217902588991E-16,-1.46987437347612E-15,-1.));
#3705=DIRECTION('center_axis',(-4.83217902588991E-16,-1.46987437347612E-15,
-1.));
#3706=DIRECTION('ref_axis',(-0.13305258174171,-0.991108980128757,1.52109908069659E-15));
#3707=DIRECTION('center_axis',(4.83217902588991E-16,1.46987437347612E-15,
1.));
#3708=DIRECTION('ref_axis',(-0.13305258174171,-0.991108980128757,1.52109908069659E-15));
#3709=DIRECTION('',(-4.83217902588991E-16,-1.46987437347612E-15,-1.));
#3710=DIRECTION('center_axis',(-4.83217902588991E-16,-1.46987437347612E-15,
-1.));
#3711=DIRECTION('ref_axis',(1.,-2.22044604925033E-16,-4.83217902588991E-16));
#3712=DIRECTION('center_axis',(-4.83217902588991E-16,-1.46987437347612E-15,
-1.));
#3713=DIRECTION('ref_axis',(1.,-2.22044604925033E-16,-4.83217902588991E-16));
#3714=DIRECTION('',(-4.83217902588991E-16,-1.46987437347612E-15,-1.));
#3715=DIRECTION('center_axis',(-0.256576544292321,0.966523914302699,-1.2966863533989E-15));
#3716=DIRECTION('ref_axis',(0.966523914302699,0.256576544292321,-8.44176945961795E-16));
#3717=DIRECTION('',(0.966523914302699,0.256576544292321,-8.44176945961795E-16));
#3718=DIRECTION('center_axis',(4.83217902588991E-16,1.46987437347612E-15,
1.));
#3719=DIRECTION('ref_axis',(1.,-2.22044604925033E-16,-4.83217902588991E-16));
#3720=DIRECTION('',(-0.92359993463829,-0.383357745110422,1.00978774865864E-15));
#3721=DIRECTION('center_axis',(-4.83217902588991E-16,-1.46987437347612E-15,
-1.));
#3722=DIRECTION('ref_axis',(-2.50147125235858E-15,-1.,3.3959186123903E-16));
#3723=DIRECTION('',(-0.671174754266021,-0.741299163115639,1.41394029997008E-15));
#3724=DIRECTION('center_axis',(-4.83217902588991E-16,-1.46987437347612E-15,
-1.));
#3725=DIRECTION('ref_axis',(1.,-2.32419013066195E-15,-9.5236318831127E-16));
#3726=DIRECTION('',(0.671174754266019,-0.741299163115641,7.65292985915866E-16));
#3727=DIRECTION('center_axis',(-4.83217902588991E-16,-1.46987437347612E-15,
-1.));
#3728=DIRECTION('ref_axis',(1.,-2.68516827223068E-15,-9.5236318831127E-16));
#3729=DIRECTION('center_axis',(-0.741299163115637,0.671174754266023,4.7806055045944E-16));
#3730=DIRECTION('ref_axis',(0.671174754266023,0.741299163115637,-8.90941291424196E-16));
#3731=DIRECTION('',(9.52363188311271E-16,3.39591861239028E-16,1.));
#3732=DIRECTION('',(0.671174754266023,0.741299163115637,-8.90941291424196E-16));
#3733=DIRECTION('center_axis',(9.52363188311271E-16,3.39591861239028E-16,
1.));
#3734=DIRECTION('ref_axis',(1.,-2.68516827223068E-15,-9.5236318831127E-16));
#3735=DIRECTION('',(9.52363188311271E-16,3.39591861239028E-16,1.));
#3736=DIRECTION('center_axis',(-9.52363188311271E-16,-3.39591861239028E-16,
-1.));
#3737=DIRECTION('ref_axis',(2.50147125235858E-15,1.,-3.3959186123903E-16));
#3738=DIRECTION('center_axis',(0.741299163115641,0.671174754266019,-9.33911518495133E-16));
#3739=DIRECTION('ref_axis',(0.671174754266019,-0.741299163115641,-3.87462966349445E-16));
#3740=DIRECTION('',(-9.52363188311271E-16,-3.39591861239028E-16,-1.));
#3741=DIRECTION('',(0.671174754266019,-0.741299163115641,-3.87462966349445E-16));
#3742=DIRECTION('center_axis',(-9.52363188311271E-16,-3.39591861239028E-16,
-1.));
#3743=DIRECTION('ref_axis',(1.,-2.32419013066195E-15,-9.5236318831127E-16));
#3744=DIRECTION('',(-9.52363188311271E-16,-3.39591861239028E-16,-1.));
#3745=DIRECTION('center_axis',(-9.52363188311271E-16,-3.39591861239028E-16,
-1.));
#3746=DIRECTION('ref_axis',(1.,-2.32419013066195E-15,-9.5236318831127E-16));
#3747=DIRECTION('center_axis',(0.741299163115639,-0.671174754266021,-4.78060550459442E-16));
#3748=DIRECTION('ref_axis',(-0.671174754266021,-0.741299163115639,8.90941291424195E-16));
#3749=DIRECTION('',(9.52363188311271E-16,3.39591861239028E-16,1.));
#3750=DIRECTION('',(-0.671174754266021,-0.741299163115639,8.90941291424195E-16));
#3751=DIRECTION('center_axis',(-9.52363188311271E-16,-3.39591861239028E-16,
-1.));
#3752=DIRECTION('ref_axis',(-1.,2.32419013066195E-15,9.52363188311271E-16));
#3753=DIRECTION('center_axis',(9.52363188311271E-16,3.39591861239028E-16,
1.));
#3754=DIRECTION('ref_axis',(-1.,2.32419013066195E-15,9.52363188311271E-16));
#3755=DIRECTION('',(9.52363188311271E-16,3.39591861239028E-16,1.));
#3756=DIRECTION('center_axis',(-9.52363188311271E-16,-3.39591861239028E-16,
-1.));
#3757=DIRECTION('ref_axis',(-1.,2.32419013066195E-15,9.52363188311271E-16));
#3758=DIRECTION('center_axis',(9.52363188311271E-16,3.39591861239028E-16,
1.));
#3759=DIRECTION('ref_axis',(-1.,2.32419013066195E-15,9.52363188311271E-16));
#3760=DIRECTION('',(9.52363188311271E-16,3.39591861239028E-16,1.));
#3761=DIRECTION('center_axis',(-9.52363188311271E-16,-3.39591861239028E-16,
-1.));
#3762=DIRECTION('ref_axis',(-1.,2.32419013066195E-15,9.52363188311271E-16));
#3763=DIRECTION('center_axis',(9.52363188311271E-16,3.39591861239028E-16,
1.));
#3764=DIRECTION('ref_axis',(-1.,2.32419013066195E-15,9.52363188311271E-16));
#3765=DIRECTION('',(9.52363188311271E-16,3.39591861239028E-16,1.));
#3766=DIRECTION('center_axis',(-9.52363188311271E-16,-3.39591861239028E-16,
-1.));
#3767=DIRECTION('ref_axis',(-1.,2.32419013066195E-15,9.52363188311271E-16));
#3768=DIRECTION('center_axis',(9.52363188311271E-16,3.39591861239028E-16,
1.));
#3769=DIRECTION('ref_axis',(-1.,2.32419013066195E-15,9.52363188311271E-16));
#3770=DIRECTION('',(9.52363188311271E-16,3.39591861239028E-16,1.));
#3771=DIRECTION('center_axis',(0.383357745110422,-0.92359993463829,-5.14487835531196E-17));
#3772=DIRECTION('ref_axis',(-0.92359993463829,-0.383357745110422,1.00978774865865E-15));
#3773=DIRECTION('',(-9.52363188311271E-16,-3.39591861239028E-16,-1.));
#3774=DIRECTION('',(-0.92359993463829,-0.383357745110422,1.00978774865865E-15));
#3775=DIRECTION('',(9.52363188311271E-16,3.39591861239028E-16,1.));
#3776=DIRECTION('center_axis',(-9.52363188311271E-16,-3.39591861239028E-16,
-1.));
#3777=DIRECTION('ref_axis',(1.,-2.32419013066195E-15,-9.52363188311271E-16));
#3778=DIRECTION('center_axis',(-9.52363188311271E-16,-3.39591861239028E-16,
-1.));
#3779=DIRECTION('ref_axis',(1.,-2.32419013066195E-15,-9.52363188311271E-16));
#3780=DIRECTION('center_axis',(9.52363188311271E-16,3.39591861239028E-16,
1.));
#3781=DIRECTION('ref_axis',(2.50147125235858E-15,1.,-3.3959186123903E-16));
#3782=DIRECTION('center_axis',(-9.52363188311271E-16,-3.39591861239028E-16,
-1.));
#3783=DIRECTION('ref_axis',(-1.,2.56270359231595E-15,9.5236318831127E-16));
#3784=DIRECTION('center_axis',(-9.52363188311271E-16,-3.39591861239028E-16,
-1.));
#3785=DIRECTION('ref_axis',(0.971655439163497,0.236401581094527,-1.00564892490548E-15));
#3786=DIRECTION('center_axis',(-9.52363188311271E-16,-3.39591861239028E-16,
-1.));
#3787=DIRECTION('ref_axis',(0.971655439163497,0.236401581094527,-1.00564892490548E-15));
#3788=DIRECTION('',(9.52363188311271E-16,3.39591861239028E-16,1.));
#3789=DIRECTION('',(-9.52363188311271E-16,-3.39591861239028E-16,-1.));
#3790=DIRECTION('center_axis',(9.52363188311271E-16,3.39591861239028E-16,
1.));
#3791=DIRECTION('ref_axis',(0.902793568594661,-0.430074147681672,-7.13737681091715E-16));
#3792=DIRECTION('center_axis',(9.52363188311271E-16,3.39591861239028E-16,
1.));
#3793=DIRECTION('ref_axis',(0.902793568594661,-0.430074147681672,-7.13737681091715E-16));
#3794=DIRECTION('',(9.52363188311271E-16,3.39591861239028E-16,1.));
#3795=DIRECTION('center_axis',(-9.52363188311271E-16,-3.39591861239028E-16,
-1.));
#3796=DIRECTION('ref_axis',(0.902793568594661,-0.430074147681672,-7.13737681091715E-16));
#3797=DIRECTION('',(9.52363188311271E-16,3.39591861239028E-16,1.));
#3798=DIRECTION('',(9.52363188311271E-16,3.39591861239028E-16,1.));
#3799=DIRECTION('center_axis',(9.52363188311271E-16,3.39591861239028E-16,
1.));
#3800=DIRECTION('ref_axis',(0.971655439163494,-0.236401581094538,-8.45088819057991E-16));
#3801=DIRECTION('',(-9.52363188311271E-16,-3.39591861239028E-16,-1.));
#3802=DIRECTION('center_axis',(-9.52363188311271E-16,-3.39591861239028E-16,
-1.));
#3803=DIRECTION('ref_axis',(0.971655439163494,-0.236401581094538,-8.45088819057991E-16));
#3804=DIRECTION('center_axis',(9.52363188311271E-16,3.39591861239028E-16,
1.));
#3805=DIRECTION('ref_axis',(-0.0673164759724738,0.997731673378493,-2.74711822296708E-16));
#3806=DIRECTION('',(-9.52363188311271E-16,-3.39591861239028E-16,-1.));
#3807=DIRECTION('center_axis',(9.52363188311271E-16,3.39591861239028E-16,
1.));
#3808=DIRECTION('ref_axis',(-0.0673164759724738,0.997731673378493,-2.74711822296708E-16));
#3809=DIRECTION('',(9.52363188311271E-16,3.39591861239028E-16,1.));
#3810=DIRECTION('center_axis',(9.52363188311271E-16,3.39591861239028E-16,
1.));
#3811=DIRECTION('ref_axis',(1.,1.33632756223289E-14,-9.52363188311276E-16));
#3812=DIRECTION('',(9.52363188311271E-16,3.39591861239028E-16,1.));
#3813=DIRECTION('center_axis',(-9.52363188311271E-16,-3.39591861239028E-16,
-1.));
#3814=DIRECTION('ref_axis',(-1.,2.50147125235858E-15,9.5236318831127E-16));
#3815=DIRECTION('center_axis',(9.52363188311271E-16,3.39591861239028E-16,
1.));
#3816=DIRECTION('ref_axis',(-0.0673164759724759,-0.997731673378493,4.02931289662758E-16));
#3817=DIRECTION('',(-9.52363188311271E-16,-3.39591861239028E-16,-1.));
#3818=DIRECTION('center_axis',(9.52363188311271E-16,3.39591861239028E-16,
1.));
#3819=DIRECTION('ref_axis',(-0.0673164759724759,-0.997731673378493,4.02931289662758E-16));
#3820=DIRECTION('center_axis',(9.52363188311271E-16,3.39591861239028E-16,
1.));
#3821=DIRECTION('ref_axis',(1.,-2.50147125235858E-15,-9.5236318831127E-16));
#3822=DIRECTION('',(0.809016994374946,-0.587785252292475,-5.70870916326072E-16));
#3823=DIRECTION('center_axis',(9.52363188311271E-16,3.39591861239028E-16,
1.));
#3824=DIRECTION('ref_axis',(0.139833821927324,-0.9901749856693,2.03082781851309E-16));
#3825=DIRECTION('',(-0.97487148269452,-0.222768023353866,1.00408192112797E-15));
#3826=DIRECTION('center_axis',(9.52363188311271E-16,3.39591861239028E-16,
1.));
#3827=DIRECTION('ref_axis',(0.000109727125449358,-0.999999993979979,3.3948735911964E-16));
#3828=DIRECTION('',(-1.,2.7950291319096E-15,9.5236318831127E-16));
#3829=DIRECTION('center_axis',(-9.52363188311271E-16,-3.39591861239028E-16,
-1.));
#3830=DIRECTION('ref_axis',(-0.933430735252579,0.358757665403584,7.67133887764709E-16));
#3831=DIRECTION('center_axis',(-9.52363188311271E-16,-3.39591861239028E-16,
-1.));
#3832=DIRECTION('ref_axis',(-0.92490113417587,-0.380207695871861,1.00995723211497E-15));
#3833=DIRECTION('center_axis',(-9.52363188311271E-16,-3.39591861239028E-16,
-1.));
#3834=DIRECTION('ref_axis',(0.987728384369958,-0.1561814288253,-8.8763821121836E-16));
#3835=DIRECTION('center_axis',(-9.52363188311271E-16,-3.39591861239028E-16,
-1.));
#3836=DIRECTION('ref_axis',(-1.,2.50147125235858E-15,9.5236318831127E-16));
#3837=DIRECTION('',(-0.173648177666927,0.984807753012209,-1.69056565680725E-16));
#3838=DIRECTION('center_axis',(9.52363188311271E-16,3.39591861239028E-16,
1.));
#3839=DIRECTION('ref_axis',(-0.999999998598969,-5.29344967839896E-5,9.52381163101268E-16));
#3840=DIRECTION('',(2.50147125235858E-15,1.,-3.3959186123903E-16));
#3841=DIRECTION('center_axis',(9.52363188311271E-16,3.39591861239028E-16,
1.));
#3842=DIRECTION('ref_axis',(-0.984816943611512,0.173596047119975,8.7895159957561E-16));
#3843=DIRECTION('',(0.173648177666898,0.984807753012214,-4.99808829935332E-16));
#3844=DIRECTION('center_axis',(-9.52363188311271E-16,-3.39591861239028E-16,
-1.));
#3845=DIRECTION('ref_axis',(-1.,2.50147125235858E-15,9.5236318831127E-16));
#3846=DIRECTION('center_axis',(-9.52363188311271E-16,-3.39591861239028E-16,
-1.));
#3847=DIRECTION('ref_axis',(0.988860967435424,0.148842154924864,-9.92300368165131E-16));
#3848=DIRECTION('center_axis',(-9.52363188311271E-16,-3.39591861239028E-16,
-1.));
#3849=DIRECTION('ref_axis',(-0.552324308125533,0.833629329290693,2.42919603550981E-16));
#3850=DIRECTION('center_axis',(-9.52363188311271E-16,-3.39591861239028E-16,
-1.));
#3851=DIRECTION('ref_axis',(0.31469859353657,0.949191653580089,-6.22045116209374E-16));
#3852=DIRECTION('',(1.,-3.08858701146063E-15,-9.5236318831127E-16));
#3853=DIRECTION('center_axis',(9.52363188311271E-16,3.39591861239028E-16,
1.));
#3854=DIRECTION('ref_axis',(0.22266105216858,0.97489592052033,-5.43120909719845E-16));
#3855=DIRECTION('',(0.974871482694519,-0.222768023353869,-8.52781505777409E-16));
#3856=DIRECTION('center_axis',(9.52363188311271E-16,3.39591861239028E-16,
1.));
#3857=DIRECTION('ref_axis',(0.688900208875512,0.724856194159418,-9.02238463458218E-16));
#3858=DIRECTION('',(-0.809016994374951,-0.587785252292469,9.70085091995781E-16));
#3859=DIRECTION('center_axis',(9.52363188311271E-16,3.39591861239028E-16,
1.));
#3860=DIRECTION('ref_axis',(1.,-2.50147125235858E-15,-9.5236318831127E-16));
#3861=DIRECTION('center_axis',(9.52363188311271E-16,3.39591861239028E-16,
1.));
#3862=DIRECTION('ref_axis',(-0.472233733941149,-0.881473369154168,7.4907920654803E-16));
#3863=DIRECTION('center_axis',(9.52363188311271E-16,3.39591861239028E-16,
1.));
#3864=DIRECTION('ref_axis',(1.,-5.11286919235269E-15,-9.5236318831127E-16));
#3865=DIRECTION('',(9.52363188311271E-16,3.39591861239028E-16,1.));
#3866=DIRECTION('',(9.52363188311271E-16,3.39591861239028E-16,1.));
#3867=DIRECTION('center_axis',(9.52363188311271E-16,3.39591861239028E-16,
1.));
#3868=DIRECTION('ref_axis',(0.987728384369958,-0.1561814288253,-8.8763821121836E-16));
#3869=DIRECTION('',(9.52363188311271E-16,3.39591861239028E-16,1.));
#3870=DIRECTION('',(9.52363188311271E-16,3.39591861239028E-16,1.));
#3871=DIRECTION('',(9.52363188311271E-16,3.39591861239028E-16,1.));
#3872=DIRECTION('center_axis',(9.52363188311271E-16,3.39591861239028E-16,
1.));
#3873=DIRECTION('ref_axis',(0.688900208875512,0.724856194159418,-9.02238463458218E-16));
#3874=DIRECTION('',(9.52363188311271E-16,3.39591861239028E-16,1.));
#3875=DIRECTION('center_axis',(-9.52363188311271E-16,-3.39591861239028E-16,
-1.));
#3876=DIRECTION('ref_axis',(0.688900208875512,0.724856194159418,-9.02238463458218E-16));
#3877=DIRECTION('',(9.52363188311271E-16,3.39591861239028E-16,1.));
#3878=DIRECTION('',(9.52363188311271E-16,3.39591861239028E-16,1.));
#3879=DIRECTION('',(9.52363188311271E-16,3.39591861239028E-16,1.));
#3880=DIRECTION('center_axis',(9.52363188311271E-16,3.39591861239028E-16,
1.));
#3881=DIRECTION('ref_axis',(-0.346328005144501,-0.938113486126615,6.4840574798807E-16));
#3882=DIRECTION('',(9.52363188311271E-16,3.39591861239028E-16,1.));
#3883=DIRECTION('center_axis',(-9.52363188311271E-16,-3.39591861239028E-16,
-1.));
#3884=DIRECTION('ref_axis',(-0.346328005144501,-0.938113486126615,6.4840574798807E-16));
#3885=DIRECTION('',(9.52363188311271E-16,3.39591861239028E-16,1.));
#3886=DIRECTION('center_axis',(9.52363188311271E-16,3.39591861239028E-16,
1.));
#3887=DIRECTION('ref_axis',(1.,-2.50147125235858E-15,-9.5236318831127E-16));
#3888=DIRECTION('center_axis',(9.52363188311271E-16,3.39591861239028E-16,
1.));
#3889=DIRECTION('ref_axis',(-1.,2.50147125235858E-15,9.5236318831127E-16));
#3890=DIRECTION('center_axis',(-9.52363188311271E-16,-3.39591861239028E-16,
-1.));
#3891=DIRECTION('ref_axis',(-4.24015085942495E-15,1.,-3.39591861239024E-16));
#3892=DIRECTION('center_axis',(9.52363188311271E-16,3.39591861239028E-16,
1.));
#3893=DIRECTION('ref_axis',(-4.24015085942495E-15,1.,-3.39591861239024E-16));
#3894=DIRECTION('',(-9.52363188311271E-16,-3.39591861239028E-16,-1.));
#3895=DIRECTION('center_axis',(-9.52363188311271E-16,-3.39591861239028E-16,
-1.));
#3896=DIRECTION('ref_axis',(-4.24015085942495E-15,1.,-3.39591861239024E-16));
#3897=DIRECTION('',(-9.52363188311271E-16,-3.39591861239028E-16,-1.));
#3898=DIRECTION('center_axis',(1.,-2.66473934421522E-15,-9.5236318831127E-16));
#3899=DIRECTION('ref_axis',(-2.66473934421522E-15,-1.,3.3959186123903E-16));
#3900=DIRECTION('',(-2.66473934421522E-15,-1.,3.3959186123903E-16));
#3901=DIRECTION('',(-9.52363188311271E-16,-3.39591861239028E-16,-1.));
#3902=DIRECTION('',(2.66473934421522E-15,1.,-3.3959186123903E-16));
#3903=DIRECTION('center_axis',(-9.52363188311271E-16,-3.39591861239028E-16,
-1.));
#3904=DIRECTION('ref_axis',(1.,-2.50147125235858E-15,-9.5236318831127E-16));
#3905=DIRECTION('center_axis',(9.52363188311271E-16,3.39591861239028E-16,
1.));
#3906=DIRECTION('ref_axis',(1.,-2.50147125235858E-15,-9.5236318831127E-16));
#3907=DIRECTION('',(-9.52363188311271E-16,-3.39591861239028E-16,-1.));
#3908=DIRECTION('center_axis',(-9.52363188311271E-16,-3.39591861239028E-16,
-1.));
#3909=DIRECTION('ref_axis',(1.,-2.50147125235858E-15,-9.5236318831127E-16));
#3910=DIRECTION('center_axis',(-5.82927817656802E-15,-1.,3.39591861239033E-16));
#3911=DIRECTION('ref_axis',(-1.,5.82927817656802E-15,9.52363188311269E-16));
#3912=DIRECTION('',(-1.,5.82927817656802E-15,9.52363188311269E-16));
#3913=DIRECTION('',(-9.52363188311271E-16,-3.39591861239028E-16,-1.));
#3914=DIRECTION('',(1.,-5.82927817656802E-15,-9.52363188311269E-16));
#3915=DIRECTION('center_axis',(-9.52363188311271E-16,-3.39591861239028E-16,
-1.));
#3916=DIRECTION('ref_axis',(-1.,2.50147125235858E-15,9.5236318831127E-16));
#3917=DIRECTION('center_axis',(-9.52363188311271E-16,-3.39591861239028E-16,
-1.));
#3918=DIRECTION('ref_axis',(-1.,2.50147125235858E-15,9.5236318831127E-16));
#3919=DIRECTION('',(-9.52363188311271E-16,-3.39591861239028E-16,-1.));
#3920=DIRECTION('center_axis',(9.52363188311271E-16,3.39591861239028E-16,
1.));
#3921=DIRECTION('ref_axis',(-1.,2.50147125235858E-15,9.5236318831127E-16));
#3922=DIRECTION('center_axis',(1.,-6.37008644129813E-15,-9.52363188311269E-16));
#3923=DIRECTION('ref_axis',(-6.37008644129813E-15,-1.,3.39591861239034E-16));
#3924=DIRECTION('',(-6.37008644129813E-15,-1.,3.39591861239034E-16));
#3925=DIRECTION('',(-9.52363188311271E-16,-3.39591861239028E-16,-1.));
#3926=DIRECTION('',(6.37008644129813E-15,1.,-3.39591861239034E-16));
#3927=DIRECTION('center_axis',(-9.52363188311271E-16,-3.39591861239028E-16,
-1.));
#3928=DIRECTION('ref_axis',(1.,-4.18687678030446E-15,-9.5236318831127E-16));
#3929=DIRECTION('center_axis',(9.52363188311271E-16,3.39591861239028E-16,
1.));
#3930=DIRECTION('ref_axis',(1.,-4.18687678030446E-15,-9.5236318831127E-16));
#3931=DIRECTION('',(9.52363188311271E-16,3.39591861239028E-16,1.));
#3932=DIRECTION('center_axis',(-9.52363188311271E-16,-3.39591861239028E-16,
-1.));
#3933=DIRECTION('ref_axis',(1.,-4.18687678030446E-15,-9.5236318831127E-16));
#3934=DIRECTION('center_axis',(1.,-5.64187488124316E-15,-9.52363188311269E-16));
#3935=DIRECTION('ref_axis',(-5.64187488124316E-15,-1.,3.39591861239033E-16));
#3936=DIRECTION('',(-5.64187488124316E-15,-1.,3.39591861239033E-16));
#3937=DIRECTION('',(-9.52363188311271E-16,-3.39591861239028E-16,-1.));
#3938=DIRECTION('',(5.64187488124316E-15,1.,-3.39591861239033E-16));
#3939=DIRECTION('center_axis',(4.59123479975131E-16,-1.,3.39591861239027E-16));
#3940=DIRECTION('ref_axis',(-1.,-4.5912347997513E-16,9.52363188311271E-16));
#3941=DIRECTION('',(-1.,-4.5912347997513E-16,9.52363188311271E-16));
#3942=DIRECTION('',(-9.52363188311271E-16,-3.39591861239028E-16,-1.));
#3943=DIRECTION('',(1.,4.5912347997513E-16,-9.52363188311271E-16));
#3944=DIRECTION('center_axis',(-1.,2.50147125235858E-15,9.5236318831127E-16));
#3945=DIRECTION('ref_axis',(2.50147125235858E-15,1.,-3.3959186123903E-16));
#3946=DIRECTION('',(2.50147125235858E-15,1.,-3.3959186123903E-16));
#3947=DIRECTION('',(9.52363188311271E-16,3.39591861239028E-16,1.));
#3948=DIRECTION('',(-2.50147125235858E-15,-1.,3.3959186123903E-16));
#3949=DIRECTION('center_axis',(-2.50147125235858E-15,-1.,3.3959186123903E-16));
#3950=DIRECTION('ref_axis',(-1.,2.50147125235858E-15,9.5236318831127E-16));
#3951=DIRECTION('',(-1.,2.50147125235858E-15,9.5236318831127E-16));
#3952=DIRECTION('',(-9.52363188311271E-16,-3.39591861239028E-16,-1.));
#3953=DIRECTION('',(1.,-2.50147125235858E-15,-9.5236318831127E-16));
#3954=DIRECTION('center_axis',(-9.52363188311271E-16,-3.39591861239028E-16,
-1.));
#3955=DIRECTION('ref_axis',(-2.50147125235858E-15,-1.,3.3959186123903E-16));
#3956=DIRECTION('center_axis',(9.52363188311271E-16,3.39591861239028E-16,
1.));
#3957=DIRECTION('ref_axis',(-2.50147125235858E-15,-1.,3.3959186123903E-16));
#3958=DIRECTION('',(-9.52363188311271E-16,-3.39591861239028E-16,-1.));
#3959=DIRECTION('center_axis',(-9.52363188311271E-16,-3.39591861239028E-16,
-1.));
#3960=DIRECTION('ref_axis',(-2.50147125235858E-15,-1.,3.3959186123903E-16));
#3961=DIRECTION('center_axis',(-1.,2.50147125235858E-15,9.5236318831127E-16));
#3962=DIRECTION('ref_axis',(2.50147125235858E-15,1.,-3.3959186123903E-16));
#3963=DIRECTION('',(2.50147125235858E-15,1.,-3.3959186123903E-16));
#3964=DIRECTION('',(-9.52363188311271E-16,-3.39591861239028E-16,-1.));
#3965=DIRECTION('',(-2.50147125235858E-15,-1.,3.3959186123903E-16));
#3966=DIRECTION('center_axis',(-9.52363188311271E-16,-3.39591861239028E-16,
-1.));
#3967=DIRECTION('ref_axis',(-1.,2.50147125235858E-15,9.5236318831127E-16));
#3968=DIRECTION('center_axis',(-9.52363188311271E-16,-3.39591861239028E-16,
-1.));
#3969=DIRECTION('ref_axis',(-1.,2.50147125235858E-15,9.5236318831127E-16));
#3970=DIRECTION('',(-9.52363188311271E-16,-3.39591861239028E-16,-1.));
#3971=DIRECTION('center_axis',(9.52363188311271E-16,3.39591861239028E-16,
1.));
#3972=DIRECTION('ref_axis',(-1.,2.50147125235858E-15,9.5236318831127E-16));
#3973=DIRECTION('center_axis',(1.73391937845354E-15,-1.,3.39591861239026E-16));
#3974=DIRECTION('ref_axis',(-1.,-1.73391937845354E-15,9.52363188311272E-16));
#3975=DIRECTION('',(-1.,-1.73391937845354E-15,9.52363188311272E-16));
#3976=DIRECTION('',(-9.52363188311271E-16,-3.39591861239028E-16,-1.));
#3977=DIRECTION('',(1.,1.73391937845354E-15,-9.52363188311272E-16));
#3978=DIRECTION('center_axis',(-9.52363188311271E-16,-3.39591861239028E-16,
-1.));
#3979=DIRECTION('ref_axis',(-2.50147125235858E-15,-1.,3.3959186123903E-16));
#3980=DIRECTION('center_axis',(9.52363188311271E-16,3.39591861239028E-16,
1.));
#3981=DIRECTION('ref_axis',(-2.50147125235858E-15,-1.,3.3959186123903E-16));
#3982=DIRECTION('',(-9.52363188311271E-16,-3.39591861239028E-16,-1.));
#3983=DIRECTION('center_axis',(-9.52363188311271E-16,-3.39591861239028E-16,
-1.));
#3984=DIRECTION('ref_axis',(-2.50147125235858E-15,-1.,3.3959186123903E-16));
#3985=DIRECTION('center_axis',(-1.,2.50147125235858E-15,9.5236318831127E-16));
#3986=DIRECTION('ref_axis',(2.50147125235858E-15,1.,-3.3959186123903E-16));
#3987=DIRECTION('',(2.50147125235858E-15,1.,-3.3959186123903E-16));
#3988=DIRECTION('',(-9.52363188311271E-16,-3.39591861239028E-16,-1.));
#3989=DIRECTION('',(-2.50147125235858E-15,-1.,3.3959186123903E-16));
#3990=DIRECTION('center_axis',(-9.52363188311271E-16,-3.39591861239028E-16,
-1.));
#3991=DIRECTION('ref_axis',(-1.,2.50147125235858E-15,9.5236318831127E-16));
#3992=DIRECTION('center_axis',(9.52363188311271E-16,3.39591861239028E-16,
1.));
#3993=DIRECTION('ref_axis',(-1.,2.50147125235858E-15,9.5236318831127E-16));
#3994=DIRECTION('',(-9.52363188311271E-16,-3.39591861239028E-16,-1.));
#3995=DIRECTION('center_axis',(-9.52363188311271E-16,-3.39591861239028E-16,
-1.));
#3996=DIRECTION('ref_axis',(-1.,2.50147125235858E-15,9.5236318831127E-16));
#3997=DIRECTION('center_axis',(2.50147125235858E-15,1.,-3.3959186123903E-16));
#3998=DIRECTION('ref_axis',(1.,-2.50147125235858E-15,-9.5236318831127E-16));
#3999=DIRECTION('',(1.,-2.50147125235858E-15,-9.5236318831127E-16));
#4000=DIRECTION('',(-9.52363188311271E-16,-3.39591861239028E-16,-1.));
#4001=DIRECTION('',(-1.,2.50147125235858E-15,9.5236318831127E-16));
#4002=DIRECTION('center_axis',(-9.52363188311271E-16,-3.39591861239028E-16,
-1.));
#4003=DIRECTION('ref_axis',(-1.,2.50147125235858E-15,9.5236318831127E-16));
#4004=DIRECTION('center_axis',(-9.52363188311271E-16,-3.39591861239028E-16,
-1.));
#4005=DIRECTION('ref_axis',(-1.,2.50147125235858E-15,9.5236318831127E-16));
#4006=DIRECTION('',(-9.52363188311271E-16,-3.39591861239028E-16,-1.));
#4007=DIRECTION('center_axis',(9.52363188311271E-16,3.39591861239028E-16,
1.));
#4008=DIRECTION('ref_axis',(-1.,2.50147125235858E-15,9.5236318831127E-16));
#4009=DIRECTION('center_axis',(-1.,-9.87809735224794E-15,9.52363188311275E-16));
#4010=DIRECTION('ref_axis',(-9.87809735224794E-15,1.,-3.39591861239018E-16));
#4011=DIRECTION('',(-9.87809735224794E-15,1.,-3.39591861239018E-16));
#4012=DIRECTION('',(-9.52363188311271E-16,-3.39591861239028E-16,-1.));
#4013=DIRECTION('',(9.87809735224794E-15,-1.,3.39591861239018E-16));
#4014=DIRECTION('center_axis',(-9.52363188311271E-16,-3.39591861239028E-16,
-1.));
#4015=DIRECTION('ref_axis',(-1.,2.50147125235858E-15,9.5236318831127E-16));
#4016=DIRECTION('center_axis',(9.52363188311271E-16,3.39591861239028E-16,
1.));
#4017=DIRECTION('ref_axis',(-1.,2.50147125235858E-15,9.5236318831127E-16));
#4018=DIRECTION('',(-9.52363188311271E-16,-3.39591861239028E-16,-1.));
#4019=DIRECTION('center_axis',(-9.52363188311271E-16,-3.39591861239028E-16,
-1.));
#4020=DIRECTION('ref_axis',(-1.,2.50147125235858E-15,9.5236318831127E-16));
#4021=DIRECTION('center_axis',(2.6030353941196E-15,1.,-3.3959186123903E-16));
#4022=DIRECTION('ref_axis',(1.,-2.6030353941196E-15,-9.5236318831127E-16));
#4023=DIRECTION('',(1.,-2.6030353941196E-15,-9.5236318831127E-16));
#4024=DIRECTION('',(9.52363188311271E-16,3.39591861239028E-16,1.));
#4025=DIRECTION('',(-1.,2.6030353941196E-15,9.5236318831127E-16));
#4026=DIRECTION('center_axis',(-1.,2.50147125235858E-15,9.5236318831127E-16));
#4027=DIRECTION('ref_axis',(2.50147125235858E-15,1.,-3.3959186123903E-16));
#4028=DIRECTION('',(2.50147125235858E-15,1.,-3.3959186123903E-16));
#4029=DIRECTION('',(-9.52363188311271E-16,-3.39591861239028E-16,-1.));
#4030=DIRECTION('',(-2.50147125235858E-15,-1.,3.3959186123903E-16));
#4031=DIRECTION('center_axis',(2.50147125235858E-15,1.,-3.3959186123903E-16));
#4032=DIRECTION('ref_axis',(1.,-2.50147125235858E-15,-9.5236318831127E-16));
#4033=DIRECTION('',(1.,-2.50147125235858E-15,-9.5236318831127E-16));
#4034=DIRECTION('',(-9.52363188311271E-16,-3.39591861239028E-16,-1.));
#4035=DIRECTION('',(-1.,2.50147125235858E-15,9.5236318831127E-16));
#4036=DIRECTION('center_axis',(1.,4.77449868097967E-14,-9.52363188311288E-16));
#4037=DIRECTION('ref_axis',(4.77449868097967E-14,-1.,3.39591861238982E-16));
#4038=DIRECTION('',(4.77449868097967E-14,-1.,3.39591861238982E-16));
#4039=DIRECTION('',(9.52363188311271E-16,3.39591861239028E-16,1.));
#4040=DIRECTION('',(-4.77449868097967E-14,1.,-3.39591861238982E-16));
#4041=DIRECTION('center_axis',(-9.52363188311271E-16,-3.39591861239028E-16,
-1.));
#4042=DIRECTION('ref_axis',(0.132831854883444,0.991138586842538,-4.63086766277774E-16));
#4043=DIRECTION('center_axis',(9.52363188311271E-16,3.39591861239028E-16,
1.));
#4044=DIRECTION('ref_axis',(0.132831854883444,0.991138586842538,-4.63086766277774E-16));
#4045=DIRECTION('',(-9.52363188311271E-16,-3.39591861239028E-16,-1.));
#4046=DIRECTION('center_axis',(-9.52363188311271E-16,-3.39591861239028E-16,
-1.));
#4047=DIRECTION('ref_axis',(0.132831854883444,0.991138586842538,-4.63086766277774E-16));
#4048=DIRECTION('center_axis',(1.,-6.75694796019204E-15,-9.52363188311269E-16));
#4049=DIRECTION('ref_axis',(-6.75694796019204E-15,-1.,3.39591861239034E-16));
#4050=DIRECTION('',(-6.75694796019204E-15,-1.,3.39591861239034E-16));
#4051=DIRECTION('',(-9.52363188311271E-16,-3.39591861239028E-16,-1.));
#4052=DIRECTION('',(6.75694796019204E-15,1.,-3.39591861239034E-16));
#4053=DIRECTION('center_axis',(-9.52363188311271E-16,-3.39591861239028E-16,
-1.));
#4054=DIRECTION('ref_axis',(-1.,2.50147125235858E-15,9.5236318831127E-16));
#4055=DIRECTION('center_axis',(-9.52363188311271E-16,-3.39591861239028E-16,
-1.));
#4056=DIRECTION('ref_axis',(-1.,2.50147125235858E-15,9.5236318831127E-16));
#4057=DIRECTION('',(-9.52363188311271E-16,-3.39591861239028E-16,-1.));
#4058=DIRECTION('center_axis',(9.52363188311271E-16,3.39591861239028E-16,
1.));
#4059=DIRECTION('ref_axis',(-1.,2.50147125235858E-15,9.5236318831127E-16));
#4060=DIRECTION('center_axis',(2.50147125235858E-15,1.,-3.3959186123903E-16));
#4061=DIRECTION('ref_axis',(1.,-2.50147125235858E-15,-9.5236318831127E-16));
#4062=DIRECTION('',(1.,-2.50147125235858E-15,-9.5236318831127E-16));
#4063=DIRECTION('',(-1.,2.50147125235858E-15,9.5236318831127E-16));
#4064=DIRECTION('center_axis',(9.52363188311271E-16,3.39591861239028E-16,
1.));
#4065=DIRECTION('ref_axis',(1.,-2.50147125235858E-15,-9.5236318831127E-16));
#4066=DIRECTION('center_axis',(-9.52363188311271E-16,-3.39591861239028E-16,
-1.));
#4067=DIRECTION('ref_axis',(-2.62393593227331E-15,-1.,3.3959186123903E-16));
#4068=DIRECTION('center_axis',(-9.52363188311271E-16,-3.39591861239028E-16,
-1.));
#4069=DIRECTION('ref_axis',(1.,-2.50147125235858E-15,-9.5236318831127E-16));
#4070=DIRECTION('center_axis',(0.222768023353869,0.974871482694519,-5.43214486252173E-16));
#4071=DIRECTION('ref_axis',(-0.974871482694519,0.222768023353869,8.52781505777409E-16));
#4072=DIRECTION('',(9.52363188311271E-16,3.39591861239028E-16,1.));
#4073=DIRECTION('',(-0.974871482694519,0.222768023353869,8.52781505777409E-16));
#4074=DIRECTION('center_axis',(9.52363188311271E-16,3.39591861239028E-16,
1.));
#4075=DIRECTION('ref_axis',(0.22266105216858,0.97489592052033,-5.43120909719845E-16));
#4076=DIRECTION('',(9.52363188311271E-16,3.39591861239028E-16,1.));
#4077=DIRECTION('center_axis',(-9.52363188311271E-16,-3.39591861239028E-16,
-1.));
#4078=DIRECTION('ref_axis',(0.22266105216858,0.97489592052033,-5.43120909719845E-16));
#4079=DIRECTION('center_axis',(3.08858701146063E-15,1.,-3.39591861239031E-16));
#4080=DIRECTION('ref_axis',(-1.,3.08858701146063E-15,9.5236318831127E-16));
#4081=DIRECTION('',(9.52363188311271E-16,3.39591861239028E-16,1.));
#4082=DIRECTION('',(-1.,3.08858701146063E-15,9.5236318831127E-16));
#4083=DIRECTION('',(9.52363188311271E-16,3.39591861239028E-16,1.));
#4084=DIRECTION('center_axis',(9.52363188311271E-16,3.39591861239028E-16,
1.));
#4085=DIRECTION('ref_axis',(0.31469859353657,0.949191653580089,-6.22045116209374E-16));
#4086=DIRECTION('',(9.52363188311271E-16,3.39591861239028E-16,1.));
#4087=DIRECTION('center_axis',(9.52363188311271E-16,3.39591861239028E-16,
1.));
#4088=DIRECTION('ref_axis',(0.31469859353657,0.949191653580089,-6.22045116209374E-16));
#4089=DIRECTION('',(9.52363188311271E-16,3.39591861239028E-16,1.));
#4090=DIRECTION('center_axis',(9.52363188311271E-16,3.39591861239028E-16,
1.));
#4091=DIRECTION('ref_axis',(-0.552324308125533,0.833629329290693,2.42919603550981E-16));
#4092=DIRECTION('',(9.52363188311271E-16,3.39591861239028E-16,1.));
#4093=DIRECTION('center_axis',(9.52363188311271E-16,3.39591861239028E-16,
1.));
#4094=DIRECTION('ref_axis',(-0.552324308125533,0.833629329290693,2.42919603550981E-16));
#4095=DIRECTION('',(9.52363188311271E-16,3.39591861239028E-16,1.));
#4096=DIRECTION('',(9.52363188311271E-16,3.39591861239028E-16,1.));
#4097=DIRECTION('center_axis',(9.52363188311271E-16,3.39591861239028E-16,
1.));
#4098=DIRECTION('ref_axis',(0.988860967435424,0.148842154924864,-9.92300368165131E-16));
#4099=DIRECTION('center_axis',(9.52363188311271E-16,3.39591861239028E-16,
1.));
#4100=DIRECTION('ref_axis',(0.275326316650736,0.961350830529385,-5.88677566594652E-16));
#4101=DIRECTION('',(9.52363188311271E-16,3.39591861239028E-16,1.));
#4102=DIRECTION('center_axis',(-9.52363188311271E-16,-3.39591861239028E-16,
-1.));
#4103=DIRECTION('ref_axis',(0.275326316650736,0.961350830529385,-5.88677566594652E-16));
#4104=DIRECTION('center_axis',(-0.984807753012214,0.173648177666898,8.78925143677704E-16));
#4105=DIRECTION('ref_axis',(-0.173648177666898,-0.984807753012214,4.99808829935332E-16));
#4106=DIRECTION('',(9.52363188311271E-16,3.39591861239028E-16,1.));
#4107=DIRECTION('',(-0.173648177666898,-0.984807753012214,4.99808829935332E-16));
#4108=DIRECTION('center_axis',(9.52363188311271E-16,3.39591861239028E-16,
1.));
#4109=DIRECTION('ref_axis',(-0.984816943611512,0.173596047119975,8.7895159957561E-16));
#4110=DIRECTION('',(9.52363188311271E-16,3.39591861239028E-16,1.));
#4111=DIRECTION('center_axis',(-9.52363188311271E-16,-3.39591861239028E-16,
-1.));
#4112=DIRECTION('ref_axis',(-0.984816943611512,0.173596047119975,8.7895159957561E-16));
#4113=DIRECTION('center_axis',(-1.,2.50147125235858E-15,9.5236318831127E-16));
#4114=DIRECTION('ref_axis',(-2.50147125235858E-15,-1.,3.3959186123903E-16));
#4115=DIRECTION('',(9.52363188311271E-16,3.39591861239028E-16,1.));
#4116=DIRECTION('',(-2.50147125235858E-15,-1.,3.3959186123903E-16));
#4117=DIRECTION('center_axis',(9.52363188311271E-16,3.39591861239028E-16,
1.));
#4118=DIRECTION('ref_axis',(-0.999999998598969,-5.29344967839896E-5,9.52381163101268E-16));
#4119=DIRECTION('',(9.52363188311271E-16,3.39591861239028E-16,1.));
#4120=DIRECTION('center_axis',(-9.52363188311271E-16,-3.39591861239028E-16,
-1.));
#4121=DIRECTION('ref_axis',(-0.999999998598969,-5.29344967839896E-5,9.52381163101268E-16));
#4122=DIRECTION('center_axis',(-0.984807753012209,-0.173648177666926,9.96864159387043E-16));
#4123=DIRECTION('ref_axis',(0.173648177666927,-0.984807753012209,1.69056565680725E-16));
#4124=DIRECTION('',(9.52363188311271E-16,3.39591861239028E-16,1.));
#4125=DIRECTION('',(0.173648177666927,-0.984807753012209,1.69056565680725E-16));
#4126=DIRECTION('center_axis',(9.52363188311271E-16,3.39591861239028E-16,
1.));
#4127=DIRECTION('ref_axis',(0.275358531410869,-0.961341603790895,6.42224556146973E-17));
#4128=DIRECTION('center_axis',(-9.52363188311271E-16,-3.39591861239028E-16,
-1.));
#4129=DIRECTION('ref_axis',(-0.984807753012208,-0.173648177666928,9.96864159387043E-16));
#4130=DIRECTION('center_axis',(9.52363188311271E-16,3.39591861239028E-16,
1.));
#4131=DIRECTION('ref_axis',(-2.50147125235858E-15,-1.,3.3959186123903E-16));
#4132=DIRECTION('center_axis',(9.52363188311271E-16,3.39591861239028E-16,
1.));
#4133=DIRECTION('ref_axis',(-1.,2.50147125235858E-15,9.5236318831127E-16));
#4134=DIRECTION('center_axis',(9.52363188311271E-16,3.39591861239028E-16,
1.));
#4135=DIRECTION('ref_axis',(-0.92490113417587,-0.380207695871861,1.00995723211497E-15));
#4136=DIRECTION('',(9.52363188311271E-16,3.39591861239028E-16,1.));
#4137=DIRECTION('center_axis',(9.52363188311271E-16,3.39591861239028E-16,
1.));
#4138=DIRECTION('ref_axis',(-0.92490113417587,-0.380207695871861,1.00995723211497E-15));
#4139=DIRECTION('',(9.52363188311271E-16,3.39591861239028E-16,1.));
#4140=DIRECTION('center_axis',(9.52363188311271E-16,3.39591861239028E-16,
1.));
#4141=DIRECTION('ref_axis',(-0.933430735252579,0.358757665403584,7.67133887764709E-16));
#4142=DIRECTION('',(9.52363188311271E-16,3.39591861239028E-16,1.));
#4143=DIRECTION('center_axis',(9.52363188311271E-16,3.39591861239028E-16,
1.));
#4144=DIRECTION('ref_axis',(-0.933430735252579,0.358757665403584,7.67133887764709E-16));
#4145=DIRECTION('',(9.52363188311271E-16,3.39591861239028E-16,1.));
#4146=DIRECTION('center_axis',(-2.7950291319096E-15,-1.,3.3959186123903E-16));
#4147=DIRECTION('ref_axis',(1.,-2.7950291319096E-15,-9.5236318831127E-16));
#4148=DIRECTION('',(9.52363188311271E-16,3.39591861239028E-16,1.));
#4149=DIRECTION('',(1.,-2.7950291319096E-15,-9.5236318831127E-16));
#4150=DIRECTION('center_axis',(9.52363188311271E-16,3.39591861239028E-16,
1.));
#4151=DIRECTION('ref_axis',(0.000109727125449358,-0.999999993979979,3.3948735911964E-16));
#4152=DIRECTION('',(9.52363188311271E-16,3.39591861239028E-16,1.));
#4153=DIRECTION('center_axis',(-9.52363188311271E-16,-3.39591861239028E-16,
-1.));
#4154=DIRECTION('ref_axis',(0.000109727125449358,-0.999999993979979,3.3948735911964E-16));
#4155=DIRECTION('center_axis',(0.222768023353866,-0.97487148269452,1.18902356301995E-16));
#4156=DIRECTION('ref_axis',(0.97487148269452,0.222768023353866,-1.00408192112797E-15));
#4157=DIRECTION('',(9.52363188311271E-16,3.39591861239028E-16,1.));
#4158=DIRECTION('',(0.97487148269452,0.222768023353866,-1.00408192112797E-15));
#4159=DIRECTION('center_axis',(9.52363188311271E-16,3.39591861239028E-16,
1.));
#4160=DIRECTION('ref_axis',(0.139833821927324,-0.9901749856693,2.03082781851309E-16));
#4161=DIRECTION('',(9.52363188311271E-16,3.39591861239028E-16,1.));
#4162=DIRECTION('center_axis',(-9.52363188311271E-16,-3.39591861239028E-16,
-1.));
#4163=DIRECTION('ref_axis',(0.139833821927324,-0.9901749856693,2.03082781851309E-16));
#4164=DIRECTION('',(9.52363188311271E-16,3.39591861239028E-16,1.));
#4165=DIRECTION('center_axis',(-0.58778525229248,-0.809016994374943,8.34520623809402E-16));
#4166=DIRECTION('ref_axis',(0.809016994374943,-0.58778525229248,-5.70870916326067E-16));
#4167=DIRECTION('',(9.52363188311271E-16,3.39591861239028E-16,1.));
#4168=DIRECTION('',(0.809016994374943,-0.58778525229248,-5.70870916326067E-16));
#4169=DIRECTION('center_axis',(9.52363188311271E-16,3.39591861239028E-16,
1.));
#4170=DIRECTION('ref_axis',(-0.587785252292475,-0.809016994374946,8.34520623809399E-16));
#4171=DIRECTION('',(9.52363188311271E-16,3.39591861239028E-16,1.));
#4172=DIRECTION('center_axis',(-9.52363188311271E-16,-3.39591861239028E-16,
-1.));
#4173=DIRECTION('ref_axis',(-0.587785252292475,-0.809016994374946,8.34520623809399E-16));
#4174=DIRECTION('center_axis',(0.587785252292477,0.809016994374945,-8.345206238094E-16));
#4175=DIRECTION('ref_axis',(-0.809016994374945,0.587785252292477,5.70870916326071E-16));
#4176=DIRECTION('',(9.52363188311271E-16,3.39591861239028E-16,1.));
#4177=DIRECTION('',(-0.809016994374945,0.587785252292477,5.70870916326071E-16));
#4178=DIRECTION('',(9.52363188311271E-16,3.39591861239028E-16,1.));
#4179=DIRECTION('center_axis',(0.587785252292466,-0.809016994374953,-2.85049450021804E-16));
#4180=DIRECTION('ref_axis',(0.809016994374953,0.587785252292466,-9.70085091995782E-16));
#4181=DIRECTION('',(9.52363188311271E-16,3.39591861239028E-16,1.));
#4182=DIRECTION('',(0.809016994374953,0.587785252292466,-9.70085091995782E-16));
#4183=DIRECTION('center_axis',(9.52363188311271E-16,3.39591861239028E-16,
1.));
#4184=DIRECTION('ref_axis',(0.587785252292471,-0.809016994374949,-2.8504945002181E-16));
#4185=DIRECTION('',(9.52363188311271E-16,3.39591861239028E-16,1.));
#4186=DIRECTION('center_axis',(-9.52363188311271E-16,-3.39591861239028E-16,
-1.));
#4187=DIRECTION('ref_axis',(0.587785252292471,-0.809016994374949,-2.8504945002181E-16));
#4188=DIRECTION('center_axis',(-0.587785252292453,0.809016994374962,2.85049450021788E-16));
#4189=DIRECTION('ref_axis',(-0.809016994374962,-0.587785252292453,9.70085091995787E-16));
#4190=DIRECTION('',(-0.809016994374962,-0.587785252292453,9.70085091995787E-16));
#4191=DIRECTION('center_axis',(9.52363188311271E-16,3.39591861239028E-16,
1.));
#4192=DIRECTION('ref_axis',(-1.,2.50147125235858E-15,9.5236318831127E-16));
#4193=DIRECTION('',(-9.52363188311271E-16,-3.39591861239028E-16,-1.));
#4194=DIRECTION('center_axis',(-9.52363188311271E-16,-3.39591861239028E-16,
-1.));
#4195=DIRECTION('ref_axis',(-1.,2.50147125235858E-15,9.5236318831127E-16));
#4196=DIRECTION('center_axis',(9.52363188311271E-16,3.39591861239028E-16,
1.));
#4197=DIRECTION('ref_axis',(-1.,2.50147125235858E-15,9.5236318831127E-16));
#4198=DIRECTION('',(-9.52363188311271E-16,-3.39591861239028E-16,-1.));
#4199=DIRECTION('center_axis',(-9.52363188311271E-16,-3.39591861239028E-16,
-1.));
#4200=DIRECTION('ref_axis',(-1.,2.50147125235858E-15,9.5236318831127E-16));
#4201=DIRECTION('center_axis',(9.52363188311271E-16,3.39591861239028E-16,
1.));
#4202=DIRECTION('ref_axis',(-1.,2.50147125235858E-15,9.5236318831127E-16));
#4203=DIRECTION('',(-9.52363188311271E-16,-3.39591861239028E-16,-1.));
#4204=DIRECTION('center_axis',(-9.52363188311271E-16,-3.39591861239028E-16,
-1.));
#4205=DIRECTION('ref_axis',(-1.,2.50147125235858E-15,9.5236318831127E-16));
#4206=DIRECTION('center_axis',(9.52363188311271E-16,3.39591861239028E-16,
1.));
#4207=DIRECTION('ref_axis',(-1.,2.50147125235858E-15,9.5236318831127E-16));
#4208=DIRECTION('',(-9.52363188311271E-16,-3.39591861239028E-16,-1.));
#4209=DIRECTION('center_axis',(-9.52363188311271E-16,-3.39591861239028E-16,
-1.));
#4210=DIRECTION('ref_axis',(-1.,2.50147125235858E-15,9.5236318831127E-16));
#4211=DIRECTION('center_axis',(9.52363188311271E-16,3.39591861239028E-16,
1.));
#4212=DIRECTION('ref_axis',(-1.,2.50147125235858E-15,9.5236318831127E-16));
#4213=DIRECTION('',(-9.52363188311271E-16,-3.39591861239028E-16,-1.));
#4214=DIRECTION('center_axis',(-9.52363188311271E-16,-3.39591861239028E-16,
-1.));
#4215=DIRECTION('ref_axis',(-1.,2.50147125235858E-15,9.5236318831127E-16));
#4216=DIRECTION('center_axis',(9.52363188311271E-16,3.39591861239028E-16,
1.));
#4217=DIRECTION('ref_axis',(1.,-2.50147125235858E-15,-9.5236318831127E-16));
#4218=CARTESIAN_POINT('',(0.,0.,0.));
#4219=CARTESIAN_POINT('Origin',(-1.46290091890326,-1.33183067824749,2.55071703071555));
#4220=CARTESIAN_POINT('',(-1.62910718191269,-1.51858045237438,2.20071703071555));
#4221=CARTESIAN_POINT('',(-1.26475628054349,-1.48427313391282,2.20071703071555));
#4222=CARTESIAN_POINT('Origin',(-1.46290091890326,-1.3318306782475,2.20071703071555));
#4223=CARTESIAN_POINT('',(-1.26475628054349,-1.48427313391282,2.55071703071555));
#4224=CARTESIAN_POINT('',(-1.26475628054349,-1.48427313391282,2.55071703071555));
#4225=CARTESIAN_POINT('',(-1.62910718191269,-1.51858045237438,2.55071703071555));
#4226=CARTESIAN_POINT('Origin',(-1.46290091890326,-1.33183067824749,2.55071703071555));
#4227=CARTESIAN_POINT('',(-1.62910718191269,-1.51858045237438,2.55071703071555));
#4228=CARTESIAN_POINT('Origin',(0.863986763228723,1.28266615952884,2.55071703071555));
#4229=CARTESIAN_POINT('',(-1.90593762989301,-1.24518250215746,2.55071703071555));
#4230=CARTESIAN_POINT('Origin',(0.863986763228723,1.28266615952884,2.55071703071555));
#4231=CARTESIAN_POINT('',(-1.90593762989301,-1.24518250215746,2.20071703071555));
#4232=CARTESIAN_POINT('',(-1.90593762989301,-1.24518250215746,2.55071703071555));
#4233=CARTESIAN_POINT('Origin',(0.863986763228723,1.28266615952884,2.20071703071555));
#4234=CARTESIAN_POINT('Origin',(0.363986763229558,1.28266615952885,2.55071703071555));
#4235=CARTESIAN_POINT('',(0.00227870485111492,0.162618395579219,2.55071703071555));
#4236=CARTESIAN_POINT('',(-1.42265007175117,-1.68950341586776,2.55071703071555));
#4237=CARTESIAN_POINT('',(0.282205053220221,0.246421049721373,2.55071703071555));
#4238=CARTESIAN_POINT('Origin',(0.200423343210887,0.0101759399138914,2.55071703071555));
#4239=CARTESIAN_POINT('',(0.459826199507161,0.251766175869282,2.55071703071555));
#4240=CARTESIAN_POINT('Origin',(0.363986763229556,0.482666159528855,2.55071703071555));
#4241=CARTESIAN_POINT('',(0.778840737416196,0.384179236247146,2.55071703071555));
#4242=CARTESIAN_POINT('',(0.459826199507161,0.251766175869282,2.55071703071555));
#4243=CARTESIAN_POINT('',(0.951692882374626,0.391121727140885,2.55071703071555));
#4244=CARTESIAN_POINT('Origin',(0.874680173693801,0.153279252587574,2.55071703071555));
#4245=CARTESIAN_POINT('',(3.58647292805801,-0.462012467991218,2.55071703071555));
#4246=CARTESIAN_POINT('',(0.863986763228723,0.419520716076712,2.55071703071555));
#4247=CARTESIAN_POINT('',(3.66530209413571,-0.0724811018635087,2.55071703071555));
#4248=CARTESIAN_POINT('Origin',(3.64808309500267,-0.271738488348569,2.55071703071555));
#4249=CARTESIAN_POINT('',(3.9565401726386,2.56868597671264,2.55071703071554));
#4250=CARTESIAN_POINT('Origin',(3.77971878722871,1.25154307978819,2.55071703071554));
#4251=CARTESIAN_POINT('',(3.93183538012848,2.96021255559893,2.55071703071554));
#4252=CARTESIAN_POINT('Origin',(3.98315068898695,2.76690777273839,2.55071703071554));
#4253=CARTESIAN_POINT('',(0.945795131849183,2.1675287154127,2.55071703071554));
#4254=CARTESIAN_POINT('',(3.93183538012848,2.96021255559893,2.55071703071554));
#4255=CARTESIAN_POINT('',(0.785811559498497,2.1782597103288,2.55071703071555));
#4256=CARTESIAN_POINT('Origin',(0.881650995776103,2.40915969398838,2.55071703071555));
#4257=CARTESIAN_POINT('',(0.459826199507166,2.31356614318843,2.55071703071555));
#4258=CARTESIAN_POINT('',(1.40454140426883,1.92144410302089,2.55071703071554));
#4259=CARTESIAN_POINT('',(0.376981291204893,2.33232821560206,2.55071703071555));
#4260=CARTESIAN_POINT('Origin',(0.36398676322956,2.08266615952885,2.55071703071555));
#4261=CARTESIAN_POINT('',(0.181730288095721,2.44366529640567,2.55071703071554));
#4262=CARTESIAN_POINT('Origin',(0.389975819180226,2.58199027167526,2.55071703071555));
#4263=CARTESIAN_POINT('',(-0.872069096195702,4.0301395539329,2.55071703071554));
#4264=CARTESIAN_POINT('',(0.268147326951963,2.31356614318843,2.55071703071554));
#4265=CARTESIAN_POINT('',(-1.00083637141699,4.23392600516938,2.55071703071554));
#4266=CARTESIAN_POINT('',(-0.872069096195702,4.0301395539329,2.55071703071554));
#4267=CARTESIAN_POINT('',(-1.36047813881509,4.30164875298235,2.55071703071554));
#4268=CARTESIAN_POINT('Origin',(-1.21218047867884,4.10038324675211,2.55071703071554));
#4269=CARTESIAN_POINT('',(-1.66131504776769,4.05491267875801,2.55071703071554));
#4270=CARTESIAN_POINT('Origin',(0.863986763228723,1.28266615952884,2.55071703071555));
#4271=CARTESIAN_POINT('',(-1.66528070819661,3.68897163847156,2.55071703071554));
#4272=CARTESIAN_POINT('Origin',(-1.49296159370127,3.87009624414274,2.55071703071554));
#4273=CARTESIAN_POINT('',(-0.349735374017227,2.4373824011935,2.55071703071554));
#4274=CARTESIAN_POINT('',(-1.85288232183896,3.86745287695903,2.55071703071554));
#4275=CARTESIAN_POINT('',(-0.42621505223497,2.02535781186275,2.55071703071555));
#4276=CARTESIAN_POINT('Origin',(-0.522054488512575,2.25625779552232,2.55071703071555));
#4277=CARTESIAN_POINT('',(-0.676567877809713,1.9214441030209,2.55071703071555));
#4278=CARTESIAN_POINT('',(0.268147326951954,2.31356614318843,2.55071703071555));
#4279=CARTESIAN_POINT('',(-0.727299732330137,1.88566730580278,2.55071703071555));
#4280=CARTESIAN_POINT('Origin',(-0.622233709211386,1.79054017527689,2.55071703071555));
#4281=CARTESIAN_POINT('',(-0.894342636569291,1.70117174137663,2.55071703071555));
#4282=CARTESIAN_POINT('',(-0.727299732330137,1.88566730580278,2.55071703071555));
#4283=CARTESIAN_POINT('',(-1.12184262809293,1.62254860332178,2.55071703071555));
#4284=CARTESIAN_POINT('Origin',(-1.0796674273482,1.86896542994314,2.55071703071555));
#4285=CARTESIAN_POINT('',(-2.57703695453576,1.87161078662235,2.55071703071555));
#4286=CARTESIAN_POINT('',(-0.986501240291082,1.59938439705439,2.55071703071555));
#4287=CARTESIAN_POINT('',(-2.86801207803115,1.64966023146328,2.55071703071555));
#4288=CARTESIAN_POINT('Origin',(-2.61921215528049,1.62519396000099,2.55071703071555));
#4289=CARTESIAN_POINT('',(-2.88595062451531,1.26099618030621,2.55071703071555));
#4290=CARTESIAN_POINT('Origin',(0.863986763228723,1.28266615952884,2.55071703071555));
#4291=CARTESIAN_POINT('',(-2.61665697876403,1.01318677010039,2.55071703071555));
#4292=CARTESIAN_POINT('Origin',(-2.63595479866571,1.26244084558772,2.55071703071555));
#4293=CARTESIAN_POINT('',(-1.25555090771892,1.11856671133004,2.55071703071555));
#4294=CARTESIAN_POINT('',(-2.8748243690812,0.993198861003676,2.55071703071555));
#4295=CARTESIAN_POINT('',(-1.05092829703833,1.03710632440922,2.55071703071555));
#4296=CARTESIAN_POINT('Origin',(-1.23625308781724,0.869312635842715,2.55071703071555));
#4297=CARTESIAN_POINT('',(-0.727299732330141,0.679665013254934,2.55071703071555));
#4298=CARTESIAN_POINT('',(-1.12133802754935,1.11487247096235,2.55071703071555));
#4299=CARTESIAN_POINT('',(-0.676567877809717,0.643888216036817,2.55071703071555));
#4300=CARTESIAN_POINT('Origin',(-0.622233709211388,0.774792143780826,2.55071703071555));
#4301=CARTESIAN_POINT('',(-0.590563242916933,0.608190354154166,2.55071703071555));
#4302=CARTESIAN_POINT('',(-0.676567877809717,0.643888216036817,2.55071703071555));
#4303=CARTESIAN_POINT('',(-0.53150000722794,0.181063047683503,2.55071703071555));
#4304=CARTESIAN_POINT('Origin',(-0.68640267919454,0.377290370494594,2.55071703071555));
#4305=CARTESIAN_POINT('',(-1.87617867565149,-0.880431935233953,2.55071703071555));
#4306=CARTESIAN_POINT('',(-0.197236055970803,0.444932413325774,2.55071703071555));
#4307=CARTESIAN_POINT('Origin',(-1.72127600368489,-1.07665925804504,2.55071703071555));
#4308=CARTESIAN_POINT('',(-2.54313140132988,1.42466807189036,2.55071703071555));
#4309=CARTESIAN_POINT('Origin',(-2.63313140132988,1.42466807189036,2.55071703071555));
#4310=CARTESIAN_POINT('',(-1.25053726726885,4.0011351770015,2.55071703071554));
#4311=CARTESIAN_POINT('Origin',(-1.34053726726885,4.0011351770015,2.55071703071554));
#4312=CARTESIAN_POINT('',(-1.49157002111031,-1.22118128282331,2.55071703071555));
#4313=CARTESIAN_POINT('Origin',(-1.58157002111031,-1.22118128282331,2.55071703071555));
#4314=CARTESIAN_POINT('',(3.73408309500267,-0.271738488348569,2.55071703071555));
#4315=CARTESIAN_POINT('Origin',(3.64808309500267,-0.271738488348569,2.55071703071555));
#4316=CARTESIAN_POINT('',(4.06915068898695,2.76690777273839,2.55071703071554));
#4317=CARTESIAN_POINT('Origin',(3.98315068898695,2.76690777273839,2.55071703071554));
#4318=CARTESIAN_POINT('',(1.75398676322956,1.28266615952885,2.55071703071554));
#4319=CARTESIAN_POINT('Origin',(1.66398676322956,1.28266615952885,2.55071703071554));
#4320=CARTESIAN_POINT('',(-0.846013236770442,1.28266615952886,2.55071703071555));
#4321=CARTESIAN_POINT('Origin',(-0.936013236770442,1.28266615952886,2.55071703071555));
#4322=CARTESIAN_POINT('',(0.45398676322956,2.08266615952885,2.55071703071555));
#4323=CARTESIAN_POINT('Origin',(0.36398676322956,2.08266615952885,2.55071703071555));
#4324=CARTESIAN_POINT('',(0.453986763229556,0.482666159528855,2.55071703071555));
#4325=CARTESIAN_POINT('Origin',(0.363986763229556,0.482666159528855,2.55071703071555));
#4326=CARTESIAN_POINT('',(1.31544039864712,1.72165753383126,2.55071703071555));
#4327=CARTESIAN_POINT('',(1.31543424128941,1.72165577019049,2.55071703071555));
#4328=CARTESIAN_POINT('Origin',(1.31198488821639,1.73172294029827,2.55071703071555));
#4329=CARTESIAN_POINT('Origin',(1.34175270478957,1.62978343450472,2.55071703071555));
#4330=CARTESIAN_POINT('',(1.31544039864712,0.843674785226442,2.55071703071555));
#4331=CARTESIAN_POINT('',(1.31543915513364,0.843675141414189,2.55071703071555));
#4332=CARTESIAN_POINT('Origin',(1.34175270478957,0.935548884552988,2.55071703071555));
#4333=CARTESIAN_POINT('Origin',(1.31199441936964,0.8336108495871,2.55071703071555));
#4334=CARTESIAN_POINT('',(-0.0795350742606174,1.43565097489202,2.55071703071555));
#4335=CARTESIAN_POINT('',(-0.0795350742606183,1.12968134416569,2.55071703071555));
#4336=CARTESIAN_POINT('Origin',(-0.136013236770449,1.28266615952886,2.55071703071555));
#4337=CARTESIAN_POINT('',(-0.0171925728241606,1.39449763979288,2.55071703071555));
#4338=CARTESIAN_POINT('Ctrl Pts',(-0.0171925728241606,1.39449763979288,
2.55071703071555));
#4339=CARTESIAN_POINT('Ctrl Pts',(-0.0258437072955638,1.40365020324686,
2.55071703071555));
#4340=CARTESIAN_POINT('Ctrl Pts',(-0.0355877122938157,1.41181483100144,
2.55071703071555));
#4341=CARTESIAN_POINT('Ctrl Pts',(-0.0460287633386651,1.41870151448195,
2.55071703071555));
#4342=CARTESIAN_POINT('Ctrl Pts',(-0.0564698143835145,1.42558819796246,
2.55071703071555));
#4343=CARTESIAN_POINT('Ctrl Pts',(-0.0676251652817688,1.43125413476649,
2.55071703071555));
#4344=CARTESIAN_POINT('Ctrl Pts',(-0.0795350742606177,1.43565097489202,
2.55071703071555));
#4345=CARTESIAN_POINT('',(0.0272851781881367,1.28266615952873,2.55071703071555));
#4346=CARTESIAN_POINT('Ctrl Pts',(0.0272851781881367,1.28266615952873,2.55071703071555));
#4347=CARTESIAN_POINT('Ctrl Pts',(0.0272851781881434,1.29297610719507,2.55071703071555));
#4348=CARTESIAN_POINT('Ctrl Pts',(0.0262836032506766,1.30340934667119,2.55071703071555));
#4349=CARTESIAN_POINT('Ctrl Pts',(0.0243425690569587,1.31348001603429,2.55071703071555));
#4350=CARTESIAN_POINT('Ctrl Pts',(0.0224015348632407,1.32355068539739,2.55071703071555));
#4351=CARTESIAN_POINT('Ctrl Pts',(0.0195306079065104,1.33337230812205,2.55071703071555));
#4352=CARTESIAN_POINT('Ctrl Pts',(0.0157174216727925,1.34294210058745,2.55071703071555));
#4353=CARTESIAN_POINT('Ctrl Pts',(0.0119042354390746,1.35251189305285,2.55071703071555));
#4354=CARTESIAN_POINT('Ctrl Pts',(0.00715792468197375,1.36174697586553,
2.55071703071555));
#4355=CARTESIAN_POINT('Ctrl Pts',(0.00166344474966015,1.37034592380708,
2.55071703071555));
#4356=CARTESIAN_POINT('Ctrl Pts',(-0.00383103518265346,1.37894487174864,
2.55071703071555));
#4357=CARTESIAN_POINT('Ctrl Pts',(-0.0101096185613999,1.38700414994528,
2.55071703071555));
#4358=CARTESIAN_POINT('Ctrl Pts',(-0.0171925728241606,1.39449763979288,
2.55071703071555));
#4359=CARTESIAN_POINT('',(-0.0171925728241689,1.17083467926483,2.55071703071555));
#4360=CARTESIAN_POINT('Ctrl Pts',(-0.0171925728241689,1.17083467926483,
2.55071703071555));
#4361=CARTESIAN_POINT('Ctrl Pts',(-0.0101174809566553,1.17831985100436,
2.55071703071555));
#4362=CARTESIAN_POINT('Ctrl Pts',(-0.00377342078852171,1.18645443431283,
2.55071703071555));
#4363=CARTESIAN_POINT('Ctrl Pts',(0.00177042480833896,1.19515404635179,
2.55071703071555));
#4364=CARTESIAN_POINT('Ctrl Pts',(0.00731427040519962,1.20385365839075,
2.55071703071555));
#4365=CARTESIAN_POINT('Ctrl Pts',(0.011963266200791,1.21295734151493,2.55071703071555));
#4366=CARTESIAN_POINT('Ctrl Pts',(0.0157420169379469,1.22245198082109,2.55071703071555));
#4367=CARTESIAN_POINT('Ctrl Pts',(0.0195207676751028,1.23194662012725,2.55071703071555));
#4368=CARTESIAN_POINT('Ctrl Pts',(0.0224450047888628,1.24194018027596,2.55071703071555));
#4369=CARTESIAN_POINT('Ctrl Pts',(0.024380776598736,1.2520512007474,2.55071703071555));
#4370=CARTESIAN_POINT('Ctrl Pts',(0.0263165484086091,1.26216222121883,2.55071703071555));
#4371=CARTESIAN_POINT('Ctrl Pts',(0.02728517818813,1.27236707811857,2.55071703071555));
#4372=CARTESIAN_POINT('Ctrl Pts',(0.0272851781881367,1.28266615952873,2.55071703071555));
#4373=CARTESIAN_POINT('Ctrl Pts',(-0.0795350742606185,1.12968134416569,
2.55071703071555));
#4374=CARTESIAN_POINT('Ctrl Pts',(-0.0676493452074439,1.13406925766822,
2.55071703071555));
#4375=CARTESIAN_POINT('Ctrl Pts',(-0.0562907245107652,1.13984451980432,
2.55071703071555));
#4376=CARTESIAN_POINT('Ctrl Pts',(-0.0458656219907314,1.14673854868193,
2.55071703071555));
#4377=CARTESIAN_POINT('Ctrl Pts',(-0.0354405194706975,1.15363257755954,
2.55071703071555));
#4378=CARTESIAN_POINT('Ctrl Pts',(-0.0258278974399308,1.16169884202258,
2.55071703071555));
#4379=CARTESIAN_POINT('Ctrl Pts',(-0.0171925728241689,1.17083467926483,
2.55071703071555));
#4380=CARTESIAN_POINT('',(1.25670329866263,1.83384726189106,2.55071703071555));
#4381=CARTESIAN_POINT('Origin',(1.22815999157602,1.83384726189106,2.55071703071555));
#4382=CARTESIAN_POINT('',(1.25670329866263,0.731485057166648,2.55071703071555));
#4383=CARTESIAN_POINT('Origin',(1.22815999157601,0.731485057166648,2.55071703071555));
#4384=CARTESIAN_POINT('',(-0.471643158030286,0.731485057166652,2.55071703071555));
#4385=CARTESIAN_POINT('Origin',(-0.5001864651169,0.731485057166652,2.55071703071555));
#4386=CARTESIAN_POINT('',(-0.471643158030283,1.83384726189106,2.55071703071555));
#4387=CARTESIAN_POINT('Origin',(-0.500186465116897,1.83384726189106,2.55071703071555));
#4388=CARTESIAN_POINT('',(0.675674388077807,1.027721021915,2.55071703071555));
#4389=CARTESIAN_POINT('',(0.728752893993151,1.03130220317189,2.55071703071555));
#4390=CARTESIAN_POINT('Origin',(0.70506365069243,0.987270172196251,2.55071703071555));
#4391=CARTESIAN_POINT('',(0.442394113392881,0.858232981411637,2.55071703071555));
#4392=CARTESIAN_POINT('',(0.521188141291715,0.915480193632977,2.55071703071555));
#4393=CARTESIAN_POINT('',(0.330047529946215,1.01286478769434,2.55071703071555));
#4394=CARTESIAN_POINT('Origin',(0.386220821669548,0.935548884552986,2.55071703071555));
#4395=CARTESIAN_POINT('',(0.340363161094987,1.02035953242714,2.55071703071555));
#4396=CARTESIAN_POINT('',(0.40530337642935,1.06754136064538,2.55071703071555));
#4397=CARTESIAN_POINT('',(0.344083590092043,1.03499390992236,2.55071703071555));
#4398=CARTESIAN_POINT('Ctrl Pts',(0.344083590092043,1.03499390992236,2.55071703071555));
#4399=CARTESIAN_POINT('Ctrl Pts',(0.345269821351608,1.03250382313669,2.55071703071555));
#4400=CARTESIAN_POINT('Ctrl Pts',(0.345545211931997,1.0296763930377,2.55071703071555));
#4401=CARTESIAN_POINT('Ctrl Pts',(0.344869270872857,1.02701111598022,2.55071703071555));
#4402=CARTESIAN_POINT('Ctrl Pts',(0.344193329813717,1.02434583892275,2.55071703071555));
#4403=CARTESIAN_POINT('Ctrl Pts',(0.34259459348261,1.02198076295511,2.55071703071555));
#4404=CARTESIAN_POINT('Ctrl Pts',(0.340363161094987,1.02035953242714,2.55071703071555));
#4405=CARTESIAN_POINT('',(0.304427232024881,1.14652658518841,2.55071703071555));
#4406=CARTESIAN_POINT('Origin',(0.863986763229558,1.28266615952885,2.55071703071555));
#4407=CARTESIAN_POINT('',(0.357407633081808,1.20815289737022,2.55071703071555));
#4408=CARTESIAN_POINT('Origin',(0.353010003983056,1.15834666424313,2.55071703071555));
#4409=CARTESIAN_POINT('',(0.357407633081809,1.35717942168749,2.55071703071555));
#4410=CARTESIAN_POINT('Origin',(0.363986763229548,1.28266615952886,2.55071703071555));
#4411=CARTESIAN_POINT('',(0.304427232024882,1.41880573386931,2.55071703071555));
#4412=CARTESIAN_POINT('Origin',(0.353010003983057,1.40698565481458,2.55071703071555));
#4413=CARTESIAN_POINT('',(0.344083590092044,1.53033840913535,2.55071703071555));
#4414=CARTESIAN_POINT('Origin',(0.863986763229558,1.28266615952885,2.55071703071555));
#4415=CARTESIAN_POINT('',(0.340363161094988,1.54497278663058,2.55071703071555));
#4416=CARTESIAN_POINT('Ctrl Pts',(0.340363161094988,1.54497278663057,2.55071703071555));
#4417=CARTESIAN_POINT('Ctrl Pts',(0.342594593171108,1.54335155632892,2.55071703071555));
#4418=CARTESIAN_POINT('Ctrl Pts',(0.344186883144019,1.54099893787736,2.55071703071555));
#4419=CARTESIAN_POINT('Ctrl Pts',(0.344865904705176,1.53833444396143,2.55071703071555));
#4420=CARTESIAN_POINT('Ctrl Pts',(0.345544926266332,1.5356699500455,2.55071703071555));
#4421=CARTESIAN_POINT('Ctrl Pts',(0.345269821517204,1.53282849626863,2.55071703071555));
#4422=CARTESIAN_POINT('Ctrl Pts',(0.344083590092044,1.53033840913535,2.55071703071555));
#4423=CARTESIAN_POINT('',(0.330047529946216,1.55246753136337,2.55071703071555));
#4424=CARTESIAN_POINT('',(0.410461192003738,1.49404358604593,2.55071703071555));
#4425=CARTESIAN_POINT('',(0.442394113392883,1.70709933764607,2.55071703071555));
#4426=CARTESIAN_POINT('Origin',(0.38622082166955,1.62978343450472,2.55071703071555));
#4427=CARTESIAN_POINT('',(0.675674388077799,1.53761129714271,2.55071703071555));
#4428=CARTESIAN_POINT('',(0.685894013254854,1.5301863048313,2.55071703071555));
#4429=CARTESIAN_POINT('',(0.728752893993144,1.53403011588582,2.55071703071555));
#4430=CARTESIAN_POINT('Origin',(0.705063650692422,1.57806214686145,2.55071703071555));
#4431=CARTESIAN_POINT('Origin',(0.86398676322955,1.28266615952885,2.55071703071555));
#4432=CARTESIAN_POINT('Origin',(-1.72127600368489,-1.07665925804504,2.55071703071555));
#4433=CARTESIAN_POINT('',(-1.87617867565149,-0.880431935233953,2.20071703071555));
#4434=CARTESIAN_POINT('Origin',(-1.72127600368489,-1.07665925804504,2.20071703071555));
#4435=CARTESIAN_POINT('',(-1.87617867565149,-0.880431935233953,2.55071703071555));
#4436=CARTESIAN_POINT('Origin',(-2.07942307893765,-1.04087391997015,2.55071703071555));
#4437=CARTESIAN_POINT('',(-0.53150000722794,0.181063047683503,2.20071703071555));
#4438=CARTESIAN_POINT('',(-0.53150000722794,0.181063047683503,2.55071703071555));
#4439=CARTESIAN_POINT('',(-0.197236055970804,0.444932413325773,2.20071703071555));
#4440=CARTESIAN_POINT('Origin',(0.881650995776103,2.40915969398838,2.55071703071555));
#4441=CARTESIAN_POINT('',(0.945795131849184,2.1675287154127,2.20071703071554));
#4442=CARTESIAN_POINT('',(0.785811559498497,2.1782597103288,2.20071703071554));
#4443=CARTESIAN_POINT('Origin',(0.881650995776103,2.40915969398838,2.20071703071554));
#4444=CARTESIAN_POINT('',(0.785811559498496,2.1782597103288,2.55071703071555));
#4445=CARTESIAN_POINT('',(0.945795131849183,2.1675287154127,2.55071703071555));
#4446=CARTESIAN_POINT('Origin',(0.459826199507166,2.31356614318843,2.55071703071555));
#4447=CARTESIAN_POINT('',(1.40454140426883,1.92144410302089,2.20071703071554));
#4448=CARTESIAN_POINT('',(1.5287660028943,1.86988231719751,2.20071703071554));
#4449=CARTESIAN_POINT('',(1.40454140426883,1.92144410302089,2.01922096772342));
#4450=CARTESIAN_POINT('',(1.40454140426883,1.92144410302089,2.05859104646358));
#4451=CARTESIAN_POINT('',(0.459826199507166,2.31356614318843,2.01922096772342));
#4452=CARTESIAN_POINT('',(0.601453874837993,2.25478087889397,2.01922096772342));
#4453=CARTESIAN_POINT('',(0.459826199507166,2.31356614318843,2.55071703071555));
#4454=CARTESIAN_POINT('Origin',(0.389975819180226,2.58199027167526,2.55071703071555));
#4455=CARTESIAN_POINT('',(0.376981291204893,2.33232821560206,2.01922096772342));
#4456=CARTESIAN_POINT('',(0.330078244957475,2.3392717503337,2.01922096772342));
#4457=CARTESIAN_POINT('Origin',(0.389975819180226,2.58199027167526,2.01922096772342));
#4458=CARTESIAN_POINT('',(0.330078244957475,2.3392717503337,2.20071703071554));
#4459=CARTESIAN_POINT('',(0.330078244957476,2.3392717503337,2.55071703071555));
#4460=CARTESIAN_POINT('',(0.18173028809572,2.44366529640567,2.20071703071554));
#4461=CARTESIAN_POINT('Origin',(0.389975819180226,2.58199027167526,2.20071703071554));
#4462=CARTESIAN_POINT('',(0.181730288095721,2.44366529640567,2.55071703071555));
#4463=CARTESIAN_POINT('',(0.376981291204893,2.33232821560206,2.55071703071555));
#4464=CARTESIAN_POINT('Origin',(0.36398676322956,2.08266615952885,2.55071703071555));
#4465=CARTESIAN_POINT('Origin',(0.363986763229559,2.08266615952885,2.01922096772342));
#4466=CARTESIAN_POINT('Origin',(-1.21218047867884,4.10038324675211,2.55071703071554));
#4467=CARTESIAN_POINT('',(-1.00083637141699,4.23392600516938,2.20071703071554));
#4468=CARTESIAN_POINT('',(-1.36047813881509,4.30164875298234,2.20071703071554));
#4469=CARTESIAN_POINT('Origin',(-1.21218047867884,4.10038324675211,2.20071703071554));
#4470=CARTESIAN_POINT('',(-1.36047813881509,4.30164875298235,2.55071703071554));
#4471=CARTESIAN_POINT('',(-1.00083637141699,4.23392600516938,2.55071703071554));
#4472=CARTESIAN_POINT('Origin',(0.863986763228723,1.28266615952884,2.55071703071555));
#4473=CARTESIAN_POINT('',(-1.66131504776769,4.05491267875801,2.20071703071554));
#4474=CARTESIAN_POINT('Origin',(0.863986763228723,1.28266615952884,2.20071703071555));
#4475=CARTESIAN_POINT('',(-1.66131504776769,4.05491267875801,2.55071703071554));
#4476=CARTESIAN_POINT('Origin',(-1.49296159370127,3.87009624414274,2.55071703071554));
#4477=CARTESIAN_POINT('',(-1.66528070819662,3.68897163847156,2.20071703071554));
#4478=CARTESIAN_POINT('Origin',(-1.49296159370127,3.87009624414273,2.20071703071554));
#4479=CARTESIAN_POINT('',(-1.66528070819662,3.68897163847156,2.55071703071554));
#4480=CARTESIAN_POINT('Origin',(-2.63595479866571,1.26244084558772,2.55071703071555));
#4481=CARTESIAN_POINT('',(-2.88595062451531,1.26099618030621,2.20071703071555));
#4482=CARTESIAN_POINT('',(-2.61665697876403,1.01318677010039,2.20071703071555));
#4483=CARTESIAN_POINT('Origin',(-2.63595479866571,1.26244084558772,2.20071703071555));
#4484=CARTESIAN_POINT('',(-2.61665697876403,1.01318677010039,2.55071703071555));
#4485=CARTESIAN_POINT('',(-2.88595062451531,1.26099618030621,2.55071703071555));
#4486=CARTESIAN_POINT('Origin',(0.863986763228723,1.28266615952884,2.55071703071555));
#4487=CARTESIAN_POINT('',(-2.86801207803115,1.64966023146328,2.20071703071555));
#4488=CARTESIAN_POINT('',(-2.86801207803115,1.64966023146328,2.55071703071555));
#4489=CARTESIAN_POINT('Origin',(0.863986763228723,1.28266615952884,2.20071703071555));
#4490=CARTESIAN_POINT('Origin',(-2.61921215528049,1.62519396000099,2.55071703071555));
#4491=CARTESIAN_POINT('',(-2.57703695453576,1.87161078662235,2.20071703071555));
#4492=CARTESIAN_POINT('Origin',(-2.61921215528049,1.62519396000099,2.20071703071555));
#4493=CARTESIAN_POINT('',(-2.57703695453576,1.87161078662235,2.55071703071555));
#4494=CARTESIAN_POINT('Origin',(-1.0796674273482,1.86896542994314,2.55071703071555));
#4495=CARTESIAN_POINT('',(-0.894342636569292,1.70117174137663,2.20071703071555));
#4496=CARTESIAN_POINT('',(-1.12184262809293,1.62254860332178,2.20071703071555));
#4497=CARTESIAN_POINT('Origin',(-1.0796674273482,1.86896542994314,2.20071703071554));
#4498=CARTESIAN_POINT('',(-1.12184262809293,1.62254860332178,2.55071703071555));
#4499=CARTESIAN_POINT('',(-0.894342636569291,1.70117174137663,2.55071703071555));
#4500=CARTESIAN_POINT('Origin',(-2.8322656360917,1.91529417069974,2.55071703071555));
#4501=CARTESIAN_POINT('',(-0.986501240291082,1.59938439705439,2.20071703071555));
#4502=CARTESIAN_POINT('Origin',(-0.522054488512575,2.25625779552232,2.55071703071555));
#4503=CARTESIAN_POINT('',(-0.349735374017228,2.4373824011935,2.20071703071554));
#4504=CARTESIAN_POINT('',(-0.42621505223497,2.02535781186275,2.20071703071555));
#4505=CARTESIAN_POINT('Origin',(-0.522054488512576,2.25625779552232,2.20071703071554));
#4506=CARTESIAN_POINT('',(-0.42621505223497,2.02535781186275,2.55071703071555));
#4507=CARTESIAN_POINT('',(-0.349735374017228,2.4373824011935,2.55071703071555));
#4508=CARTESIAN_POINT('Origin',(-0.676567877809713,1.9214441030209,2.55071703071555));
#4509=CARTESIAN_POINT('',(-0.479654362758874,2.00317680814633,2.20071703071554));
#4510=CARTESIAN_POINT('',(-0.676567877809714,1.9214441030209,2.01922096772342));
#4511=CARTESIAN_POINT('',(-0.345837950759708,2.0587198588102,2.01922096772342));
#4512=CARTESIAN_POINT('',(-0.676567877809714,1.9214441030209,2.05859104646358));
#4513=CARTESIAN_POINT('Origin',(-1.23625308781724,0.869312635842715,2.55071703071555));
#4514=CARTESIAN_POINT('',(-1.25555090771892,1.11856671133004,2.20071703071555));
#4515=CARTESIAN_POINT('',(-1.25555090771892,1.11856671133004,2.55071703071555));
#4516=CARTESIAN_POINT('',(-1.05092829703833,1.03710632440922,2.20071703071555));
#4517=CARTESIAN_POINT('Origin',(-1.23625308781724,0.869312635842714,2.20071703071555));
#4518=CARTESIAN_POINT('',(-1.05092829703833,1.03710632440922,2.55071703071555));
#4519=CARTESIAN_POINT('Origin',(-0.727299732330141,0.679665013254934,2.55071703071555));
#4520=CARTESIAN_POINT('',(-1.12133802754935,1.11487247096235,2.20071703071555));
#4521=CARTESIAN_POINT('',(-1.19229576910184,1.19324388480815,2.20071703071555));
#4522=CARTESIAN_POINT('',(-1.12133802754935,1.11487247096235,2.01922096772342));
#4523=CARTESIAN_POINT('',(-1.12133802754935,1.11487247096235,2.55071703071555));
#4524=CARTESIAN_POINT('',(-0.727299732330141,0.679665013254933,2.01922096772342));
#4525=CARTESIAN_POINT('',(-0.631509771943115,0.573866907741508,2.01922096772342));
#4526=CARTESIAN_POINT('',(-0.727299732330141,0.679665013254934,2.05859104646358));
#4527=CARTESIAN_POINT('Origin',(-0.936013236770442,1.28266615952886,2.55071703071555));
#4528=CARTESIAN_POINT('',(-1.12133802754935,1.45045984809536,2.20071703071555));
#4529=CARTESIAN_POINT('Origin',(-0.936013236770442,1.28266615952886,2.20071703071555));
#4530=CARTESIAN_POINT('',(-1.12133802754935,1.45045984809536,2.01922096772342));
#4531=CARTESIAN_POINT('',(-1.12133802754935,1.45045984809536,2.55071703071555));
#4532=CARTESIAN_POINT('Origin',(-0.936013236770442,1.28266615952886,2.01922096772342));
#4533=CARTESIAN_POINT('Origin',(-0.68640267919454,0.377290370494594,2.55071703071555));
#4534=CARTESIAN_POINT('',(-0.590563242916933,0.608190354154166,2.20071703071555));
#4535=CARTESIAN_POINT('Origin',(-0.68640267919454,0.377290370494594,2.20071703071555));
#4536=CARTESIAN_POINT('',(-0.590563242916933,0.608190354154166,2.55071703071555));
#4537=CARTESIAN_POINT('Origin',(0.874680173693801,0.153279252587574,2.55071703071555));
#4538=CARTESIAN_POINT('',(0.778840737416195,0.384179236247146,2.20071703071555));
#4539=CARTESIAN_POINT('',(0.951692882374625,0.391121727140884,2.20071703071555));
#4540=CARTESIAN_POINT('Origin',(0.8746801736938,0.153279252587573,2.20071703071555));
#4541=CARTESIAN_POINT('',(0.951692882374626,0.391121727140885,2.55071703071555));
#4542=CARTESIAN_POINT('',(0.778840737416196,0.384179236247146,2.55071703071555));
#4543=CARTESIAN_POINT('Origin',(3.58647292805801,-0.462012467991218,2.55071703071555));
#4544=CARTESIAN_POINT('',(3.58647292805801,-0.462012467991218,2.20071703071555));
#4545=CARTESIAN_POINT('',(0.863986763228723,0.419520716076711,2.20071703071555));
#4546=CARTESIAN_POINT('',(3.58647292805801,-0.462012467991218,2.55071703071555));
#4547=CARTESIAN_POINT('Origin',(0.200423343210887,0.0101759399138914,2.55071703071555));
#4548=CARTESIAN_POINT('',(0.282205053220221,0.246421049721373,2.20071703071555));
#4549=CARTESIAN_POINT('',(0.00227870485111492,0.162618395579218,2.20071703071555));
#4550=CARTESIAN_POINT('Origin',(0.200423343210886,0.010175939913891,2.20071703071555));
#4551=CARTESIAN_POINT('',(0.282205053220221,0.246421049721373,2.55071703071555));
#4552=CARTESIAN_POINT('',(0.00227870485111457,0.162618395579219,2.55071703071555));
#4553=CARTESIAN_POINT('Origin',(0.26814732695195,0.251766175869283,2.55071703071555));
#4554=CARTESIAN_POINT('',(-0.676567877809717,0.643888216036817,2.01922096772342));
#4555=CARTESIAN_POINT('',(-0.676567877809717,0.643888216036817,2.05859104646358));
#4556=CARTESIAN_POINT('',(0.268147326951949,0.251766175869283,2.01922096772342));
#4557=CARTESIAN_POINT('',(0.126519651621121,0.310551440163742,2.01922096772342));
#4558=CARTESIAN_POINT('',(0.268147326951949,0.251766175869283,2.20071703071555));
#4559=CARTESIAN_POINT('',(0.26814732695195,0.251766175869283,2.55071703071555));
#4560=CARTESIAN_POINT('',(-0.109645425545859,0.408576253788291,2.20071703071555));
#4561=CARTESIAN_POINT('Origin',(0.118615090016167,0.313832379019761,2.55071703071555));
#4562=CARTESIAN_POINT('',(-1.42265007175117,-1.68950341586776,2.20071703071555));
#4563=CARTESIAN_POINT('Origin',(-2.63313140132988,1.42466807189036,2.55071703071555));
#4564=CARTESIAN_POINT('',(-2.54313140132988,1.42466807189036,2.20071703071555));
#4565=CARTESIAN_POINT('Origin',(-2.63313140132988,1.42466807189036,2.20071703071555));
#4566=CARTESIAN_POINT('',(-2.54313140132988,1.42466807189036,2.55071703071555));
#4567=CARTESIAN_POINT('Origin',(-1.13250065665852,1.12809354285397,2.55071703071555));
#4568=CARTESIAN_POINT('',(-2.8748243690812,0.993198861003675,2.20071703071555));
#4569=CARTESIAN_POINT('Origin',(-1.93625723853118,1.45424651585171,2.20071703071555));
#4570=CARTESIAN_POINT('',(-1.30394660597887,1.24877230620388,2.20071703071555));
#4571=CARTESIAN_POINT('Origin',(-1.34053726726885,4.0011351770015,2.55071703071554));
#4572=CARTESIAN_POINT('',(-1.25053726726885,4.0011351770015,2.20071703071554));
#4573=CARTESIAN_POINT('Origin',(-1.34053726726885,4.0011351770015,2.20071703071554));
#4574=CARTESIAN_POINT('',(-1.25053726726885,4.0011351770015,2.55071703071554));
#4575=CARTESIAN_POINT('Origin',(-0.071438109006468,2.17261473975167,2.55071703071554));
#4576=CARTESIAN_POINT('',(-1.85288232183896,3.86745287695903,2.20071703071554));
#4577=CARTESIAN_POINT('Origin',(-0.872069096195703,4.0301395539329,2.55071703071554));
#4578=CARTESIAN_POINT('',(-0.872069096195702,4.0301395539329,2.20071703071554));
#4579=CARTESIAN_POINT('',(0.268147326951962,2.31356614318843,2.20071703071554));
#4580=CARTESIAN_POINT('',(-0.872069096195702,4.0301395539329,2.55071703071554));
#4581=CARTESIAN_POINT('Origin',(-1.13915461303023,4.4528277684566,2.55071703071554));
#4582=CARTESIAN_POINT('',(-0.872069096195702,4.0301395539329,2.20071703071554));
#4583=CARTESIAN_POINT('Origin',(-0.792367497443498,3.31272125410414,2.20071703071554));
#4584=CARTESIAN_POINT('Origin',(-1.58157002111031,-1.22118128282331,2.55071703071555));
#4585=CARTESIAN_POINT('',(-1.49157002111031,-1.22118128282331,2.20071703071555));
#4586=CARTESIAN_POINT('Origin',(-1.58157002111031,-1.22118128282331,2.20071703071555));
#4587=CARTESIAN_POINT('',(-1.49157002111031,-1.22118128282331,2.55071703071555));
#4588=CARTESIAN_POINT('Origin',(-0.980403994460745,-0.622285501270992,2.20071703071555));
#4589=CARTESIAN_POINT('Origin',(0.363986763229556,0.482666159528855,2.20071703071555));
#4590=CARTESIAN_POINT('Origin',(3.98315068898695,2.76690777273839,2.55071703071554));
#4591=CARTESIAN_POINT('',(4.06915068898695,2.76690777273839,2.20071703071554));
#4592=CARTESIAN_POINT('Origin',(3.98315068898695,2.76690777273839,2.20071703071554));
#4593=CARTESIAN_POINT('',(4.06915068898695,2.76690777273839,2.55071703071554));
#4594=CARTESIAN_POINT('Origin',(3.64808309500267,-0.271738488348569,2.55071703071555));
#4595=CARTESIAN_POINT('',(3.73408309500267,-0.271738488348569,2.20071703071555));
#4596=CARTESIAN_POINT('Origin',(3.64808309500267,-0.271738488348569,2.20071703071555));
#4597=CARTESIAN_POINT('',(3.73408309500267,-0.271738488348569,2.55071703071555));
#4598=CARTESIAN_POINT('Origin',(3.64808309500267,-0.271738488348569,2.55071703071555));
#4599=CARTESIAN_POINT('',(3.66530209413571,-0.0724811018635092,2.20071703071555));
#4600=CARTESIAN_POINT('Origin',(3.64808309500267,-0.271738488348569,2.20071703071555));
#4601=CARTESIAN_POINT('',(3.66530209413571,-0.0724811018635087,2.55071703071555));
#4602=CARTESIAN_POINT('Origin',(3.77971878722871,1.25154307978819,2.55071703071554));
#4603=CARTESIAN_POINT('',(3.9565401726386,2.56868597671264,2.20071703071554));
#4604=CARTESIAN_POINT('Origin',(3.77971878722871,1.25154307978819,2.20071703071554));
#4605=CARTESIAN_POINT('',(3.9565401726386,2.56868597671264,2.55071703071554));
#4606=CARTESIAN_POINT('Origin',(3.98315068898695,2.76690777273839,2.55071703071554));
#4607=CARTESIAN_POINT('',(3.93183538012848,2.96021255559893,2.20071703071554));
#4608=CARTESIAN_POINT('Origin',(3.98315068898695,2.76690777273839,2.20071703071554));
#4609=CARTESIAN_POINT('',(3.93183538012848,2.96021255559893,2.55071703071554));
#4610=CARTESIAN_POINT('Origin',(0.863986763228723,2.14581160298101,2.55071703071554));
#4611=CARTESIAN_POINT('',(3.93183538012848,2.96021255559893,2.20071703071554));
#4612=CARTESIAN_POINT('Origin',(2.52356872610783,1.24758464219491,2.20071703071554));
#4613=CARTESIAN_POINT('',(1.40454140426883,0.643888216036812,2.20071703071555));
#4614=CARTESIAN_POINT('',(1.98870232090742,0.886355331273141,2.20071703071555));
#4615=CARTESIAN_POINT('',(1.45527325878925,0.679665013254928,2.20071703071555));
#4616=CARTESIAN_POINT('Origin',(1.3502072356705,0.774792143780821,2.20071703071555));
#4617=CARTESIAN_POINT('',(1.84931155400847,1.11487247096235,2.20071703071555));
#4618=CARTESIAN_POINT('',(2.03419463150247,1.31907215181957,2.20071703071555));
#4619=CARTESIAN_POINT('',(1.84931155400847,1.45045984809536,2.20071703071554));
#4620=CARTESIAN_POINT('Origin',(1.66398676322956,1.28266615952885,2.20071703071555));
#4621=CARTESIAN_POINT('',(1.45527325878925,1.88566730580278,2.20071703071554));
#4622=CARTESIAN_POINT('',(1.85462998705929,1.44458574460054,2.20071703071555));
#4623=CARTESIAN_POINT('Origin',(1.3502072356705,1.79054017527688,2.20071703071555));
#4624=CARTESIAN_POINT('Origin',(-1.12133802754935,1.45045984809536,2.55071703071555));
#4625=CARTESIAN_POINT('',(-0.727299732330138,1.88566730580278,2.01922096772342));
#4626=CARTESIAN_POINT('',(-0.727299732330137,1.88566730580278,2.05859104646358));
#4627=CARTESIAN_POINT('',(-0.828528919552716,1.7738616824625,2.01922096772342));
#4628=CARTESIAN_POINT('Origin',(1.3502072356705,1.79054017527688,2.05859104646358));
#4629=CARTESIAN_POINT('',(1.45527325878926,1.88566730580278,2.01922096772342));
#4630=CARTESIAN_POINT('',(1.45527325878925,1.88566730580278,2.05859104646358));
#4631=CARTESIAN_POINT('Origin',(1.3502072356705,1.79054017527688,2.01922096772342));
#4632=CARTESIAN_POINT('Origin',(1.45527325878926,1.88566730580278,2.55071703071554));
#4633=CARTESIAN_POINT('',(1.84931155400847,1.45045984809536,2.01922096772342));
#4634=CARTESIAN_POINT('',(1.84931155400847,1.45045984809536,2.55071703071554));
#4635=CARTESIAN_POINT('',(1.35948329840223,1.9914654113162,2.01922096772342));
#4636=CARTESIAN_POINT('Origin',(1.66398676322956,1.28266615952885,2.55071703071554));
#4637=CARTESIAN_POINT('',(1.84931155400847,1.11487247096235,2.01922096772342));
#4638=CARTESIAN_POINT('',(1.84931155400847,1.11487247096235,2.55071703071554));
#4639=CARTESIAN_POINT('Origin',(1.66398676322956,1.28266615952885,2.01922096772342));
#4640=CARTESIAN_POINT('Origin',(1.84931155400847,1.11487247096235,2.55071703071554));
#4641=CARTESIAN_POINT('',(1.45527325878925,0.679665013254928,2.01922096772342));
#4642=CARTESIAN_POINT('',(1.45527325878925,0.679665013254928,2.05859104646358));
#4643=CARTESIAN_POINT('',(1.55650244601183,0.791470636595213,2.01922096772342));
#4644=CARTESIAN_POINT('Origin',(1.66398676322956,1.28266615952885,2.55071703071554));
#4645=CARTESIAN_POINT('',(1.75398676322956,1.28266615952885,2.01922096772342));
#4646=CARTESIAN_POINT('Origin',(1.66398676322956,1.28266615952885,2.01922096772342));
#4647=CARTESIAN_POINT('',(1.75398676322956,1.28266615952885,2.55071703071554));
#4648=CARTESIAN_POINT('Origin',(-0.936013236770442,1.28266615952886,2.55071703071555));
#4649=CARTESIAN_POINT('',(-0.846013236770442,1.28266615952886,2.01922096772342));
#4650=CARTESIAN_POINT('Origin',(-0.936013236770442,1.28266615952886,2.01922096772342));
#4651=CARTESIAN_POINT('',(-0.846013236770442,1.28266615952886,2.55071703071555));
#4652=CARTESIAN_POINT('Origin',(0.36398676322956,2.08266615952885,2.55071703071555));
#4653=CARTESIAN_POINT('',(0.453986763229559,2.08266615952885,2.01922096772342));
#4654=CARTESIAN_POINT('Origin',(0.363986763229559,2.08266615952885,2.01922096772342));
#4655=CARTESIAN_POINT('',(0.45398676322956,2.08266615952885,2.55071703071555));
#4656=CARTESIAN_POINT('Origin',(0.363986763229556,0.482666159528855,2.55071703071555));
#4657=CARTESIAN_POINT('',(0.453986763229555,0.482666159528854,2.01922096772342));
#4658=CARTESIAN_POINT('Origin',(0.363986763229555,0.482666159528855,2.01922096772342));
#4659=CARTESIAN_POINT('',(0.453986763229556,0.482666159528855,2.55071703071555));
#4660=CARTESIAN_POINT('Origin',(1.40454140426883,0.643888216036812,2.55071703071555));
#4661=CARTESIAN_POINT('',(0.459826199507161,0.251766175869282,2.01922096772342));
#4662=CARTESIAN_POINT('',(0.459826199507161,0.251766175869282,2.55071703071555));
#4663=CARTESIAN_POINT('',(1.40454140426883,0.643888216036812,2.01922096772342));
#4664=CARTESIAN_POINT('',(1.07381147721882,0.506612460247506,2.01922096772342));
#4665=CARTESIAN_POINT('',(1.40454140426883,0.643888216036812,2.05859104646358));
#4666=CARTESIAN_POINT('Origin',(0.363986763229556,0.482666159528855,2.55071703071555));
#4667=CARTESIAN_POINT('Origin',(0.363986763229555,0.482666159528855,2.01922096772342));
#4668=CARTESIAN_POINT('Origin',(-0.622233709211386,1.79054017527689,2.05859104646358));
#4669=CARTESIAN_POINT('Origin',(-0.622233709211386,1.79054017527689,2.01922096772342));
#4670=CARTESIAN_POINT('Origin',(0.353010003983055,1.15834666424313,2.05859104646358));
#4671=CARTESIAN_POINT('',(0.30442723202488,1.14652658518841,2.44441781811712));
#4672=CARTESIAN_POINT('',(0.357407633081808,1.20815289737022,2.44441781811712));
#4673=CARTESIAN_POINT('Origin',(0.353010003983056,1.15834666424313,2.44441781811712));
#4674=CARTESIAN_POINT('',(0.357407633081808,1.20815289737022,2.05859104646358));
#4675=CARTESIAN_POINT('',(0.30442723202488,1.14652658518841,2.05859104646358));
#4676=CARTESIAN_POINT('Origin',(0.863986763229557,1.28266615952885,2.05859104646358));
#4677=CARTESIAN_POINT('',(0.304427232024882,1.41880573386931,2.44441781811712));
#4678=CARTESIAN_POINT('Origin',(0.863986763229558,1.28266615952885,2.44441781811712));
#4679=CARTESIAN_POINT('',(0.344083590092042,1.03499390992236,2.05859104646358));
#4680=CARTESIAN_POINT('',(0.344083590092042,1.03499390992236,2.05859104646358));
#4681=CARTESIAN_POINT('',(0.344083590092044,1.53033840913535,2.05859104646358));
#4682=CARTESIAN_POINT('Origin',(0.863986763229557,1.28266615952885,2.05859104646358));
#4683=CARTESIAN_POINT('',(0.344083590092044,1.53033840913535,2.05859104646358));
#4684=CARTESIAN_POINT('',(0.304427232024882,1.41880573386931,2.05859104646358));
#4685=CARTESIAN_POINT('Origin',(0.353010003983057,1.40698565481458,2.05859104646358));
#4686=CARTESIAN_POINT('',(0.357407633081809,1.35717942168749,2.44441781811712));
#4687=CARTESIAN_POINT('',(0.357407633081809,1.35717942168749,2.05859104646358));
#4688=CARTESIAN_POINT('Origin',(0.353010003983057,1.40698565481458,2.44441781811712));
#4689=CARTESIAN_POINT('Origin',(0.70506365069243,0.987270172196251,2.44441781811712));
#4690=CARTESIAN_POINT('',(0.728752893993151,1.03130220317189,2.44441781811712));
#4691=CARTESIAN_POINT('',(0.728752893993151,1.03130220317189,2.44441781811712));
#4692=CARTESIAN_POINT('',(0.675674388077804,1.027721021915,2.44441781811712));
#4693=CARTESIAN_POINT('Origin',(0.70506365069243,0.987270172196251,2.44441781811712));
#4694=CARTESIAN_POINT('',(0.675674388077807,1.027721021915,2.44441781811712));
#4695=CARTESIAN_POINT('Origin',(0.86398676322955,1.28266615952885,2.44441781811712));
#4696=CARTESIAN_POINT('',(0.728752893993144,1.53403011588582,2.44441781811712));
#4697=CARTESIAN_POINT('',(0.728752893993144,1.53403011588582,2.44441781811712));
#4698=CARTESIAN_POINT('Origin',(0.86398676322955,1.28266615952885,2.44441781811712));
#4699=CARTESIAN_POINT('Origin',(0.705063650692422,1.57806214686145,2.44441781811712));
#4700=CARTESIAN_POINT('',(0.675674388077799,1.53761129714271,2.44441781811712));
#4701=CARTESIAN_POINT('',(0.675674388077798,1.53761129714271,2.44441781811712));
#4702=CARTESIAN_POINT('Origin',(0.705063650692422,1.57806214686145,2.44441781811712));
#4703=CARTESIAN_POINT('Origin',(0.947966282365657,1.28266615952885,2.44441781811712));
#4704=CARTESIAN_POINT('',(0.449470476224283,1.70195805910546,2.44441781811712));
#4705=CARTESIAN_POINT('',(0.442394113392883,1.70709933764607,2.44441781811712));
#4706=CARTESIAN_POINT('',(0.464548864203389,1.70295204645543,2.44441781811712));
#4707=CARTESIAN_POINT('Ctrl Pts',(0.464548864203389,1.70295204645543,2.44441781811712));
#4708=CARTESIAN_POINT('Ctrl Pts',(0.462547736565861,1.7010501833568,2.44441781811712));
#4709=CARTESIAN_POINT('Ctrl Pts',(0.459942333827593,1.69991110356609,2.44441781811712));
#4710=CARTESIAN_POINT('Ctrl Pts',(0.457196498077057,1.69972844441908,2.44441781811712));
#4711=CARTESIAN_POINT('Ctrl Pts',(0.45445066232652,1.69954578527207,2.44441781811712));
#4712=CARTESIAN_POINT('Ctrl Pts',(0.451703948897311,1.70033534622337,2.44441781811712));
#4713=CARTESIAN_POINT('Ctrl Pts',(0.449470476224284,1.70195805910546,2.44441781811712));
#4714=CARTESIAN_POINT('',(0.782908361272587,1.85678910338687,2.44441781811712));
#4715=CARTESIAN_POINT('Origin',(0.863986763229558,1.28266615952885,2.44441781811712));
#4716=CARTESIAN_POINT('',(0.860800999256331,1.87458836134598,2.44441781811712));
#4717=CARTESIAN_POINT('',(0.799000577949993,1.86046633814473,2.44441781811712));
#4718=CARTESIAN_POINT('',(0.864309023524522,1.87498407095997,2.44441781811712));
#4719=CARTESIAN_POINT('Origin',(0.86431075312743,1.85922130591505,2.44441781811712));
#4720=CARTESIAN_POINT('',(1.16210084546764,1.87498407095997,2.44441781811712));
#4721=CARTESIAN_POINT('',(0.90613765294509,1.87498407095997,2.44441781811712));
#4722=CARTESIAN_POINT('',(1.17679998236638,1.85358712721076,2.44441781811712));
#4723=CARTESIAN_POINT('Ctrl Pts',(1.17679998236638,1.85358712721076,2.44441781811712));
#4724=CARTESIAN_POINT('Ctrl Pts',(1.17805647709895,1.85685633278766,2.44441781811712));
#4725=CARTESIAN_POINT('Ctrl Pts',(1.17813855555827,1.8604963361049,2.44441781811712));
#4726=CARTESIAN_POINT('Ctrl Pts',(1.17714693023151,1.8638136670356,2.44441781811712));
#4727=CARTESIAN_POINT('Ctrl Pts',(1.17668663267375,1.86535352214465,2.44441781811712));
#4728=CARTESIAN_POINT('Ctrl Pts',(1.17599452863819,1.86682383741189,2.44441781811712));
#4729=CARTESIAN_POINT('Ctrl Pts',(1.17507978331633,1.86815510035681,2.44441781811712));
#4730=CARTESIAN_POINT('Ctrl Pts',(1.17401329443188,1.86970720136144,2.44441781811712));
#4731=CARTESIAN_POINT('Ctrl Pts',(1.17266514639412,1.87104345619203,2.44441781811712));
#4732=CARTESIAN_POINT('Ctrl Pts',(1.17113076933939,1.87211202222817,2.44441781811712));
#4733=CARTESIAN_POINT('Ctrl Pts',(1.16850799950964,1.87393856333295,2.44441781811712));
#4734=CARTESIAN_POINT('Ctrl Pts',(1.16534077201209,1.87498406755803,2.44441781811712));
#4735=CARTESIAN_POINT('Ctrl Pts',(1.16210084546764,1.87498407095997,2.44441781811712));
#4736=CARTESIAN_POINT('',(1.24547560167099,1.78162004220733,2.44441781811712));
#4737=CARTESIAN_POINT('Origin',(1.22815999157602,1.83384726189106,2.44441781811712));
#4738=CARTESIAN_POINT('',(1.26499611391592,1.77266000610429,2.44441781811712));
#4739=CARTESIAN_POINT('Ctrl Pts',(1.26499611391592,1.77266000610429,2.44441781811712));
#4740=CARTESIAN_POINT('Ctrl Pts',(1.26429697735802,1.77436074020927,2.44441781811712));
#4741=CARTESIAN_POINT('Ctrl Pts',(1.26329424302941,1.77592740992412,2.44441781811712));
#4742=CARTESIAN_POINT('Ctrl Pts',(1.26071140379129,1.77875370680747,2.44441781811712));
#4743=CARTESIAN_POINT('Ctrl Pts',(1.25909732119299,1.77996941367719,2.44441781811712));
#4744=CARTESIAN_POINT('Ctrl Pts',(1.255434515082,1.78175004919744,2.44441781811712));
#4745=CARTESIAN_POINT('Ctrl Pts',(1.25339013203943,1.78226951583367,2.44441781811712));
#4746=CARTESIAN_POINT('Ctrl Pts',(1.24934482030811,1.78249859382061,2.44441781811712));
#4747=CARTESIAN_POINT('Ctrl Pts',(1.24735511473341,1.78224318308203,2.44441781811712));
#4748=CARTESIAN_POINT('Ctrl Pts',(1.24547560167099,1.78162004220733,2.44441781811712));
#4749=CARTESIAN_POINT('',(1.30566536978441,1.72316599805956,2.44441781811712));
#4750=CARTESIAN_POINT('Origin',(1.36595526716657,1.81416222252098,2.44441781811712));
#4751=CARTESIAN_POINT('',(1.31543424128941,1.72165577019049,2.44441781811712));
#4752=CARTESIAN_POINT('Origin',(1.31198488821639,1.73172294029827,2.44441781811712));
#4753=CARTESIAN_POINT('',(1.43586852852893,1.64637859354157,2.44441781811712));
#4754=CARTESIAN_POINT('Origin',(1.34175270478957,1.62978343450472,2.44441781811712));
#4755=CARTESIAN_POINT('',(1.44622291610141,1.5876559435485,2.44441781811712));
#4756=CARTESIAN_POINT('',(1.45961174678683,1.51172411149635,2.44441781811712));
#4757=CARTESIAN_POINT('',(1.44646215497564,1.5849214307032,2.44441781811712));
#4758=CARTESIAN_POINT('Origin',(1.43070518945784,1.58492059661616,2.44441781811712));
#4759=CARTESIAN_POINT('',(1.44646215497564,0.980410888354505,2.44441781811712));
#4760=CARTESIAN_POINT('',(1.44646215497564,1.43379379511602,2.44441781811712));
#4761=CARTESIAN_POINT('',(1.44622291610141,0.977676375509208,2.44441781811712));
#4762=CARTESIAN_POINT('Origin',(1.4307051894577,0.980411722441559,2.44441781811712));
#4763=CARTESIAN_POINT('',(1.43586852852893,0.918953725516132,2.44441781811712));
#4764=CARTESIAN_POINT('',(1.46478894057306,1.0829695325579,2.44441781811712));
#4765=CARTESIAN_POINT('',(1.31543915513364,0.843675141414189,2.44441781811712));
#4766=CARTESIAN_POINT('Origin',(1.34175270478957,0.935548884552988,2.44441781811712));
#4767=CARTESIAN_POINT('',(1.30566536978441,0.842166320998151,2.44441781811712));
#4768=CARTESIAN_POINT('Origin',(1.31199441936964,0.8336108495871,2.44441781811712));
#4769=CARTESIAN_POINT('',(1.26499611391592,0.79267231295341,2.44441781811712));
#4770=CARTESIAN_POINT('Origin',(1.36595526716656,0.751170096536727,2.44441781811712));
#4771=CARTESIAN_POINT('',(1.24547560167099,0.783712276850378,2.44441781811712));
#4772=CARTESIAN_POINT('Ctrl Pts',(1.24547560167099,0.783712276850378,2.44441781811712));
#4773=CARTESIAN_POINT('Ctrl Pts',(1.24924769776675,0.782461661833332,2.44441781811712));
#4774=CARTESIAN_POINT('Ctrl Pts',(1.2534288231775,0.782707152298353,2.44441781811712));
#4775=CARTESIAN_POINT('Ctrl Pts',(1.25700436592299,0.784349509424572,2.44441781811712));
#4776=CARTESIAN_POINT('Ctrl Pts',(1.26057990866848,0.78599186655079,2.44441781811712));
#4777=CARTESIAN_POINT('Ctrl Pts',(1.26348516551007,0.788996748493724,2.44441781811712));
#4778=CARTESIAN_POINT('Ctrl Pts',(1.26499611391592,0.79267231295341,2.44441781811712));
#4779=CARTESIAN_POINT('',(1.17679998236638,0.711745191846948,2.44441781811712));
#4780=CARTESIAN_POINT('Origin',(1.22815999157601,0.731485057166648,2.44441781811712));
#4781=CARTESIAN_POINT('',(1.16210084546763,0.690348248097733,2.44441781811712));
#4782=CARTESIAN_POINT('Ctrl Pts',(1.16210084546763,0.690348248097733,2.44441781811712));
#4783=CARTESIAN_POINT('Ctrl Pts',(1.16560319954857,0.69034824985618,2.44441781811712));
#4784=CARTESIAN_POINT('Ctrl Pts',(1.16903033679513,0.691577514392784,2.44441781811712));
#4785=CARTESIAN_POINT('Ctrl Pts',(1.17177108225762,0.693693245849586,2.44441781811712));
#4786=CARTESIAN_POINT('Ctrl Pts',(1.1730432950685,0.694675336561972,2.44441781811712));
#4787=CARTESIAN_POINT('Ctrl Pts',(1.17416743490312,0.695848854614123,2.44441781811712));
#4788=CARTESIAN_POINT('Ctrl Pts',(1.17508190475843,0.697180306799042,2.44441781811712));
#4789=CARTESIAN_POINT('Ctrl Pts',(1.17614807247598,0.698732628429731,2.44441781811712));
#4790=CARTESIAN_POINT('Ctrl Pts',(1.17691171536113,0.700470422900636,2.44441781811712));
#4791=CARTESIAN_POINT('Ctrl Pts',(1.17735867821225,0.70228601385288,2.44441781811712));
#4792=CARTESIAN_POINT('Ctrl Pts',(1.17812268904211,0.705389473450627,2.44441781811712));
#4793=CARTESIAN_POINT('Ctrl Pts',(1.17796232767619,0.708720943604372,2.44441781811712));
#4794=CARTESIAN_POINT('Ctrl Pts',(1.17679998236638,0.711745191846948,2.44441781811712));
#4795=CARTESIAN_POINT('',(0.864309023524519,0.690348248097734,2.44441781811712));
#4796=CARTESIAN_POINT('',(1.05503356391664,0.690348248097733,2.44441781811712));
#4797=CARTESIAN_POINT('',(0.860800999256328,0.690743957711727,2.44441781811712));
#4798=CARTESIAN_POINT('Origin',(0.864310753127408,0.70611101314249,2.44441781811712));
#4799=CARTESIAN_POINT('',(0.782908361272585,0.708543215670834,2.44441781811712));
#4800=CARTESIAN_POINT('',(0.837946896941864,0.695966351933423,2.44441781811712));
#4801=CARTESIAN_POINT('',(0.464548864203387,0.862380272602283,2.44441781811712));
#4802=CARTESIAN_POINT('Origin',(0.863986763229558,1.28266615952885,2.44441781811712));
#4803=CARTESIAN_POINT('',(0.449470476224281,0.863374259952245,2.44441781811712));
#4804=CARTESIAN_POINT('Ctrl Pts',(0.449470476224281,0.863374259952245,2.44441781811712));
#4805=CARTESIAN_POINT('Ctrl Pts',(0.451703948573304,0.864996972598935,2.44441781811712));
#4806=CARTESIAN_POINT('Ctrl Pts',(0.454436334605998,0.865784178268714,2.44441781811712));
#4807=CARTESIAN_POINT('Ctrl Pts',(0.457182386956923,0.8656048048624,2.44441781811712));
#4808=CARTESIAN_POINT('Ctrl Pts',(0.459928439307847,0.865425431456086,2.44441781811712));
#4809=CARTESIAN_POINT('Ctrl Pts',(0.46254773627556,0.864282135976803,2.44441781811712));
#4810=CARTESIAN_POINT('Ctrl Pts',(0.464548864203387,0.862380272602283,2.44441781811712));
#4811=CARTESIAN_POINT('',(0.702567793511871,1.04726022468574,2.44441781811712));
#4812=CARTESIAN_POINT('Origin',(0.363447001705493,1.28266615952886,2.44441781811712));
#4813=CARTESIAN_POINT('Origin',(0.363986763229548,1.28266615952886,2.44441781811712));
#4814=CARTESIAN_POINT('Origin',(0.363986763229548,1.28266615952886,2.44441781811712));
#4815=CARTESIAN_POINT('Ctrl Pts',(1.30566536978441,1.72316599805955,2.05859104646358));
#4816=CARTESIAN_POINT('Ctrl Pts',(1.31020607102332,1.7201567177044,2.05859104646358));
#4817=CARTESIAN_POINT('Ctrl Pts',(1.31544039864712,1.72165753383126,2.05859104646358));
#4818=CARTESIAN_POINT('Ctrl Pts',(1.30566536978441,1.72316599805955,2.55071703071555));
#4819=CARTESIAN_POINT('Ctrl Pts',(1.31020607102332,1.7201567177044,2.55071703071555));
#4820=CARTESIAN_POINT('Ctrl Pts',(1.31544039864712,1.72165753383126,2.55071703071555));
#4821=CARTESIAN_POINT('',(1.31543424128941,1.72165577019049,2.44441781811712));
#4822=CARTESIAN_POINT('',(1.30566536978441,1.72316599805956,2.05859104646358));
#4823=CARTESIAN_POINT('',(1.30566536978441,1.72316599805956,2.05859104646358));
#4824=CARTESIAN_POINT('',(1.31544039864712,1.72165753383126,2.05859104646358));
#4825=CARTESIAN_POINT('Origin',(1.31198488821639,1.73172294029827,2.05859104646358));
#4826=CARTESIAN_POINT('',(1.31544039864712,1.72165753383126,2.05859104646358));
#4827=CARTESIAN_POINT('Ctrl Pts',(0.464548864203387,0.862380272602283,2.05859104646358));
#4828=CARTESIAN_POINT('Ctrl Pts',(0.464548864203387,0.862380272602283,2.79678002284153));
#4829=CARTESIAN_POINT('Ctrl Pts',(0.46254773627556,0.864282135976803,2.05859104646358));
#4830=CARTESIAN_POINT('Ctrl Pts',(0.462547736275561,0.864282135976803,2.79678002284153));
#4831=CARTESIAN_POINT('Ctrl Pts',(0.459928439307847,0.865425431456085,2.05859104646358));
#4832=CARTESIAN_POINT('Ctrl Pts',(0.459928439307847,0.865425431456086,2.79678002284153));
#4833=CARTESIAN_POINT('Ctrl Pts',(0.457182386956922,0.865604804862399,2.05859104646358));
#4834=CARTESIAN_POINT('Ctrl Pts',(0.457182386956923,0.8656048048624,2.79678002284153));
#4835=CARTESIAN_POINT('Ctrl Pts',(0.454436334605998,0.865784178268714,2.05859104646358));
#4836=CARTESIAN_POINT('Ctrl Pts',(0.454436334605999,0.865784178268714,2.79678002284153));
#4837=CARTESIAN_POINT('Ctrl Pts',(0.451703948573304,0.864996972598935,2.05859104646358));
#4838=CARTESIAN_POINT('Ctrl Pts',(0.451703948573305,0.864996972598935,2.79678002284153));
#4839=CARTESIAN_POINT('Ctrl Pts',(0.449470476224281,0.863374259952245,2.05859104646358));
#4840=CARTESIAN_POINT('Ctrl Pts',(0.449470476224282,0.863374259952245,2.79678002284153));
#4841=CARTESIAN_POINT('',(0.464548864203387,0.862380272602283,2.05859104646358));
#4842=CARTESIAN_POINT('',(0.464548864203387,0.862380272602283,2.05859104646358));
#4843=CARTESIAN_POINT('',(0.449470476224281,0.863374259952245,2.05859104646358));
#4844=CARTESIAN_POINT('Ctrl Pts',(0.464548864203387,0.862380272602283,2.05859104646358));
#4845=CARTESIAN_POINT('Ctrl Pts',(0.46254773627556,0.864282135976803,2.05859104646358));
#4846=CARTESIAN_POINT('Ctrl Pts',(0.459928439307847,0.865425431456085,2.05859104646358));
#4847=CARTESIAN_POINT('Ctrl Pts',(0.457182386956922,0.865604804862399,2.05859104646358));
#4848=CARTESIAN_POINT('Ctrl Pts',(0.454436334605998,0.865784178268714,2.05859104646358));
#4849=CARTESIAN_POINT('Ctrl Pts',(0.451703948573304,0.864996972598935,2.05859104646358));
#4850=CARTESIAN_POINT('Ctrl Pts',(0.449470476224281,0.863374259952245,2.05859104646358));
#4851=CARTESIAN_POINT('',(0.449470476224281,0.863374259952245,2.05859104646358));
#4852=CARTESIAN_POINT('Origin',(0.863986763229557,1.28266615952885,2.05859104646358));
#4853=CARTESIAN_POINT('',(0.782908361272585,0.708543215670834,2.05859104646358));
#4854=CARTESIAN_POINT('',(0.782908361272585,0.708543215670834,2.05859104646358));
#4855=CARTESIAN_POINT('Origin',(0.863986763229557,1.28266615952885,2.05859104646358));
#4856=CARTESIAN_POINT('Ctrl Pts',(-0.0171925728241611,1.39449763979288,
2.09796112520373));
#4857=CARTESIAN_POINT('Ctrl Pts',(-0.0171925728241604,1.39449763979288,
2.77709498347145));
#4858=CARTESIAN_POINT('Ctrl Pts',(-0.0101096185614003,1.38700414994528,
2.09796112520373));
#4859=CARTESIAN_POINT('Ctrl Pts',(-0.0101096185613997,1.38700414994528,
2.77709498347145));
#4860=CARTESIAN_POINT('Ctrl Pts',(-0.00383103518265389,1.37894487174864,
2.09796112520373));
#4861=CARTESIAN_POINT('Ctrl Pts',(-0.00383103518265324,1.37894487174864,
2.77709498347145));
#4862=CARTESIAN_POINT('Ctrl Pts',(0.00715792468197332,1.36174697586553,
2.09796112520373));
#4863=CARTESIAN_POINT('Ctrl Pts',(0.00715792468197396,1.36174697586553,
2.77709498347145));
#4864=CARTESIAN_POINT('Ctrl Pts',(0.0119042354390742,1.35251189305285,2.09796112520373));
#4865=CARTESIAN_POINT('Ctrl Pts',(0.0119042354390749,1.35251189305285,2.77709498347145));
#4866=CARTESIAN_POINT('Ctrl Pts',(0.01953060790651,1.33337230812205,2.09796112520373));
#4867=CARTESIAN_POINT('Ctrl Pts',(0.0195306079065106,1.33337230812205,2.77709498347145));
#4868=CARTESIAN_POINT('Ctrl Pts',(0.0224015348632403,1.32355068539739,2.09796112520373));
#4869=CARTESIAN_POINT('Ctrl Pts',(0.0224015348632409,1.32355068539739,2.77709498347145));
#4870=CARTESIAN_POINT('Ctrl Pts',(0.0262836032506762,1.30340934667119,2.09796112520373));
#4871=CARTESIAN_POINT('Ctrl Pts',(0.0262836032506768,1.30340934667119,2.77709498347145));
#4872=CARTESIAN_POINT('Ctrl Pts',(0.027285178188143,1.29297610719507,2.09796112520373));
#4873=CARTESIAN_POINT('Ctrl Pts',(0.0272851781881436,1.29297610719507,2.77709498347145));
#4874=CARTESIAN_POINT('Ctrl Pts',(0.0272851781881362,1.28266615952873,2.09796112520373));
#4875=CARTESIAN_POINT('Ctrl Pts',(0.0272851781881369,1.28266615952873,2.77709498347145));
#4876=CARTESIAN_POINT('',(-0.0171925728241611,1.39449763979288,2.09796112520373));
#4877=CARTESIAN_POINT('',(-0.0171925728241611,1.39449763979288,2.09796112520373));
#4878=CARTESIAN_POINT('',(0.0272851781881362,1.28266615952873,2.09796112520373));
#4879=CARTESIAN_POINT('Ctrl Pts',(-0.0171925728241611,1.39449763979288,
2.09796112520373));
#4880=CARTESIAN_POINT('Ctrl Pts',(-0.0101096185614003,1.38700414994528,
2.09796112520373));
#4881=CARTESIAN_POINT('Ctrl Pts',(-0.00383103518265389,1.37894487174864,
2.09796112520373));
#4882=CARTESIAN_POINT('Ctrl Pts',(0.00715792468197332,1.36174697586553,
2.09796112520373));
#4883=CARTESIAN_POINT('Ctrl Pts',(0.0119042354390742,1.35251189305285,2.09796112520373));
#4884=CARTESIAN_POINT('Ctrl Pts',(0.01953060790651,1.33337230812205,2.09796112520373));
#4885=CARTESIAN_POINT('Ctrl Pts',(0.0224015348632403,1.32355068539739,2.09796112520373));
#4886=CARTESIAN_POINT('Ctrl Pts',(0.0262836032506762,1.30340934667119,2.09796112520373));
#4887=CARTESIAN_POINT('Ctrl Pts',(0.027285178188143,1.29297610719507,2.09796112520373));
#4888=CARTESIAN_POINT('Ctrl Pts',(0.0272851781881362,1.28266615952873,2.09796112520373));
#4889=CARTESIAN_POINT('',(0.0272851781881362,1.28266615952873,2.09796112520373));
#4890=CARTESIAN_POINT('Ctrl Pts',(-0.0795350742606182,1.43565097489202,
2.09796112520374));
#4891=CARTESIAN_POINT('Ctrl Pts',(-0.0795350742606175,1.43565097489202,
2.77709498347145));
#4892=CARTESIAN_POINT('Ctrl Pts',(-0.0676251652817692,1.43125413476649,
2.09796112520374));
#4893=CARTESIAN_POINT('Ctrl Pts',(-0.0676251652817686,1.43125413476649,
2.77709498347145));
#4894=CARTESIAN_POINT('Ctrl Pts',(-0.0564698143835149,1.42558819796246,
2.09796112520374));
#4895=CARTESIAN_POINT('Ctrl Pts',(-0.0564698143835142,1.42558819796246,
2.77709498347145));
#4896=CARTESIAN_POINT('Ctrl Pts',(-0.0355877122938161,1.41181483100144,
2.09796112520374));
#4897=CARTESIAN_POINT('Ctrl Pts',(-0.0355877122938155,1.41181483100144,
2.77709498347145));
#4898=CARTESIAN_POINT('Ctrl Pts',(-0.0258437072955642,1.40365020324686,
2.09796112520374));
#4899=CARTESIAN_POINT('Ctrl Pts',(-0.0258437072955636,1.40365020324686,
2.77709498347145));
#4900=CARTESIAN_POINT('Ctrl Pts',(-0.0171925728241611,1.39449763979288,
2.09796112520373));
#4901=CARTESIAN_POINT('Ctrl Pts',(-0.0171925728241604,1.39449763979288,
2.77709498347145));
#4902=CARTESIAN_POINT('',(-0.0795350742606178,1.43565097489202,2.09796112520374));
#4903=CARTESIAN_POINT('',(-0.0795350742606178,1.43565097489202,2.09796112520374));
#4904=CARTESIAN_POINT('Ctrl Pts',(-0.0795350742606182,1.43565097489202,
2.09796112520374));
#4905=CARTESIAN_POINT('Ctrl Pts',(-0.0676251652817692,1.43125413476649,
2.09796112520374));
#4906=CARTESIAN_POINT('Ctrl Pts',(-0.0564698143835149,1.42558819796246,
2.09796112520374));
#4907=CARTESIAN_POINT('Ctrl Pts',(-0.0355877122938161,1.41181483100144,
2.09796112520374));
#4908=CARTESIAN_POINT('Ctrl Pts',(-0.0258437072955642,1.40365020324686,
2.09796112520374));
#4909=CARTESIAN_POINT('Ctrl Pts',(-0.0171925728241611,1.39449763979288,
2.09796112520373));
#4910=CARTESIAN_POINT('Origin',(-0.13601323677045,1.28266615952886,2.09796112520374));
#4911=CARTESIAN_POINT('',(-0.0795350742606188,1.12968134416569,2.09796112520374));
#4912=CARTESIAN_POINT('',(-0.0795350742606188,1.12968134416569,2.09796112520374));
#4913=CARTESIAN_POINT('Origin',(-0.13601323677045,1.28266615952886,2.09796112520374));
#4914=CARTESIAN_POINT('Ctrl Pts',(-0.0171925728241694,1.17083467926483,
2.09796112520374));
#4915=CARTESIAN_POINT('Ctrl Pts',(-0.0171925728241687,1.17083467926483,
2.77709498347145));
#4916=CARTESIAN_POINT('Ctrl Pts',(-0.0258278974399313,1.16169884202258,
2.09796112520374));
#4917=CARTESIAN_POINT('Ctrl Pts',(-0.0258278974399306,1.16169884202258,
2.77709498347145));
#4918=CARTESIAN_POINT('Ctrl Pts',(-0.0354405194706979,1.15363257755954,
2.09796112520374));
#4919=CARTESIAN_POINT('Ctrl Pts',(-0.0354405194706973,1.15363257755954,
2.77709498347145));
#4920=CARTESIAN_POINT('Ctrl Pts',(-0.0562907245107657,1.13984451980432,
2.09796112520374));
#4921=CARTESIAN_POINT('Ctrl Pts',(-0.056290724510765,1.13984451980432,2.77709498347145));
#4922=CARTESIAN_POINT('Ctrl Pts',(-0.0676493452074443,1.13406925766822,
2.09796112520374));
#4923=CARTESIAN_POINT('Ctrl Pts',(-0.0676493452074437,1.13406925766822,
2.77709498347145));
#4924=CARTESIAN_POINT('Ctrl Pts',(-0.079535074260619,1.12968134416569,2.09796112520374));
#4925=CARTESIAN_POINT('Ctrl Pts',(-0.0795350742606183,1.12968134416569,
2.77709498347145));
#4926=CARTESIAN_POINT('',(-0.0171925728241694,1.17083467926483,2.09796112520374));
#4927=CARTESIAN_POINT('',(-0.0171925728241694,1.17083467926483,2.09796112520374));
#4928=CARTESIAN_POINT('Ctrl Pts',(-0.0171925728241694,1.17083467926483,
2.09796112520374));
#4929=CARTESIAN_POINT('Ctrl Pts',(-0.0258278974399313,1.16169884202258,
2.09796112520374));
#4930=CARTESIAN_POINT('Ctrl Pts',(-0.0354405194706979,1.15363257755954,
2.09796112520374));
#4931=CARTESIAN_POINT('Ctrl Pts',(-0.0562907245107657,1.13984451980432,
2.09796112520374));
#4932=CARTESIAN_POINT('Ctrl Pts',(-0.0676493452074443,1.13406925766822,
2.09796112520374));
#4933=CARTESIAN_POINT('Ctrl Pts',(-0.079535074260619,1.12968134416569,2.09796112520374));
#4934=CARTESIAN_POINT('Ctrl Pts',(0.0272851781881362,1.28266615952873,2.09796112520373));
#4935=CARTESIAN_POINT('Ctrl Pts',(0.0272851781881369,1.28266615952873,2.77709498347145));
#4936=CARTESIAN_POINT('Ctrl Pts',(0.0272851781881296,1.27236707811857,2.09796112520373));
#4937=CARTESIAN_POINT('Ctrl Pts',(0.0272851781881302,1.27236707811857,2.77709498347145));
#4938=CARTESIAN_POINT('Ctrl Pts',(0.0263165484086087,1.26216222121883,2.09796112520374));
#4939=CARTESIAN_POINT('Ctrl Pts',(0.0263165484086093,1.26216222121883,2.77709498347145));
#4940=CARTESIAN_POINT('Ctrl Pts',(0.0224450047888624,1.24194018027596,2.09796112520374));
#4941=CARTESIAN_POINT('Ctrl Pts',(0.022445004788863,1.24194018027596,2.77709498347145));
#4942=CARTESIAN_POINT('Ctrl Pts',(0.0195207676751024,1.23194662012725,2.09796112520374));
#4943=CARTESIAN_POINT('Ctrl Pts',(0.019520767675103,1.23194662012725,2.77709498347145));
#4944=CARTESIAN_POINT('Ctrl Pts',(0.0119632662007906,1.21295734151493,2.09796112520374));
#4945=CARTESIAN_POINT('Ctrl Pts',(0.0119632662007912,1.21295734151493,2.77709498347145));
#4946=CARTESIAN_POINT('Ctrl Pts',(0.00731427040519919,1.20385365839075,
2.09796112520374));
#4947=CARTESIAN_POINT('Ctrl Pts',(0.00731427040519984,1.20385365839075,
2.77709498347145));
#4948=CARTESIAN_POINT('Ctrl Pts',(-0.00377342078852214,1.18645443431283,
2.09796112520374));
#4949=CARTESIAN_POINT('Ctrl Pts',(-0.00377342078852149,1.18645443431283,
2.77709498347145));
#4950=CARTESIAN_POINT('Ctrl Pts',(-0.0101174809566557,1.17831985100436,
2.09796112520374));
#4951=CARTESIAN_POINT('Ctrl Pts',(-0.0101174809566551,1.17831985100436,
2.77709498347145));
#4952=CARTESIAN_POINT('Ctrl Pts',(-0.0171925728241694,1.17083467926483,
2.09796112520374));
#4953=CARTESIAN_POINT('Ctrl Pts',(-0.0171925728241687,1.17083467926483,
2.77709498347145));
#4954=CARTESIAN_POINT('Ctrl Pts',(0.0272851781881362,1.28266615952873,2.09796112520373));
#4955=CARTESIAN_POINT('Ctrl Pts',(0.0272851781881296,1.27236707811857,2.09796112520373));
#4956=CARTESIAN_POINT('Ctrl Pts',(0.0263165484086087,1.26216222121883,2.09796112520374));
#4957=CARTESIAN_POINT('Ctrl Pts',(0.0224450047888624,1.24194018027596,2.09796112520374));
#4958=CARTESIAN_POINT('Ctrl Pts',(0.0195207676751024,1.23194662012725,2.09796112520374));
#4959=CARTESIAN_POINT('Ctrl Pts',(0.0119632662007906,1.21295734151493,2.09796112520374));
#4960=CARTESIAN_POINT('Ctrl Pts',(0.00731427040519919,1.20385365839075,
2.09796112520374));
#4961=CARTESIAN_POINT('Ctrl Pts',(-0.00377342078852214,1.18645443431283,
2.09796112520374));
#4962=CARTESIAN_POINT('Ctrl Pts',(-0.0101174809566557,1.17831985100436,
2.09796112520374));
#4963=CARTESIAN_POINT('Ctrl Pts',(-0.0171925728241694,1.17083467926483,
2.09796112520374));
#4964=CARTESIAN_POINT('Origin',(-0.1990053627547,1.28266615952886,2.09796112520374));
#4965=CARTESIAN_POINT('',(0.041703082818193,1.28266615952886,2.09796112520373));
#4966=CARTESIAN_POINT('Origin',(-0.199005362754695,1.28266615952886,2.09796112520374));
#4967=CARTESIAN_POINT('Origin',(-0.674102018854232,0.881091356379251,2.05859104646358));
#4968=CARTESIAN_POINT('',(-0.730970328497075,0.881091356379251,2.01922096772342));
#4969=CARTESIAN_POINT('',(-0.674102018854232,0.824223046736408,2.01922096772342));
#4970=CARTESIAN_POINT('Origin',(-0.674102018854232,0.881091356379251,2.01922096772342));
#4971=CARTESIAN_POINT('',(-0.730970328497075,0.881091356379251,2.05859104646358));
#4972=CARTESIAN_POINT('',(-0.730970328497075,0.881091356379251,2.05859104646358));
#4973=CARTESIAN_POINT('',(-0.674102018854231,0.824223046736408,2.05859104646358));
#4974=CARTESIAN_POINT('Origin',(-0.674102018854232,0.881091356379251,2.05859104646358));
#4975=CARTESIAN_POINT('',(-0.674102018854232,0.824223046736408,2.05859104646358));
#4976=CARTESIAN_POINT('Origin',(-0.730970328497073,1.68424096267846,2.05859104646358));
#4977=CARTESIAN_POINT('',(-0.730970328497073,1.68424096267846,2.01922096772342));
#4978=CARTESIAN_POINT('',(-0.730970328497073,1.48345356110366,2.01922096772342));
#4979=CARTESIAN_POINT('',(-0.730970328497073,1.68424096267846,2.05859104646358));
#4980=CARTESIAN_POINT('',(-0.730970328497073,1.68424096267846,2.05859104646358));
#4981=CARTESIAN_POINT('',(-0.730970328497073,1.48345356110366,2.05859104646358));
#4982=CARTESIAN_POINT('Origin',(-0.67410201885423,1.68424096267846,2.05859104646358));
#4983=CARTESIAN_POINT('',(-0.67410201885423,1.74110927232131,2.01922096772342));
#4984=CARTESIAN_POINT('Origin',(-0.67410201885423,1.68424096267846,2.01922096772342));
#4985=CARTESIAN_POINT('',(-0.674102018854229,1.74110927232131,2.05859104646358));
#4986=CARTESIAN_POINT('',(-0.674102018854229,1.74110927232131,2.05859104646358));
#4987=CARTESIAN_POINT('Origin',(-0.67410201885423,1.68424096267846,2.05859104646358));
#4988=CARTESIAN_POINT('Origin',(-0.637981740707449,1.74110927232131,2.05859104646358));
#4989=CARTESIAN_POINT('',(-0.637981740707449,1.74110927232131,2.01922096772342));
#4990=CARTESIAN_POINT('',(-0.136997488738945,1.7411092723213,2.01922096772342));
#4991=CARTESIAN_POINT('',(-0.637981740707449,1.74110927232131,2.05859104646358));
#4992=CARTESIAN_POINT('',(-0.637981740707449,1.74110927232131,2.05859104646358));
#4993=CARTESIAN_POINT('',(-0.136997488738945,1.7411092723213,2.05859104646358));
#4994=CARTESIAN_POINT('Origin',(-0.63798174070745,1.81416222252098,2.05859104646358));
#4995=CARTESIAN_POINT('',(-0.564928790507773,1.81416222252098,2.01922096772342));
#4996=CARTESIAN_POINT('Origin',(-0.63798174070745,1.81416222252098,2.01922096772342));
#4997=CARTESIAN_POINT('',(-0.564928790507773,1.81416222252098,2.05859104646358));
#4998=CARTESIAN_POINT('',(-0.564928790507773,1.81416222252098,2.05859104646358));
#4999=CARTESIAN_POINT('Origin',(-0.63798174070745,1.81416222252098,2.05859104646358));
#5000=CARTESIAN_POINT('Origin',(-0.564928790507773,1.84240848491973,2.05859104646358));
#5001=CARTESIAN_POINT('',(-0.564928790507773,1.84240848491973,2.01922096772342));
#5002=CARTESIAN_POINT('',(-0.564928790507775,1.5625373222243,2.01922096772342));
#5003=CARTESIAN_POINT('',(-0.564928790507773,1.84240848491973,2.05859104646358));
#5004=CARTESIAN_POINT('',(-0.564928790507773,1.84240848491973,2.05859104646358));
#5005=CARTESIAN_POINT('',(-0.564928790507775,1.5625373222243,2.05859104646358));
#5006=CARTESIAN_POINT('Origin',(-0.50806048086493,1.84240848491973,2.05859104646358));
#5007=CARTESIAN_POINT('',(-0.519950244644457,1.89801997796659,2.01922096772342));
#5008=CARTESIAN_POINT('Origin',(-0.50806048086493,1.84240848491973,2.01922096772342));
#5009=CARTESIAN_POINT('',(-0.519950244644457,1.89801997796659,2.05859104646358));
#5010=CARTESIAN_POINT('',(-0.519950244644457,1.89801997796659,2.05859104646358));
#5011=CARTESIAN_POINT('Origin',(-0.50806048086493,1.84240848491973,2.05859104646358));
#5012=CARTESIAN_POINT('Origin',(-0.519950244644457,1.90077639574933,2.05859104646358));
#5013=CARTESIAN_POINT('',(-0.519950244644457,1.90577639574933,2.01922096772342));
#5014=CARTESIAN_POINT('',(-0.519950244644459,1.59172127763909,2.01922096772342));
#5015=CARTESIAN_POINT('',(-0.519950244644457,1.90577639574933,2.05859104646358));
#5016=CARTESIAN_POINT('',(-0.519950244644457,1.90577639574933,2.05859104646358));
#5017=CARTESIAN_POINT('',(-0.519950244644459,1.59172127763909,2.05859104646358));
#5018=CARTESIAN_POINT('Origin',(-0.485422685589339,1.90577639574933,2.05859104646358));
#5019=CARTESIAN_POINT('',(-0.480422685589339,1.90577639574933,2.01922096772342));
#5020=CARTESIAN_POINT('',(-0.060717961179891,1.90577639574933,2.01922096772342));
#5021=CARTESIAN_POINT('',(-0.480422685589339,1.90577639574933,2.05859104646358));
#5022=CARTESIAN_POINT('',(-0.480422685589339,1.90577639574933,2.05859104646358));
#5023=CARTESIAN_POINT('',(-0.060717961179891,1.90577639574933,2.05859104646358));
#5024=CARTESIAN_POINT('Origin',(-0.480422685589339,1.89427679456257,2.05859104646358));
#5025=CARTESIAN_POINT('',(-0.480422685589339,1.89927679456257,2.01922096772342));
#5026=CARTESIAN_POINT('',(-0.48042268558934,1.58847147704572,2.01922096772342));
#5027=CARTESIAN_POINT('',(-0.480422685589339,1.89927679456257,2.05859104646358));
#5028=CARTESIAN_POINT('',(-0.480422685589339,1.89927679456257,2.05859104646358));
#5029=CARTESIAN_POINT('',(-0.48042268558934,1.58847147704572,2.05859104646358));
#5030=CARTESIAN_POINT('Origin',(1.23603400732405,1.89927679456257,2.05859104646358));
#5031=CARTESIAN_POINT('',(1.23603400732405,1.89927679456257,2.01922096772342));
#5032=CARTESIAN_POINT('',(0.800010385276803,1.89927679456257,2.01922096772342));
#5033=CARTESIAN_POINT('',(1.23603400732405,1.89927679456257,2.05859104646358));
#5034=CARTESIAN_POINT('',(1.23603400732405,1.89927679456257,2.05859104646358));
#5035=CARTESIAN_POINT('',(0.800010385276803,1.89927679456257,2.05859104646358));
#5036=CARTESIAN_POINT('Origin',(1.23603400732405,1.84240848491973,2.05859104646358));
#5037=CARTESIAN_POINT('',(1.29290231696689,1.84240848491973,2.01922096772342));
#5038=CARTESIAN_POINT('Origin',(1.23603400732405,1.84240848491973,2.01922096772342));
#5039=CARTESIAN_POINT('',(1.29290231696689,1.84240848491973,2.05859104646358));
#5040=CARTESIAN_POINT('',(1.29290231696689,1.84240848491973,2.05859104646358));
#5041=CARTESIAN_POINT('Origin',(1.23603400732405,1.84240848491973,2.05859104646358));
#5042=CARTESIAN_POINT('Origin',(1.29290231696689,1.81416222252098,2.05859104646358));
#5043=CARTESIAN_POINT('',(1.29290231696689,1.81416222252098,2.01922096772342));
#5044=CARTESIAN_POINT('',(1.29290231696689,1.54841419102492,2.01922096772342));
#5045=CARTESIAN_POINT('',(1.29290231696689,1.81416222252098,2.05859104646358));
#5046=CARTESIAN_POINT('',(1.29290231696689,1.81416222252098,2.05859104646358));
#5047=CARTESIAN_POINT('',(1.29290231696689,1.54841419102492,2.05859104646358));
#5048=CARTESIAN_POINT('Origin',(1.36595526716657,1.81416222252098,2.05859104646358));
#5049=CARTESIAN_POINT('',(1.36595526716657,1.7411092723213,2.01922096772342));
#5050=CARTESIAN_POINT('Origin',(1.36595526716657,1.81416222252098,2.01922096772342));
#5051=CARTESIAN_POINT('',(1.36595526716657,1.7411092723213,2.05859104646358));
#5052=CARTESIAN_POINT('',(1.36595526716657,1.7411092723213,2.05859104646358));
#5053=CARTESIAN_POINT('Origin',(1.36595526716657,1.81416222252098,2.05859104646358));
#5054=CARTESIAN_POINT('Origin',(1.40207554531335,1.7411092723213,2.05859104646358));
#5055=CARTESIAN_POINT('',(1.40207554531335,1.7411092723213,2.01922096772342));
#5056=CARTESIAN_POINT('',(0.883031154271451,1.7411092723213,2.01922096772342));
#5057=CARTESIAN_POINT('',(1.40207554531335,1.7411092723213,2.05859104646358));
#5058=CARTESIAN_POINT('',(1.40207554531335,1.7411092723213,2.05859104646358));
#5059=CARTESIAN_POINT('',(0.883031154271451,1.7411092723213,2.05859104646358));
#5060=CARTESIAN_POINT('Origin',(1.40207554531335,1.68424096267846,2.05859104646358));
#5061=CARTESIAN_POINT('',(1.45894385495619,1.68424096267846,2.01922096772342));
#5062=CARTESIAN_POINT('Origin',(1.40207554531335,1.68424096267846,2.01922096772342));
#5063=CARTESIAN_POINT('',(1.45894385495619,1.68424096267846,2.05859104646358));
#5064=CARTESIAN_POINT('',(1.45894385495619,1.68424096267846,2.05859104646358));
#5065=CARTESIAN_POINT('Origin',(1.40207554531335,1.68424096267846,2.05859104646358));
#5066=CARTESIAN_POINT('Origin',(1.45894385495619,0.881091356379246,2.05859104646358));
#5067=CARTESIAN_POINT('',(1.45894385495619,0.881091356379246,2.01922096772342));
#5068=CARTESIAN_POINT('',(1.45894385495619,1.08187875795405,2.01922096772342));
#5069=CARTESIAN_POINT('',(1.45894385495619,0.881091356379246,2.05859104646358));
#5070=CARTESIAN_POINT('',(1.45894385495619,0.881091356379246,2.05859104646358));
#5071=CARTESIAN_POINT('',(1.45894385495619,1.08187875795405,2.05859104646358));
#5072=CARTESIAN_POINT('Origin',(1.40207554531334,0.881091356379246,2.05859104646358));
#5073=CARTESIAN_POINT('',(1.40207554531334,0.824223046736403,2.01922096772342));
#5074=CARTESIAN_POINT('Origin',(1.40207554531334,0.881091356379246,2.01922096772342));
#5075=CARTESIAN_POINT('',(1.40207554531334,0.824223046736403,2.05859104646358));
#5076=CARTESIAN_POINT('',(1.40207554531334,0.824223046736403,2.05859104646358));
#5077=CARTESIAN_POINT('Origin',(1.40207554531334,0.881091356379246,2.05859104646358));
#5078=CARTESIAN_POINT('Origin',(1.36595526716656,0.824223046736403,2.05859104646358));
#5079=CARTESIAN_POINT('',(1.36595526716656,0.824223046736403,2.01922096772342));
#5080=CARTESIAN_POINT('',(0.86497101519806,0.824223046736404,2.01922096772342));
#5081=CARTESIAN_POINT('',(1.36595526716656,0.824223046736403,2.05859104646358));
#5082=CARTESIAN_POINT('',(1.36595526716656,0.824223046736403,2.05859104646358));
#5083=CARTESIAN_POINT('',(0.86497101519806,0.824223046736404,2.05859104646358));
#5084=CARTESIAN_POINT('Origin',(1.36595526716656,0.751170096536727,2.05859104646358));
#5085=CARTESIAN_POINT('',(1.29290231696689,0.751170096536726,2.01922096772342));
#5086=CARTESIAN_POINT('Origin',(1.36595526716656,0.751170096536727,2.01922096772342));
#5087=CARTESIAN_POINT('',(1.29290231696689,0.751170096536726,2.05859104646358));
#5088=CARTESIAN_POINT('',(1.29290231696689,0.751170096536726,2.05859104646358));
#5089=CARTESIAN_POINT('Origin',(1.36595526716656,0.751170096536727,2.05859104646358));
#5090=CARTESIAN_POINT('Origin',(1.29290231696689,0.722923834137978,2.05859104646358));
#5091=CARTESIAN_POINT('',(1.29290231696689,0.722923834137978,2.01922096772342));
#5092=CARTESIAN_POINT('',(1.29290231696688,1.00279499683342,2.01922096772342));
#5093=CARTESIAN_POINT('',(1.29290231696689,0.722923834137978,2.05859104646358));
#5094=CARTESIAN_POINT('',(1.29290231696689,0.722923834137978,2.05859104646358));
#5095=CARTESIAN_POINT('',(1.29290231696688,1.00279499683342,2.05859104646358));
#5096=CARTESIAN_POINT('Origin',(1.23603400732404,0.722923834137978,2.05859104646358));
#5097=CARTESIAN_POINT('',(1.23603400732404,0.666055524495134,2.01922096772342));
#5098=CARTESIAN_POINT('Origin',(1.23603400732404,0.722923834137978,2.01922096772342));
#5099=CARTESIAN_POINT('',(1.23603400732404,0.666055524495134,2.05859104646358));
#5100=CARTESIAN_POINT('',(1.23603400732404,0.666055524495134,2.05859104646358));
#5101=CARTESIAN_POINT('Origin',(1.23603400732404,0.722923834137978,2.05859104646358));
#5102=CARTESIAN_POINT('Origin',(-0.485422685589342,0.666055524495139,2.05859104646358));
#5103=CARTESIAN_POINT('',(-0.480422685589342,0.666055524495139,2.01922096772342));
#5104=CARTESIAN_POINT('',(-0.0607179611798931,0.666055524495138,2.01922096772342));
#5105=CARTESIAN_POINT('',(-0.480422685589342,0.666055524495139,2.05859104646358));
#5106=CARTESIAN_POINT('',(-0.480422685589342,0.666055524495139,2.05859104646358));
#5107=CARTESIAN_POINT('',(-0.0607179611798931,0.666055524495138,2.05859104646358));
#5108=CARTESIAN_POINT('Origin',(-0.480422685589342,0.664555923308384,2.05859104646358));
#5109=CARTESIAN_POINT('',(-0.480422685589342,0.659555923308384,2.01922096772342));
#5110=CARTESIAN_POINT('',(-0.480422685589341,0.973611041418621,2.01922096772342));
#5111=CARTESIAN_POINT('',(-0.480422685589342,0.659555923308384,2.05859104646358));
#5112=CARTESIAN_POINT('',(-0.480422685589342,0.659555923308384,2.05859104646358));
#5113=CARTESIAN_POINT('',(-0.480422685589341,0.973611041418621,2.05859104646358));
#5114=CARTESIAN_POINT('Origin',(-0.51495024464446,0.659555923308384,2.05859104646358));
#5115=CARTESIAN_POINT('',(-0.51995024464446,0.659555923308385,2.01922096772342));
#5116=CARTESIAN_POINT('',(-0.0754817407074522,0.659555923308383,2.01922096772342));
#5117=CARTESIAN_POINT('',(-0.51995024464446,0.659555923308385,2.05859104646358));
#5118=CARTESIAN_POINT('',(-0.51995024464446,0.659555923308385,2.05859104646358));
#5119=CARTESIAN_POINT('',(-0.0754817407074522,0.659555923308383,2.05859104646358));
#5120=CARTESIAN_POINT('Origin',(-0.51995024464446,0.671515151016663,2.05859104646358));
#5121=CARTESIAN_POINT('',(-0.51995024464446,0.667312341091119,2.01922096772342));
#5122=CARTESIAN_POINT('',(-0.519950244644475,0.977090655272738,2.01922096772342));
#5123=CARTESIAN_POINT('',(-0.51995024464446,0.667312341091119,2.05859104646358));
#5124=CARTESIAN_POINT('',(-0.51995024464446,0.667312341091119,2.05859104646358));
#5125=CARTESIAN_POINT('',(-0.519950244644475,0.977090655272738,2.05859104646358));
#5126=CARTESIAN_POINT('Origin',(-0.508060480864933,0.722923834137982,2.05859104646358));
#5127=CARTESIAN_POINT('',(-0.564928790507776,0.722923834137982,2.01922096772342));
#5128=CARTESIAN_POINT('Origin',(-0.508060480864933,0.722923834137982,2.01922096772342));
#5129=CARTESIAN_POINT('',(-0.564928790507776,0.722923834137982,2.05859104646358));
#5130=CARTESIAN_POINT('',(-0.564928790507776,0.722923834137982,2.05859104646358));
#5131=CARTESIAN_POINT('Origin',(-0.508060480864933,0.722923834137982,2.05859104646358));
#5132=CARTESIAN_POINT('Origin',(-0.564928790507776,0.751170096536731,2.05859104646358));
#5133=CARTESIAN_POINT('',(-0.564928790507776,0.751170096536731,2.01922096772342));
#5134=CARTESIAN_POINT('',(-0.564928790507774,1.0169181280328,2.01922096772342));
#5135=CARTESIAN_POINT('',(-0.564928790507776,0.751170096536731,2.05859104646358));
#5136=CARTESIAN_POINT('',(-0.564928790507776,0.751170096536731,2.05859104646358));
#5137=CARTESIAN_POINT('',(-0.564928790507774,1.0169181280328,2.05859104646358));
#5138=CARTESIAN_POINT('Origin',(-0.637981740707452,0.751170096536731,2.05859104646358));
#5139=CARTESIAN_POINT('',(-0.637981740707453,0.824223046736408,2.01922096772342));
#5140=CARTESIAN_POINT('Origin',(-0.637981740707452,0.751170096536731,2.01922096772342));
#5141=CARTESIAN_POINT('',(-0.637981740707453,0.824223046736408,2.05859104646358));
#5142=CARTESIAN_POINT('',(-0.637981740707453,0.824223046736408,2.05859104646358));
#5143=CARTESIAN_POINT('Origin',(-0.637981740707452,0.751170096536731,2.05859104646358));
#5144=CARTESIAN_POINT('Origin',(-0.674102018854232,0.824223046736408,2.05859104646358));
#5145=CARTESIAN_POINT('',(-0.155057627812338,0.824223046736406,2.01922096772342));
#5146=CARTESIAN_POINT('',(-0.155057627812338,0.824223046736406,2.05859104646358));
#5147=CARTESIAN_POINT('Origin',(0.363986763229557,1.28266615952885,2.01922096772342));
#5148=CARTESIAN_POINT('Origin',(-0.622233709211389,0.774792143780826,2.01922096772342));
#5149=CARTESIAN_POINT('Origin',(1.3502072356705,0.774792143780821,2.01922096772342));
#5150=CARTESIAN_POINT('Origin',(0.860800999256327,0.690743957711727,2.05859104646358));
#5151=CARTESIAN_POINT('',(0.860800999256327,0.690743957711727,2.05859104646358));
#5152=CARTESIAN_POINT('',(0.860800999256327,0.690743957711727,2.05859104646358));
#5153=CARTESIAN_POINT('',(0.860800999256327,0.690743957711727,2.05859104646358));
#5154=CARTESIAN_POINT('Origin',(0.864310753127408,0.70611101314249,2.05859104646358));
#5155=CARTESIAN_POINT('',(0.864309023524519,0.690348248097734,2.05859104646358));
#5156=CARTESIAN_POINT('',(0.864309023524519,0.690348248097734,2.05859104646358));
#5157=CARTESIAN_POINT('Origin',(0.864310753127408,0.70611101314249,2.05859104646358));
#5158=CARTESIAN_POINT('Origin',(1.16210084546763,0.690348248097733,2.05859104646358));
#5159=CARTESIAN_POINT('',(1.16210084546763,0.690348248097733,2.05859104646358));
#5160=CARTESIAN_POINT('',(1.16210084546763,0.690348248097733,2.05859104646358));
#5161=CARTESIAN_POINT('',(1.16210084546763,0.690348248097733,2.05859104646358));
#5162=CARTESIAN_POINT('Ctrl Pts',(1.17679998236638,0.711745191846948,2.05859104646358));
#5163=CARTESIAN_POINT('Ctrl Pts',(1.17679998236638,0.711745191846948,2.79678002284153));
#5164=CARTESIAN_POINT('Ctrl Pts',(1.17796232767619,0.708720943604372,2.05859104646358));
#5165=CARTESIAN_POINT('Ctrl Pts',(1.17796232767619,0.708720943604372,2.79678002284153));
#5166=CARTESIAN_POINT('Ctrl Pts',(1.17812268904211,0.705389473450626,2.05859104646358));
#5167=CARTESIAN_POINT('Ctrl Pts',(1.17812268904211,0.705389473450627,2.79678002284153));
#5168=CARTESIAN_POINT('Ctrl Pts',(1.17735867821225,0.70228601385288,2.05859104646358));
#5169=CARTESIAN_POINT('Ctrl Pts',(1.17735867821225,0.70228601385288,2.79678002284153));
#5170=CARTESIAN_POINT('Ctrl Pts',(1.17691171536113,0.700470422900636,2.05859104646358));
#5171=CARTESIAN_POINT('Ctrl Pts',(1.17691171536113,0.700470422900636,2.79678002284153));
#5172=CARTESIAN_POINT('Ctrl Pts',(1.17614807247598,0.698732628429731,2.05859104646358));
#5173=CARTESIAN_POINT('Ctrl Pts',(1.17614807247598,0.698732628429731,2.79678002284153));
#5174=CARTESIAN_POINT('Ctrl Pts',(1.17508190475843,0.697180306799041,2.05859104646358));
#5175=CARTESIAN_POINT('Ctrl Pts',(1.17508190475843,0.697180306799042,2.79678002284153));
#5176=CARTESIAN_POINT('Ctrl Pts',(1.17416743490312,0.695848854614123,2.05859104646358));
#5177=CARTESIAN_POINT('Ctrl Pts',(1.17416743490312,0.695848854614123,2.79678002284153));
#5178=CARTESIAN_POINT('Ctrl Pts',(1.1730432950685,0.694675336561972,2.05859104646358));
#5179=CARTESIAN_POINT('Ctrl Pts',(1.1730432950685,0.694675336561972,2.79678002284153));
#5180=CARTESIAN_POINT('Ctrl Pts',(1.17177108225762,0.693693245849585,2.05859104646358));
#5181=CARTESIAN_POINT('Ctrl Pts',(1.17177108225762,0.693693245849586,2.79678002284153));
#5182=CARTESIAN_POINT('Ctrl Pts',(1.16903033679513,0.691577514392784,2.05859104646358));
#5183=CARTESIAN_POINT('Ctrl Pts',(1.16903033679513,0.691577514392784,2.79678002284153));
#5184=CARTESIAN_POINT('Ctrl Pts',(1.16560319954857,0.69034824985618,2.05859104646358));
#5185=CARTESIAN_POINT('Ctrl Pts',(1.16560319954857,0.69034824985618,2.79678002284153));
#5186=CARTESIAN_POINT('Ctrl Pts',(1.16210084546763,0.690348248097733,2.05859104646358));
#5187=CARTESIAN_POINT('Ctrl Pts',(1.16210084546763,0.690348248097733,2.79678002284153));
#5188=CARTESIAN_POINT('',(1.17679998236638,0.711745191846948,2.05859104646358));
#5189=CARTESIAN_POINT('',(1.17679998236638,0.711745191846948,2.05859104646358));
#5190=CARTESIAN_POINT('Ctrl Pts',(1.17679998236638,0.711745191846948,2.05859104646358));
#5191=CARTESIAN_POINT('Ctrl Pts',(1.17796232767619,0.708720943604372,2.05859104646358));
#5192=CARTESIAN_POINT('Ctrl Pts',(1.17812268904211,0.705389473450626,2.05859104646358));
#5193=CARTESIAN_POINT('Ctrl Pts',(1.17735867821225,0.70228601385288,2.05859104646358));
#5194=CARTESIAN_POINT('Ctrl Pts',(1.17691171536113,0.700470422900636,2.05859104646358));
#5195=CARTESIAN_POINT('Ctrl Pts',(1.17614807247598,0.698732628429731,2.05859104646358));
#5196=CARTESIAN_POINT('Ctrl Pts',(1.17508190475843,0.697180306799041,2.05859104646358));
#5197=CARTESIAN_POINT('Ctrl Pts',(1.17416743490312,0.695848854614123,2.05859104646358));
#5198=CARTESIAN_POINT('Ctrl Pts',(1.1730432950685,0.694675336561972,2.05859104646358));
#5199=CARTESIAN_POINT('Ctrl Pts',(1.17177108225762,0.693693245849585,2.05859104646358));
#5200=CARTESIAN_POINT('Ctrl Pts',(1.16903033679513,0.691577514392784,2.05859104646358));
#5201=CARTESIAN_POINT('Ctrl Pts',(1.16560319954857,0.69034824985618,2.05859104646358));
#5202=CARTESIAN_POINT('Ctrl Pts',(1.16210084546763,0.690348248097733,2.05859104646358));
#5203=CARTESIAN_POINT('Origin',(1.22815999157601,0.731485057166648,2.05859104646358));
#5204=CARTESIAN_POINT('',(1.24547560167098,0.783712276850377,2.05859104646358));
#5205=CARTESIAN_POINT('',(1.24547560167098,0.783712276850377,2.05859104646358));
#5206=CARTESIAN_POINT('Origin',(1.22815999157601,0.731485057166648,2.05859104646358));
#5207=CARTESIAN_POINT('Ctrl Pts',(1.26499611391592,0.79267231295341,2.05859104646358));
#5208=CARTESIAN_POINT('Ctrl Pts',(1.26499611391592,0.79267231295341,2.79678002284153));
#5209=CARTESIAN_POINT('Ctrl Pts',(1.26348516551007,0.788996748493724,2.05859104646358));
#5210=CARTESIAN_POINT('Ctrl Pts',(1.26348516551007,0.788996748493724,2.79678002284153));
#5211=CARTESIAN_POINT('Ctrl Pts',(1.26057990866848,0.78599186655079,2.05859104646358));
#5212=CARTESIAN_POINT('Ctrl Pts',(1.26057990866848,0.78599186655079,2.79678002284153));
#5213=CARTESIAN_POINT('Ctrl Pts',(1.2534288231775,0.782707152298353,2.05859104646358));
#5214=CARTESIAN_POINT('Ctrl Pts',(1.2534288231775,0.782707152298353,2.79678002284153));
#5215=CARTESIAN_POINT('Ctrl Pts',(1.24924769776675,0.782461661833332,2.05859104646358));
#5216=CARTESIAN_POINT('Ctrl Pts',(1.24924769776675,0.782461661833332,2.79678002284153));
#5217=CARTESIAN_POINT('Ctrl Pts',(1.24547560167098,0.783712276850377,2.05859104646358));
#5218=CARTESIAN_POINT('Ctrl Pts',(1.24547560167099,0.783712276850378,2.79678002284153));
#5219=CARTESIAN_POINT('',(1.26499611391592,0.79267231295341,2.05859104646358));
#5220=CARTESIAN_POINT('',(1.26499611391592,0.79267231295341,2.05859104646358));
#5221=CARTESIAN_POINT('Ctrl Pts',(1.26499611391592,0.79267231295341,2.05859104646358));
#5222=CARTESIAN_POINT('Ctrl Pts',(1.26348516551007,0.788996748493724,2.05859104646358));
#5223=CARTESIAN_POINT('Ctrl Pts',(1.26057990866848,0.78599186655079,2.05859104646358));
#5224=CARTESIAN_POINT('Ctrl Pts',(1.2534288231775,0.782707152298353,2.05859104646358));
#5225=CARTESIAN_POINT('Ctrl Pts',(1.24924769776675,0.782461661833332,2.05859104646358));
#5226=CARTESIAN_POINT('Ctrl Pts',(1.24547560167098,0.783712276850377,2.05859104646358));
#5227=CARTESIAN_POINT('Origin',(1.36595526716656,0.751170096536727,2.05859104646358));
#5228=CARTESIAN_POINT('',(1.30566536978441,0.842166320998151,2.05859104646358));
#5229=CARTESIAN_POINT('',(1.30566536978441,0.842166320998151,2.05859104646358));
#5230=CARTESIAN_POINT('Origin',(1.36595526716656,0.751170096536727,2.05859104646358));
#5231=CARTESIAN_POINT('Ctrl Pts',(1.31544039864712,0.843674785226442,2.05859104646358));
#5232=CARTESIAN_POINT('Ctrl Pts',(1.31020376269905,0.845175245137032,2.05859104646358));
#5233=CARTESIAN_POINT('Ctrl Pts',(1.30566536978441,0.84216632099815,2.05859104646358));
#5234=CARTESIAN_POINT('Ctrl Pts',(1.31544039864712,0.843674785226442,2.55071703071555));
#5235=CARTESIAN_POINT('Ctrl Pts',(1.31020376269906,0.845175245137032,2.55071703071555));
#5236=CARTESIAN_POINT('Ctrl Pts',(1.30566536978441,0.842166320998151,2.55071703071555));
#5237=CARTESIAN_POINT('',(1.31543915511781,0.843675141376442,2.44441781811712));
#5238=CARTESIAN_POINT('',(1.31544039864712,0.843674785226442,2.05859104646358));
#5239=CARTESIAN_POINT('',(1.31544039864712,0.843674785226442,2.05859104646358));
#5240=CARTESIAN_POINT('Origin',(1.31199441936964,0.833610849587099,2.05859104646358));
#5241=CARTESIAN_POINT('Origin',(1.34175270478956,0.935548884552988,2.05859104646358));
#5242=CARTESIAN_POINT('',(1.43586852852893,0.918953725516132,2.05859104646358));
#5243=CARTESIAN_POINT('',(1.43586852852893,0.918953725516132,2.05859104646358));
#5244=CARTESIAN_POINT('Origin',(1.34175270478956,0.935548884552988,2.05859104646358));
#5245=CARTESIAN_POINT('Origin',(1.44622291610141,0.977676375509208,2.05859104646358));
#5246=CARTESIAN_POINT('',(1.44622291610141,0.977676375509208,2.05859104646358));
#5247=CARTESIAN_POINT('',(1.44622291610141,0.977676375509208,2.05859104646358));
#5248=CARTESIAN_POINT('',(1.44622291610141,0.977676375509208,2.05859104646358));
#5249=CARTESIAN_POINT('Origin',(1.4307051894577,0.980411722441559,2.05859104646358));
#5250=CARTESIAN_POINT('',(1.44646215497564,0.980410888354505,2.05859104646358));
#5251=CARTESIAN_POINT('',(1.44646215497564,0.980410888354505,2.05859104646358));
#5252=CARTESIAN_POINT('Origin',(1.4307051894577,0.980411722441559,2.05859104646358));
#5253=CARTESIAN_POINT('Origin',(1.44646215497564,1.5849214307032,2.05859104646358));
#5254=CARTESIAN_POINT('',(1.44646215497564,1.5849214307032,2.05859104646358));
#5255=CARTESIAN_POINT('',(1.44646215497564,1.5849214307032,2.05859104646358));
#5256=CARTESIAN_POINT('',(1.44646215497564,1.5849214307032,2.05859104646358));
#5257=CARTESIAN_POINT('Origin',(1.43070518945784,1.58492059661616,2.05859104646358));
#5258=CARTESIAN_POINT('',(1.44622291610141,1.5876559435485,2.05859104646358));
#5259=CARTESIAN_POINT('',(1.44622291610141,1.5876559435485,2.05859104646358));
#5260=CARTESIAN_POINT('Origin',(1.43070518945784,1.58492059661616,2.05859104646358));
#5261=CARTESIAN_POINT('Origin',(1.43586852852893,1.64637859354157,2.05859104646358));
#5262=CARTESIAN_POINT('',(1.43586852852893,1.64637859354157,2.05859104646358));
#5263=CARTESIAN_POINT('',(1.43586852852893,1.64637859354157,2.05859104646358));
#5264=CARTESIAN_POINT('',(1.43586852852893,1.64637859354157,2.05859104646358));
#5265=CARTESIAN_POINT('Origin',(1.34175270478957,1.62978343450472,2.05859104646358));
#5266=CARTESIAN_POINT('Origin',(1.34175270478957,1.62978343450472,2.05859104646358));
#5267=CARTESIAN_POINT('Origin',(1.3502072356705,0.774792143780821,2.05859104646358));
#5268=CARTESIAN_POINT('Origin',(-0.622233709211389,0.774792143780826,2.05859104646358));
#5269=CARTESIAN_POINT('Origin',(1.36595526716657,1.81416222252098,2.05859104646358));
#5270=CARTESIAN_POINT('',(1.26499611391592,1.77266000610429,2.05859104646358));
#5271=CARTESIAN_POINT('',(1.26499611391592,1.77266000610429,2.05859104646358));
#5272=CARTESIAN_POINT('Origin',(1.36595526716657,1.81416222252098,2.05859104646358));
#5273=CARTESIAN_POINT('Ctrl Pts',(1.24547560167099,1.78162004220733,2.05859104646358));
#5274=CARTESIAN_POINT('Ctrl Pts',(1.24547560167099,1.78162004220733,2.79678002284153));
#5275=CARTESIAN_POINT('Ctrl Pts',(1.24924769684787,1.78287065691971,2.05859104646358));
#5276=CARTESIAN_POINT('Ctrl Pts',(1.24924769684787,1.78287065691971,2.79678002284153));
#5277=CARTESIAN_POINT('Ctrl Pts',(1.25342026833927,1.78262677179163,2.05859104646358));
#5278=CARTESIAN_POINT('Ctrl Pts',(1.25342026833927,1.78262677179163,2.79678002284153));
#5279=CARTESIAN_POINT('Ctrl Pts',(1.26057311427049,1.77934589286919,2.05859104646358));
#5280=CARTESIAN_POINT('Ctrl Pts',(1.26057311427049,1.77934589286919,2.79678002284153));
#5281=CARTESIAN_POINT('Ctrl Pts',(1.26348516514201,1.77633557145933,2.05859104646358));
#5282=CARTESIAN_POINT('Ctrl Pts',(1.26348516514202,1.77633557145933,2.79678002284153));
#5283=CARTESIAN_POINT('Ctrl Pts',(1.26499611391592,1.77266000610429,2.05859104646358));
#5284=CARTESIAN_POINT('Ctrl Pts',(1.26499611391592,1.77266000610429,2.79678002284153));
#5285=CARTESIAN_POINT('',(1.24547560167099,1.78162004220733,2.05859104646358));
#5286=CARTESIAN_POINT('',(1.24547560167099,1.78162004220733,2.05859104646358));
#5287=CARTESIAN_POINT('Ctrl Pts',(1.24547560167099,1.78162004220733,2.05859104646358));
#5288=CARTESIAN_POINT('Ctrl Pts',(1.24924769684787,1.78287065691971,2.05859104646358));
#5289=CARTESIAN_POINT('Ctrl Pts',(1.25342026833927,1.78262677179163,2.05859104646358));
#5290=CARTESIAN_POINT('Ctrl Pts',(1.26057311427049,1.77934589286919,2.05859104646358));
#5291=CARTESIAN_POINT('Ctrl Pts',(1.26348516514201,1.77633557145933,2.05859104646358));
#5292=CARTESIAN_POINT('Ctrl Pts',(1.26499611391592,1.77266000610429,2.05859104646358));
#5293=CARTESIAN_POINT('Origin',(1.22815999157601,1.83384726189106,2.05859104646358));
#5294=CARTESIAN_POINT('',(1.17679998236638,1.85358712721076,2.05859104646358));
#5295=CARTESIAN_POINT('',(1.17679998236638,1.85358712721076,2.05859104646358));
#5296=CARTESIAN_POINT('Origin',(1.22815999157601,1.83384726189106,2.05859104646358));
#5297=CARTESIAN_POINT('Ctrl Pts',(1.16210084546764,1.87498407095997,2.05859104646358));
#5298=CARTESIAN_POINT('Ctrl Pts',(1.16210084546764,1.87498407095997,2.79678002284153));
#5299=CARTESIAN_POINT('Ctrl Pts',(1.16534077201209,1.87498406755803,2.05859104646358));
#5300=CARTESIAN_POINT('Ctrl Pts',(1.16534077201209,1.87498406755803,2.79678002284153));
#5301=CARTESIAN_POINT('Ctrl Pts',(1.16850799950964,1.87393856333295,2.05859104646358));
#5302=CARTESIAN_POINT('Ctrl Pts',(1.16850799950964,1.87393856333295,2.79678002284153));
#5303=CARTESIAN_POINT('Ctrl Pts',(1.17113076933939,1.87211202222817,2.05859104646358));
#5304=CARTESIAN_POINT('Ctrl Pts',(1.17113076933939,1.87211202222817,2.79678002284153));
#5305=CARTESIAN_POINT('Ctrl Pts',(1.17266514639412,1.87104345619203,2.05859104646358));
#5306=CARTESIAN_POINT('Ctrl Pts',(1.17266514639412,1.87104345619203,2.79678002284153));
#5307=CARTESIAN_POINT('Ctrl Pts',(1.17401329443188,1.86970720136144,2.05859104646358));
#5308=CARTESIAN_POINT('Ctrl Pts',(1.17401329443188,1.86970720136144,2.79678002284153));
#5309=CARTESIAN_POINT('Ctrl Pts',(1.17507978331633,1.86815510035681,2.05859104646358));
#5310=CARTESIAN_POINT('Ctrl Pts',(1.17507978331633,1.86815510035681,2.79678002284153));
#5311=CARTESIAN_POINT('Ctrl Pts',(1.17599452863819,1.86682383741189,2.05859104646358));
#5312=CARTESIAN_POINT('Ctrl Pts',(1.17599452863819,1.86682383741189,2.79678002284153));
#5313=CARTESIAN_POINT('Ctrl Pts',(1.17668663267375,1.86535352214465,2.05859104646358));
#5314=CARTESIAN_POINT('Ctrl Pts',(1.17668663267375,1.86535352214465,2.79678002284153));
#5315=CARTESIAN_POINT('Ctrl Pts',(1.17714693023151,1.8638136670356,2.05859104646358));
#5316=CARTESIAN_POINT('Ctrl Pts',(1.17714693023151,1.8638136670356,2.79678002284153));
#5317=CARTESIAN_POINT('Ctrl Pts',(1.17813855555827,1.8604963361049,2.05859104646358));
#5318=CARTESIAN_POINT('Ctrl Pts',(1.17813855555827,1.8604963361049,2.79678002284153));
#5319=CARTESIAN_POINT('Ctrl Pts',(1.17805647709895,1.85685633278766,2.05859104646358));
#5320=CARTESIAN_POINT('Ctrl Pts',(1.17805647709895,1.85685633278766,2.79678002284153));
#5321=CARTESIAN_POINT('Ctrl Pts',(1.17679998236638,1.85358712721076,2.05859104646358));
#5322=CARTESIAN_POINT('Ctrl Pts',(1.17679998236638,1.85358712721076,2.79678002284153));
#5323=CARTESIAN_POINT('',(1.16210084546764,1.87498407095997,2.05859104646358));
#5324=CARTESIAN_POINT('',(1.16210084546764,1.87498407095997,2.05859104646358));
#5325=CARTESIAN_POINT('Ctrl Pts',(1.16210084546764,1.87498407095997,2.05859104646358));
#5326=CARTESIAN_POINT('Ctrl Pts',(1.16534077201209,1.87498406755803,2.05859104646358));
#5327=CARTESIAN_POINT('Ctrl Pts',(1.16850799950964,1.87393856333295,2.05859104646358));
#5328=CARTESIAN_POINT('Ctrl Pts',(1.17113076933939,1.87211202222817,2.05859104646358));
#5329=CARTESIAN_POINT('Ctrl Pts',(1.17266514639412,1.87104345619203,2.05859104646358));
#5330=CARTESIAN_POINT('Ctrl Pts',(1.17401329443188,1.86970720136144,2.05859104646358));
#5331=CARTESIAN_POINT('Ctrl Pts',(1.17507978331633,1.86815510035681,2.05859104646358));
#5332=CARTESIAN_POINT('Ctrl Pts',(1.17599452863819,1.86682383741189,2.05859104646358));
#5333=CARTESIAN_POINT('Ctrl Pts',(1.17668663267375,1.86535352214465,2.05859104646358));
#5334=CARTESIAN_POINT('Ctrl Pts',(1.17714693023151,1.8638136670356,2.05859104646358));
#5335=CARTESIAN_POINT('Ctrl Pts',(1.17813855555827,1.8604963361049,2.05859104646358));
#5336=CARTESIAN_POINT('Ctrl Pts',(1.17805647709895,1.85685633278766,2.05859104646358));
#5337=CARTESIAN_POINT('Ctrl Pts',(1.17679998236638,1.85358712721076,2.05859104646358));
#5338=CARTESIAN_POINT('Origin',(0.864309023524522,1.87498407095997,2.05859104646358));
#5339=CARTESIAN_POINT('',(0.864309023524522,1.87498407095997,2.05859104646358));
#5340=CARTESIAN_POINT('',(0.864309023524522,1.87498407095997,2.05859104646358));
#5341=CARTESIAN_POINT('',(0.864309023524522,1.87498407095997,2.05859104646358));
#5342=CARTESIAN_POINT('Origin',(0.86431075312743,1.85922130591505,2.05859104646358));
#5343=CARTESIAN_POINT('',(0.86080099925633,1.87458836134598,2.05859104646358));
#5344=CARTESIAN_POINT('',(0.86080099925633,1.87458836134598,2.05859104646358));
#5345=CARTESIAN_POINT('Origin',(0.86431075312743,1.85922130591505,2.05859104646358));
#5346=CARTESIAN_POINT('Origin',(0.782908361272587,1.85678910338687,2.05859104646358));
#5347=CARTESIAN_POINT('',(0.782908361272587,1.85678910338687,2.05859104646358));
#5348=CARTESIAN_POINT('',(0.782908361272587,1.85678910338687,2.05859104646358));
#5349=CARTESIAN_POINT('',(0.782908361272587,1.85678910338687,2.05859104646358));
#5350=CARTESIAN_POINT('Origin',(0.863986763229557,1.28266615952885,2.05859104646358));
#5351=CARTESIAN_POINT('',(0.464548864203389,1.70295204645543,2.05859104646358));
#5352=CARTESIAN_POINT('',(0.464548864203389,1.70295204645543,2.05859104646358));
#5353=CARTESIAN_POINT('Origin',(0.863986763229557,1.28266615952885,2.05859104646358));
#5354=CARTESIAN_POINT('Ctrl Pts',(0.449470476224283,1.70195805910546,2.05859104646358));
#5355=CARTESIAN_POINT('Ctrl Pts',(0.449470476224284,1.70195805910546,2.79678002284153));
#5356=CARTESIAN_POINT('Ctrl Pts',(0.451703948897311,1.70033534622337,2.05859104646358));
#5357=CARTESIAN_POINT('Ctrl Pts',(0.451703948897312,1.70033534622337,2.79678002284153));
#5358=CARTESIAN_POINT('Ctrl Pts',(0.454450662326519,1.69954578527207,2.05859104646358));
#5359=CARTESIAN_POINT('Ctrl Pts',(0.45445066232652,1.69954578527207,2.79678002284153));
#5360=CARTESIAN_POINT('Ctrl Pts',(0.457196498077056,1.69972844441908,2.05859104646358));
#5361=CARTESIAN_POINT('Ctrl Pts',(0.457196498077057,1.69972844441908,2.79678002284153));
#5362=CARTESIAN_POINT('Ctrl Pts',(0.459942333827593,1.69991110356609,2.05859104646358));
#5363=CARTESIAN_POINT('Ctrl Pts',(0.459942333827594,1.69991110356609,2.79678002284153));
#5364=CARTESIAN_POINT('Ctrl Pts',(0.462547736565861,1.7010501833568,2.05859104646358));
#5365=CARTESIAN_POINT('Ctrl Pts',(0.462547736565862,1.7010501833568,2.79678002284153));
#5366=CARTESIAN_POINT('Ctrl Pts',(0.464548864203389,1.70295204645543,2.05859104646358));
#5367=CARTESIAN_POINT('Ctrl Pts',(0.464548864203389,1.70295204645543,2.79678002284153));
#5368=CARTESIAN_POINT('',(0.449470476224283,1.70195805910546,2.05859104646358));
#5369=CARTESIAN_POINT('',(0.449470476224283,1.70195805910546,2.05859104646358));
#5370=CARTESIAN_POINT('Ctrl Pts',(0.449470476224283,1.70195805910546,2.05859104646358));
#5371=CARTESIAN_POINT('Ctrl Pts',(0.451703948897311,1.70033534622337,2.05859104646358));
#5372=CARTESIAN_POINT('Ctrl Pts',(0.454450662326519,1.69954578527207,2.05859104646358));
#5373=CARTESIAN_POINT('Ctrl Pts',(0.457196498077056,1.69972844441908,2.05859104646358));
#5374=CARTESIAN_POINT('Ctrl Pts',(0.459942333827593,1.69991110356609,2.05859104646358));
#5375=CARTESIAN_POINT('Ctrl Pts',(0.462547736565861,1.7010501833568,2.05859104646358));
#5376=CARTESIAN_POINT('Ctrl Pts',(0.464548864203389,1.70295204645543,2.05859104646358));
#5377=CARTESIAN_POINT('Origin',(0.442394113392883,1.70709933764607,2.05859104646358));
#5378=CARTESIAN_POINT('',(0.442394113392883,1.70709933764607,2.05859104646358));
#5379=CARTESIAN_POINT('',(0.442394113392883,1.70709933764607,2.05859104646358));
#5380=CARTESIAN_POINT('',(0.442394113392883,1.70709933764607,2.05859104646358));
#5381=CARTESIAN_POINT('Origin',(0.386220821669549,1.62978343450472,2.05859104646358));
#5382=CARTESIAN_POINT('',(0.330047529946216,1.55246753136337,2.05859104646358));
#5383=CARTESIAN_POINT('',(0.330047529946216,1.55246753136337,2.05859104646358));
#5384=CARTESIAN_POINT('Origin',(0.386220821669549,1.62978343450472,2.05859104646358));
#5385=CARTESIAN_POINT('Origin',(0.340363161094987,1.54497278663057,2.05859104646358));
#5386=CARTESIAN_POINT('',(0.340363161094987,1.54497278663057,2.05859104646358));
#5387=CARTESIAN_POINT('',(0.340363161094987,1.54497278663057,2.05859104646358));
#5388=CARTESIAN_POINT('',(0.340363161094987,1.54497278663057,2.05859104646358));
#5389=CARTESIAN_POINT('Ctrl Pts',(0.344083590092044,1.53033840913535,2.05859104646358));
#5390=CARTESIAN_POINT('Ctrl Pts',(0.344083590092044,1.53033840913535,2.79678002284153));
#5391=CARTESIAN_POINT('Ctrl Pts',(0.345269821517203,1.53282849626863,2.05859104646358));
#5392=CARTESIAN_POINT('Ctrl Pts',(0.345269821517204,1.53282849626863,2.79678002284153));
#5393=CARTESIAN_POINT('Ctrl Pts',(0.345544926266332,1.5356699500455,2.05859104646358));
#5394=CARTESIAN_POINT('Ctrl Pts',(0.345544926266333,1.5356699500455,2.79678002284153));
#5395=CARTESIAN_POINT('Ctrl Pts',(0.344865904705175,1.53833444396143,2.05859104646358));
#5396=CARTESIAN_POINT('Ctrl Pts',(0.344865904705176,1.53833444396143,2.79678002284153));
#5397=CARTESIAN_POINT('Ctrl Pts',(0.344186883144019,1.54099893787736,2.05859104646358));
#5398=CARTESIAN_POINT('Ctrl Pts',(0.344186883144019,1.54099893787736,2.79678002284153));
#5399=CARTESIAN_POINT('Ctrl Pts',(0.342594593171108,1.54335155632892,2.05859104646358));
#5400=CARTESIAN_POINT('Ctrl Pts',(0.342594593171109,1.54335155632892,2.79678002284153));
#5401=CARTESIAN_POINT('Ctrl Pts',(0.340363161094988,1.54497278663057,2.05859104646358));
#5402=CARTESIAN_POINT('Ctrl Pts',(0.340363161094988,1.54497278663057,2.79678002284153));
#5403=CARTESIAN_POINT('Ctrl Pts',(0.344083590092044,1.53033840913535,2.05859104646358));
#5404=CARTESIAN_POINT('Ctrl Pts',(0.345269821517203,1.53282849626863,2.05859104646358));
#5405=CARTESIAN_POINT('Ctrl Pts',(0.345544926266332,1.5356699500455,2.05859104646358));
#5406=CARTESIAN_POINT('Ctrl Pts',(0.344865904705175,1.53833444396143,2.05859104646358));
#5407=CARTESIAN_POINT('Ctrl Pts',(0.344186883144019,1.54099893787736,2.05859104646358));
#5408=CARTESIAN_POINT('Ctrl Pts',(0.342594593171108,1.54335155632892,2.05859104646358));
#5409=CARTESIAN_POINT('Ctrl Pts',(0.340363161094988,1.54497278663057,2.05859104646358));
#5410=CARTESIAN_POINT('Ctrl Pts',(0.340363161094986,1.02035953242713,2.05859104646358));
#5411=CARTESIAN_POINT('Ctrl Pts',(0.340363161094987,1.02035953242714,2.79678002284153));
#5412=CARTESIAN_POINT('Ctrl Pts',(0.342594593482609,1.02198076295511,2.05859104646358));
#5413=CARTESIAN_POINT('Ctrl Pts',(0.34259459348261,1.02198076295511,2.79678002284153));
#5414=CARTESIAN_POINT('Ctrl Pts',(0.344193329813716,1.02434583892275,2.05859104646358));
#5415=CARTESIAN_POINT('Ctrl Pts',(0.344193329813717,1.02434583892275,2.79678002284153));
#5416=CARTESIAN_POINT('Ctrl Pts',(0.344869270872856,1.02701111598022,2.05859104646358));
#5417=CARTESIAN_POINT('Ctrl Pts',(0.344869270872857,1.02701111598022,2.79678002284153));
#5418=CARTESIAN_POINT('Ctrl Pts',(0.345545211931996,1.0296763930377,2.05859104646358));
#5419=CARTESIAN_POINT('Ctrl Pts',(0.345545211931997,1.0296763930377,2.79678002284153));
#5420=CARTESIAN_POINT('Ctrl Pts',(0.345269821351607,1.03250382313669,2.05859104646358));
#5421=CARTESIAN_POINT('Ctrl Pts',(0.345269821351608,1.03250382313669,2.79678002284153));
#5422=CARTESIAN_POINT('Ctrl Pts',(0.344083590092042,1.03499390992236,2.05859104646358));
#5423=CARTESIAN_POINT('Ctrl Pts',(0.344083590092043,1.03499390992236,2.79678002284153));
#5424=CARTESIAN_POINT('',(0.340363161094986,1.02035953242713,2.05859104646358));
#5425=CARTESIAN_POINT('',(0.340363161094986,1.02035953242713,2.05859104646358));
#5426=CARTESIAN_POINT('Ctrl Pts',(0.340363161094986,1.02035953242713,2.05859104646358));
#5427=CARTESIAN_POINT('Ctrl Pts',(0.342594593482609,1.02198076295511,2.05859104646358));
#5428=CARTESIAN_POINT('Ctrl Pts',(0.344193329813716,1.02434583892275,2.05859104646358));
#5429=CARTESIAN_POINT('Ctrl Pts',(0.344869270872856,1.02701111598022,2.05859104646358));
#5430=CARTESIAN_POINT('Ctrl Pts',(0.345545211931996,1.0296763930377,2.05859104646358));
#5431=CARTESIAN_POINT('Ctrl Pts',(0.345269821351607,1.03250382313669,2.05859104646358));
#5432=CARTESIAN_POINT('Ctrl Pts',(0.344083590092042,1.03499390992236,2.05859104646358));
#5433=CARTESIAN_POINT('Origin',(0.330047529946214,1.01286478769434,2.05859104646358));
#5434=CARTESIAN_POINT('',(0.330047529946214,1.01286478769434,2.05859104646358));
#5435=CARTESIAN_POINT('',(0.330047529946214,1.01286478769434,2.05859104646358));
#5436=CARTESIAN_POINT('',(0.330047529946214,1.01286478769434,2.05859104646358));
#5437=CARTESIAN_POINT('Origin',(0.386220821669547,0.935548884552986,2.05859104646358));
#5438=CARTESIAN_POINT('',(0.44239411339288,0.858232981411636,2.05859104646358));
#5439=CARTESIAN_POINT('',(0.44239411339288,0.858232981411636,2.05859104646358));
#5440=CARTESIAN_POINT('Origin',(0.386220821669547,0.935548884552986,2.05859104646358));
#5441=CARTESIAN_POINT('Origin',(0.449470476224281,0.863374259952245,2.05859104646358));
#5442=CARTESIAN_POINT('',(0.449470476224281,0.863374259952245,2.05859104646358));
#5443=CARTESIAN_POINT('Origin',(-0.500186465116898,1.83384726189106,2.05859104646358));
#5444=CARTESIAN_POINT('',(-0.471643158030284,1.83384726189106,2.05859104646358));
#5445=CARTESIAN_POINT('',(-0.471643158030284,1.83384726189106,2.05859104646358));
#5446=CARTESIAN_POINT('Origin',(-0.500186465116898,1.83384726189106,2.05859104646358));
#5447=CARTESIAN_POINT('Origin',(-0.500186465116901,0.731485057166652,2.05859104646358));
#5448=CARTESIAN_POINT('',(-0.471643158030286,0.731485057166652,2.05859104646358));
#5449=CARTESIAN_POINT('',(-0.471643158030286,0.731485057166652,2.05859104646358));
#5450=CARTESIAN_POINT('Origin',(-0.500186465116901,0.731485057166652,2.05859104646358));
#5451=CARTESIAN_POINT('Origin',(1.22815999157601,0.731485057166648,2.05859104646358));
#5452=CARTESIAN_POINT('',(1.25670329866263,0.731485057166648,2.05859104646358));
#5453=CARTESIAN_POINT('',(1.25670329866263,0.731485057166648,2.05859104646358));
#5454=CARTESIAN_POINT('Origin',(1.22815999157601,0.731485057166648,2.05859104646358));
#5455=CARTESIAN_POINT('Origin',(1.22815999157601,1.83384726189106,2.05859104646358));
#5456=CARTESIAN_POINT('',(1.25670329866263,1.83384726189106,2.05859104646358));
#5457=CARTESIAN_POINT('',(1.25670329866263,1.83384726189106,2.05859104646358));
#5458=CARTESIAN_POINT('Origin',(1.22815999157601,1.83384726189106,2.05859104646358));
#5459=CARTESIAN_POINT('Origin',(-0.199005362754695,1.28266615952886,2.05859104646358));
#5460=CARTESIAN_POINT('',(0.041703082818193,1.28266615952886,2.05859104646358));
#5461=CARTESIAN_POINT('',(0.041703082818193,1.28266615952886,2.05859104646358));
#5462=CARTESIAN_POINT('Origin',(-0.199005362754695,1.28266615952886,2.05859104646358));
#5463=CARTESIAN_POINT('Origin',(0.363986763229557,1.28266615952885,2.05859104646358));
#5464=CARTESIAN_POINT('',(-0.622233709211385,1.7905401752769,2.55071703071555));
#5465=UNCERTAINTY_MEASURE_WITH_UNIT(LENGTH_MEASURE(0.000393700787401575),
#5471,'DISTANCE_ACCURACY_VALUE',
'Maximum model space distance between geometric entities at asserted c
onnectivities');
#5466=UNCERTAINTY_MEASURE_WITH_UNIT(LENGTH_MEASURE(0.000393700787401575),
#5471,'DISTANCE_ACCURACY_VALUE',
'Maximum model space distance between geometric entities at asserted c
onnectivities');
#5467=(
GEOMETRIC_REPRESENTATION_CONTEXT(3)
GLOBAL_UNCERTAINTY_ASSIGNED_CONTEXT((#5465))
GLOBAL_UNIT_ASSIGNED_CONTEXT((#5471,#5475,#5476))
REPRESENTATION_CONTEXT('','3D')
);
#5468=(
GEOMETRIC_REPRESENTATION_CONTEXT(3)
GLOBAL_UNCERTAINTY_ASSIGNED_CONTEXT((#5466))
GLOBAL_UNIT_ASSIGNED_CONTEXT((#5471,#5475,#5476))
REPRESENTATION_CONTEXT('','3D')
);
#5469=DIMENSIONAL_EXPONENTS(1.,0.,0.,0.,0.,0.,0.);
#5470=DIMENSIONAL_EXPONENTS(0.,1.,0.,0.,0.,0.,0.);
#5471=(
CONVERSION_BASED_UNIT('inch',#5474)
LENGTH_UNIT()
NAMED_UNIT(#5469)
);
#5472=(
LENGTH_UNIT()
NAMED_UNIT(*)
SI_UNIT(.MILLI.,.METRE.)
);
#5473=(
LENGTH_UNIT()
NAMED_UNIT(*)
SI_UNIT(.CENTI.,.METRE.)
);
#5474=LENGTH_MEASURE_WITH_UNIT(LENGTH_MEASURE(25.4),#5472);
#5475=(
NAMED_UNIT(*)
PLANE_ANGLE_UNIT()
SI_UNIT($,.RADIAN.)
);
#5476=(
NAMED_UNIT(*)
SI_UNIT($,.STERADIAN.)
SOLID_ANGLE_UNIT()
);
#5477=SHAPE_DEFINITION_REPRESENTATION(#5478,#5479);
#5478=PRODUCT_DEFINITION_SHAPE('',$,#5481);
#5479=SHAPE_REPRESENTATION('',(#3083),#5467);
#5480=PRODUCT_DEFINITION_CONTEXT('part definition',#5485,'design');
#5481=PRODUCT_DEFINITION('RoundyBit','RoundyBit',#5482,#5480);
#5482=PRODUCT_DEFINITION_FORMATION('',$,#5487);
#5483=PRODUCT_RELATED_PRODUCT_CATEGORY('RoundyBit','RoundyBit',(#5487));
#5484=APPLICATION_PROTOCOL_DEFINITION('international standard',
'automotive_design',2009,#5485);
#5485=APPLICATION_CONTEXT(
'Core Data for Automotive Mechanical Design Process');
#5486=PRODUCT_CONTEXT('part definition',#5485,'mechanical');
#5487=PRODUCT('RoundyBit','RoundyBit',$,(#5486));
#5488=PRESENTATION_STYLE_ASSIGNMENT((#5490));
#5489=PRESENTATION_STYLE_ASSIGNMENT((#5491));
#5490=SURFACE_STYLE_USAGE(.BOTH.,#5494);
#5491=SURFACE_STYLE_USAGE(.BOTH.,#5495);
#5492=SURFACE_STYLE_RENDERING_WITH_PROPERTIES($,#5502,(#5493));
#5493=SURFACE_STYLE_TRANSPARENT(0.);
#5494=SURFACE_SIDE_STYLE('',(#5496,#5492));
#5495=SURFACE_SIDE_STYLE('',(#5497));
#5496=SURFACE_STYLE_FILL_AREA(#5498);
#5497=SURFACE_STYLE_FILL_AREA(#5499);
#5498=FILL_AREA_STYLE('',(#5500));
#5499=FILL_AREA_STYLE('',(#5501));
#5500=FILL_AREA_STYLE_COLOUR('',#5502);
#5501=FILL_AREA_STYLE_COLOUR('',#5503);
#5502=COLOUR_RGB('',0.0196078431372549,0.0196078431372549,0.0196078431372549);
#5503=COLOUR_RGB('',1.,1.,0.);
ENDSEC;
END-ISO-10303-21;
