ISO-10303-21;
HEADER;
/* Generated by software containing ST-Developer
 * from STEP Tools, Inc. (www.steptools.com) 
 */

FILE_DESCRIPTION(
/* description */ (''),
/* implementation_level */ '2;1');

FILE_NAME(
/* name */ 'TwistySupport.stp',
/* time_stamp */ '2025-09-22T16:44:22-04:00',
/* author */ ('Teddy'),
/* organization */ (''),
/* preprocessor_version */ 'ST-DEVELOPER v20.1',
/* originating_system */ 'Autodesk Inventor 2026',
/* authorisation */ '');

FILE_SCHEMA (('AUTOMOTIVE_DESIGN { 1 0 10303 214 3 1 1 }'));
ENDSEC;

DATA;
#10=MECHANICAL_DESIGN_GEOMETRIC_PRESENTATION_REPRESENTATION('',(#13),#3381);
#11=SHAPE_REPRESENTATION_RELATIONSHIP('SRR','None',#3392,#12);
#12=ADVANCED_BREP_SHAPE_REPRESENTATION('',(#14),#3380);
#13=STYLED_ITEM('',(#3401),#14);
#14=MANIFOLD_SOLID_BREP('Solid1',#1515);
#15=FACE_BOUND('',#401,.T.);
#16=FACE_BOUND('',#436,.T.);
#17=FACE_BOUND('',#456,.T.);
#18=FACE_BOUND('',#457,.T.);
#19=FACE_BOUND('',#466,.T.);
#20=FACE_BOUND('',#467,.T.);
#21=FACE_BOUND('',#469,.T.);
#22=FACE_BOUND('',#471,.T.);
#23=PLANE('',#1592);
#24=PLANE('',#1595);
#25=PLANE('',#1601);
#26=PLANE('',#1664);
#27=PLANE('',#1667);
#28=PLANE('',#1673);
#29=PLANE('',#1701);
#30=PLANE('',#1703);
#31=PLANE('',#1704);
#32=PLANE('',#1722);
#33=PLANE('',#1725);
#34=PLANE('',#1727);
#35=PLANE('',#1730);
#36=PLANE('',#1733);
#37=TOROIDAL_SURFACE('',#1550,0.14,0.05);
#38=TOROIDAL_SURFACE('',#1556,0.3,0.05);
#39=TOROIDAL_SURFACE('',#1573,0.14,0.05);
#40=TOROIDAL_SURFACE('',#1579,0.3,0.05);
#41=TOROIDAL_SURFACE('',#1598,0.3,0.05);
#42=TOROIDAL_SURFACE('',#1603,0.3,0.05);
#43=TOROIDAL_SURFACE('',#1624,0.14,0.05);
#44=TOROIDAL_SURFACE('',#1630,0.3,0.05);
#45=TOROIDAL_SURFACE('',#1643,0.14,0.05);
#46=TOROIDAL_SURFACE('',#1649,0.3,0.05);
#47=TOROIDAL_SURFACE('',#1659,0.3,0.05);
#48=TOROIDAL_SURFACE('',#1670,0.3,0.05);
#49=TOROIDAL_SURFACE('',#1678,0.3,0.05);
#50=TOROIDAL_SURFACE('',#1684,0.14,0.05);
#51=TOROIDAL_SURFACE('',#1690,0.3,0.05);
#52=TOROIDAL_SURFACE('',#1693,0.3,0.05);
#53=TOROIDAL_SURFACE('',#1695,0.14,0.05);
#54=TOROIDAL_SURFACE('',#1711,0.14,0.05);
#55=TOROIDAL_SURFACE('',#1715,0.14,0.05);
#56=TOROIDAL_SURFACE('',#1720,0.3,0.05);
#57=LINE('',#2324,#113);
#58=LINE('',#2325,#114);
#59=LINE('',#2336,#115);
#60=LINE('',#2337,#116);
#61=LINE('',#2564,#117);
#62=LINE('',#2565,#118);
#63=LINE('',#2576,#119);
#64=LINE('',#2577,#120);
#65=LINE('',#2622,#121);
#66=LINE('',#2634,#122);
#67=LINE('',#2638,#123);
#68=LINE('',#2639,#124);
#69=LINE('',#2642,#125);
#70=LINE('',#2646,#126);
#71=LINE('',#2647,#127);
#72=LINE('',#2655,#128);
#73=LINE('',#2847,#129);
#74=LINE('',#2848,#130);
#75=LINE('',#2859,#131);
#76=LINE('',#2860,#132);
#77=LINE('',#3079,#133);
#78=LINE('',#3080,#134);
#79=LINE('',#3091,#135);
#80=LINE('',#3092,#136);
#81=LINE('',#3142,#137);
#82=LINE('',#3143,#138);
#83=LINE('',#3146,#139);
#84=LINE('',#3147,#140);
#85=LINE('',#3150,#141);
#86=LINE('',#3154,#142);
#87=LINE('',#3155,#143);
#88=LINE('',#3163,#144);
#89=LINE('',#3205,#145);
#90=LINE('',#3208,#146);
#91=LINE('',#3217,#147);
#92=LINE('',#3220,#148);
#93=LINE('',#3230,#149);
#94=LINE('',#3231,#150);
#95=LINE('',#3300,#151);
#96=LINE('',#3301,#152);
#97=LINE('',#3308,#153);
#98=LINE('',#3310,#154);
#99=LINE('',#3312,#155);
#100=LINE('',#3314,#156);
#101=LINE('',#3324,#157);
#102=LINE('',#3328,#158);
#103=LINE('',#3334,#159);
#104=LINE('',#3342,#160);
#105=LINE('',#3354,#161);
#106=LINE('',#3364,#162);
#107=LINE('',#3366,#163);
#108=LINE('',#3368,#164);
#109=LINE('',#3370,#165);
#110=LINE('',#3372,#166);
#111=LINE('',#3374,#167);
#112=LINE('',#3376,#168);
#113=VECTOR('',#1765,0.393700787401575);
#114=VECTOR('',#1766,0.393700787401575);
#115=VECTOR('',#1779,0.393700787401575);
#116=VECTOR('',#1780,0.393700787401575);
#117=VECTOR('',#1815,0.393700787401575);
#118=VECTOR('',#1816,0.393700787401575);
#119=VECTOR('',#1829,0.393700787401575);
#120=VECTOR('',#1830,0.393700787401575);
#121=VECTOR('',#1853,0.393700787401575);
#122=VECTOR('',#1856,0.393700787401575);
#123=VECTOR('',#1861,0.393700787401575);
#124=VECTOR('',#1862,0.393700787401575);
#125=VECTOR('',#1865,0.393700787401575);
#126=VECTOR('',#1870,0.393700787401575);
#127=VECTOR('',#1871,0.393700787401575);
#128=VECTOR('',#1884,0.393700787401575);
#129=VECTOR('',#1929,0.393700787401575);
#130=VECTOR('',#1930,0.393700787401575);
#131=VECTOR('',#1943,0.393700787401575);
#132=VECTOR('',#1944,0.393700787401575);
#133=VECTOR('',#1971,0.393700787401575);
#134=VECTOR('',#1972,0.393700787401575);
#135=VECTOR('',#1985,0.393700787401575);
#136=VECTOR('',#1986,0.393700787401575);
#137=VECTOR('',#2017,0.393700787401575);
#138=VECTOR('',#2018,0.393700787401575);
#139=VECTOR('',#2021,0.393700787401575);
#140=VECTOR('',#2022,0.393700787401575);
#141=VECTOR('',#2025,0.393700787401575);
#142=VECTOR('',#2030,0.393700787401575);
#143=VECTOR('',#2031,0.393700787401575);
#144=VECTOR('',#2044,0.393700787401575);
#145=VECTOR('',#2051,0.393700787401575);
#146=VECTOR('',#2054,0.393700787401575);
#147=VECTOR('',#2065,0.393700787401575);
#148=VECTOR('',#2068,0.393700787401575);
#149=VECTOR('',#2081,0.393700787401575);
#150=VECTOR('',#2082,0.393700787401575);
#151=VECTOR('',#2103,0.393700787401575);
#152=VECTOR('',#2104,0.393700787401575);
#153=VECTOR('',#2105,0.393700787401575);
#154=VECTOR('',#2108,0.393700787401575);
#155=VECTOR('',#2111,0.393700787401575);
#156=VECTOR('',#2114,0.393700787401575);
#157=VECTOR('',#2127,0.393700787401575);
#158=VECTOR('',#2132,0.393700787401575);
#159=VECTOR('',#2141,0.393700787401575);
#160=VECTOR('',#2152,0.393700787401575);
#161=VECTOR('',#2169,0.393700787401575);
#162=VECTOR('',#2174,0.393700787401575);
#163=VECTOR('',#2177,0.393700787401575);
#164=VECTOR('',#2180,0.0859999999999995);
#165=VECTOR('',#2183,0.0859999999999995);
#166=VECTOR('',#2186,0.393700787401575);
#167=VECTOR('',#2189,0.0859999999999997);
#168=VECTOR('',#2192,0.0859999999999997);
#169=CYLINDRICAL_SURFACE('',#1548,0.05);
#170=CYLINDRICAL_SURFACE('',#1554,0.05);
#171=CYLINDRICAL_SURFACE('',#1571,0.05);
#172=CYLINDRICAL_SURFACE('',#1577,0.05);
#173=CYLINDRICAL_SURFACE('',#1589,0.25);
#174=CYLINDRICAL_SURFACE('',#1593,0.19);
#175=CYLINDRICAL_SURFACE('',#1596,0.25);
#176=CYLINDRICAL_SURFACE('',#1622,0.05);
#177=CYLINDRICAL_SURFACE('',#1628,0.05);
#178=CYLINDRICAL_SURFACE('',#1641,0.05);
#179=CYLINDRICAL_SURFACE('',#1647,0.05);
#180=CYLINDRICAL_SURFACE('',#1663,0.25);
#181=CYLINDRICAL_SURFACE('',#1665,0.19);
#182=CYLINDRICAL_SURFACE('',#1668,0.25);
#183=CYLINDRICAL_SURFACE('',#1675,0.05);
#184=CYLINDRICAL_SURFACE('',#1681,0.05);
#185=CYLINDRICAL_SURFACE('',#1688,0.05);
#186=CYLINDRICAL_SURFACE('',#1699,0.05);
#187=CYLINDRICAL_SURFACE('',#1700,0.25);
#188=CYLINDRICAL_SURFACE('',#1702,0.19);
#189=CYLINDRICAL_SURFACE('',#1707,0.05);
#190=CYLINDRICAL_SURFACE('',#1709,0.05);
#191=CYLINDRICAL_SURFACE('',#1714,0.05);
#192=CYLINDRICAL_SURFACE('',#1718,0.05);
#193=CYLINDRICAL_SURFACE('',#1729,0.25);
#194=CYLINDRICAL_SURFACE('',#1731,0.0859999999999995);
#195=CYLINDRICAL_SURFACE('',#1732,0.0859999999999995);
#196=CYLINDRICAL_SURFACE('',#1734,0.0859999999999997);
#197=CYLINDRICAL_SURFACE('',#1735,0.0859999999999997);
#198=CYLINDRICAL_SURFACE('',#1736,0.19);
#199=B_SPLINE_CURVE_WITH_KNOTS('',3,(#2220,#2221,#2222,#2223),
 .UNSPECIFIED.,.F.,.F.,(4,4),(1.33954723153982,2.04056710215578),
 .UNSPECIFIED.);
#200=B_SPLINE_CURVE_WITH_KNOTS('',3,(#2226,#2227,#2228,#2229),
 .UNSPECIFIED.,.F.,.F.,(4,4),(-2.04056710215578,-1.33954723153982),
 .UNSPECIFIED.);
#201=B_SPLINE_CURVE_WITH_KNOTS('',3,(#2275,#2276,#2277,#2278,#2279,#2280,
#2281),.UNSPECIFIED.,.F.,.F.,(4,1,1,1,4),(-1.72870430833331,-1.48174654999998,
-1.23478879166665,-0.74087327499999,0.),.UNSPECIFIED.);
#202=B_SPLINE_CURVE_WITH_KNOTS('',3,(#2282,#2283,#2284,#2285,#2286,#2287,
#2288),.UNSPECIFIED.,.F.,.F.,(4,1,1,1,4),(0.,0.74087327499999,1.23478879166665,
1.48174654999998,1.72870430833331),.UNSPECIFIED.);
#203=B_SPLINE_CURVE_WITH_KNOTS('',3,(#2312,#2313,#2314,#2315),
 .UNSPECIFIED.,.F.,.F.,(4,4),(-0.32278697822022,0.),.UNSPECIFIED.);
#204=B_SPLINE_CURVE_WITH_KNOTS('',3,(#2316,#2317,#2318,#2319),
 .UNSPECIFIED.,.F.,.F.,(4,4),(0.,0.32278697822022),.UNSPECIFIED.);
#205=B_SPLINE_CURVE_WITH_KNOTS('',3,(#2364,#2365,#2366,#2367),
 .UNSPECIFIED.,.F.,.F.,(4,4),(2.03088702873325,2.16244456950179),
 .UNSPECIFIED.);
#206=B_SPLINE_CURVE_WITH_KNOTS('',3,(#2368,#2369,#2370,#2371),
 .UNSPECIFIED.,.F.,.F.,(4,4),(-2.16244456950179,-2.03088702873325),
 .UNSPECIFIED.);
#207=B_SPLINE_CURVE_WITH_KNOTS('',3,(#2427,#2428,#2429,#2430,#2431,#2432,
#2433,#2434),.UNSPECIFIED.,.F.,.F.,(4,1,1,1,1,4),(-1.50753515601124,-1.31195321689244,
-1.11637127777363,-0.725207399536027,-0.334043521298421,-0.138461582179619),
 .UNSPECIFIED.);
#208=B_SPLINE_CURVE_WITH_KNOTS('',3,(#2435,#2436,#2437,#2438,#2439,#2440,
#2441,#2442),.UNSPECIFIED.,.F.,.F.,(4,1,1,1,1,4),(0.138461582179619,0.334043521298421,
0.725207399536027,1.11637127777363,1.31195321689244,1.50753515601124),
 .UNSPECIFIED.);
#209=B_SPLINE_CURVE_WITH_KNOTS('',3,(#2460,#2461,#2462,#2463),
 .UNSPECIFIED.,.F.,.F.,(4,4),(1.33954723153986,2.04056710217536),
 .UNSPECIFIED.);
#210=B_SPLINE_CURVE_WITH_KNOTS('',3,(#2466,#2467,#2468,#2469),
 .UNSPECIFIED.,.F.,.F.,(4,4),(-2.04056710217536,-1.33954723153986),
 .UNSPECIFIED.);
#211=B_SPLINE_CURVE_WITH_KNOTS('',3,(#2515,#2516,#2517,#2518,#2519,#2520,
#2521),.UNSPECIFIED.,.F.,.F.,(4,1,1,1,4),(-1.72870430833288,-1.48174654999962,
-1.23478879166635,-0.740873274999808,0.),.UNSPECIFIED.);
#212=B_SPLINE_CURVE_WITH_KNOTS('',3,(#2522,#2523,#2524,#2525,#2526,#2527,
#2528),.UNSPECIFIED.,.F.,.F.,(4,1,1,1,4),(0.,0.740873274999808,1.23478879166635,
1.48174654999962,1.72870430833288),.UNSPECIFIED.);
#213=B_SPLINE_CURVE_WITH_KNOTS('',3,(#2552,#2553,#2554,#2555),
 .UNSPECIFIED.,.F.,.F.,(4,4),(-0.322786978220179,0.),.UNSPECIFIED.);
#214=B_SPLINE_CURVE_WITH_KNOTS('',3,(#2556,#2557,#2558,#2559),
 .UNSPECIFIED.,.F.,.F.,(4,4),(0.,0.322786978220179),.UNSPECIFIED.);
#215=B_SPLINE_CURVE_WITH_KNOTS('',3,(#2604,#2605,#2606,#2607),
 .UNSPECIFIED.,.F.,.F.,(4,4),(2.03088702873061,2.16244456949911),
 .UNSPECIFIED.);
#216=B_SPLINE_CURVE_WITH_KNOTS('',3,(#2608,#2609,#2610,#2611),
 .UNSPECIFIED.,.F.,.F.,(4,4),(-2.16244456949911,-2.03088702873061),
 .UNSPECIFIED.);
#217=B_SPLINE_CURVE_WITH_KNOTS('',3,(#2626,#2627,#2628,#2629,#2630,#2631,
#2632),.UNSPECIFIED.,.F.,.F.,(4,1,1,1,4),(-1.72870430833289,-1.48174654999962,
-1.23478879166635,-0.74087327499981,0.),.UNSPECIFIED.);
#218=B_SPLINE_CURVE_WITH_KNOTS('',3,(#2664,#2665,#2666,#2667),
 .UNSPECIFIED.,.F.,.F.,(4,4),(0.0442989674334461,2.30700262573121),
 .UNSPECIFIED.);
#219=B_SPLINE_CURVE_WITH_KNOTS('',3,(#2688,#2689,#2690,#2691),
 .UNSPECIFIED.,.F.,.F.,(4,4),(-2.30700262573121,-0.0442989674334461),
 .UNSPECIFIED.);
#220=B_SPLINE_CURVE_WITH_KNOTS('',3,(#2729,#2730,#2731,#2732),
 .UNSPECIFIED.,.F.,.F.,(4,4),(1.33954723153979,2.04056710215577),
 .UNSPECIFIED.);
#221=B_SPLINE_CURVE_WITH_KNOTS('',3,(#2735,#2736,#2737,#2738),
 .UNSPECIFIED.,.F.,.F.,(4,4),(-2.04056710215577,-1.33954723153979),
 .UNSPECIFIED.);
#222=B_SPLINE_CURVE_WITH_KNOTS('',3,(#2794,#2795,#2796,#2797,#2798,#2799,
#2800,#2801,#2802),.UNSPECIFIED.,.F.,.F.,(4,1,1,1,1,1,4),(-1.72870430833325,
-1.54348598958326,-1.48174654999993,-1.2347887916666,-0.987831033333284,
-0.493915516666642,0.),.UNSPECIFIED.);
#223=B_SPLINE_CURVE_WITH_KNOTS('',3,(#2803,#2804,#2805,#2806,#2807,#2808,
#2809,#2810,#2811),.UNSPECIFIED.,.F.,.F.,(4,1,1,1,1,1,4),(0.,0.493915516666642,
0.987831033333284,1.2347887916666,1.48174654999993,1.54348598958326,1.72870430833325),
 .UNSPECIFIED.);
#224=B_SPLINE_CURVE_WITH_KNOTS('',3,(#2835,#2836,#2837,#2838),
 .UNSPECIFIED.,.F.,.F.,(4,4),(-0.322786978220188,0.),.UNSPECIFIED.);
#225=B_SPLINE_CURVE_WITH_KNOTS('',3,(#2839,#2840,#2841,#2842),
 .UNSPECIFIED.,.F.,.F.,(4,4),(0.,0.322786978220188),.UNSPECIFIED.);
#226=B_SPLINE_CURVE_WITH_KNOTS('',3,(#2887,#2888,#2889,#2890),
 .UNSPECIFIED.,.F.,.F.,(4,4),(2.03088702873412,2.16244456950263),
 .UNSPECIFIED.);
#227=B_SPLINE_CURVE_WITH_KNOTS('',3,(#2891,#2892,#2893,#2894),
 .UNSPECIFIED.,.F.,.F.,(4,4),(-2.16244456950263,-2.03088702873412),
 .UNSPECIFIED.);
#228=B_SPLINE_CURVE_WITH_KNOTS('',3,(#2949,#2950,#2951,#2952,#2953,#2954,
#2955,#2956,#2957),.UNSPECIFIED.,.F.,.F.,(4,1,1,1,1,1,4),(-1.50753515601114,
-1.31195321689234,-1.11637127777355,-0.72520739953597,-0.529625460417179,
-0.334043521298387,-0.138461582179596),.UNSPECIFIED.);
#229=B_SPLINE_CURVE_WITH_KNOTS('',3,(#2958,#2959,#2960,#2961,#2962,#2963,
#2964,#2965,#2966),.UNSPECIFIED.,.F.,.F.,(4,1,1,1,1,1,4),(0.138461582179596,
0.334043521298387,0.529625460417179,0.72520739953597,1.11637127777355,1.31195321689234,
1.50753515601114),.UNSPECIFIED.);
#230=B_SPLINE_CURVE_WITH_KNOTS('',3,(#2984,#2985,#2986,#2987),
 .UNSPECIFIED.,.F.,.F.,(4,4),(1.33954723153978,2.04056710217527),
 .UNSPECIFIED.);
#231=B_SPLINE_CURVE_WITH_KNOTS('',3,(#2990,#2991,#2992,#2993),
 .UNSPECIFIED.,.F.,.F.,(4,4),(-2.04056710217527,-1.33954723153978),
 .UNSPECIFIED.);
#232=B_SPLINE_CURVE_WITH_KNOTS('',3,(#3037,#3038,#3039,#3040,#3041,#3042,
#3043),.UNSPECIFIED.,.F.,.F.,(4,1,1,1,4),(0.,0.74087327499981,1.23478879166635,
1.48174654999962,1.72870430833289),.UNSPECIFIED.);
#233=B_SPLINE_CURVE_WITH_KNOTS('',3,(#3067,#3068,#3069,#3070),
 .UNSPECIFIED.,.F.,.F.,(4,4),(-0.322786978220196,0.),.UNSPECIFIED.);
#234=B_SPLINE_CURVE_WITH_KNOTS('',3,(#3071,#3072,#3073,#3074),
 .UNSPECIFIED.,.F.,.F.,(4,4),(0.,0.322786978220196),.UNSPECIFIED.);
#235=B_SPLINE_CURVE_WITH_KNOTS('',3,(#3119,#3120,#3121,#3122),
 .UNSPECIFIED.,.F.,.F.,(4,4),(2.03088702873741,2.16244456950596),
 .UNSPECIFIED.);
#236=B_SPLINE_CURVE_WITH_KNOTS('',3,(#3123,#3124,#3125,#3126),
 .UNSPECIFIED.,.F.,.F.,(4,4),(-2.16244456950596,-2.03088702873741),
 .UNSPECIFIED.);
#237=B_SPLINE_CURVE_WITH_KNOTS('',3,(#3172,#3173,#3174,#3175),
 .UNSPECIFIED.,.F.,.F.,(4,4),(0.0442989674334511,2.30700262573122),
 .UNSPECIFIED.);
#238=B_SPLINE_CURVE_WITH_KNOTS('',3,(#3196,#3197,#3198,#3199),
 .UNSPECIFIED.,.F.,.F.,(4,4),(-2.30700262573122,-0.0442989674334511),
 .UNSPECIFIED.);
#239=B_SPLINE_CURVE_WITH_KNOTS('',3,(#3255,#3256,#3257,#3258),
 .UNSPECIFIED.,.F.,.F.,(4,4),(-2.30700262573125,-0.0442989674335498),
 .UNSPECIFIED.);
#240=B_SPLINE_CURVE_WITH_KNOTS('',3,(#3259,#3260,#3261,#3262),
 .UNSPECIFIED.,.F.,.F.,(4,4),(0.0442989674335498,2.30700262573125),
 .UNSPECIFIED.);
#241=B_SPLINE_CURVE_WITH_KNOTS('',3,(#3285,#3286,#3287,#3288),
 .UNSPECIFIED.,.F.,.F.,(4,4),(-2.30700262573131,-0.0442989674332967),
 .UNSPECIFIED.);
#242=B_SPLINE_CURVE_WITH_KNOTS('',3,(#3289,#3290,#3291,#3292),
 .UNSPECIFIED.,.F.,.F.,(4,4),(0.0442989674332967,2.30700262573131),
 .UNSPECIFIED.);
#243=B_SPLINE_SURFACE_WITH_KNOTS('',3,3,((#2203,#2204,#2205,#2206),(#2207,
#2208,#2209,#2210),(#2211,#2212,#2213,#2214),(#2215,#2216,#2217,#2218)),
 .UNSPECIFIED.,.F.,.F.,.F.,(4,4),(4,4),(0.,1.),(1.33954723153982,2.04056710215578),
 .UNSPECIFIED.);
#244=B_SPLINE_SURFACE_WITH_KNOTS('',3,3,((#2237,#2238,#2239,#2240,#2241,
#2242,#2243),(#2244,#2245,#2246,#2247,#2248,#2249,#2250),(#2251,#2252,#2253,
#2254,#2255,#2256,#2257),(#2258,#2259,#2260,#2261,#2262,#2263,#2264),(#2265,
#2266,#2267,#2268,#2269,#2270,#2271)),.UNSPECIFIED.,.F.,.F.,.F.,(4,1,4),
(4,1,1,1,4),(0.,0.571428571428571,1.),(0.,0.74087327499999,1.23478879166665,
1.48174654999998,1.72870430833331),.UNSPECIFIED.);
#245=B_SPLINE_SURFACE_WITH_KNOTS('',3,3,((#2289,#2290,#2291,#2292),(#2293,
#2294,#2295,#2296),(#2297,#2298,#2299,#2300),(#2301,#2302,#2303,#2304),
(#2305,#2306,#2307,#2308)),.UNSPECIFIED.,.F.,.F.,.F.,(4,1,4),(4,4),(0.,
0.571428571428571,1.),(0.,0.32278697822022),.UNSPECIFIED.);
#246=B_SPLINE_SURFACE_WITH_KNOTS('',3,3,((#2344,#2345,#2346,#2347),(#2348,
#2349,#2350,#2351),(#2352,#2353,#2354,#2355),(#2356,#2357,#2358,#2359),
(#2360,#2361,#2362,#2363)),.UNSPECIFIED.,.F.,.F.,.F.,(4,1,4),(4,4),(0.,
0.571428571428571,1.),(-2.16244456950179,-2.03088702873325),
 .UNSPECIFIED.);
#247=B_SPLINE_SURFACE_WITH_KNOTS('',3,3,((#2379,#2380,#2381,#2382,#2383,
#2384,#2385,#2386),(#2387,#2388,#2389,#2390,#2391,#2392,#2393,#2394),(#2395,
#2396,#2397,#2398,#2399,#2400,#2401,#2402),(#2403,#2404,#2405,#2406,#2407,
#2408,#2409,#2410),(#2411,#2412,#2413,#2414,#2415,#2416,#2417,#2418),(#2419,
#2420,#2421,#2422,#2423,#2424,#2425,#2426)),.UNSPECIFIED.,.F.,.F.,.F.,(4,
1,1,4),(4,1,1,1,1,4),(0.,0.285714285714286,0.571428571428571,1.),(0.138461582179619,
0.334043521298421,0.725207399536027,1.11637127777363,1.31195321689244,1.50753515601124),
 .UNSPECIFIED.);
#248=B_SPLINE_SURFACE_WITH_KNOTS('',3,3,((#2443,#2444,#2445,#2446),(#2447,
#2448,#2449,#2450),(#2451,#2452,#2453,#2454),(#2455,#2456,#2457,#2458)),
 .UNSPECIFIED.,.F.,.F.,.F.,(4,4),(4,4),(0.,1.),(1.33954723153986,2.04056710217536),
 .UNSPECIFIED.);
#249=B_SPLINE_SURFACE_WITH_KNOTS('',3,3,((#2477,#2478,#2479,#2480,#2481,
#2482,#2483),(#2484,#2485,#2486,#2487,#2488,#2489,#2490),(#2491,#2492,#2493,
#2494,#2495,#2496,#2497),(#2498,#2499,#2500,#2501,#2502,#2503,#2504),(#2505,
#2506,#2507,#2508,#2509,#2510,#2511)),.UNSPECIFIED.,.F.,.F.,.F.,(4,1,4),
(4,1,1,1,4),(0.,0.571428571428571,1.),(0.,0.740873274999808,1.23478879166635,
1.48174654999962,1.72870430833288),.UNSPECIFIED.);
#250=B_SPLINE_SURFACE_WITH_KNOTS('',3,3,((#2529,#2530,#2531,#2532),(#2533,
#2534,#2535,#2536),(#2537,#2538,#2539,#2540),(#2541,#2542,#2543,#2544),
(#2545,#2546,#2547,#2548)),.UNSPECIFIED.,.F.,.F.,.F.,(4,1,4),(4,4),(0.,
0.571428571428571,1.),(0.,0.322786978220179),.UNSPECIFIED.);
#251=B_SPLINE_SURFACE_WITH_KNOTS('',3,3,((#2584,#2585,#2586,#2587),(#2588,
#2589,#2590,#2591),(#2592,#2593,#2594,#2595),(#2596,#2597,#2598,#2599),
(#2600,#2601,#2602,#2603)),.UNSPECIFIED.,.F.,.F.,.F.,(4,1,4),(4,4),(0.,
0.571428571428571,1.),(-2.16244456949911,-2.03088702873061),
 .UNSPECIFIED.);
#252=B_SPLINE_SURFACE_WITH_KNOTS('',2,1,((#2658,#2659),(#2660,#2661),(#2662,
#2663)),.UNSPECIFIED.,.F.,.F.,.F.,(3,3),(2,2),(1.,2.),(-9.77347373802063,
9.36288814382834),.UNSPECIFIED.);
#253=B_SPLINE_SURFACE_WITH_KNOTS('',3,3,((#2668,#2669,#2670,#2671),(#2672,
#2673,#2674,#2675),(#2676,#2677,#2678,#2679),(#2680,#2681,#2682,#2683),
(#2684,#2685,#2686,#2687)),.UNSPECIFIED.,.F.,.F.,.F.,(4,1,4),(4,4),(0.,
0.571428571428571,1.),(0.0442989674334461,2.30700262573121),
 .UNSPECIFIED.);
#254=B_SPLINE_SURFACE_WITH_KNOTS('',3,3,((#2712,#2713,#2714,#2715),(#2716,
#2717,#2718,#2719),(#2720,#2721,#2722,#2723),(#2724,#2725,#2726,#2727)),
 .UNSPECIFIED.,.F.,.F.,.F.,(4,4),(4,4),(0.,1.),(1.33954723153979,2.04056710215577),
 .UNSPECIFIED.);
#255=B_SPLINE_SURFACE_WITH_KNOTS('',3,3,((#2746,#2747,#2748,#2749,#2750,
#2751,#2752,#2753,#2754),(#2755,#2756,#2757,#2758,#2759,#2760,#2761,#2762,
#2763),(#2764,#2765,#2766,#2767,#2768,#2769,#2770,#2771,#2772),(#2773,#2774,
#2775,#2776,#2777,#2778,#2779,#2780,#2781),(#2782,#2783,#2784,#2785,#2786,
#2787,#2788,#2789,#2790)),.UNSPECIFIED.,.F.,.F.,.F.,(4,1,4),(4,1,1,1,1,
1,4),(0.,0.571428571428571,1.),(0.,0.493915516666642,0.987831033333284,
1.2347887916666,1.48174654999993,1.54348598958326,1.72870430833325),
 .UNSPECIFIED.);
#256=B_SPLINE_SURFACE_WITH_KNOTS('',3,3,((#2812,#2813,#2814,#2815),(#2816,
#2817,#2818,#2819),(#2820,#2821,#2822,#2823),(#2824,#2825,#2826,#2827),
(#2828,#2829,#2830,#2831)),.UNSPECIFIED.,.F.,.F.,.F.,(4,1,4),(4,4),(0.,
0.571428571428571,1.),(0.,0.322786978220188),.UNSPECIFIED.);
#257=B_SPLINE_SURFACE_WITH_KNOTS('',3,3,((#2867,#2868,#2869,#2870),(#2871,
#2872,#2873,#2874),(#2875,#2876,#2877,#2878),(#2879,#2880,#2881,#2882),
(#2883,#2884,#2885,#2886)),.UNSPECIFIED.,.F.,.F.,.F.,(4,1,4),(4,4),(0.,
0.571428571428571,1.),(-2.16244456950263,-2.03088702873412),
 .UNSPECIFIED.);
#258=B_SPLINE_SURFACE_WITH_KNOTS('',3,3,((#2895,#2896,#2897,#2898,#2899,
#2900,#2901,#2902,#2903),(#2904,#2905,#2906,#2907,#2908,#2909,#2910,#2911,
#2912),(#2913,#2914,#2915,#2916,#2917,#2918,#2919,#2920,#2921),(#2922,#2923,
#2924,#2925,#2926,#2927,#2928,#2929,#2930),(#2931,#2932,#2933,#2934,#2935,
#2936,#2937,#2938,#2939),(#2940,#2941,#2942,#2943,#2944,#2945,#2946,#2947,
#2948)),.UNSPECIFIED.,.F.,.F.,.F.,(4,1,1,4),(4,1,1,1,1,1,4),(0.,0.285714285714286,
0.571428571428571,1.),(0.138461582179596,0.334043521298387,0.529625460417179,
0.72520739953597,1.11637127777355,1.31195321689234,1.50753515601114),
 .UNSPECIFIED.);
#259=B_SPLINE_SURFACE_WITH_KNOTS('',3,3,((#2967,#2968,#2969,#2970),(#2971,
#2972,#2973,#2974),(#2975,#2976,#2977,#2978),(#2979,#2980,#2981,#2982)),
 .UNSPECIFIED.,.F.,.F.,.F.,(4,4),(4,4),(0.,1.),(1.33954723153978,2.04056710217527),
 .UNSPECIFIED.);
#260=B_SPLINE_SURFACE_WITH_KNOTS('',3,3,((#3000,#3001,#3002,#3003,#3004,
#3005,#3006),(#3007,#3008,#3009,#3010,#3011,#3012,#3013),(#3014,#3015,#3016,
#3017,#3018,#3019,#3020),(#3021,#3022,#3023,#3024,#3025,#3026,#3027),(#3028,
#3029,#3030,#3031,#3032,#3033,#3034)),.UNSPECIFIED.,.F.,.F.,.F.,(4,1,4),
(4,1,1,1,4),(0.,0.571428571428571,1.),(0.,0.74087327499981,1.23478879166635,
1.48174654999962,1.72870430833289),.UNSPECIFIED.);
#261=B_SPLINE_SURFACE_WITH_KNOTS('',3,3,((#3044,#3045,#3046,#3047),(#3048,
#3049,#3050,#3051),(#3052,#3053,#3054,#3055),(#3056,#3057,#3058,#3059),
(#3060,#3061,#3062,#3063)),.UNSPECIFIED.,.F.,.F.,.F.,(4,1,4),(4,4),(0.,
0.571428571428571,1.),(0.,0.322786978220196),.UNSPECIFIED.);
#262=B_SPLINE_SURFACE_WITH_KNOTS('',3,3,((#3099,#3100,#3101,#3102),(#3103,
#3104,#3105,#3106),(#3107,#3108,#3109,#3110),(#3111,#3112,#3113,#3114),
(#3115,#3116,#3117,#3118)),.UNSPECIFIED.,.F.,.F.,.F.,(4,1,4),(4,4),(0.,
0.571428571428571,1.),(-2.16244456950596,-2.03088702873741),
 .UNSPECIFIED.);
#263=B_SPLINE_SURFACE_WITH_KNOTS('',2,1,((#3166,#3167),(#3168,#3169),(#3170,
#3171)),.UNSPECIFIED.,.F.,.F.,.F.,(3,3),(2,2),(1.,2.),(-9.77347373802065,
9.36288814382835),.UNSPECIFIED.);
#264=B_SPLINE_SURFACE_WITH_KNOTS('',3,3,((#3176,#3177,#3178,#3179),(#3180,
#3181,#3182,#3183),(#3184,#3185,#3186,#3187),(#3188,#3189,#3190,#3191),
(#3192,#3193,#3194,#3195)),.UNSPECIFIED.,.F.,.F.,.F.,(4,1,4),(4,4),(0.,
0.571428571428571,1.),(0.0442989674334511,2.30700262573122),
 .UNSPECIFIED.);
#265=B_SPLINE_SURFACE_WITH_KNOTS('',3,3,((#3235,#3236,#3237,#3238),(#3239,
#3240,#3241,#3242),(#3243,#3244,#3245,#3246),(#3247,#3248,#3249,#3250),
(#3251,#3252,#3253,#3254)),.UNSPECIFIED.,.F.,.F.,.F.,(4,1,4),(4,4),(0.,
0.571428571428571,1.),(0.0442989674335498,2.30700262573125),
 .UNSPECIFIED.);
#266=B_SPLINE_SURFACE_WITH_KNOTS('',3,3,((#3265,#3266,#3267,#3268),(#3269,
#3270,#3271,#3272),(#3273,#3274,#3275,#3276),(#3277,#3278,#3279,#3280),
(#3281,#3282,#3283,#3284)),.UNSPECIFIED.,.F.,.F.,.F.,(4,1,4),(4,4),(0.,
0.571428571428571,1.),(0.0442989674332967,2.30700262573131),
 .UNSPECIFIED.);
#267=B_SPLINE_SURFACE_WITH_KNOTS('',2,1,((#3302,#3303),(#3304,#3305),(#3306,
#3307)),.UNSPECIFIED.,.F.,.F.,.F.,(3,3),(2,2),(1.,2.),(-5.66549167963711,
5.66549167963711),.UNSPECIFIED.);
#268=B_SPLINE_SURFACE_WITH_KNOTS('',2,1,((#3357,#3358),(#3359,#3360),(#3361,
#3362)),.UNSPECIFIED.,.F.,.F.,.F.,(3,3),(2,2),(1.,2.),(-5.66549167963711,
5.66549167963711),.UNSPECIFIED.);
#269=FACE_OUTER_BOUND('',#371,.T.);
#270=FACE_OUTER_BOUND('',#372,.T.);
#271=FACE_OUTER_BOUND('',#373,.T.);
#272=FACE_OUTER_BOUND('',#374,.T.);
#273=FACE_OUTER_BOUND('',#375,.T.);
#274=FACE_OUTER_BOUND('',#376,.T.);
#275=FACE_OUTER_BOUND('',#377,.T.);
#276=FACE_OUTER_BOUND('',#378,.T.);
#277=FACE_OUTER_BOUND('',#379,.T.);
#278=FACE_OUTER_BOUND('',#380,.T.);
#279=FACE_OUTER_BOUND('',#381,.T.);
#280=FACE_OUTER_BOUND('',#382,.T.);
#281=FACE_OUTER_BOUND('',#383,.T.);
#282=FACE_OUTER_BOUND('',#384,.T.);
#283=FACE_OUTER_BOUND('',#385,.T.);
#284=FACE_OUTER_BOUND('',#386,.T.);
#285=FACE_OUTER_BOUND('',#387,.T.);
#286=FACE_OUTER_BOUND('',#388,.T.);
#287=FACE_OUTER_BOUND('',#389,.T.);
#288=FACE_OUTER_BOUND('',#390,.T.);
#289=FACE_OUTER_BOUND('',#391,.T.);
#290=FACE_OUTER_BOUND('',#392,.T.);
#291=FACE_OUTER_BOUND('',#393,.T.);
#292=FACE_OUTER_BOUND('',#394,.T.);
#293=FACE_OUTER_BOUND('',#395,.T.);
#294=FACE_OUTER_BOUND('',#396,.T.);
#295=FACE_OUTER_BOUND('',#397,.T.);
#296=FACE_OUTER_BOUND('',#398,.T.);
#297=FACE_OUTER_BOUND('',#399,.T.);
#298=FACE_OUTER_BOUND('',#400,.T.);
#299=FACE_OUTER_BOUND('',#402,.T.);
#300=FACE_OUTER_BOUND('',#403,.T.);
#301=FACE_OUTER_BOUND('',#404,.T.);
#302=FACE_OUTER_BOUND('',#405,.T.);
#303=FACE_OUTER_BOUND('',#406,.T.);
#304=FACE_OUTER_BOUND('',#407,.T.);
#305=FACE_OUTER_BOUND('',#408,.T.);
#306=FACE_OUTER_BOUND('',#409,.T.);
#307=FACE_OUTER_BOUND('',#410,.T.);
#308=FACE_OUTER_BOUND('',#411,.T.);
#309=FACE_OUTER_BOUND('',#412,.T.);
#310=FACE_OUTER_BOUND('',#413,.T.);
#311=FACE_OUTER_BOUND('',#414,.T.);
#312=FACE_OUTER_BOUND('',#415,.T.);
#313=FACE_OUTER_BOUND('',#416,.T.);
#314=FACE_OUTER_BOUND('',#417,.T.);
#315=FACE_OUTER_BOUND('',#418,.T.);
#316=FACE_OUTER_BOUND('',#419,.T.);
#317=FACE_OUTER_BOUND('',#420,.T.);
#318=FACE_OUTER_BOUND('',#421,.T.);
#319=FACE_OUTER_BOUND('',#422,.T.);
#320=FACE_OUTER_BOUND('',#423,.T.);
#321=FACE_OUTER_BOUND('',#424,.T.);
#322=FACE_OUTER_BOUND('',#425,.T.);
#323=FACE_OUTER_BOUND('',#426,.T.);
#324=FACE_OUTER_BOUND('',#427,.T.);
#325=FACE_OUTER_BOUND('',#428,.T.);
#326=FACE_OUTER_BOUND('',#429,.T.);
#327=FACE_OUTER_BOUND('',#430,.T.);
#328=FACE_OUTER_BOUND('',#431,.T.);
#329=FACE_OUTER_BOUND('',#432,.T.);
#330=FACE_OUTER_BOUND('',#433,.T.);
#331=FACE_OUTER_BOUND('',#434,.T.);
#332=FACE_OUTER_BOUND('',#435,.T.);
#333=FACE_OUTER_BOUND('',#437,.T.);
#334=FACE_OUTER_BOUND('',#438,.T.);
#335=FACE_OUTER_BOUND('',#439,.T.);
#336=FACE_OUTER_BOUND('',#440,.T.);
#337=FACE_OUTER_BOUND('',#441,.T.);
#338=FACE_OUTER_BOUND('',#442,.T.);
#339=FACE_OUTER_BOUND('',#443,.T.);
#340=FACE_OUTER_BOUND('',#444,.T.);
#341=FACE_OUTER_BOUND('',#445,.T.);
#342=FACE_OUTER_BOUND('',#446,.T.);
#343=FACE_OUTER_BOUND('',#447,.T.);
#344=FACE_OUTER_BOUND('',#448,.T.);
#345=FACE_OUTER_BOUND('',#449,.T.);
#346=FACE_OUTER_BOUND('',#450,.T.);
#347=FACE_OUTER_BOUND('',#451,.T.);
#348=FACE_OUTER_BOUND('',#452,.T.);
#349=FACE_OUTER_BOUND('',#453,.T.);
#350=FACE_OUTER_BOUND('',#454,.T.);
#351=FACE_OUTER_BOUND('',#455,.T.);
#352=FACE_OUTER_BOUND('',#458,.T.);
#353=FACE_OUTER_BOUND('',#459,.T.);
#354=FACE_OUTER_BOUND('',#460,.T.);
#355=FACE_OUTER_BOUND('',#461,.T.);
#356=FACE_OUTER_BOUND('',#462,.T.);
#357=FACE_OUTER_BOUND('',#463,.T.);
#358=FACE_OUTER_BOUND('',#464,.T.);
#359=FACE_OUTER_BOUND('',#465,.T.);
#360=FACE_OUTER_BOUND('',#468,.T.);
#361=FACE_OUTER_BOUND('',#470,.T.);
#362=FACE_OUTER_BOUND('',#472,.T.);
#363=FACE_OUTER_BOUND('',#473,.T.);
#364=FACE_OUTER_BOUND('',#474,.T.);
#365=FACE_OUTER_BOUND('',#475,.T.);
#366=FACE_OUTER_BOUND('',#476,.T.);
#367=FACE_OUTER_BOUND('',#477,.T.);
#368=FACE_OUTER_BOUND('',#478,.T.);
#369=FACE_OUTER_BOUND('',#479,.T.);
#370=FACE_OUTER_BOUND('',#480,.T.);
#371=EDGE_LOOP('',(#953,#954,#955));
#372=EDGE_LOOP('',(#956,#957,#958,#959));
#373=EDGE_LOOP('',(#960,#961,#962));
#374=EDGE_LOOP('',(#963,#964,#965,#966));
#375=EDGE_LOOP('',(#967,#968,#969,#970));
#376=EDGE_LOOP('',(#971,#972,#973,#974));
#377=EDGE_LOOP('',(#975,#976,#977,#978));
#378=EDGE_LOOP('',(#979,#980,#981,#982));
#379=EDGE_LOOP('',(#983,#984,#985,#986));
#380=EDGE_LOOP('',(#987,#988,#989,#990));
#381=EDGE_LOOP('',(#991,#992,#993));
#382=EDGE_LOOP('',(#994,#995,#996,#997));
#383=EDGE_LOOP('',(#998,#999,#1000,#1001));
#384=EDGE_LOOP('',(#1002,#1003,#1004));
#385=EDGE_LOOP('',(#1005,#1006,#1007,#1008));
#386=EDGE_LOOP('',(#1009,#1010,#1011,#1012));
#387=EDGE_LOOP('',(#1013,#1014,#1015,#1016));
#388=EDGE_LOOP('',(#1017,#1018,#1019,#1020));
#389=EDGE_LOOP('',(#1021,#1022,#1023,#1024));
#390=EDGE_LOOP('',(#1025,#1026,#1027,#1028));
#391=EDGE_LOOP('',(#1029,#1030,#1031,#1032));
#392=EDGE_LOOP('',(#1033,#1034,#1035));
#393=EDGE_LOOP('',(#1036,#1037,#1038));
#394=EDGE_LOOP('',(#1039,#1040,#1041,#1042,#1043,#1044));
#395=EDGE_LOOP('',(#1045,#1046,#1047,#1048,#1049));
#396=EDGE_LOOP('',(#1050,#1051,#1052,#1053));
#397=EDGE_LOOP('',(#1054,#1055,#1056,#1057));
#398=EDGE_LOOP('',(#1058,#1059,#1060,#1061,#1062));
#399=EDGE_LOOP('',(#1063,#1064,#1065,#1066));
#400=EDGE_LOOP('',(#1067,#1068,#1069,#1070,#1071));
#401=EDGE_LOOP('',(#1072));
#402=EDGE_LOOP('',(#1073,#1074,#1075,#1076,#1077,#1078,#1079));
#403=EDGE_LOOP('',(#1080,#1081,#1082,#1083));
#404=EDGE_LOOP('',(#1084,#1085,#1086,#1087));
#405=EDGE_LOOP('',(#1088,#1089,#1090));
#406=EDGE_LOOP('',(#1091,#1092,#1093));
#407=EDGE_LOOP('',(#1094,#1095,#1096,#1097));
#408=EDGE_LOOP('',(#1098,#1099,#1100));
#409=EDGE_LOOP('',(#1101,#1102,#1103,#1104));
#410=EDGE_LOOP('',(#1105,#1106,#1107,#1108));
#411=EDGE_LOOP('',(#1109,#1110,#1111,#1112));
#412=EDGE_LOOP('',(#1113,#1114,#1115,#1116));
#413=EDGE_LOOP('',(#1117,#1118,#1119,#1120));
#414=EDGE_LOOP('',(#1121,#1122,#1123,#1124));
#415=EDGE_LOOP('',(#1125,#1126,#1127,#1128));
#416=EDGE_LOOP('',(#1129,#1130,#1131,#1132));
#417=EDGE_LOOP('',(#1133,#1134,#1135,#1136));
#418=EDGE_LOOP('',(#1137,#1138,#1139));
#419=EDGE_LOOP('',(#1140,#1141,#1142,#1143));
#420=EDGE_LOOP('',(#1144,#1145,#1146,#1147));
#421=EDGE_LOOP('',(#1148,#1149,#1150,#1151));
#422=EDGE_LOOP('',(#1152,#1153,#1154,#1155));
#423=EDGE_LOOP('',(#1156,#1157,#1158,#1159));
#424=EDGE_LOOP('',(#1160,#1161,#1162,#1163));
#425=EDGE_LOOP('',(#1164,#1165,#1166,#1167));
#426=EDGE_LOOP('',(#1168,#1169,#1170));
#427=EDGE_LOOP('',(#1171,#1172,#1173));
#428=EDGE_LOOP('',(#1174,#1175,#1176,#1177));
#429=EDGE_LOOP('',(#1178,#1179,#1180,#1181,#1182,#1183));
#430=EDGE_LOOP('',(#1184,#1185,#1186,#1187,#1188));
#431=EDGE_LOOP('',(#1189,#1190,#1191,#1192));
#432=EDGE_LOOP('',(#1193,#1194,#1195,#1196));
#433=EDGE_LOOP('',(#1197,#1198,#1199,#1200,#1201));
#434=EDGE_LOOP('',(#1202,#1203,#1204,#1205));
#435=EDGE_LOOP('',(#1206,#1207,#1208,#1209,#1210));
#436=EDGE_LOOP('',(#1211));
#437=EDGE_LOOP('',(#1212,#1213,#1214,#1215,#1216,#1217,#1218));
#438=EDGE_LOOP('',(#1219,#1220,#1221,#1222));
#439=EDGE_LOOP('',(#1223,#1224,#1225,#1226));
#440=EDGE_LOOP('',(#1227,#1228,#1229,#1230));
#441=EDGE_LOOP('',(#1231,#1232,#1233,#1234));
#442=EDGE_LOOP('',(#1235,#1236,#1237,#1238));
#443=EDGE_LOOP('',(#1239,#1240,#1241,#1242));
#444=EDGE_LOOP('',(#1243,#1244,#1245,#1246));
#445=EDGE_LOOP('',(#1247,#1248,#1249,#1250));
#446=EDGE_LOOP('',(#1251,#1252,#1253,#1254));
#447=EDGE_LOOP('',(#1255,#1256,#1257,#1258));
#448=EDGE_LOOP('',(#1259,#1260,#1261,#1262));
#449=EDGE_LOOP('',(#1263,#1264,#1265,#1266));
#450=EDGE_LOOP('',(#1267,#1268,#1269,#1270,#1271,#1272,#1273));
#451=EDGE_LOOP('',(#1274,#1275,#1276,#1277,#1278));
#452=EDGE_LOOP('',(#1279,#1280,#1281,#1282));
#453=EDGE_LOOP('',(#1283,#1284,#1285,#1286));
#454=EDGE_LOOP('',(#1287,#1288,#1289,#1290,#1291));
#455=EDGE_LOOP('',(#1292,#1293,#1294,#1295,#1296,#1297,#1298,#1299,#1300,
#1301,#1302,#1303));
#456=EDGE_LOOP('',(#1304));
#457=EDGE_LOOP('',(#1305));
#458=EDGE_LOOP('',(#1306,#1307,#1308,#1309));
#459=EDGE_LOOP('',(#1310,#1311,#1312,#1313));
#460=EDGE_LOOP('',(#1314,#1315,#1316,#1317));
#461=EDGE_LOOP('',(#1318,#1319,#1320,#1321));
#462=EDGE_LOOP('',(#1322,#1323,#1324,#1325));
#463=EDGE_LOOP('',(#1326,#1327,#1328,#1329));
#464=EDGE_LOOP('',(#1330,#1331,#1332,#1333));
#465=EDGE_LOOP('',(#1334,#1335,#1336,#1337,#1338,#1339,#1340,#1341,#1342,
#1343,#1344,#1345));
#466=EDGE_LOOP('',(#1346));
#467=EDGE_LOOP('',(#1347));
#468=EDGE_LOOP('',(#1348,#1349,#1350,#1351,#1352));
#469=EDGE_LOOP('',(#1353));
#470=EDGE_LOOP('',(#1354,#1355,#1356,#1357,#1358));
#471=EDGE_LOOP('',(#1359));
#472=EDGE_LOOP('',(#1360,#1361,#1362,#1363,#1364,#1365,#1366));
#473=EDGE_LOOP('',(#1367,#1368,#1369,#1370,#1371));
#474=EDGE_LOOP('',(#1372,#1373,#1374,#1375,#1376));
#475=EDGE_LOOP('',(#1377,#1378,#1379,#1380));
#476=EDGE_LOOP('',(#1381,#1382,#1383,#1384));
#477=EDGE_LOOP('',(#1385,#1386,#1387,#1388));
#478=EDGE_LOOP('',(#1389,#1390,#1391,#1392));
#479=EDGE_LOOP('',(#1393,#1394,#1395,#1396));
#480=EDGE_LOOP('',(#1397,#1398,#1399,#1400));
#481=CIRCLE('',#1538,0.0500000000000002);
#482=CIRCLE('',#1539,0.0499999999999998);
#483=CIRCLE('',#1540,0.05);
#484=CIRCLE('',#1541,0.0499999999999998);
#485=CIRCLE('',#1543,0.05);
#486=CIRCLE('',#1544,0.05);
#487=CIRCLE('',#1545,0.05);
#488=CIRCLE('',#1546,0.05);
#489=CIRCLE('',#1547,0.05);
#490=CIRCLE('',#1549,0.05);
#491=CIRCLE('',#1551,0.050000000000007);
#492=CIRCLE('',#1552,0.19);
#493=CIRCLE('',#1553,0.14);
#494=CIRCLE('',#1555,0.0500000000000001);
#495=CIRCLE('',#1557,0.0499999999999989);
#496=CIRCLE('',#1558,0.25);
#497=CIRCLE('',#1559,0.3);
#498=CIRCLE('',#1561,0.05);
#499=CIRCLE('',#1562,0.05);
#500=CIRCLE('',#1563,0.05);
#501=CIRCLE('',#1564,0.05);
#502=CIRCLE('',#1566,0.0500000000000001);
#503=CIRCLE('',#1567,0.05);
#504=CIRCLE('',#1568,0.0500000000000001);
#505=CIRCLE('',#1569,0.05);
#506=CIRCLE('',#1570,0.05);
#507=CIRCLE('',#1572,0.05);
#508=CIRCLE('',#1574,0.0500000000000028);
#509=CIRCLE('',#1575,0.19);
#510=CIRCLE('',#1576,0.14);
#511=CIRCLE('',#1578,0.05);
#512=CIRCLE('',#1580,0.0500000000000073);
#513=CIRCLE('',#1581,0.25);
#514=CIRCLE('',#1582,0.3);
#515=CIRCLE('',#1584,0.05);
#516=CIRCLE('',#1585,0.05);
#517=CIRCLE('',#1587,0.05);
#518=CIRCLE('',#1588,0.05);
#519=CIRCLE('',#1590,0.25);
#520=CIRCLE('',#1591,0.25);
#521=CIRCLE('',#1594,0.19);
#522=CIRCLE('',#1597,0.25);
#523=CIRCLE('',#1599,0.3);
#524=CIRCLE('',#1600,0.0500000000000003);
#525=CIRCLE('',#1602,0.0859999999999997);
#526=CIRCLE('',#1604,0.25);
#527=CIRCLE('',#1605,0.0499999999999999);
#528=CIRCLE('',#1606,0.3);
#529=CIRCLE('',#1608,0.05);
#530=CIRCLE('',#1609,0.05);
#531=CIRCLE('',#1610,0.0500000000000001);
#532=CIRCLE('',#1612,0.05);
#533=CIRCLE('',#1613,0.0499999999999995);
#534=CIRCLE('',#1614,0.05);
#535=CIRCLE('',#1615,0.0500000000000001);
#536=CIRCLE('',#1617,0.05);
#537=CIRCLE('',#1618,0.05);
#538=CIRCLE('',#1619,0.05);
#539=CIRCLE('',#1620,0.05);
#540=CIRCLE('',#1621,0.05);
#541=CIRCLE('',#1623,0.05);
#542=CIRCLE('',#1625,0.050000000000001);
#543=CIRCLE('',#1626,0.19);
#544=CIRCLE('',#1627,0.14);
#545=CIRCLE('',#1629,0.05);
#546=CIRCLE('',#1631,0.0499999999999904);
#547=CIRCLE('',#1632,0.25);
#548=CIRCLE('',#1633,0.3);
#549=CIRCLE('',#1634,0.05);
#550=CIRCLE('',#1636,0.05);
#551=CIRCLE('',#1637,0.05);
#552=CIRCLE('',#1638,0.05);
#553=CIRCLE('',#1639,0.05);
#554=CIRCLE('',#1640,0.05);
#555=CIRCLE('',#1642,0.05);
#556=CIRCLE('',#1644,0.0499999999999948);
#557=CIRCLE('',#1645,0.19);
#558=CIRCLE('',#1646,0.14);
#559=CIRCLE('',#1648,0.05);
#560=CIRCLE('',#1650,0.0499999999999885);
#561=CIRCLE('',#1651,0.25);
#562=CIRCLE('',#1652,0.3);
#563=CIRCLE('',#1654,0.05);
#564=CIRCLE('',#1655,0.05);
#565=CIRCLE('',#1657,0.05);
#566=CIRCLE('',#1658,0.05);
#567=CIRCLE('',#1660,0.25);
#568=CIRCLE('',#1661,0.05);
#569=CIRCLE('',#1662,0.3);
#570=CIRCLE('',#1666,0.19);
#571=CIRCLE('',#1669,0.25);
#572=CIRCLE('',#1671,0.3);
#573=CIRCLE('',#1672,0.0499999999999999);
#574=CIRCLE('',#1674,0.0859999999999997);
#575=CIRCLE('',#1676,0.05);
#576=CIRCLE('',#1677,0.05);
#577=CIRCLE('',#1679,0.3);
#578=CIRCLE('',#1680,0.25);
#579=CIRCLE('',#1682,0.05);
#580=CIRCLE('',#1683,0.05);
#581=CIRCLE('',#1685,0.05);
#582=CIRCLE('',#1686,0.19);
#583=CIRCLE('',#1687,0.14);
#584=CIRCLE('',#1689,0.05);
#585=CIRCLE('',#1691,0.3);
#586=CIRCLE('',#1692,0.25);
#587=CIRCLE('',#1694,0.3);
#588=CIRCLE('',#1696,0.05);
#589=CIRCLE('',#1697,0.19);
#590=CIRCLE('',#1698,0.14);
#591=CIRCLE('',#1705,0.0859999999999997);
#592=CIRCLE('',#1706,0.0859999999999997);
#593=CIRCLE('',#1708,0.0499999999999999);
#594=CIRCLE('',#1710,0.0499999999999999);
#595=CIRCLE('',#1712,0.0499999999999999);
#596=CIRCLE('',#1713,0.14);
#597=CIRCLE('',#1716,0.0499999999999999);
#598=CIRCLE('',#1717,0.14);
#599=CIRCLE('',#1719,0.0499999999999999);
#600=CIRCLE('',#1721,0.3);
#601=CIRCLE('',#1723,0.0859999999999995);
#602=CIRCLE('',#1724,0.0859999999999995);
#603=CIRCLE('',#1726,0.0859999999999995);
#604=CIRCLE('',#1728,0.0859999999999995);
#605=VERTEX_POINT('',#2197);
#606=VERTEX_POINT('',#2198);
#607=VERTEX_POINT('',#2200);
#608=VERTEX_POINT('',#2219);
#609=VERTEX_POINT('',#2224);
#610=VERTEX_POINT('',#2231);
#611=VERTEX_POINT('',#2232);
#612=VERTEX_POINT('',#2234);
#613=VERTEX_POINT('',#2272);
#614=VERTEX_POINT('',#2273);
#615=VERTEX_POINT('',#2309);
#616=VERTEX_POINT('',#2310);
#617=VERTEX_POINT('',#2321);
#618=VERTEX_POINT('',#2322);
#619=VERTEX_POINT('',#2327);
#620=VERTEX_POINT('',#2328);
#621=VERTEX_POINT('',#2333);
#622=VERTEX_POINT('',#2334);
#623=VERTEX_POINT('',#2339);
#624=VERTEX_POINT('',#2340);
#625=VERTEX_POINT('',#2373);
#626=VERTEX_POINT('',#2374);
#627=VERTEX_POINT('',#2376);
#628=VERTEX_POINT('',#2459);
#629=VERTEX_POINT('',#2464);
#630=VERTEX_POINT('',#2471);
#631=VERTEX_POINT('',#2472);
#632=VERTEX_POINT('',#2474);
#633=VERTEX_POINT('',#2512);
#634=VERTEX_POINT('',#2513);
#635=VERTEX_POINT('',#2549);
#636=VERTEX_POINT('',#2550);
#637=VERTEX_POINT('',#2561);
#638=VERTEX_POINT('',#2562);
#639=VERTEX_POINT('',#2567);
#640=VERTEX_POINT('',#2568);
#641=VERTEX_POINT('',#2573);
#642=VERTEX_POINT('',#2574);
#643=VERTEX_POINT('',#2579);
#644=VERTEX_POINT('',#2580);
#645=VERTEX_POINT('',#2613);
#646=VERTEX_POINT('',#2617);
#647=VERTEX_POINT('',#2621);
#648=VERTEX_POINT('',#2623);
#649=VERTEX_POINT('',#2625);
#650=VERTEX_POINT('',#2633);
#651=VERTEX_POINT('',#2637);
#652=VERTEX_POINT('',#2641);
#653=VERTEX_POINT('',#2645);
#654=VERTEX_POINT('',#2651);
#655=VERTEX_POINT('',#2656);
#656=VERTEX_POINT('',#2693);
#657=VERTEX_POINT('',#2695);
#658=VERTEX_POINT('',#2699);
#659=VERTEX_POINT('',#2700);
#660=VERTEX_POINT('',#2702);
#661=VERTEX_POINT('',#2706);
#662=VERTEX_POINT('',#2707);
#663=VERTEX_POINT('',#2709);
#664=VERTEX_POINT('',#2728);
#665=VERTEX_POINT('',#2733);
#666=VERTEX_POINT('',#2740);
#667=VERTEX_POINT('',#2741);
#668=VERTEX_POINT('',#2743);
#669=VERTEX_POINT('',#2791);
#670=VERTEX_POINT('',#2792);
#671=VERTEX_POINT('',#2832);
#672=VERTEX_POINT('',#2833);
#673=VERTEX_POINT('',#2844);
#674=VERTEX_POINT('',#2845);
#675=VERTEX_POINT('',#2850);
#676=VERTEX_POINT('',#2851);
#677=VERTEX_POINT('',#2856);
#678=VERTEX_POINT('',#2857);
#679=VERTEX_POINT('',#2862);
#680=VERTEX_POINT('',#2863);
#681=VERTEX_POINT('',#2983);
#682=VERTEX_POINT('',#2988);
#683=VERTEX_POINT('',#2995);
#684=VERTEX_POINT('',#2997);
#685=VERTEX_POINT('',#3035);
#686=VERTEX_POINT('',#3064);
#687=VERTEX_POINT('',#3065);
#688=VERTEX_POINT('',#3076);
#689=VERTEX_POINT('',#3077);
#690=VERTEX_POINT('',#3082);
#691=VERTEX_POINT('',#3083);
#692=VERTEX_POINT('',#3088);
#693=VERTEX_POINT('',#3089);
#694=VERTEX_POINT('',#3094);
#695=VERTEX_POINT('',#3095);
#696=VERTEX_POINT('',#3128);
#697=VERTEX_POINT('',#3132);
#698=VERTEX_POINT('',#3136);
#699=VERTEX_POINT('',#3138);
#700=VERTEX_POINT('',#3145);
#701=VERTEX_POINT('',#3149);
#702=VERTEX_POINT('',#3153);
#703=VERTEX_POINT('',#3159);
#704=VERTEX_POINT('',#3164);
#705=VERTEX_POINT('',#3201);
#706=VERTEX_POINT('',#3202);
#707=VERTEX_POINT('',#3204);
#708=VERTEX_POINT('',#3206);
#709=VERTEX_POINT('',#3213);
#710=VERTEX_POINT('',#3214);
#711=VERTEX_POINT('',#3216);
#712=VERTEX_POINT('',#3218);
#713=VERTEX_POINT('',#3222);
#714=VERTEX_POINT('',#3223);
#715=VERTEX_POINT('',#3228);
#716=VERTEX_POINT('',#3294);
#717=VERTEX_POINT('',#3295);
#718=VERTEX_POINT('',#3317);
#719=VERTEX_POINT('',#3319);
#720=VERTEX_POINT('',#3322);
#721=VERTEX_POINT('',#3326);
#722=VERTEX_POINT('',#3330);
#723=VERTEX_POINT('',#3336);
#724=VERTEX_POINT('',#3340);
#725=VERTEX_POINT('',#3346);
#726=VERTEX_POINT('',#3348);
#727=VERTEX_POINT('',#3351);
#728=VERTEX_POINT('',#3355);
#729=EDGE_CURVE('',#605,#606,#481,.F.);
#730=EDGE_CURVE('',#607,#605,#482,.F.);
#731=EDGE_CURVE('',#606,#607,#483,.F.);
#732=EDGE_CURVE('',#605,#608,#199,.T.);
#733=EDGE_CURVE('',#608,#609,#484,.T.);
#734=EDGE_CURVE('',#609,#607,#200,.T.);
#735=EDGE_CURVE('',#610,#611,#485,.T.);
#736=EDGE_CURVE('',#611,#612,#486,.T.);
#737=EDGE_CURVE('',#612,#610,#487,.T.);
#738=EDGE_CURVE('',#613,#614,#488,.T.);
#739=EDGE_CURVE('',#614,#611,#201,.T.);
#740=EDGE_CURVE('',#610,#613,#202,.T.);
#741=EDGE_CURVE('',#615,#616,#489,.T.);
#742=EDGE_CURVE('',#616,#614,#203,.T.);
#743=EDGE_CURVE('',#613,#615,#204,.T.);
#744=EDGE_CURVE('',#617,#618,#490,.T.);
#745=EDGE_CURVE('',#618,#616,#57,.T.);
#746=EDGE_CURVE('',#615,#617,#58,.T.);
#747=EDGE_CURVE('',#619,#620,#491,.T.);
#748=EDGE_CURVE('',#620,#618,#492,.T.);
#749=EDGE_CURVE('',#617,#619,#493,.T.);
#750=EDGE_CURVE('',#621,#622,#494,.T.);
#751=EDGE_CURVE('',#622,#620,#59,.T.);
#752=EDGE_CURVE('',#619,#621,#60,.T.);
#753=EDGE_CURVE('',#623,#624,#495,.T.);
#754=EDGE_CURVE('',#624,#622,#496,.T.);
#755=EDGE_CURVE('',#621,#623,#497,.T.);
#756=EDGE_CURVE('',#607,#624,#205,.T.);
#757=EDGE_CURVE('',#623,#606,#206,.T.);
#758=EDGE_CURVE('',#625,#626,#498,.F.);
#759=EDGE_CURVE('',#627,#625,#499,.F.);
#760=EDGE_CURVE('',#626,#627,#500,.F.);
#761=EDGE_CURVE('',#625,#605,#207,.T.);
#762=EDGE_CURVE('',#606,#627,#208,.T.);
#763=EDGE_CURVE('',#627,#628,#209,.T.);
#764=EDGE_CURVE('',#628,#629,#501,.T.);
#765=EDGE_CURVE('',#629,#626,#210,.T.);
#766=EDGE_CURVE('',#630,#631,#502,.T.);
#767=EDGE_CURVE('',#631,#632,#503,.T.);
#768=EDGE_CURVE('',#632,#630,#504,.T.);
#769=EDGE_CURVE('',#633,#634,#505,.T.);
#770=EDGE_CURVE('',#634,#631,#211,.T.);
#771=EDGE_CURVE('',#630,#633,#212,.T.);
#772=EDGE_CURVE('',#635,#636,#506,.T.);
#773=EDGE_CURVE('',#636,#634,#213,.T.);
#774=EDGE_CURVE('',#633,#635,#214,.T.);
#775=EDGE_CURVE('',#637,#638,#507,.T.);
#776=EDGE_CURVE('',#638,#636,#61,.T.);
#777=EDGE_CURVE('',#635,#637,#62,.T.);
#778=EDGE_CURVE('',#639,#640,#508,.T.);
#779=EDGE_CURVE('',#640,#638,#509,.T.);
#780=EDGE_CURVE('',#637,#639,#510,.T.);
#781=EDGE_CURVE('',#641,#642,#511,.T.);
#782=EDGE_CURVE('',#642,#640,#63,.T.);
#783=EDGE_CURVE('',#639,#641,#64,.T.);
#784=EDGE_CURVE('',#643,#644,#512,.T.);
#785=EDGE_CURVE('',#644,#642,#513,.T.);
#786=EDGE_CURVE('',#641,#643,#514,.T.);
#787=EDGE_CURVE('',#626,#644,#215,.T.);
#788=EDGE_CURVE('',#643,#625,#216,.T.);
#789=EDGE_CURVE('',#628,#645,#515,.T.);
#790=EDGE_CURVE('',#645,#629,#516,.T.);
#791=EDGE_CURVE('',#608,#646,#517,.T.);
#792=EDGE_CURVE('',#646,#609,#518,.T.);
#793=EDGE_CURVE('',#614,#647,#65,.T.);
#794=EDGE_CURVE('',#648,#647,#519,.T.);
#795=EDGE_CURVE('',#649,#648,#217,.T.);
#796=EDGE_CURVE('',#649,#650,#66,.T.);
#797=EDGE_CURVE('',#611,#650,#520,.T.);
#798=EDGE_CURVE('',#651,#618,#67,.T.);
#799=EDGE_CURVE('',#647,#651,#68,.T.);
#800=EDGE_CURVE('',#652,#620,#69,.T.);
#801=EDGE_CURVE('',#651,#652,#521,.T.);
#802=EDGE_CURVE('',#653,#622,#70,.T.);
#803=EDGE_CURVE('',#652,#653,#71,.T.);
#804=EDGE_CURVE('',#653,#609,#522,.T.);
#805=EDGE_CURVE('',#646,#654,#523,.T.);
#806=EDGE_CURVE('',#653,#654,#524,.T.);
#807=EDGE_CURVE('',#643,#635,#72,.T.);
#808=EDGE_CURVE('',#655,#655,#525,.T.);
#809=EDGE_CURVE('',#608,#630,#218,.T.);
#810=EDGE_CURVE('',#632,#646,#219,.T.);
#811=EDGE_CURVE('',#631,#656,#526,.T.);
#812=EDGE_CURVE('',#657,#656,#527,.T.);
#813=EDGE_CURVE('',#657,#632,#528,.T.);
#814=EDGE_CURVE('',#658,#659,#529,.F.);
#815=EDGE_CURVE('',#660,#658,#530,.F.);
#816=EDGE_CURVE('',#659,#660,#531,.F.);
#817=EDGE_CURVE('',#661,#662,#532,.F.);
#818=EDGE_CURVE('',#663,#661,#533,.F.);
#819=EDGE_CURVE('',#662,#663,#534,.F.);
#820=EDGE_CURVE('',#661,#664,#220,.T.);
#821=EDGE_CURVE('',#664,#665,#535,.T.);
#822=EDGE_CURVE('',#665,#663,#221,.T.);
#823=EDGE_CURVE('',#666,#667,#536,.T.);
#824=EDGE_CURVE('',#667,#668,#537,.T.);
#825=EDGE_CURVE('',#668,#666,#538,.T.);
#826=EDGE_CURVE('',#669,#670,#539,.T.);
#827=EDGE_CURVE('',#670,#667,#222,.T.);
#828=EDGE_CURVE('',#666,#669,#223,.T.);
#829=EDGE_CURVE('',#671,#672,#540,.T.);
#830=EDGE_CURVE('',#672,#670,#224,.T.);
#831=EDGE_CURVE('',#669,#671,#225,.T.);
#832=EDGE_CURVE('',#673,#674,#541,.T.);
#833=EDGE_CURVE('',#674,#672,#73,.T.);
#834=EDGE_CURVE('',#671,#673,#74,.T.);
#835=EDGE_CURVE('',#675,#676,#542,.T.);
#836=EDGE_CURVE('',#676,#674,#543,.T.);
#837=EDGE_CURVE('',#673,#675,#544,.T.);
#838=EDGE_CURVE('',#677,#678,#545,.T.);
#839=EDGE_CURVE('',#678,#676,#75,.T.);
#840=EDGE_CURVE('',#675,#677,#76,.T.);
#841=EDGE_CURVE('',#679,#680,#546,.T.);
#842=EDGE_CURVE('',#680,#678,#547,.T.);
#843=EDGE_CURVE('',#677,#679,#548,.T.);
#844=EDGE_CURVE('',#663,#680,#226,.T.);
#845=EDGE_CURVE('',#679,#662,#227,.T.);
#846=EDGE_CURVE('',#658,#661,#228,.T.);
#847=EDGE_CURVE('',#662,#660,#229,.T.);
#848=EDGE_CURVE('',#660,#681,#230,.T.);
#849=EDGE_CURVE('',#681,#682,#549,.T.);
#850=EDGE_CURVE('',#682,#659,#231,.T.);
#851=EDGE_CURVE('',#683,#648,#550,.T.);
#852=EDGE_CURVE('',#648,#684,#551,.T.);
#853=EDGE_CURVE('',#684,#683,#552,.T.);
#854=EDGE_CURVE('',#685,#649,#553,.T.);
#855=EDGE_CURVE('',#683,#685,#232,.T.);
#856=EDGE_CURVE('',#686,#687,#554,.T.);
#857=EDGE_CURVE('',#687,#649,#233,.T.);
#858=EDGE_CURVE('',#685,#686,#234,.T.);
#859=EDGE_CURVE('',#688,#689,#555,.T.);
#860=EDGE_CURVE('',#689,#687,#77,.T.);
#861=EDGE_CURVE('',#686,#688,#78,.T.);
#862=EDGE_CURVE('',#690,#691,#556,.T.);
#863=EDGE_CURVE('',#691,#689,#557,.T.);
#864=EDGE_CURVE('',#688,#690,#558,.T.);
#865=EDGE_CURVE('',#692,#693,#559,.T.);
#866=EDGE_CURVE('',#693,#691,#79,.T.);
#867=EDGE_CURVE('',#690,#692,#80,.T.);
#868=EDGE_CURVE('',#694,#695,#560,.T.);
#869=EDGE_CURVE('',#695,#693,#561,.T.);
#870=EDGE_CURVE('',#692,#694,#562,.T.);
#871=EDGE_CURVE('',#659,#695,#235,.T.);
#872=EDGE_CURVE('',#694,#658,#236,.T.);
#873=EDGE_CURVE('',#664,#696,#563,.T.);
#874=EDGE_CURVE('',#696,#665,#564,.T.);
#875=EDGE_CURVE('',#681,#697,#565,.T.);
#876=EDGE_CURVE('',#697,#682,#566,.T.);
#877=EDGE_CURVE('',#667,#698,#567,.T.);
#878=EDGE_CURVE('',#699,#698,#568,.T.);
#879=EDGE_CURVE('',#699,#668,#569,.T.);
#880=EDGE_CURVE('',#634,#698,#81,.T.);
#881=EDGE_CURVE('',#670,#656,#82,.T.);
#882=EDGE_CURVE('',#700,#674,#83,.T.);
#883=EDGE_CURVE('',#656,#700,#84,.T.);
#884=EDGE_CURVE('',#701,#676,#85,.T.);
#885=EDGE_CURVE('',#700,#701,#570,.T.);
#886=EDGE_CURVE('',#702,#678,#86,.T.);
#887=EDGE_CURVE('',#701,#702,#87,.T.);
#888=EDGE_CURVE('',#702,#665,#571,.T.);
#889=EDGE_CURVE('',#696,#703,#572,.T.);
#890=EDGE_CURVE('',#702,#703,#573,.T.);
#891=EDGE_CURVE('',#686,#694,#88,.T.);
#892=EDGE_CURVE('',#704,#704,#574,.T.);
#893=EDGE_CURVE('',#664,#683,#237,.T.);
#894=EDGE_CURVE('',#684,#696,#238,.T.);
#895=EDGE_CURVE('',#705,#706,#575,.T.);
#896=EDGE_CURVE('',#706,#707,#89,.T.);
#897=EDGE_CURVE('',#707,#708,#576,.T.);
#898=EDGE_CURVE('',#708,#705,#90,.T.);
#899=EDGE_CURVE('',#645,#708,#577,.T.);
#900=EDGE_CURVE('',#707,#629,#578,.T.);
#901=EDGE_CURVE('',#709,#710,#579,.T.);
#902=EDGE_CURVE('',#710,#711,#91,.T.);
#903=EDGE_CURVE('',#711,#712,#580,.T.);
#904=EDGE_CURVE('',#712,#709,#92,.T.);
#905=EDGE_CURVE('',#713,#714,#581,.T.);
#906=EDGE_CURVE('',#714,#710,#582,.T.);
#907=EDGE_CURVE('',#709,#713,#583,.T.);
#908=EDGE_CURVE('',#715,#650,#584,.T.);
#909=EDGE_CURVE('',#650,#714,#93,.T.);
#910=EDGE_CURVE('',#713,#715,#94,.T.);
#911=EDGE_CURVE('',#697,#712,#585,.T.);
#912=EDGE_CURVE('',#711,#682,#586,.T.);
#913=EDGE_CURVE('',#668,#697,#239,.T.);
#914=EDGE_CURVE('',#681,#666,#240,.T.);
#915=EDGE_CURVE('',#715,#612,#587,.T.);
#916=EDGE_CURVE('',#612,#645,#241,.T.);
#917=EDGE_CURVE('',#628,#610,#242,.T.);
#918=EDGE_CURVE('',#716,#717,#588,.T.);
#919=EDGE_CURVE('',#717,#706,#589,.T.);
#920=EDGE_CURVE('',#705,#716,#590,.T.);
#921=EDGE_CURVE('',#698,#717,#95,.T.);
#922=EDGE_CURVE('',#716,#699,#96,.T.);
#923=EDGE_CURVE('',#679,#671,#97,.T.);
#924=EDGE_CURVE('',#711,#693,#98,.T.);
#925=EDGE_CURVE('',#710,#691,#99,.T.);
#926=EDGE_CURVE('',#714,#689,#100,.T.);
#927=EDGE_CURVE('',#718,#718,#591,.T.);
#928=EDGE_CURVE('',#719,#719,#592,.T.);
#929=EDGE_CURVE('',#720,#652,#593,.T.);
#930=EDGE_CURVE('',#654,#720,#101,.T.);
#931=EDGE_CURVE('',#721,#701,#594,.T.);
#932=EDGE_CURVE('',#703,#721,#102,.T.);
#933=EDGE_CURVE('',#722,#700,#595,.T.);
#934=EDGE_CURVE('',#721,#722,#596,.T.);
#935=EDGE_CURVE('',#722,#657,#103,.T.);
#936=EDGE_CURVE('',#723,#651,#597,.T.);
#937=EDGE_CURVE('',#720,#723,#598,.T.);
#938=EDGE_CURVE('',#724,#647,#599,.T.);
#939=EDGE_CURVE('',#723,#724,#104,.T.);
#940=EDGE_CURVE('',#724,#684,#600,.T.);
#941=EDGE_CURVE('',#725,#725,#601,.T.);
#942=EDGE_CURVE('',#726,#726,#602,.T.);
#943=EDGE_CURVE('',#727,#727,#603,.T.);
#944=EDGE_CURVE('',#615,#623,#105,.T.);
#945=EDGE_CURVE('',#728,#728,#604,.T.);
#946=EDGE_CURVE('',#707,#642,#106,.T.);
#947=EDGE_CURVE('',#717,#638,#107,.T.);
#948=EDGE_CURVE('',#727,#726,#108,.T.);
#949=EDGE_CURVE('',#728,#725,#109,.T.);
#950=EDGE_CURVE('',#706,#640,#110,.T.);
#951=EDGE_CURVE('',#655,#719,#111,.T.);
#952=EDGE_CURVE('',#704,#718,#112,.T.);
#953=ORIENTED_EDGE('',*,*,#729,.F.);
#954=ORIENTED_EDGE('',*,*,#730,.F.);
#955=ORIENTED_EDGE('',*,*,#731,.F.);
#956=ORIENTED_EDGE('',*,*,#730,.T.);
#957=ORIENTED_EDGE('',*,*,#732,.T.);
#958=ORIENTED_EDGE('',*,*,#733,.T.);
#959=ORIENTED_EDGE('',*,*,#734,.T.);
#960=ORIENTED_EDGE('',*,*,#735,.T.);
#961=ORIENTED_EDGE('',*,*,#736,.T.);
#962=ORIENTED_EDGE('',*,*,#737,.T.);
#963=ORIENTED_EDGE('',*,*,#738,.T.);
#964=ORIENTED_EDGE('',*,*,#739,.T.);
#965=ORIENTED_EDGE('',*,*,#735,.F.);
#966=ORIENTED_EDGE('',*,*,#740,.T.);
#967=ORIENTED_EDGE('',*,*,#741,.T.);
#968=ORIENTED_EDGE('',*,*,#742,.T.);
#969=ORIENTED_EDGE('',*,*,#738,.F.);
#970=ORIENTED_EDGE('',*,*,#743,.T.);
#971=ORIENTED_EDGE('',*,*,#744,.T.);
#972=ORIENTED_EDGE('',*,*,#745,.T.);
#973=ORIENTED_EDGE('',*,*,#741,.F.);
#974=ORIENTED_EDGE('',*,*,#746,.T.);
#975=ORIENTED_EDGE('',*,*,#747,.T.);
#976=ORIENTED_EDGE('',*,*,#748,.T.);
#977=ORIENTED_EDGE('',*,*,#744,.F.);
#978=ORIENTED_EDGE('',*,*,#749,.T.);
#979=ORIENTED_EDGE('',*,*,#750,.T.);
#980=ORIENTED_EDGE('',*,*,#751,.T.);
#981=ORIENTED_EDGE('',*,*,#747,.F.);
#982=ORIENTED_EDGE('',*,*,#752,.T.);
#983=ORIENTED_EDGE('',*,*,#753,.T.);
#984=ORIENTED_EDGE('',*,*,#754,.T.);
#985=ORIENTED_EDGE('',*,*,#750,.F.);
#986=ORIENTED_EDGE('',*,*,#755,.T.);
#987=ORIENTED_EDGE('',*,*,#731,.T.);
#988=ORIENTED_EDGE('',*,*,#756,.T.);
#989=ORIENTED_EDGE('',*,*,#753,.F.);
#990=ORIENTED_EDGE('',*,*,#757,.T.);
#991=ORIENTED_EDGE('',*,*,#758,.F.);
#992=ORIENTED_EDGE('',*,*,#759,.F.);
#993=ORIENTED_EDGE('',*,*,#760,.F.);
#994=ORIENTED_EDGE('',*,*,#759,.T.);
#995=ORIENTED_EDGE('',*,*,#761,.T.);
#996=ORIENTED_EDGE('',*,*,#729,.T.);
#997=ORIENTED_EDGE('',*,*,#762,.T.);
#998=ORIENTED_EDGE('',*,*,#760,.T.);
#999=ORIENTED_EDGE('',*,*,#763,.T.);
#1000=ORIENTED_EDGE('',*,*,#764,.T.);
#1001=ORIENTED_EDGE('',*,*,#765,.T.);
#1002=ORIENTED_EDGE('',*,*,#766,.T.);
#1003=ORIENTED_EDGE('',*,*,#767,.T.);
#1004=ORIENTED_EDGE('',*,*,#768,.T.);
#1005=ORIENTED_EDGE('',*,*,#769,.T.);
#1006=ORIENTED_EDGE('',*,*,#770,.T.);
#1007=ORIENTED_EDGE('',*,*,#766,.F.);
#1008=ORIENTED_EDGE('',*,*,#771,.T.);
#1009=ORIENTED_EDGE('',*,*,#772,.T.);
#1010=ORIENTED_EDGE('',*,*,#773,.T.);
#1011=ORIENTED_EDGE('',*,*,#769,.F.);
#1012=ORIENTED_EDGE('',*,*,#774,.T.);
#1013=ORIENTED_EDGE('',*,*,#775,.T.);
#1014=ORIENTED_EDGE('',*,*,#776,.T.);
#1015=ORIENTED_EDGE('',*,*,#772,.F.);
#1016=ORIENTED_EDGE('',*,*,#777,.T.);
#1017=ORIENTED_EDGE('',*,*,#778,.T.);
#1018=ORIENTED_EDGE('',*,*,#779,.T.);
#1019=ORIENTED_EDGE('',*,*,#775,.F.);
#1020=ORIENTED_EDGE('',*,*,#780,.T.);
#1021=ORIENTED_EDGE('',*,*,#781,.T.);
#1022=ORIENTED_EDGE('',*,*,#782,.T.);
#1023=ORIENTED_EDGE('',*,*,#778,.F.);
#1024=ORIENTED_EDGE('',*,*,#783,.T.);
#1025=ORIENTED_EDGE('',*,*,#784,.T.);
#1026=ORIENTED_EDGE('',*,*,#785,.T.);
#1027=ORIENTED_EDGE('',*,*,#781,.F.);
#1028=ORIENTED_EDGE('',*,*,#786,.T.);
#1029=ORIENTED_EDGE('',*,*,#758,.T.);
#1030=ORIENTED_EDGE('',*,*,#787,.T.);
#1031=ORIENTED_EDGE('',*,*,#784,.F.);
#1032=ORIENTED_EDGE('',*,*,#788,.T.);
#1033=ORIENTED_EDGE('',*,*,#764,.F.);
#1034=ORIENTED_EDGE('',*,*,#789,.T.);
#1035=ORIENTED_EDGE('',*,*,#790,.T.);
#1036=ORIENTED_EDGE('',*,*,#733,.F.);
#1037=ORIENTED_EDGE('',*,*,#791,.T.);
#1038=ORIENTED_EDGE('',*,*,#792,.T.);
#1039=ORIENTED_EDGE('',*,*,#739,.F.);
#1040=ORIENTED_EDGE('',*,*,#793,.T.);
#1041=ORIENTED_EDGE('',*,*,#794,.F.);
#1042=ORIENTED_EDGE('',*,*,#795,.F.);
#1043=ORIENTED_EDGE('',*,*,#796,.T.);
#1044=ORIENTED_EDGE('',*,*,#797,.F.);
#1045=ORIENTED_EDGE('',*,*,#742,.F.);
#1046=ORIENTED_EDGE('',*,*,#745,.F.);
#1047=ORIENTED_EDGE('',*,*,#798,.F.);
#1048=ORIENTED_EDGE('',*,*,#799,.F.);
#1049=ORIENTED_EDGE('',*,*,#793,.F.);
#1050=ORIENTED_EDGE('',*,*,#748,.F.);
#1051=ORIENTED_EDGE('',*,*,#800,.F.);
#1052=ORIENTED_EDGE('',*,*,#801,.F.);
#1053=ORIENTED_EDGE('',*,*,#798,.T.);
#1054=ORIENTED_EDGE('',*,*,#751,.F.);
#1055=ORIENTED_EDGE('',*,*,#802,.F.);
#1056=ORIENTED_EDGE('',*,*,#803,.F.);
#1057=ORIENTED_EDGE('',*,*,#800,.T.);
#1058=ORIENTED_EDGE('',*,*,#754,.F.);
#1059=ORIENTED_EDGE('',*,*,#756,.F.);
#1060=ORIENTED_EDGE('',*,*,#734,.F.);
#1061=ORIENTED_EDGE('',*,*,#804,.F.);
#1062=ORIENTED_EDGE('',*,*,#802,.T.);
#1063=ORIENTED_EDGE('',*,*,#792,.F.);
#1064=ORIENTED_EDGE('',*,*,#805,.T.);
#1065=ORIENTED_EDGE('',*,*,#806,.F.);
#1066=ORIENTED_EDGE('',*,*,#804,.T.);
#1067=ORIENTED_EDGE('',*,*,#786,.F.);
#1068=ORIENTED_EDGE('',*,*,#783,.F.);
#1069=ORIENTED_EDGE('',*,*,#780,.F.);
#1070=ORIENTED_EDGE('',*,*,#777,.F.);
#1071=ORIENTED_EDGE('',*,*,#807,.F.);
#1072=ORIENTED_EDGE('',*,*,#808,.F.);
#1073=ORIENTED_EDGE('',*,*,#732,.F.);
#1074=ORIENTED_EDGE('',*,*,#761,.F.);
#1075=ORIENTED_EDGE('',*,*,#788,.F.);
#1076=ORIENTED_EDGE('',*,*,#807,.T.);
#1077=ORIENTED_EDGE('',*,*,#774,.F.);
#1078=ORIENTED_EDGE('',*,*,#771,.F.);
#1079=ORIENTED_EDGE('',*,*,#809,.F.);
#1080=ORIENTED_EDGE('',*,*,#791,.F.);
#1081=ORIENTED_EDGE('',*,*,#809,.T.);
#1082=ORIENTED_EDGE('',*,*,#768,.F.);
#1083=ORIENTED_EDGE('',*,*,#810,.T.);
#1084=ORIENTED_EDGE('',*,*,#767,.F.);
#1085=ORIENTED_EDGE('',*,*,#811,.T.);
#1086=ORIENTED_EDGE('',*,*,#812,.F.);
#1087=ORIENTED_EDGE('',*,*,#813,.T.);
#1088=ORIENTED_EDGE('',*,*,#814,.F.);
#1089=ORIENTED_EDGE('',*,*,#815,.F.);
#1090=ORIENTED_EDGE('',*,*,#816,.F.);
#1091=ORIENTED_EDGE('',*,*,#817,.F.);
#1092=ORIENTED_EDGE('',*,*,#818,.F.);
#1093=ORIENTED_EDGE('',*,*,#819,.F.);
#1094=ORIENTED_EDGE('',*,*,#818,.T.);
#1095=ORIENTED_EDGE('',*,*,#820,.T.);
#1096=ORIENTED_EDGE('',*,*,#821,.T.);
#1097=ORIENTED_EDGE('',*,*,#822,.T.);
#1098=ORIENTED_EDGE('',*,*,#823,.T.);
#1099=ORIENTED_EDGE('',*,*,#824,.T.);
#1100=ORIENTED_EDGE('',*,*,#825,.T.);
#1101=ORIENTED_EDGE('',*,*,#826,.T.);
#1102=ORIENTED_EDGE('',*,*,#827,.T.);
#1103=ORIENTED_EDGE('',*,*,#823,.F.);
#1104=ORIENTED_EDGE('',*,*,#828,.T.);
#1105=ORIENTED_EDGE('',*,*,#829,.T.);
#1106=ORIENTED_EDGE('',*,*,#830,.T.);
#1107=ORIENTED_EDGE('',*,*,#826,.F.);
#1108=ORIENTED_EDGE('',*,*,#831,.T.);
#1109=ORIENTED_EDGE('',*,*,#832,.T.);
#1110=ORIENTED_EDGE('',*,*,#833,.T.);
#1111=ORIENTED_EDGE('',*,*,#829,.F.);
#1112=ORIENTED_EDGE('',*,*,#834,.T.);
#1113=ORIENTED_EDGE('',*,*,#835,.T.);
#1114=ORIENTED_EDGE('',*,*,#836,.T.);
#1115=ORIENTED_EDGE('',*,*,#832,.F.);
#1116=ORIENTED_EDGE('',*,*,#837,.T.);
#1117=ORIENTED_EDGE('',*,*,#838,.T.);
#1118=ORIENTED_EDGE('',*,*,#839,.T.);
#1119=ORIENTED_EDGE('',*,*,#835,.F.);
#1120=ORIENTED_EDGE('',*,*,#840,.T.);
#1121=ORIENTED_EDGE('',*,*,#841,.T.);
#1122=ORIENTED_EDGE('',*,*,#842,.T.);
#1123=ORIENTED_EDGE('',*,*,#838,.F.);
#1124=ORIENTED_EDGE('',*,*,#843,.T.);
#1125=ORIENTED_EDGE('',*,*,#819,.T.);
#1126=ORIENTED_EDGE('',*,*,#844,.T.);
#1127=ORIENTED_EDGE('',*,*,#841,.F.);
#1128=ORIENTED_EDGE('',*,*,#845,.T.);
#1129=ORIENTED_EDGE('',*,*,#815,.T.);
#1130=ORIENTED_EDGE('',*,*,#846,.T.);
#1131=ORIENTED_EDGE('',*,*,#817,.T.);
#1132=ORIENTED_EDGE('',*,*,#847,.T.);
#1133=ORIENTED_EDGE('',*,*,#816,.T.);
#1134=ORIENTED_EDGE('',*,*,#848,.T.);
#1135=ORIENTED_EDGE('',*,*,#849,.T.);
#1136=ORIENTED_EDGE('',*,*,#850,.T.);
#1137=ORIENTED_EDGE('',*,*,#851,.T.);
#1138=ORIENTED_EDGE('',*,*,#852,.T.);
#1139=ORIENTED_EDGE('',*,*,#853,.T.);
#1140=ORIENTED_EDGE('',*,*,#854,.T.);
#1141=ORIENTED_EDGE('',*,*,#795,.T.);
#1142=ORIENTED_EDGE('',*,*,#851,.F.);
#1143=ORIENTED_EDGE('',*,*,#855,.T.);
#1144=ORIENTED_EDGE('',*,*,#856,.T.);
#1145=ORIENTED_EDGE('',*,*,#857,.T.);
#1146=ORIENTED_EDGE('',*,*,#854,.F.);
#1147=ORIENTED_EDGE('',*,*,#858,.T.);
#1148=ORIENTED_EDGE('',*,*,#859,.T.);
#1149=ORIENTED_EDGE('',*,*,#860,.T.);
#1150=ORIENTED_EDGE('',*,*,#856,.F.);
#1151=ORIENTED_EDGE('',*,*,#861,.T.);
#1152=ORIENTED_EDGE('',*,*,#862,.T.);
#1153=ORIENTED_EDGE('',*,*,#863,.T.);
#1154=ORIENTED_EDGE('',*,*,#859,.F.);
#1155=ORIENTED_EDGE('',*,*,#864,.T.);
#1156=ORIENTED_EDGE('',*,*,#865,.T.);
#1157=ORIENTED_EDGE('',*,*,#866,.T.);
#1158=ORIENTED_EDGE('',*,*,#862,.F.);
#1159=ORIENTED_EDGE('',*,*,#867,.T.);
#1160=ORIENTED_EDGE('',*,*,#868,.T.);
#1161=ORIENTED_EDGE('',*,*,#869,.T.);
#1162=ORIENTED_EDGE('',*,*,#865,.F.);
#1163=ORIENTED_EDGE('',*,*,#870,.T.);
#1164=ORIENTED_EDGE('',*,*,#814,.T.);
#1165=ORIENTED_EDGE('',*,*,#871,.T.);
#1166=ORIENTED_EDGE('',*,*,#868,.F.);
#1167=ORIENTED_EDGE('',*,*,#872,.T.);
#1168=ORIENTED_EDGE('',*,*,#821,.F.);
#1169=ORIENTED_EDGE('',*,*,#873,.T.);
#1170=ORIENTED_EDGE('',*,*,#874,.T.);
#1171=ORIENTED_EDGE('',*,*,#849,.F.);
#1172=ORIENTED_EDGE('',*,*,#875,.T.);
#1173=ORIENTED_EDGE('',*,*,#876,.T.);
#1174=ORIENTED_EDGE('',*,*,#824,.F.);
#1175=ORIENTED_EDGE('',*,*,#877,.T.);
#1176=ORIENTED_EDGE('',*,*,#878,.F.);
#1177=ORIENTED_EDGE('',*,*,#879,.T.);
#1178=ORIENTED_EDGE('',*,*,#770,.F.);
#1179=ORIENTED_EDGE('',*,*,#880,.T.);
#1180=ORIENTED_EDGE('',*,*,#877,.F.);
#1181=ORIENTED_EDGE('',*,*,#827,.F.);
#1182=ORIENTED_EDGE('',*,*,#881,.T.);
#1183=ORIENTED_EDGE('',*,*,#811,.F.);
#1184=ORIENTED_EDGE('',*,*,#830,.F.);
#1185=ORIENTED_EDGE('',*,*,#833,.F.);
#1186=ORIENTED_EDGE('',*,*,#882,.F.);
#1187=ORIENTED_EDGE('',*,*,#883,.F.);
#1188=ORIENTED_EDGE('',*,*,#881,.F.);
#1189=ORIENTED_EDGE('',*,*,#836,.F.);
#1190=ORIENTED_EDGE('',*,*,#884,.F.);
#1191=ORIENTED_EDGE('',*,*,#885,.F.);
#1192=ORIENTED_EDGE('',*,*,#882,.T.);
#1193=ORIENTED_EDGE('',*,*,#839,.F.);
#1194=ORIENTED_EDGE('',*,*,#886,.F.);
#1195=ORIENTED_EDGE('',*,*,#887,.F.);
#1196=ORIENTED_EDGE('',*,*,#884,.T.);
#1197=ORIENTED_EDGE('',*,*,#842,.F.);
#1198=ORIENTED_EDGE('',*,*,#844,.F.);
#1199=ORIENTED_EDGE('',*,*,#822,.F.);
#1200=ORIENTED_EDGE('',*,*,#888,.F.);
#1201=ORIENTED_EDGE('',*,*,#886,.T.);
#1202=ORIENTED_EDGE('',*,*,#874,.F.);
#1203=ORIENTED_EDGE('',*,*,#889,.T.);
#1204=ORIENTED_EDGE('',*,*,#890,.F.);
#1205=ORIENTED_EDGE('',*,*,#888,.T.);
#1206=ORIENTED_EDGE('',*,*,#870,.F.);
#1207=ORIENTED_EDGE('',*,*,#867,.F.);
#1208=ORIENTED_EDGE('',*,*,#864,.F.);
#1209=ORIENTED_EDGE('',*,*,#861,.F.);
#1210=ORIENTED_EDGE('',*,*,#891,.T.);
#1211=ORIENTED_EDGE('',*,*,#892,.F.);
#1212=ORIENTED_EDGE('',*,*,#820,.F.);
#1213=ORIENTED_EDGE('',*,*,#846,.F.);
#1214=ORIENTED_EDGE('',*,*,#872,.F.);
#1215=ORIENTED_EDGE('',*,*,#891,.F.);
#1216=ORIENTED_EDGE('',*,*,#858,.F.);
#1217=ORIENTED_EDGE('',*,*,#855,.F.);
#1218=ORIENTED_EDGE('',*,*,#893,.F.);
#1219=ORIENTED_EDGE('',*,*,#873,.F.);
#1220=ORIENTED_EDGE('',*,*,#893,.T.);
#1221=ORIENTED_EDGE('',*,*,#853,.F.);
#1222=ORIENTED_EDGE('',*,*,#894,.T.);
#1223=ORIENTED_EDGE('',*,*,#895,.T.);
#1224=ORIENTED_EDGE('',*,*,#896,.T.);
#1225=ORIENTED_EDGE('',*,*,#897,.T.);
#1226=ORIENTED_EDGE('',*,*,#898,.T.);
#1227=ORIENTED_EDGE('',*,*,#790,.F.);
#1228=ORIENTED_EDGE('',*,*,#899,.T.);
#1229=ORIENTED_EDGE('',*,*,#897,.F.);
#1230=ORIENTED_EDGE('',*,*,#900,.T.);
#1231=ORIENTED_EDGE('',*,*,#901,.T.);
#1232=ORIENTED_EDGE('',*,*,#902,.T.);
#1233=ORIENTED_EDGE('',*,*,#903,.T.);
#1234=ORIENTED_EDGE('',*,*,#904,.T.);
#1235=ORIENTED_EDGE('',*,*,#905,.T.);
#1236=ORIENTED_EDGE('',*,*,#906,.T.);
#1237=ORIENTED_EDGE('',*,*,#901,.F.);
#1238=ORIENTED_EDGE('',*,*,#907,.T.);
#1239=ORIENTED_EDGE('',*,*,#908,.T.);
#1240=ORIENTED_EDGE('',*,*,#909,.T.);
#1241=ORIENTED_EDGE('',*,*,#905,.F.);
#1242=ORIENTED_EDGE('',*,*,#910,.T.);
#1243=ORIENTED_EDGE('',*,*,#876,.F.);
#1244=ORIENTED_EDGE('',*,*,#911,.T.);
#1245=ORIENTED_EDGE('',*,*,#903,.F.);
#1246=ORIENTED_EDGE('',*,*,#912,.T.);
#1247=ORIENTED_EDGE('',*,*,#825,.F.);
#1248=ORIENTED_EDGE('',*,*,#913,.T.);
#1249=ORIENTED_EDGE('',*,*,#875,.F.);
#1250=ORIENTED_EDGE('',*,*,#914,.T.);
#1251=ORIENTED_EDGE('',*,*,#736,.F.);
#1252=ORIENTED_EDGE('',*,*,#797,.T.);
#1253=ORIENTED_EDGE('',*,*,#908,.F.);
#1254=ORIENTED_EDGE('',*,*,#915,.T.);
#1255=ORIENTED_EDGE('',*,*,#737,.F.);
#1256=ORIENTED_EDGE('',*,*,#916,.T.);
#1257=ORIENTED_EDGE('',*,*,#789,.F.);
#1258=ORIENTED_EDGE('',*,*,#917,.T.);
#1259=ORIENTED_EDGE('',*,*,#918,.T.);
#1260=ORIENTED_EDGE('',*,*,#919,.T.);
#1261=ORIENTED_EDGE('',*,*,#895,.F.);
#1262=ORIENTED_EDGE('',*,*,#920,.T.);
#1263=ORIENTED_EDGE('',*,*,#878,.T.);
#1264=ORIENTED_EDGE('',*,*,#921,.T.);
#1265=ORIENTED_EDGE('',*,*,#918,.F.);
#1266=ORIENTED_EDGE('',*,*,#922,.T.);
#1267=ORIENTED_EDGE('',*,*,#828,.F.);
#1268=ORIENTED_EDGE('',*,*,#914,.F.);
#1269=ORIENTED_EDGE('',*,*,#848,.F.);
#1270=ORIENTED_EDGE('',*,*,#847,.F.);
#1271=ORIENTED_EDGE('',*,*,#845,.F.);
#1272=ORIENTED_EDGE('',*,*,#923,.T.);
#1273=ORIENTED_EDGE('',*,*,#831,.F.);
#1274=ORIENTED_EDGE('',*,*,#850,.F.);
#1275=ORIENTED_EDGE('',*,*,#912,.F.);
#1276=ORIENTED_EDGE('',*,*,#924,.T.);
#1277=ORIENTED_EDGE('',*,*,#869,.F.);
#1278=ORIENTED_EDGE('',*,*,#871,.F.);
#1279=ORIENTED_EDGE('',*,*,#866,.F.);
#1280=ORIENTED_EDGE('',*,*,#924,.F.);
#1281=ORIENTED_EDGE('',*,*,#902,.F.);
#1282=ORIENTED_EDGE('',*,*,#925,.T.);
#1283=ORIENTED_EDGE('',*,*,#863,.F.);
#1284=ORIENTED_EDGE('',*,*,#925,.F.);
#1285=ORIENTED_EDGE('',*,*,#906,.F.);
#1286=ORIENTED_EDGE('',*,*,#926,.T.);
#1287=ORIENTED_EDGE('',*,*,#860,.F.);
#1288=ORIENTED_EDGE('',*,*,#926,.F.);
#1289=ORIENTED_EDGE('',*,*,#909,.F.);
#1290=ORIENTED_EDGE('',*,*,#796,.F.);
#1291=ORIENTED_EDGE('',*,*,#857,.F.);
#1292=ORIENTED_EDGE('',*,*,#904,.F.);
#1293=ORIENTED_EDGE('',*,*,#911,.F.);
#1294=ORIENTED_EDGE('',*,*,#913,.F.);
#1295=ORIENTED_EDGE('',*,*,#879,.F.);
#1296=ORIENTED_EDGE('',*,*,#922,.F.);
#1297=ORIENTED_EDGE('',*,*,#920,.F.);
#1298=ORIENTED_EDGE('',*,*,#898,.F.);
#1299=ORIENTED_EDGE('',*,*,#899,.F.);
#1300=ORIENTED_EDGE('',*,*,#916,.F.);
#1301=ORIENTED_EDGE('',*,*,#915,.F.);
#1302=ORIENTED_EDGE('',*,*,#910,.F.);
#1303=ORIENTED_EDGE('',*,*,#907,.F.);
#1304=ORIENTED_EDGE('',*,*,#927,.F.);
#1305=ORIENTED_EDGE('',*,*,#928,.F.);
#1306=ORIENTED_EDGE('',*,*,#929,.T.);
#1307=ORIENTED_EDGE('',*,*,#803,.T.);
#1308=ORIENTED_EDGE('',*,*,#806,.T.);
#1309=ORIENTED_EDGE('',*,*,#930,.T.);
#1310=ORIENTED_EDGE('',*,*,#931,.T.);
#1311=ORIENTED_EDGE('',*,*,#887,.T.);
#1312=ORIENTED_EDGE('',*,*,#890,.T.);
#1313=ORIENTED_EDGE('',*,*,#932,.T.);
#1314=ORIENTED_EDGE('',*,*,#933,.T.);
#1315=ORIENTED_EDGE('',*,*,#885,.T.);
#1316=ORIENTED_EDGE('',*,*,#931,.F.);
#1317=ORIENTED_EDGE('',*,*,#934,.T.);
#1318=ORIENTED_EDGE('',*,*,#812,.T.);
#1319=ORIENTED_EDGE('',*,*,#883,.T.);
#1320=ORIENTED_EDGE('',*,*,#933,.F.);
#1321=ORIENTED_EDGE('',*,*,#935,.T.);
#1322=ORIENTED_EDGE('',*,*,#936,.T.);
#1323=ORIENTED_EDGE('',*,*,#801,.T.);
#1324=ORIENTED_EDGE('',*,*,#929,.F.);
#1325=ORIENTED_EDGE('',*,*,#937,.T.);
#1326=ORIENTED_EDGE('',*,*,#938,.T.);
#1327=ORIENTED_EDGE('',*,*,#799,.T.);
#1328=ORIENTED_EDGE('',*,*,#936,.F.);
#1329=ORIENTED_EDGE('',*,*,#939,.T.);
#1330=ORIENTED_EDGE('',*,*,#852,.F.);
#1331=ORIENTED_EDGE('',*,*,#794,.T.);
#1332=ORIENTED_EDGE('',*,*,#938,.F.);
#1333=ORIENTED_EDGE('',*,*,#940,.T.);
#1334=ORIENTED_EDGE('',*,*,#932,.F.);
#1335=ORIENTED_EDGE('',*,*,#889,.F.);
#1336=ORIENTED_EDGE('',*,*,#894,.F.);
#1337=ORIENTED_EDGE('',*,*,#940,.F.);
#1338=ORIENTED_EDGE('',*,*,#939,.F.);
#1339=ORIENTED_EDGE('',*,*,#937,.F.);
#1340=ORIENTED_EDGE('',*,*,#930,.F.);
#1341=ORIENTED_EDGE('',*,*,#805,.F.);
#1342=ORIENTED_EDGE('',*,*,#810,.F.);
#1343=ORIENTED_EDGE('',*,*,#813,.F.);
#1344=ORIENTED_EDGE('',*,*,#935,.F.);
#1345=ORIENTED_EDGE('',*,*,#934,.F.);
#1346=ORIENTED_EDGE('',*,*,#941,.F.);
#1347=ORIENTED_EDGE('',*,*,#942,.F.);
#1348=ORIENTED_EDGE('',*,*,#834,.F.);
#1349=ORIENTED_EDGE('',*,*,#923,.F.);
#1350=ORIENTED_EDGE('',*,*,#843,.F.);
#1351=ORIENTED_EDGE('',*,*,#840,.F.);
#1352=ORIENTED_EDGE('',*,*,#837,.F.);
#1353=ORIENTED_EDGE('',*,*,#943,.F.);
#1354=ORIENTED_EDGE('',*,*,#746,.F.);
#1355=ORIENTED_EDGE('',*,*,#944,.T.);
#1356=ORIENTED_EDGE('',*,*,#755,.F.);
#1357=ORIENTED_EDGE('',*,*,#752,.F.);
#1358=ORIENTED_EDGE('',*,*,#749,.F.);
#1359=ORIENTED_EDGE('',*,*,#945,.F.);
#1360=ORIENTED_EDGE('',*,*,#740,.F.);
#1361=ORIENTED_EDGE('',*,*,#917,.F.);
#1362=ORIENTED_EDGE('',*,*,#763,.F.);
#1363=ORIENTED_EDGE('',*,*,#762,.F.);
#1364=ORIENTED_EDGE('',*,*,#757,.F.);
#1365=ORIENTED_EDGE('',*,*,#944,.F.);
#1366=ORIENTED_EDGE('',*,*,#743,.F.);
#1367=ORIENTED_EDGE('',*,*,#765,.F.);
#1368=ORIENTED_EDGE('',*,*,#900,.F.);
#1369=ORIENTED_EDGE('',*,*,#946,.T.);
#1370=ORIENTED_EDGE('',*,*,#785,.F.);
#1371=ORIENTED_EDGE('',*,*,#787,.F.);
#1372=ORIENTED_EDGE('',*,*,#776,.F.);
#1373=ORIENTED_EDGE('',*,*,#947,.F.);
#1374=ORIENTED_EDGE('',*,*,#921,.F.);
#1375=ORIENTED_EDGE('',*,*,#880,.F.);
#1376=ORIENTED_EDGE('',*,*,#773,.F.);
#1377=ORIENTED_EDGE('',*,*,#943,.T.);
#1378=ORIENTED_EDGE('',*,*,#948,.T.);
#1379=ORIENTED_EDGE('',*,*,#942,.T.);
#1380=ORIENTED_EDGE('',*,*,#948,.F.);
#1381=ORIENTED_EDGE('',*,*,#945,.T.);
#1382=ORIENTED_EDGE('',*,*,#949,.T.);
#1383=ORIENTED_EDGE('',*,*,#941,.T.);
#1384=ORIENTED_EDGE('',*,*,#949,.F.);
#1385=ORIENTED_EDGE('',*,*,#782,.F.);
#1386=ORIENTED_EDGE('',*,*,#946,.F.);
#1387=ORIENTED_EDGE('',*,*,#896,.F.);
#1388=ORIENTED_EDGE('',*,*,#950,.T.);
#1389=ORIENTED_EDGE('',*,*,#808,.T.);
#1390=ORIENTED_EDGE('',*,*,#951,.T.);
#1391=ORIENTED_EDGE('',*,*,#928,.T.);
#1392=ORIENTED_EDGE('',*,*,#951,.F.);
#1393=ORIENTED_EDGE('',*,*,#892,.T.);
#1394=ORIENTED_EDGE('',*,*,#952,.T.);
#1395=ORIENTED_EDGE('',*,*,#927,.T.);
#1396=ORIENTED_EDGE('',*,*,#952,.F.);
#1397=ORIENTED_EDGE('',*,*,#779,.F.);
#1398=ORIENTED_EDGE('',*,*,#950,.F.);
#1399=ORIENTED_EDGE('',*,*,#919,.F.);
#1400=ORIENTED_EDGE('',*,*,#947,.T.);
#1401=SPHERICAL_SURFACE('',#1537,0.0499999999999998);
#1402=SPHERICAL_SURFACE('',#1542,0.05);
#1403=SPHERICAL_SURFACE('',#1560,0.05);
#1404=SPHERICAL_SURFACE('',#1565,0.05);
#1405=SPHERICAL_SURFACE('',#1583,0.05);
#1406=SPHERICAL_SURFACE('',#1586,0.05);
#1407=SPHERICAL_SURFACE('',#1607,0.05);
#1408=SPHERICAL_SURFACE('',#1611,0.0499999999999995);
#1409=SPHERICAL_SURFACE('',#1616,0.05);
#1410=SPHERICAL_SURFACE('',#1635,0.05);
#1411=SPHERICAL_SURFACE('',#1653,0.05);
#1412=SPHERICAL_SURFACE('',#1656,0.05);
#1413=ADVANCED_FACE('',(#269),#1401,.T.);
#1414=ADVANCED_FACE('',(#270),#243,.F.);
#1415=ADVANCED_FACE('',(#271),#1402,.T.);
#1416=ADVANCED_FACE('',(#272),#244,.F.);
#1417=ADVANCED_FACE('',(#273),#245,.F.);
#1418=ADVANCED_FACE('',(#274),#169,.T.);
#1419=ADVANCED_FACE('',(#275),#37,.T.);
#1420=ADVANCED_FACE('',(#276),#170,.T.);
#1421=ADVANCED_FACE('',(#277),#38,.T.);
#1422=ADVANCED_FACE('',(#278),#246,.F.);
#1423=ADVANCED_FACE('',(#279),#1403,.T.);
#1424=ADVANCED_FACE('',(#280),#247,.F.);
#1425=ADVANCED_FACE('',(#281),#248,.F.);
#1426=ADVANCED_FACE('',(#282),#1404,.T.);
#1427=ADVANCED_FACE('',(#283),#249,.F.);
#1428=ADVANCED_FACE('',(#284),#250,.F.);
#1429=ADVANCED_FACE('',(#285),#171,.T.);
#1430=ADVANCED_FACE('',(#286),#39,.T.);
#1431=ADVANCED_FACE('',(#287),#172,.T.);
#1432=ADVANCED_FACE('',(#288),#40,.T.);
#1433=ADVANCED_FACE('',(#289),#251,.F.);
#1434=ADVANCED_FACE('',(#290),#1405,.T.);
#1435=ADVANCED_FACE('',(#291),#1406,.T.);
#1436=ADVANCED_FACE('',(#292),#173,.F.);
#1437=ADVANCED_FACE('',(#293),#23,.T.);
#1438=ADVANCED_FACE('',(#294),#174,.T.);
#1439=ADVANCED_FACE('',(#295),#24,.T.);
#1440=ADVANCED_FACE('',(#296),#175,.F.);
#1441=ADVANCED_FACE('',(#297),#41,.T.);
#1442=ADVANCED_FACE('',(#298,#15),#25,.F.);
#1443=ADVANCED_FACE('',(#299),#252,.F.);
#1444=ADVANCED_FACE('',(#300),#253,.F.);
#1445=ADVANCED_FACE('',(#301),#42,.T.);
#1446=ADVANCED_FACE('',(#302),#1407,.T.);
#1447=ADVANCED_FACE('',(#303),#1408,.T.);
#1448=ADVANCED_FACE('',(#304),#254,.F.);
#1449=ADVANCED_FACE('',(#305),#1409,.T.);
#1450=ADVANCED_FACE('',(#306),#255,.F.);
#1451=ADVANCED_FACE('',(#307),#256,.F.);
#1452=ADVANCED_FACE('',(#308),#176,.T.);
#1453=ADVANCED_FACE('',(#309),#43,.T.);
#1454=ADVANCED_FACE('',(#310),#177,.T.);
#1455=ADVANCED_FACE('',(#311),#44,.T.);
#1456=ADVANCED_FACE('',(#312),#257,.F.);
#1457=ADVANCED_FACE('',(#313),#258,.F.);
#1458=ADVANCED_FACE('',(#314),#259,.F.);
#1459=ADVANCED_FACE('',(#315),#1410,.T.);
#1460=ADVANCED_FACE('',(#316),#260,.F.);
#1461=ADVANCED_FACE('',(#317),#261,.F.);
#1462=ADVANCED_FACE('',(#318),#178,.T.);
#1463=ADVANCED_FACE('',(#319),#45,.T.);
#1464=ADVANCED_FACE('',(#320),#179,.T.);
#1465=ADVANCED_FACE('',(#321),#46,.T.);
#1466=ADVANCED_FACE('',(#322),#262,.F.);
#1467=ADVANCED_FACE('',(#323),#1411,.T.);
#1468=ADVANCED_FACE('',(#324),#1412,.T.);
#1469=ADVANCED_FACE('',(#325),#47,.T.);
#1470=ADVANCED_FACE('',(#326),#180,.F.);
#1471=ADVANCED_FACE('',(#327),#26,.T.);
#1472=ADVANCED_FACE('',(#328),#181,.T.);
#1473=ADVANCED_FACE('',(#329),#27,.T.);
#1474=ADVANCED_FACE('',(#330),#182,.F.);
#1475=ADVANCED_FACE('',(#331),#48,.T.);
#1476=ADVANCED_FACE('',(#332,#16),#28,.F.);
#1477=ADVANCED_FACE('',(#333),#263,.F.);
#1478=ADVANCED_FACE('',(#334),#264,.F.);
#1479=ADVANCED_FACE('',(#335),#183,.T.);
#1480=ADVANCED_FACE('',(#336),#49,.T.);
#1481=ADVANCED_FACE('',(#337),#184,.T.);
#1482=ADVANCED_FACE('',(#338),#50,.T.);
#1483=ADVANCED_FACE('',(#339),#185,.T.);
#1484=ADVANCED_FACE('',(#340),#51,.T.);
#1485=ADVANCED_FACE('',(#341),#265,.F.);
#1486=ADVANCED_FACE('',(#342),#52,.T.);
#1487=ADVANCED_FACE('',(#343),#266,.F.);
#1488=ADVANCED_FACE('',(#344),#53,.T.);
#1489=ADVANCED_FACE('',(#345),#186,.T.);
#1490=ADVANCED_FACE('',(#346),#267,.F.);
#1491=ADVANCED_FACE('',(#347),#187,.F.);
#1492=ADVANCED_FACE('',(#348),#29,.T.);
#1493=ADVANCED_FACE('',(#349),#188,.T.);
#1494=ADVANCED_FACE('',(#350),#30,.T.);
#1495=ADVANCED_FACE('',(#351,#17,#18),#31,.F.);
#1496=ADVANCED_FACE('',(#352),#189,.T.);
#1497=ADVANCED_FACE('',(#353),#190,.T.);
#1498=ADVANCED_FACE('',(#354),#54,.T.);
#1499=ADVANCED_FACE('',(#355),#191,.T.);
#1500=ADVANCED_FACE('',(#356),#55,.T.);
#1501=ADVANCED_FACE('',(#357),#192,.T.);
#1502=ADVANCED_FACE('',(#358),#56,.T.);
#1503=ADVANCED_FACE('',(#359,#19,#20),#32,.F.);
#1504=ADVANCED_FACE('',(#360,#21),#33,.F.);
#1505=ADVANCED_FACE('',(#361,#22),#34,.F.);
#1506=ADVANCED_FACE('',(#362),#268,.F.);
#1507=ADVANCED_FACE('',(#363),#193,.F.);
#1508=ADVANCED_FACE('',(#364),#35,.T.);
#1509=ADVANCED_FACE('',(#365),#194,.F.);
#1510=ADVANCED_FACE('',(#366),#195,.F.);
#1511=ADVANCED_FACE('',(#367),#36,.T.);
#1512=ADVANCED_FACE('',(#368),#196,.F.);
#1513=ADVANCED_FACE('',(#369),#197,.F.);
#1514=ADVANCED_FACE('',(#370),#198,.T.);
#1515=CLOSED_SHELL('',(#1413,#1414,#1415,#1416,#1417,#1418,#1419,#1420,
#1421,#1422,#1423,#1424,#1425,#1426,#1427,#1428,#1429,#1430,#1431,#1432,
#1433,#1434,#1435,#1436,#1437,#1438,#1439,#1440,#1441,#1442,#1443,#1444,
#1445,#1446,#1447,#1448,#1449,#1450,#1451,#1452,#1453,#1454,#1455,#1456,
#1457,#1458,#1459,#1460,#1461,#1462,#1463,#1464,#1465,#1466,#1467,#1468,
#1469,#1470,#1471,#1472,#1473,#1474,#1475,#1476,#1477,#1478,#1479,#1480,
#1481,#1482,#1483,#1484,#1485,#1486,#1487,#1488,#1489,#1490,#1491,#1492,
#1493,#1494,#1495,#1496,#1497,#1498,#1499,#1500,#1501,#1502,#1503,#1504,
#1505,#1506,#1507,#1508,#1509,#1510,#1511,#1512,#1513,#1514));
#1516=DERIVED_UNIT_ELEMENT(#1518,1.);
#1517=DERIVED_UNIT_ELEMENT(#3386,-3.);
#1518=(
CONVERSION_BASED_UNIT('gram',#1520)
MASS_UNIT()
NAMED_UNIT(#3383)
);
#1519=(
MASS_UNIT()
NAMED_UNIT(*)
SI_UNIT(.KILO.,.GRAM.)
);
#1520=MASS_MEASURE_WITH_UNIT(MASS_MEASURE(0.001),#1519);
#1521=DERIVED_UNIT((#1516,#1517));
#1522=MEASURE_REPRESENTATION_ITEM('density measure',
POSITIVE_RATIO_MEASURE(0.952),#1521);
#1523=PROPERTY_DEFINITION_REPRESENTATION(#1528,#1525);
#1524=PROPERTY_DEFINITION_REPRESENTATION(#1529,#1526);
#1525=REPRESENTATION('material name',(#1527),#3380);
#1526=REPRESENTATION('density',(#1522),#3380);
#1527=DESCRIPTIVE_REPRESENTATION_ITEM('Plastic, Opaque Black',
'Plastic, Opaque Black');
#1528=PROPERTY_DEFINITION('material property','material name',#3394);
#1529=PROPERTY_DEFINITION('material property','density of part',#3394);
#1530=DATE_TIME_ROLE('creation_date');
#1531=APPLIED_DATE_AND_TIME_ASSIGNMENT(#1532,#1530,(#3394));
#1532=DATE_AND_TIME(#1533,#1534);
#1533=CALENDAR_DATE(2025,20,9);
#1534=LOCAL_TIME(0,0,0.,#1535);
#1535=COORDINATED_UNIVERSAL_TIME_OFFSET(0,0,.BEHIND.);
#1536=AXIS2_PLACEMENT_3D('',#2195,#1737,#1738);
#1537=AXIS2_PLACEMENT_3D('',#2196,#1739,#1740);
#1538=AXIS2_PLACEMENT_3D('',#2199,#1741,#1742);
#1539=AXIS2_PLACEMENT_3D('',#2201,#1743,#1744);
#1540=AXIS2_PLACEMENT_3D('',#2202,#1745,#1746);
#1541=AXIS2_PLACEMENT_3D('',#2225,#1747,#1748);
#1542=AXIS2_PLACEMENT_3D('',#2230,#1749,#1750);
#1543=AXIS2_PLACEMENT_3D('',#2233,#1751,#1752);
#1544=AXIS2_PLACEMENT_3D('',#2235,#1753,#1754);
#1545=AXIS2_PLACEMENT_3D('',#2236,#1755,#1756);
#1546=AXIS2_PLACEMENT_3D('',#2274,#1757,#1758);
#1547=AXIS2_PLACEMENT_3D('',#2311,#1759,#1760);
#1548=AXIS2_PLACEMENT_3D('',#2320,#1761,#1762);
#1549=AXIS2_PLACEMENT_3D('',#2323,#1763,#1764);
#1550=AXIS2_PLACEMENT_3D('',#2326,#1767,#1768);
#1551=AXIS2_PLACEMENT_3D('',#2329,#1769,#1770);
#1552=AXIS2_PLACEMENT_3D('',#2330,#1771,#1772);
#1553=AXIS2_PLACEMENT_3D('',#2331,#1773,#1774);
#1554=AXIS2_PLACEMENT_3D('',#2332,#1775,#1776);
#1555=AXIS2_PLACEMENT_3D('',#2335,#1777,#1778);
#1556=AXIS2_PLACEMENT_3D('',#2338,#1781,#1782);
#1557=AXIS2_PLACEMENT_3D('',#2341,#1783,#1784);
#1558=AXIS2_PLACEMENT_3D('',#2342,#1785,#1786);
#1559=AXIS2_PLACEMENT_3D('',#2343,#1787,#1788);
#1560=AXIS2_PLACEMENT_3D('',#2372,#1789,#1790);
#1561=AXIS2_PLACEMENT_3D('',#2375,#1791,#1792);
#1562=AXIS2_PLACEMENT_3D('',#2377,#1793,#1794);
#1563=AXIS2_PLACEMENT_3D('',#2378,#1795,#1796);
#1564=AXIS2_PLACEMENT_3D('',#2465,#1797,#1798);
#1565=AXIS2_PLACEMENT_3D('',#2470,#1799,#1800);
#1566=AXIS2_PLACEMENT_3D('',#2473,#1801,#1802);
#1567=AXIS2_PLACEMENT_3D('',#2475,#1803,#1804);
#1568=AXIS2_PLACEMENT_3D('',#2476,#1805,#1806);
#1569=AXIS2_PLACEMENT_3D('',#2514,#1807,#1808);
#1570=AXIS2_PLACEMENT_3D('',#2551,#1809,#1810);
#1571=AXIS2_PLACEMENT_3D('',#2560,#1811,#1812);
#1572=AXIS2_PLACEMENT_3D('',#2563,#1813,#1814);
#1573=AXIS2_PLACEMENT_3D('',#2566,#1817,#1818);
#1574=AXIS2_PLACEMENT_3D('',#2569,#1819,#1820);
#1575=AXIS2_PLACEMENT_3D('',#2570,#1821,#1822);
#1576=AXIS2_PLACEMENT_3D('',#2571,#1823,#1824);
#1577=AXIS2_PLACEMENT_3D('',#2572,#1825,#1826);
#1578=AXIS2_PLACEMENT_3D('',#2575,#1827,#1828);
#1579=AXIS2_PLACEMENT_3D('',#2578,#1831,#1832);
#1580=AXIS2_PLACEMENT_3D('',#2581,#1833,#1834);
#1581=AXIS2_PLACEMENT_3D('',#2582,#1835,#1836);
#1582=AXIS2_PLACEMENT_3D('',#2583,#1837,#1838);
#1583=AXIS2_PLACEMENT_3D('',#2612,#1839,#1840);
#1584=AXIS2_PLACEMENT_3D('',#2614,#1841,#1842);
#1585=AXIS2_PLACEMENT_3D('',#2615,#1843,#1844);
#1586=AXIS2_PLACEMENT_3D('',#2616,#1845,#1846);
#1587=AXIS2_PLACEMENT_3D('',#2618,#1847,#1848);
#1588=AXIS2_PLACEMENT_3D('',#2619,#1849,#1850);
#1589=AXIS2_PLACEMENT_3D('',#2620,#1851,#1852);
#1590=AXIS2_PLACEMENT_3D('',#2624,#1854,#1855);
#1591=AXIS2_PLACEMENT_3D('',#2635,#1857,#1858);
#1592=AXIS2_PLACEMENT_3D('',#2636,#1859,#1860);
#1593=AXIS2_PLACEMENT_3D('',#2640,#1863,#1864);
#1594=AXIS2_PLACEMENT_3D('',#2643,#1866,#1867);
#1595=AXIS2_PLACEMENT_3D('',#2644,#1868,#1869);
#1596=AXIS2_PLACEMENT_3D('',#2648,#1872,#1873);
#1597=AXIS2_PLACEMENT_3D('',#2649,#1874,#1875);
#1598=AXIS2_PLACEMENT_3D('',#2650,#1876,#1877);
#1599=AXIS2_PLACEMENT_3D('',#2652,#1878,#1879);
#1600=AXIS2_PLACEMENT_3D('',#2653,#1880,#1881);
#1601=AXIS2_PLACEMENT_3D('',#2654,#1882,#1883);
#1602=AXIS2_PLACEMENT_3D('',#2657,#1885,#1886);
#1603=AXIS2_PLACEMENT_3D('',#2692,#1887,#1888);
#1604=AXIS2_PLACEMENT_3D('',#2694,#1889,#1890);
#1605=AXIS2_PLACEMENT_3D('',#2696,#1891,#1892);
#1606=AXIS2_PLACEMENT_3D('',#2697,#1893,#1894);
#1607=AXIS2_PLACEMENT_3D('',#2698,#1895,#1896);
#1608=AXIS2_PLACEMENT_3D('',#2701,#1897,#1898);
#1609=AXIS2_PLACEMENT_3D('',#2703,#1899,#1900);
#1610=AXIS2_PLACEMENT_3D('',#2704,#1901,#1902);
#1611=AXIS2_PLACEMENT_3D('',#2705,#1903,#1904);
#1612=AXIS2_PLACEMENT_3D('',#2708,#1905,#1906);
#1613=AXIS2_PLACEMENT_3D('',#2710,#1907,#1908);
#1614=AXIS2_PLACEMENT_3D('',#2711,#1909,#1910);
#1615=AXIS2_PLACEMENT_3D('',#2734,#1911,#1912);
#1616=AXIS2_PLACEMENT_3D('',#2739,#1913,#1914);
#1617=AXIS2_PLACEMENT_3D('',#2742,#1915,#1916);
#1618=AXIS2_PLACEMENT_3D('',#2744,#1917,#1918);
#1619=AXIS2_PLACEMENT_3D('',#2745,#1919,#1920);
#1620=AXIS2_PLACEMENT_3D('',#2793,#1921,#1922);
#1621=AXIS2_PLACEMENT_3D('',#2834,#1923,#1924);
#1622=AXIS2_PLACEMENT_3D('',#2843,#1925,#1926);
#1623=AXIS2_PLACEMENT_3D('',#2846,#1927,#1928);
#1624=AXIS2_PLACEMENT_3D('',#2849,#1931,#1932);
#1625=AXIS2_PLACEMENT_3D('',#2852,#1933,#1934);
#1626=AXIS2_PLACEMENT_3D('',#2853,#1935,#1936);
#1627=AXIS2_PLACEMENT_3D('',#2854,#1937,#1938);
#1628=AXIS2_PLACEMENT_3D('',#2855,#1939,#1940);
#1629=AXIS2_PLACEMENT_3D('',#2858,#1941,#1942);
#1630=AXIS2_PLACEMENT_3D('',#2861,#1945,#1946);
#1631=AXIS2_PLACEMENT_3D('',#2864,#1947,#1948);
#1632=AXIS2_PLACEMENT_3D('',#2865,#1949,#1950);
#1633=AXIS2_PLACEMENT_3D('',#2866,#1951,#1952);
#1634=AXIS2_PLACEMENT_3D('',#2989,#1953,#1954);
#1635=AXIS2_PLACEMENT_3D('',#2994,#1955,#1956);
#1636=AXIS2_PLACEMENT_3D('',#2996,#1957,#1958);
#1637=AXIS2_PLACEMENT_3D('',#2998,#1959,#1960);
#1638=AXIS2_PLACEMENT_3D('',#2999,#1961,#1962);
#1639=AXIS2_PLACEMENT_3D('',#3036,#1963,#1964);
#1640=AXIS2_PLACEMENT_3D('',#3066,#1965,#1966);
#1641=AXIS2_PLACEMENT_3D('',#3075,#1967,#1968);
#1642=AXIS2_PLACEMENT_3D('',#3078,#1969,#1970);
#1643=AXIS2_PLACEMENT_3D('',#3081,#1973,#1974);
#1644=AXIS2_PLACEMENT_3D('',#3084,#1975,#1976);
#1645=AXIS2_PLACEMENT_3D('',#3085,#1977,#1978);
#1646=AXIS2_PLACEMENT_3D('',#3086,#1979,#1980);
#1647=AXIS2_PLACEMENT_3D('',#3087,#1981,#1982);
#1648=AXIS2_PLACEMENT_3D('',#3090,#1983,#1984);
#1649=AXIS2_PLACEMENT_3D('',#3093,#1987,#1988);
#1650=AXIS2_PLACEMENT_3D('',#3096,#1989,#1990);
#1651=AXIS2_PLACEMENT_3D('',#3097,#1991,#1992);
#1652=AXIS2_PLACEMENT_3D('',#3098,#1993,#1994);
#1653=AXIS2_PLACEMENT_3D('',#3127,#1995,#1996);
#1654=AXIS2_PLACEMENT_3D('',#3129,#1997,#1998);
#1655=AXIS2_PLACEMENT_3D('',#3130,#1999,#2000);
#1656=AXIS2_PLACEMENT_3D('',#3131,#2001,#2002);
#1657=AXIS2_PLACEMENT_3D('',#3133,#2003,#2004);
#1658=AXIS2_PLACEMENT_3D('',#3134,#2005,#2006);
#1659=AXIS2_PLACEMENT_3D('',#3135,#2007,#2008);
#1660=AXIS2_PLACEMENT_3D('',#3137,#2009,#2010);
#1661=AXIS2_PLACEMENT_3D('',#3139,#2011,#2012);
#1662=AXIS2_PLACEMENT_3D('',#3140,#2013,#2014);
#1663=AXIS2_PLACEMENT_3D('',#3141,#2015,#2016);
#1664=AXIS2_PLACEMENT_3D('',#3144,#2019,#2020);
#1665=AXIS2_PLACEMENT_3D('',#3148,#2023,#2024);
#1666=AXIS2_PLACEMENT_3D('',#3151,#2026,#2027);
#1667=AXIS2_PLACEMENT_3D('',#3152,#2028,#2029);
#1668=AXIS2_PLACEMENT_3D('',#3156,#2032,#2033);
#1669=AXIS2_PLACEMENT_3D('',#3157,#2034,#2035);
#1670=AXIS2_PLACEMENT_3D('',#3158,#2036,#2037);
#1671=AXIS2_PLACEMENT_3D('',#3160,#2038,#2039);
#1672=AXIS2_PLACEMENT_3D('',#3161,#2040,#2041);
#1673=AXIS2_PLACEMENT_3D('',#3162,#2042,#2043);
#1674=AXIS2_PLACEMENT_3D('',#3165,#2045,#2046);
#1675=AXIS2_PLACEMENT_3D('',#3200,#2047,#2048);
#1676=AXIS2_PLACEMENT_3D('',#3203,#2049,#2050);
#1677=AXIS2_PLACEMENT_3D('',#3207,#2052,#2053);
#1678=AXIS2_PLACEMENT_3D('',#3209,#2055,#2056);
#1679=AXIS2_PLACEMENT_3D('',#3210,#2057,#2058);
#1680=AXIS2_PLACEMENT_3D('',#3211,#2059,#2060);
#1681=AXIS2_PLACEMENT_3D('',#3212,#2061,#2062);
#1682=AXIS2_PLACEMENT_3D('',#3215,#2063,#2064);
#1683=AXIS2_PLACEMENT_3D('',#3219,#2066,#2067);
#1684=AXIS2_PLACEMENT_3D('',#3221,#2069,#2070);
#1685=AXIS2_PLACEMENT_3D('',#3224,#2071,#2072);
#1686=AXIS2_PLACEMENT_3D('',#3225,#2073,#2074);
#1687=AXIS2_PLACEMENT_3D('',#3226,#2075,#2076);
#1688=AXIS2_PLACEMENT_3D('',#3227,#2077,#2078);
#1689=AXIS2_PLACEMENT_3D('',#3229,#2079,#2080);
#1690=AXIS2_PLACEMENT_3D('',#3232,#2083,#2084);
#1691=AXIS2_PLACEMENT_3D('',#3233,#2085,#2086);
#1692=AXIS2_PLACEMENT_3D('',#3234,#2087,#2088);
#1693=AXIS2_PLACEMENT_3D('',#3263,#2089,#2090);
#1694=AXIS2_PLACEMENT_3D('',#3264,#2091,#2092);
#1695=AXIS2_PLACEMENT_3D('',#3293,#2093,#2094);
#1696=AXIS2_PLACEMENT_3D('',#3296,#2095,#2096);
#1697=AXIS2_PLACEMENT_3D('',#3297,#2097,#2098);
#1698=AXIS2_PLACEMENT_3D('',#3298,#2099,#2100);
#1699=AXIS2_PLACEMENT_3D('',#3299,#2101,#2102);
#1700=AXIS2_PLACEMENT_3D('',#3309,#2106,#2107);
#1701=AXIS2_PLACEMENT_3D('',#3311,#2109,#2110);
#1702=AXIS2_PLACEMENT_3D('',#3313,#2112,#2113);
#1703=AXIS2_PLACEMENT_3D('',#3315,#2115,#2116);
#1704=AXIS2_PLACEMENT_3D('',#3316,#2117,#2118);
#1705=AXIS2_PLACEMENT_3D('',#3318,#2119,#2120);
#1706=AXIS2_PLACEMENT_3D('',#3320,#2121,#2122);
#1707=AXIS2_PLACEMENT_3D('',#3321,#2123,#2124);
#1708=AXIS2_PLACEMENT_3D('',#3323,#2125,#2126);
#1709=AXIS2_PLACEMENT_3D('',#3325,#2128,#2129);
#1710=AXIS2_PLACEMENT_3D('',#3327,#2130,#2131);
#1711=AXIS2_PLACEMENT_3D('',#3329,#2133,#2134);
#1712=AXIS2_PLACEMENT_3D('',#3331,#2135,#2136);
#1713=AXIS2_PLACEMENT_3D('',#3332,#2137,#2138);
#1714=AXIS2_PLACEMENT_3D('',#3333,#2139,#2140);
#1715=AXIS2_PLACEMENT_3D('',#3335,#2142,#2143);
#1716=AXIS2_PLACEMENT_3D('',#3337,#2144,#2145);
#1717=AXIS2_PLACEMENT_3D('',#3338,#2146,#2147);
#1718=AXIS2_PLACEMENT_3D('',#3339,#2148,#2149);
#1719=AXIS2_PLACEMENT_3D('',#3341,#2150,#2151);
#1720=AXIS2_PLACEMENT_3D('',#3343,#2153,#2154);
#1721=AXIS2_PLACEMENT_3D('',#3344,#2155,#2156);
#1722=AXIS2_PLACEMENT_3D('',#3345,#2157,#2158);
#1723=AXIS2_PLACEMENT_3D('',#3347,#2159,#2160);
#1724=AXIS2_PLACEMENT_3D('',#3349,#2161,#2162);
#1725=AXIS2_PLACEMENT_3D('',#3350,#2163,#2164);
#1726=AXIS2_PLACEMENT_3D('',#3352,#2165,#2166);
#1727=AXIS2_PLACEMENT_3D('',#3353,#2167,#2168);
#1728=AXIS2_PLACEMENT_3D('',#3356,#2170,#2171);
#1729=AXIS2_PLACEMENT_3D('',#3363,#2172,#2173);
#1730=AXIS2_PLACEMENT_3D('',#3365,#2175,#2176);
#1731=AXIS2_PLACEMENT_3D('',#3367,#2178,#2179);
#1732=AXIS2_PLACEMENT_3D('',#3369,#2181,#2182);
#1733=AXIS2_PLACEMENT_3D('',#3371,#2184,#2185);
#1734=AXIS2_PLACEMENT_3D('',#3373,#2187,#2188);
#1735=AXIS2_PLACEMENT_3D('',#3375,#2190,#2191);
#1736=AXIS2_PLACEMENT_3D('',#3377,#2193,#2194);
#1737=DIRECTION('axis',(0.,0.,1.));
#1738=DIRECTION('refdir',(1.,0.,0.));
#1739=DIRECTION('center_axis',(0.,0.,1.));
#1740=DIRECTION('ref_axis',(1.,0.,0.));
#1741=DIRECTION('center_axis',(-0.945551959890356,-0.272115140416889,0.178563270308883));
#1742=DIRECTION('ref_axis',(0.304627382367048,-0.933094143135451,0.191147790880563));
#1743=DIRECTION('center_axis',(0.438199228595104,-0.0408888839086504,-0.897947401149622));
#1744=DIRECTION('ref_axis',(-0.0929075773727832,-0.995674737083713,-1.74838271594513E-15));
#1745=DIRECTION('center_axis',(0.978527164598397,-0.0913075172747387,-0.184790490643173));
#1746=DIRECTION('ref_axis',(-0.185565645867404,0.,-0.982631869559406));
#1747=DIRECTION('center_axis',(0.324902593001176,0.0855247864563416,-0.941872505152746));
#1748=DIRECTION('ref_axis',(0.310283132185646,-0.950418084895921,0.020732626071835));
#1749=DIRECTION('center_axis',(0.45458395558763,-0.0132262542718298,-0.890605689135344));
#1750=DIRECTION('ref_axis',(-0.890228963329596,0.0259014742698582,-0.454776325768789));
#1751=DIRECTION('center_axis',(0.0195316885977068,0.335402291571945,-0.941872505145368));
#1752=DIRECTION('ref_axis',(-0.999785056009338,1.3987061727561E-14,-0.0207326259891159));
#1753=DIRECTION('center_axis',(-0.0581351278652215,-0.998308723245517,1.71976985973368E-32));
#1754=DIRECTION('ref_axis',(0.998308723245517,-0.0581351278652215,-3.09609439281953E-15));
#1755=DIRECTION('center_axis',(5.91382614490371E-17,1.,-3.39159148012626E-47));
#1756=DIRECTION('ref_axis',(-0.999785056009338,1.3987061727561E-14,-0.0207326259891159));
#1757=DIRECTION('center_axis',(0.856909499412473,0.279755370507762,-0.432946928027823));
#1758=DIRECTION('ref_axis',(-0.45095288298814,0.,-0.892547756327181));
#1759=DIRECTION('center_axis',(0.950622415473147,0.310349840019291,0.));
#1760=DIRECTION('ref_axis',(0.,0.,-1.));
#1761=DIRECTION('center_axis',(-0.950622415473147,-0.310349840019291,-4.84392948976408E-16));
#1762=DIRECTION('ref_axis',(-0.2194504764178,0.672191556329,-0.707106781186545));
#1763=DIRECTION('center_axis',(0.950622415473147,0.310349840019291,0.));
#1764=DIRECTION('ref_axis',(0.,0.,-1.));
#1765=DIRECTION('',(0.950622415473147,0.310349840019291,4.84392948976408E-16));
#1766=DIRECTION('',(-0.950622415473147,-0.310349840019291,-4.84392948976408E-16));
#1767=DIRECTION('center_axis',(-5.04050263626274E-16,-1.68566861442489E-17,
1.));
#1768=DIRECTION('ref_axis',(-0.950622415473147,-0.31034984001929,-5.84327907697451E-16));
#1769=DIRECTION('center_axis',(-0.950622415473147,-0.310349840019291,0.));
#1770=DIRECTION('ref_axis',(0.,0.,-1.));
#1771=DIRECTION('center_axis',(5.04050263626274E-16,1.68566861442489E-17,
-1.));
#1772=DIRECTION('ref_axis',(-0.950622415473148,-0.31034984001929,-4.60100714722401E-16));
#1773=DIRECTION('center_axis',(-5.04050263626274E-16,-1.68566861442489E-17,
1.));
#1774=DIRECTION('ref_axis',(-0.950622415473147,-0.31034984001929,-4.84392948976408E-16));
#1775=DIRECTION('center_axis',(0.950622415473147,0.310349840019291,4.84392948976408E-16));
#1776=DIRECTION('ref_axis',(0.219450476417802,-0.672191556328998,-0.707106781186547));
#1777=DIRECTION('center_axis',(-0.950622415473149,-0.310349840019286,0.));
#1778=DIRECTION('ref_axis',(0.,0.,-1.));
#1779=DIRECTION('',(-0.950622415473147,-0.310349840019291,-4.84392948976408E-16));
#1780=DIRECTION('',(0.950622415473147,0.310349840019291,4.84392948976408E-16));
#1781=DIRECTION('center_axis',(5.04050263626274E-16,1.68566861442489E-17,
-1.));
#1782=DIRECTION('ref_axis',(-1.,0.,-3.1720657846433E-16));
#1783=DIRECTION('center_axis',(-0.996806690731804,-0.0798524972202508,0.));
#1784=DIRECTION('ref_axis',(0.,0.,-1.));
#1785=DIRECTION('center_axis',(-5.04050263626274E-16,-1.68566861442489E-17,
1.));
#1786=DIRECTION('ref_axis',(-0.204316703359489,0.97890483946516,-8.74191357972564E-17));
#1787=DIRECTION('center_axis',(5.04050263626274E-16,1.68566861442489E-17,
-1.));
#1788=DIRECTION('ref_axis',(-0.204316703359489,0.97890483946516,-8.64847965476511E-17));
#1789=DIRECTION('center_axis',(0.,0.,1.));
#1790=DIRECTION('ref_axis',(1.,0.,0.));
#1791=DIRECTION('center_axis',(-0.390484721610219,0.901872583437844,0.184790490643155));
#1792=DIRECTION('ref_axis',(0.0575902685080305,-0.176402862503285,0.98263186955941));
#1793=DIRECTION('center_axis',(0.0347731474119762,-0.983313778361554,-0.178563270308846));
#1794=DIRECTION('ref_axis',(-0.981561267594376,0.,-0.191147790880567));
#1795=DIRECTION('center_axis',(-0.174864950078313,0.403872150565925,0.897947401149624));
#1796=DIRECTION('ref_axis',(-0.917676871817885,-0.397327520983057,-1.74838271594513E-15));
#1797=DIRECTION('center_axis',(-0.0195316886059161,0.335402291567975,0.941872505146611));
#1798=DIRECTION('ref_axis',(-0.999785056009158,0.,-0.0207326259978038));
#1799=DIRECTION('center_axis',(-0.953654139641596,-0.26448632216618,0.143494833814515));
#1800=DIRECTION('ref_axis',(0.300904938384945,-0.838233089048491,0.454776325768809));
#1801=DIRECTION('center_axis',(0.312779280135746,0.122659308523848,0.941872505146114));
#1802=DIRECTION('ref_axis',(0.310283132186179,-0.950418084897551,0.0207326259891259));
#1803=DIRECTION('center_axis',(-0.930972422247033,-0.365089508224343,1.24651743357109E-14));
#1804=DIRECTION('ref_axis',(-0.365089508224343,0.930972422247033,-1.04902962956708E-14));
#1805=DIRECTION('center_axis',(0.950622415473147,0.310349840019291,-1.25760613967165E-14));
#1806=DIRECTION('ref_axis',(0.310283132186179,-0.950418084897551,0.0207326259891259));
#1807=DIRECTION('center_axis',(-8.57497526126971E-15,0.901419412655001,
0.432946928027804));
#1808=DIRECTION('ref_axis',(0.139953155091613,-0.428685918890745,0.89254775632719));
#1809=DIRECTION('center_axis',(0.,1.,1.3987061727561E-14));
#1810=DIRECTION('ref_axis',(1.92322098753964E-14,-1.3987061727561E-14,1.));
#1811=DIRECTION('center_axis',(-5.55111512312558E-17,-1.,-8.63009354945484E-17));
#1812=DIRECTION('ref_axis',(0.707106781186552,0.,0.707106781186543));
#1813=DIRECTION('center_axis',(0.,1.,0.));
#1814=DIRECTION('ref_axis',(1.33314182090816E-14,0.,1.));
#1815=DIRECTION('',(5.55111512312558E-17,1.,8.63009354945484E-17));
#1816=DIRECTION('',(-5.55111512312558E-17,-1.,-8.63009354945484E-17));
#1817=DIRECTION('center_axis',(-1.32502068469376E-14,8.63009354945492E-17,
-1.));
#1818=DIRECTION('ref_axis',(-1.,0.,1.31473779231926E-14));
#1819=DIRECTION('center_axis',(0.,-1.,0.));
#1820=DIRECTION('ref_axis',(1.31128703695877E-14,0.,1.));
#1821=DIRECTION('center_axis',(1.32502068469376E-14,-8.63009354945492E-17,
1.));
#1822=DIRECTION('ref_axis',(-3.60192171734838E-15,-1.,-1.15025178680601E-16));
#1823=DIRECTION('center_axis',(-1.32502068469376E-14,8.63009354945492E-17,
-1.));
#1824=DIRECTION('ref_axis',(-3.60192171734838E-15,-1.,-8.63009354945014E-17));
#1825=DIRECTION('center_axis',(5.55111512312558E-17,1.,8.63009354945484E-17));
#1826=DIRECTION('ref_axis',(-0.707106781186543,0.,0.707106781186552));
#1827=DIRECTION('center_axis',(0.,-1.,0.));
#1828=DIRECTION('ref_axis',(1.31128703695885E-14,0.,1.));
#1829=DIRECTION('',(-5.55111512312558E-17,-1.,-8.63009354945484E-17));
#1830=DIRECTION('',(5.55111512312558E-17,1.,8.63009354945484E-17));
#1831=DIRECTION('center_axis',(1.32502068469376E-14,-8.63009354945492E-17,
1.));
#1832=DIRECTION('ref_axis',(1.,0.,-1.33226762955019E-14));
#1833=DIRECTION('center_axis',(0.233449223209741,-0.972368993840697,-3.26526869528535E-15));
#1834=DIRECTION('ref_axis',(1.3987061727559E-14,0.,1.));
#1835=DIRECTION('center_axis',(-1.32502068469376E-14,8.63009354945492E-17,
-1.));
#1836=DIRECTION('ref_axis',(0.993978539211607,0.109574922253039,-1.31565799374871E-14));
#1837=DIRECTION('center_axis',(1.32502068469376E-14,-8.63009354945492E-17,
1.));
#1838=DIRECTION('ref_axis',(0.993978539211607,0.109574922253039,-1.31609648276734E-14));
#1839=DIRECTION('center_axis',(0.454583955581769,0.013226254268659,-0.890605689138383));
#1840=DIRECTION('ref_axis',(-0.890228963332805,-0.0259014742640851,-0.454776325762838));
#1841=DIRECTION('center_axis',(-5.91382614490371E-17,-1.,3.39159148012626E-47));
#1842=DIRECTION('ref_axis',(-0.999785056009338,-3.49676543189026E-14,-0.0207326259891158));
#1843=DIRECTION('center_axis',(-0.0581351278652227,0.998308723245517,1.71976985973371E-32));
#1844=DIRECTION('ref_axis',(0.998308723245517,0.0581351278652227,1.82123199577619E-15));
#1845=DIRECTION('center_axis',(-0.967815735337356,-0.222145175140627,0.118254909391333));
#1846=DIRECTION('ref_axis',(0.251659894368196,-0.854310125855083,0.454776325711949));
#1847=DIRECTION('center_axis',(-0.950622415473147,-0.310349840019291,1.25760613967165E-14));
#1848=DIRECTION('ref_axis',(0.310283132186172,-0.950418084897554,0.0207326259891259));
#1849=DIRECTION('center_axis',(0.967056877512088,0.254560396873846,-1.26444092571154E-14));
#1850=DIRECTION('ref_axis',(-0.254560396873846,0.967056877512088,2.7974123455122E-14));
#1851=DIRECTION('center_axis',(-8.72855248410851E-32,-1.57239622859665E-15,
1.));
#1852=DIRECTION('ref_axis',(0.809428761540907,-0.587218085544335,-8.64008198876817E-16));
#1853=DIRECTION('',(-8.72855248410851E-32,-1.57239622859665E-15,1.));
#1854=DIRECTION('center_axis',(-1.24335016773265E-14,-2.43755885094036E-15,
-1.));
#1855=DIRECTION('ref_axis',(0.310349840019289,-0.950622415473148,-1.52983487645199E-15));
#1856=DIRECTION('',(8.72855248410851E-32,1.57239622859665E-15,-1.));
#1857=DIRECTION('center_axis',(2.9582283945788E-31,1.64214663788059E-47,
1.));
#1858=DIRECTION('ref_axis',(1.,3.28429327576123E-48,0.));
#1859=DIRECTION('center_axis',(-0.310349840019291,0.950622415473147,1.49475510090942E-15));
#1860=DIRECTION('ref_axis',(0.950622415473147,0.310349840019291,-1.25760613967165E-14));
#1861=DIRECTION('',(-1.24329437578305E-14,-2.4865887515661E-15,-1.));
#1862=DIRECTION('',(-0.950622415473147,-0.310349840019291,1.25760613967165E-14));
#1863=DIRECTION('center_axis',(-1.24329437578305E-14,-2.4865887515661E-15,
-1.));
#1864=DIRECTION('ref_axis',(0.310349840019291,-0.950622415473147,-1.49475510090942E-15));
#1865=DIRECTION('',(-1.24329437578305E-14,-2.4865887515661E-15,-1.));
#1866=DIRECTION('center_axis',(1.24335016773265E-14,2.43755885094036E-15,
1.));
#1867=DIRECTION('ref_axis',(-0.950622415473147,-0.310349840019291,1.25952570655258E-14));
#1868=DIRECTION('center_axis',(0.310349840019291,-0.950622415473147,-1.49475510090942E-15));
#1869=DIRECTION('ref_axis',(-0.950622415473147,-0.310349840019291,1.25760613967165E-14));
#1870=DIRECTION('',(8.72855248410851E-32,1.57239622859665E-15,-1.));
#1871=DIRECTION('',(0.950622415473147,0.310349840019291,-1.25760613967165E-14));
#1872=DIRECTION('center_axis',(8.72855248410851E-32,1.57239622859665E-15,
-1.));
#1873=DIRECTION('ref_axis',(0.587218085544336,0.809428761540906,1.19095971938563E-15));
#1874=DIRECTION('center_axis',(-1.24335016773265E-14,-2.43755885094036E-15,
-1.));
#1875=DIRECTION('ref_axis',(-0.310349840019293,0.950622415473146,1.52983487645199E-15));
#1876=DIRECTION('center_axis',(1.24335016773265E-14,2.43755885094036E-15,
1.));
#1877=DIRECTION('ref_axis',(1.,0.,-1.26882631385732E-14));
#1878=DIRECTION('center_axis',(1.24335016773265E-14,2.43755885094036E-15,
1.));
#1879=DIRECTION('ref_axis',(-0.310349840019293,0.950622415473146,1.54153717369903E-15));
#1880=DIRECTION('center_axis',(-0.950622415473147,-0.310349840019291,1.16343626042228E-14));
#1881=DIRECTION('ref_axis',(0.310349840019291,-0.950622415473147,0.));
#1882=DIRECTION('center_axis',(-1.32502068469376E-14,8.63009354945492E-17,
-1.));
#1883=DIRECTION('ref_axis',(-0.310349840019291,0.950622415473147,4.194239178927E-15));
#1884=DIRECTION('',(0.950622415473147,0.310349840019291,-1.25691601568304E-14));
#1885=DIRECTION('center_axis',(1.32502068469376E-14,-8.63009354945492E-17,
1.));
#1886=DIRECTION('ref_axis',(-1.,5.55111512312558E-17,0.));
#1887=DIRECTION('center_axis',(1.24335016773265E-14,2.43755885094036E-15,
1.));
#1888=DIRECTION('ref_axis',(1.,0.,-1.26882631385732E-14));
#1889=DIRECTION('center_axis',(-1.24335016773265E-14,-2.43755885094036E-15,
-1.));
#1890=DIRECTION('ref_axis',(-0.310349840019294,0.950622415473146,1.52983487645199E-15));
#1891=DIRECTION('center_axis',(0.950622415473147,0.310349840019291,-1.16343626042228E-14));
#1892=DIRECTION('ref_axis',(1.22386790116159E-14,0.,1.));
#1893=DIRECTION('center_axis',(1.24335016773265E-14,2.43755885094036E-15,
1.));
#1894=DIRECTION('ref_axis',(-0.310349840019294,0.950622415473146,1.54153717369904E-15));
#1895=DIRECTION('center_axis',(0.,0.,1.));
#1896=DIRECTION('ref_axis',(1.,0.,0.));
#1897=DIRECTION('center_axis',(0.390484721610216,-0.90187258343784,0.184790490643182));
#1898=DIRECTION('ref_axis',(-0.0575902685080161,0.17640286250332,0.982631869559404));
#1899=DIRECTION('center_axis',(-0.0347731474119912,0.983313778361542,-0.178563270308909));
#1900=DIRECTION('ref_axis',(0.981561267594374,0.,-0.191147790880582));
#1901=DIRECTION('center_axis',(0.174864950078329,-0.403872150565929,0.897947401149619));
#1902=DIRECTION('ref_axis',(0.917676871817873,0.397327520983084,-2.62257407391769E-15));
#1903=DIRECTION('center_axis',(0.,0.,1.));
#1904=DIRECTION('ref_axis',(1.,0.,0.));
#1905=DIRECTION('center_axis',(0.945551959890366,0.2721151404169,0.178563270308812));
#1906=DIRECTION('ref_axis',(-0.304627382367045,0.933094143135448,0.19114779088058));
#1907=DIRECTION('center_axis',(-0.438199228595125,0.0408888839086598,-0.897947401149611));
#1908=DIRECTION('ref_axis',(0.0929075773727891,0.995674737083712,3.49676543189029E-15));
#1909=DIRECTION('center_axis',(-0.978527164598402,0.0913075172747575,-0.184790490643136));
#1910=DIRECTION('ref_axis',(0.185565645867367,0.,-0.982631869559413));
#1911=DIRECTION('center_axis',(-0.32490259299859,-0.0855247864555068,-0.941872505153714));
#1912=DIRECTION('ref_axis',(-0.310283132185645,0.950418084895922,0.0207326260718034));
#1913=DIRECTION('center_axis',(-0.454583955587598,0.0132262542723804,-0.890605689135352));
#1914=DIRECTION('ref_axis',(0.890228963329574,-0.0259014742709329,-0.454776325768772));
#1915=DIRECTION('center_axis',(-0.019531688597728,-0.335402291569904,-0.941872505146094));
#1916=DIRECTION('ref_axis',(0.999785056009338,0.,-0.0207326259891273));
#1917=DIRECTION('center_axis',(0.0581351278655783,0.998308723245496,-1.71976985974423E-32));
#1918=DIRECTION('ref_axis',(-0.998308723245496,0.0581351278655783,4.00671039070756E-16));
#1919=DIRECTION('center_axis',(-7.80353787543119E-17,-1.,3.95061137000776E-47));
#1920=DIRECTION('ref_axis',(0.999785056009338,0.,-0.0207326259891273));
#1921=DIRECTION('center_axis',(-0.856909499412489,-0.279755370507764,-0.432946928027791));
#1922=DIRECTION('ref_axis',(0.450952882988107,0.,-0.892547756327198));
#1923=DIRECTION('center_axis',(-0.950622415473147,-0.310349840019291,2.82548806102554E-14));
#1924=DIRECTION('ref_axis',(-2.97225061710672E-14,0.,-1.));
#1925=DIRECTION('center_axis',(0.950622415473147,0.310349840019291,-9.01410692321062E-15));
#1926=DIRECTION('ref_axis',(0.219450476417794,-0.672191556328995,-0.707106781186552));
#1927=DIRECTION('center_axis',(-0.950622415473147,-0.310349840019291,9.97231080361955E-15));
#1928=DIRECTION('ref_axis',(-1.04902962956708E-14,0.,-1.));
#1929=DIRECTION('',(-0.950622415473147,-0.310349840019291,9.01410692321062E-15));
#1930=DIRECTION('',(0.950622415473147,0.310349840019291,-9.01410692321062E-15));
#1931=DIRECTION('center_axis',(9.48782423626063E-15,-1.68566861442498E-17,
1.));
#1932=DIRECTION('ref_axis',(1.,0.,-9.34924652315922E-15));
#1933=DIRECTION('center_axis',(0.950622415473146,0.310349840019293,-6.64820720241289E-15));
#1934=DIRECTION('ref_axis',(-6.99353086378037E-15,0.,-1.));
#1935=DIRECTION('center_axis',(-9.48782423626063E-15,1.68566861442498E-17,
-1.));
#1936=DIRECTION('ref_axis',(0.950622415473146,0.310349840019293,-9.02947652642715E-15));
#1937=DIRECTION('center_axis',(9.48782423626063E-15,-1.68566861442498E-17,
1.));
#1938=DIRECTION('ref_axis',(0.950622415473146,0.310349840019293,-9.01410692321062E-15));
#1939=DIRECTION('center_axis',(-0.950622415473147,-0.310349840019291,9.01410692321062E-15));
#1940=DIRECTION('ref_axis',(-0.219450476417808,0.672191556328999,-0.707106781186544));
#1941=DIRECTION('center_axis',(0.950622415473147,0.310349840019291,-9.97231080361956E-15));
#1942=DIRECTION('ref_axis',(-1.04902962956708E-14,0.,-1.));
#1943=DIRECTION('',(0.950622415473147,0.310349840019291,-9.01410692321062E-15));
#1944=DIRECTION('',(-0.950622415473147,-0.310349840019291,9.01410692321062E-15));
#1945=DIRECTION('center_axis',(-9.48782423626063E-15,1.68566861442498E-17,
-1.));
#1946=DIRECTION('ref_axis',(-1.,0.,9.51619735392991E-15));
#1947=DIRECTION('center_axis',(0.996806690731807,0.0798524972202103,-1.04567975352857E-14));
#1948=DIRECTION('ref_axis',(-1.04902962956728E-14,0.,-1.));
#1949=DIRECTION('center_axis',(9.48782423626063E-15,-1.68566861442498E-17,
1.));
#1950=DIRECTION('ref_axis',(0.204316703359464,-0.978904839465165,-1.96693055543827E-15));
#1951=DIRECTION('center_axis',(-9.48782423626063E-15,1.68566861442498E-17,
-1.));
#1952=DIRECTION('ref_axis',(0.204316703359464,-0.978904839465165,-1.95502206165075E-15));
#1953=DIRECTION('center_axis',(0.0195316886059363,-0.335402291568108,0.941872505146563));
#1954=DIRECTION('ref_axis',(0.999785056009157,0.,-0.0207326259978263));
#1955=DIRECTION('center_axis',(-0.953654139641691,-0.264486322165931,-0.143494833814344));
#1956=DIRECTION('ref_axis',(-0.300904938384644,0.838233089048623,0.454776325768764));
#1957=DIRECTION('center_axis',(-0.312779280137936,-0.122659308524532,0.941872505145298));
#1958=DIRECTION('ref_axis',(-0.310283132186172,0.950418084897554,0.0207326259891154));
#1959=DIRECTION('center_axis',(0.930972422247053,0.365089508224292,-1.24651743357111E-14));
#1960=DIRECTION('ref_axis',(0.365089508224292,-0.930972422247053,1.16558847729676E-14));
#1961=DIRECTION('center_axis',(-0.950622415473147,-0.310349840019291,1.25760613967165E-14));
#1962=DIRECTION('ref_axis',(-0.310283132186172,0.950418084897554,0.0207326259891154));
#1963=DIRECTION('center_axis',(3.78478462942668E-16,-0.901419412655006,
0.432946928027795));
#1964=DIRECTION('ref_axis',(-0.139953155091589,0.428685918890738,0.892547756327197));
#1965=DIRECTION('center_axis',(0.,-1.,0.));
#1966=DIRECTION('ref_axis',(1.00532006166845E-14,0.,1.));
#1967=DIRECTION('center_axis',(5.55111512312558E-17,1.,1.6856686144249E-17));
#1968=DIRECTION('ref_axis',(-0.707106781186543,0.,0.707106781186552));
#1969=DIRECTION('center_axis',(0.,-1.,0.));
#1970=DIRECTION('ref_axis',(1.31128703695885E-14,0.,1.));
#1971=DIRECTION('',(-5.55111512312558E-17,-1.,-1.6856686144249E-17));
#1972=DIRECTION('',(5.55111512312558E-17,1.,1.6856686144249E-17));
#1973=DIRECTION('center_axis',(-1.32275353726221E-14,1.68566861442497E-17,
-1.));
#1974=DIRECTION('ref_axis',(-1.,0.,1.31473779231926E-14));
#1975=DIRECTION('center_axis',(0.,1.,0.));
#1976=DIRECTION('ref_axis',(1.31128703695898E-14,0.,1.));
#1977=DIRECTION('center_axis',(1.32275353726221E-14,-1.68566861442497E-17,
1.));
#1978=DIRECTION('ref_axis',(-3.36590518253573E-15,1.,0.));
#1979=DIRECTION('center_axis',(-1.32275353726221E-14,1.68566861442497E-17,
-1.));
#1980=DIRECTION('ref_axis',(-3.36590518253573E-15,1.,1.68566861442942E-17));
#1981=DIRECTION('center_axis',(-5.55111512312558E-17,-1.,-1.6856686144249E-17));
#1982=DIRECTION('ref_axis',(0.707106781186552,0.,0.707106781186543));
#1983=DIRECTION('center_axis',(0.,1.,0.));
#1984=DIRECTION('ref_axis',(1.33314182090816E-14,0.,1.));
#1985=DIRECTION('',(5.55111512312558E-17,1.,1.6856686144249E-17));
#1986=DIRECTION('',(-5.55111512312558E-17,-1.,-1.6856686144249E-17));
#1987=DIRECTION('center_axis',(1.32275353726221E-14,-1.68566861442497E-17,
1.));
#1988=DIRECTION('ref_axis',(1.,0.,-1.31640730062697E-14));
#1989=DIRECTION('center_axis',(-0.233449223209714,0.972368993840703,4.28566516256312E-15));
#1990=DIRECTION('ref_axis',(1.83580185174281E-14,0.,1.));
#1991=DIRECTION('center_axis',(-1.32275353726221E-14,1.68566861442497E-17,
-1.));
#1992=DIRECTION('ref_axis',(-0.993978539211608,-0.109574922253029,1.31565799374871E-14));
#1993=DIRECTION('center_axis',(1.32275353726221E-14,-1.68566861442497E-17,
1.));
#1994=DIRECTION('ref_axis',(-0.993978539211608,-0.109574922253029,1.31460392169751E-14));
#1995=DIRECTION('center_axis',(-0.967815735337362,-0.2221451751406,-0.11825490939134));
#1996=DIRECTION('ref_axis',(-0.251659894368175,0.854310125855051,0.45477632571202));
#1997=DIRECTION('center_axis',(0.950622415473147,0.310349840019291,-1.25760613967165E-14));
#1998=DIRECTION('ref_axis',(-0.310283132186175,0.950418084897553,0.0207326259891154));
#1999=DIRECTION('center_axis',(-0.967056877512099,-0.254560396873807,1.26444092571155E-14));
#2000=DIRECTION('ref_axis',(0.254560396873807,-0.967056877512098,-2.68085349778253E-14));
#2001=DIRECTION('center_axis',(-0.454583955581695,-0.0132262542696537,-0.890605689138406));
#2002=DIRECTION('ref_axis',(0.890228963332771,0.0259014742660391,-0.454776325762793));
#2003=DIRECTION('center_axis',(7.80353787543119E-17,1.,-3.95061137000776E-47));
#2004=DIRECTION('ref_axis',(0.999785056009338,-4.19611851826831E-14,-0.0207326259891273));
#2005=DIRECTION('center_axis',(0.0581351278655783,-0.998308723245496,-1.71976985974423E-32));
#2006=DIRECTION('ref_axis',(-0.998308723245496,-0.0581351278655783,-4.51665534952488E-15));
#2007=DIRECTION('center_axis',(-2.9582283945788E-31,-1.64214663788059E-47,
-1.));
#2008=DIRECTION('ref_axis',(-1.,0.,0.));
#2009=DIRECTION('center_axis',(2.9582283945788E-31,1.64214663788059E-47,
1.));
#2010=DIRECTION('ref_axis',(-1.,3.28429327576117E-48,0.));
#2011=DIRECTION('center_axis',(0.,-1.,0.));
#2012=DIRECTION('ref_axis',(0.,0.,-1.));
#2013=DIRECTION('center_axis',(-2.9582283945788E-31,-1.64214663788059E-47,
-1.));
#2014=DIRECTION('ref_axis',(-1.,3.28429327576117E-48,2.9582283945788E-31));
#2015=DIRECTION('center_axis',(8.72855248410851E-32,1.57239622859665E-15,
-1.));
#2016=DIRECTION('ref_axis',(-0.809428761540906,0.587218085544335,8.64008198876818E-16));
#2017=DIRECTION('',(8.72855248410851E-32,1.57239622859665E-15,-1.));
#2018=DIRECTION('',(-8.72855248410851E-32,-1.57239622859665E-15,1.));
#2019=DIRECTION('center_axis',(0.310349840019291,-0.950622415473147,-1.49475510090942E-15));
#2020=DIRECTION('ref_axis',(-0.950622415473147,-0.310349840019291,1.25760613967165E-14));
#2021=DIRECTION('',(-1.24329437578305E-14,-2.4865887515661E-15,-1.));
#2022=DIRECTION('',(0.950622415473147,0.310349840019291,-1.25760613967165E-14));
#2023=DIRECTION('center_axis',(-1.24329437578305E-14,-2.4865887515661E-15,
-1.));
#2024=DIRECTION('ref_axis',(-0.310349840019291,0.950622415473147,1.49475510090942E-15));
#2025=DIRECTION('',(-1.24329437578305E-14,-2.4865887515661E-15,-1.));
#2026=DIRECTION('center_axis',(1.24335016773265E-14,2.43755885094036E-15,
1.));
#2027=DIRECTION('ref_axis',(0.950622415473147,0.310349840019292,-1.25952570655258E-14));
#2028=DIRECTION('center_axis',(-0.310349840019291,0.950622415473147,1.49475510090942E-15));
#2029=DIRECTION('ref_axis',(0.950622415473147,0.310349840019291,-1.25760613967165E-14));
#2030=DIRECTION('',(8.72855248410851E-32,1.57239622859665E-15,-1.));
#2031=DIRECTION('',(-0.950622415473147,-0.310349840019291,1.25760613967165E-14));
#2032=DIRECTION('center_axis',(8.72855248410851E-32,1.57239622859665E-15,
-1.));
#2033=DIRECTION('ref_axis',(-0.587218085544337,-0.809428761540905,-1.19095971938564E-15));
#2034=DIRECTION('center_axis',(-1.24335016773265E-14,-2.43755885094036E-15,
-1.));
#2035=DIRECTION('ref_axis',(0.310349840019289,-0.950622415473148,-1.52983487645199E-15));
#2036=DIRECTION('center_axis',(1.24335016773265E-14,2.43755885094036E-15,
1.));
#2037=DIRECTION('ref_axis',(1.,0.,-1.26882631385732E-14));
#2038=DIRECTION('center_axis',(1.24335016773265E-14,2.43755885094036E-15,
1.));
#2039=DIRECTION('ref_axis',(0.310349840019289,-0.950622415473148,-1.54153717369897E-15));
#2040=DIRECTION('center_axis',(0.950622415473148,0.31034984001929,-1.16343626042228E-14));
#2041=DIRECTION('ref_axis',(-0.31034984001929,0.950622415473148,0.));
#2042=DIRECTION('center_axis',(-1.32275353726221E-14,1.68566861442497E-17,
-1.));
#2043=DIRECTION('ref_axis',(-0.310349840019291,0.950622415473147,4.12118783044209E-15));
#2044=DIRECTION('',(0.950622415473147,0.310349840019291,-1.25691601568304E-14));
#2045=DIRECTION('center_axis',(1.32275353726221E-14,-1.68566861442497E-17,
1.));
#2046=DIRECTION('ref_axis',(-1.,5.55111512312558E-17,0.));
#2047=DIRECTION('center_axis',(-5.55111512312558E-17,-1.,3.28429327576118E-47));
#2048=DIRECTION('ref_axis',(-0.707106781186547,0.,-0.707106781186547));
#2049=DIRECTION('center_axis',(0.,1.,0.));
#2050=DIRECTION('ref_axis',(0.,0.,-1.));
#2051=DIRECTION('',(5.55111512312558E-17,1.,-3.28429327576118E-47));
#2052=DIRECTION('center_axis',(0.,-1.,0.));
#2053=DIRECTION('ref_axis',(-1.,0.,-4.37095678986282E-16));
#2054=DIRECTION('',(-5.55111512312558E-17,-1.,3.28429327576118E-47));
#2055=DIRECTION('center_axis',(-2.9582283945788E-31,-1.64214663788059E-47,
-1.));
#2056=DIRECTION('ref_axis',(-1.,0.,0.));
#2057=DIRECTION('center_axis',(-2.9582283945788E-31,-1.64214663788059E-47,
-1.));
#2058=DIRECTION('ref_axis',(1.,3.28429327576114E-48,-2.9582283945788E-31));
#2059=DIRECTION('center_axis',(2.9582283945788E-31,1.64214663788059E-47,
1.));
#2060=DIRECTION('ref_axis',(1.,3.28429327576114E-48,0.));
#2061=DIRECTION('center_axis',(5.55111512312558E-17,1.,-3.28429327576118E-47));
#2062=DIRECTION('ref_axis',(0.707106781186547,0.,-0.707106781186547));
#2063=DIRECTION('center_axis',(0.,-1.,0.));
#2064=DIRECTION('ref_axis',(0.,0.,-1.));
#2065=DIRECTION('',(-5.55111512312558E-17,-1.,3.28429327576118E-47));
#2066=DIRECTION('center_axis',(0.,1.,0.));
#2067=DIRECTION('ref_axis',(1.,0.,-4.37095678986282E-16));
#2068=DIRECTION('',(5.55111512312558E-17,1.,-3.28429327576118E-47));
#2069=DIRECTION('center_axis',(2.9582283945788E-31,1.64214663788059E-47,
1.));
#2070=DIRECTION('ref_axis',(1.,0.,0.));
#2071=DIRECTION('center_axis',(0.,1.,0.));
#2072=DIRECTION('ref_axis',(0.,0.,-1.));
#2073=DIRECTION('center_axis',(-2.9582283945788E-31,-1.64214663788059E-47,
-1.));
#2074=DIRECTION('ref_axis',(1.15025178680601E-16,1.,0.));
#2075=DIRECTION('center_axis',(2.9582283945788E-31,1.64214663788059E-47,
1.));
#2076=DIRECTION('ref_axis',(1.15025178680601E-16,1.,-5.04485413452512E-47));
#2077=DIRECTION('center_axis',(-5.55111512312558E-17,-1.,3.28429327576118E-47));
#2078=DIRECTION('ref_axis',(-0.707106781186547,0.,-0.707106781186547));
#2079=DIRECTION('center_axis',(0.,1.,0.));
#2080=DIRECTION('ref_axis',(0.,0.,-1.));
#2081=DIRECTION('',(5.55111512312558E-17,1.,-3.28429327576118E-47));
#2082=DIRECTION('',(-5.55111512312558E-17,-1.,3.28429327576118E-47));
#2083=DIRECTION('center_axis',(-2.9582283945788E-31,-1.64214663788059E-47,
-1.));
#2084=DIRECTION('ref_axis',(-1.,0.,0.));
#2085=DIRECTION('center_axis',(-2.9582283945788E-31,-1.64214663788059E-47,
-1.));
#2086=DIRECTION('ref_axis',(-1.,3.28429327576127E-48,2.9582283945788E-31));
#2087=DIRECTION('center_axis',(2.9582283945788E-31,1.64214663788059E-47,
1.));
#2088=DIRECTION('ref_axis',(-1.,3.28429327576127E-48,0.));
#2089=DIRECTION('center_axis',(-2.9582283945788E-31,-1.64214663788059E-47,
-1.));
#2090=DIRECTION('ref_axis',(-1.,0.,0.));
#2091=DIRECTION('center_axis',(-2.9582283945788E-31,-1.64214663788059E-47,
-1.));
#2092=DIRECTION('ref_axis',(1.,3.28429327576123E-48,-2.9582283945788E-31));
#2093=DIRECTION('center_axis',(2.9582283945788E-31,1.64214663788059E-47,
1.));
#2094=DIRECTION('ref_axis',(1.,0.,0.));
#2095=DIRECTION('center_axis',(0.,-1.,0.));
#2096=DIRECTION('ref_axis',(0.,0.,-1.));
#2097=DIRECTION('center_axis',(-2.9582283945788E-31,-1.64214663788059E-47,
-1.));
#2098=DIRECTION('ref_axis',(-1.150251786806E-16,-1.,0.));
#2099=DIRECTION('center_axis',(2.9582283945788E-31,1.64214663788059E-47,
1.));
#2100=DIRECTION('ref_axis',(-1.150251786806E-16,-1.,5.04485413452512E-47));
#2101=DIRECTION('center_axis',(5.55111512312558E-17,1.,-3.28429327576118E-47));
#2102=DIRECTION('ref_axis',(0.707106781186547,0.,-0.707106781186547));
#2103=DIRECTION('',(-5.55111512312558E-17,-1.,3.28429327576118E-47));
#2104=DIRECTION('',(5.55111512312558E-17,1.,-3.28429327576118E-47));
#2105=DIRECTION('',(-7.83849372590567E-17,-1.,-1.68566861442491E-17));
#2106=DIRECTION('center_axis',(8.72855248410851E-32,1.57239622859665E-15,
-1.));
#2107=DIRECTION('ref_axis',(-0.587218085544337,-0.809428761540905,-1.19095971938564E-15));
#2108=DIRECTION('',(-8.72855248410851E-32,-1.57239622859665E-15,1.));
#2109=DIRECTION('center_axis',(1.,-5.55111512312558E-17,0.));
#2110=DIRECTION('ref_axis',(5.55111512312558E-17,1.,-3.28429327576118E-47));
#2111=DIRECTION('',(0.,0.,1.));
#2112=DIRECTION('center_axis',(0.,0.,1.));
#2113=DIRECTION('ref_axis',(1.,-5.55111512312558E-17,0.));
#2114=DIRECTION('',(0.,0.,1.));
#2115=DIRECTION('center_axis',(-1.,5.55111512312558E-17,0.));
#2116=DIRECTION('ref_axis',(-5.55111512312558E-17,-1.,3.28429327576118E-47));
#2117=DIRECTION('center_axis',(2.9582283945788E-31,1.64214663788059E-47,
1.));
#2118=DIRECTION('ref_axis',(1.,0.,-2.9582283945788E-31));
#2119=DIRECTION('center_axis',(-2.9582283945788E-31,-1.64214663788059E-47,
-1.));
#2120=DIRECTION('ref_axis',(-1.,5.55111512312558E-17,2.9582283945788E-31));
#2121=DIRECTION('center_axis',(-2.9582283945788E-31,-1.64214663788059E-47,
-1.));
#2122=DIRECTION('ref_axis',(-1.,5.55111512312558E-17,2.9582283945788E-31));
#2123=DIRECTION('center_axis',(-0.950622415473147,-0.310349840019291,1.25760613967165E-14));
#2124=DIRECTION('ref_axis',(0.21945047641781,-0.672191556328999,0.707106781186544));
#2125=DIRECTION('center_axis',(0.950622415473147,0.31034984001929,-9.97231080361958E-15));
#2126=DIRECTION('ref_axis',(1.04902962956708E-14,0.,1.));
#2127=DIRECTION('',(-0.950622415473147,-0.310349840019291,1.25760613967165E-14));
#2128=DIRECTION('center_axis',(0.950622415473147,0.310349840019291,-1.25760613967165E-14));
#2129=DIRECTION('ref_axis',(-0.219450476417791,0.672191556329002,0.707106781186547));
#2130=DIRECTION('center_axis',(-0.950622415473147,-0.310349840019292,1.32964144048261E-14));
#2131=DIRECTION('ref_axis',(1.39870617275611E-14,0.,1.));
#2132=DIRECTION('',(0.950622415473147,0.310349840019291,-1.25760613967165E-14));
#2133=DIRECTION('center_axis',(-1.24335016773265E-14,-2.43755885094036E-15,
-1.));
#2134=DIRECTION('ref_axis',(0.950622415473147,0.31034984001929,-1.28552139693439E-14));
#2135=DIRECTION('center_axis',(0.950622415473147,0.310349840019291,-1.32964144048261E-14));
#2136=DIRECTION('ref_axis',(1.39870617275611E-14,0.,1.));
#2137=DIRECTION('center_axis',(-1.24335016773265E-14,-2.43755885094036E-15,
-1.));
#2138=DIRECTION('ref_axis',(0.950622415473147,0.310349840019292,-1.25760613967165E-14));
#2139=DIRECTION('center_axis',(-0.950622415473147,-0.310349840019291,1.25760613967165E-14));
#2140=DIRECTION('ref_axis',(0.21945047641781,-0.672191556328999,0.707106781186544));
#2141=DIRECTION('',(-0.950622415473147,-0.310349840019291,1.25760613967165E-14));
#2142=DIRECTION('center_axis',(-1.24335016773265E-14,-2.43755885094036E-15,
-1.));
#2143=DIRECTION('ref_axis',(-1.,0.,1.28552139693439E-14));
#2144=DIRECTION('center_axis',(-0.950622415473147,-0.310349840019292,1.32964144048261E-14));
#2145=DIRECTION('ref_axis',(1.39870617275611E-14,0.,1.));
#2146=DIRECTION('center_axis',(-1.24335016773265E-14,-2.43755885094036E-15,
-1.));
#2147=DIRECTION('ref_axis',(-0.950622415473147,-0.310349840019291,1.25760613967165E-14));
#2148=DIRECTION('center_axis',(0.950622415473147,0.310349840019291,-1.25760613967165E-14));
#2149=DIRECTION('ref_axis',(-0.219450476417791,0.672191556329002,0.707106781186547));
#2150=DIRECTION('center_axis',(-0.950622415473147,-0.31034984001929,1.16343626042228E-14));
#2151=DIRECTION('ref_axis',(1.22386790116159E-14,0.,1.));
#2152=DIRECTION('',(0.950622415473147,0.310349840019291,-1.25760613967165E-14));
#2153=DIRECTION('center_axis',(1.24335016773265E-14,2.43755885094036E-15,
1.));
#2154=DIRECTION('ref_axis',(1.,0.,-1.26882631385732E-14));
#2155=DIRECTION('center_axis',(1.24335016773265E-14,2.43755885094036E-15,
1.));
#2156=DIRECTION('ref_axis',(0.310349840019289,-0.950622415473148,-1.54153717369897E-15));
#2157=DIRECTION('center_axis',(-1.24335016773265E-14,-2.43755885094036E-15,
-1.));
#2158=DIRECTION('ref_axis',(-1.,0.,1.24335016773265E-14));
#2159=DIRECTION('center_axis',(1.24335016773265E-14,2.43755885094036E-15,
1.));
#2160=DIRECTION('ref_axis',(0.310349840019291,-0.950622415473147,-1.541537173699E-15));
#2161=DIRECTION('center_axis',(1.24335016773265E-14,2.43755885094036E-15,
1.));
#2162=DIRECTION('ref_axis',(0.310349840019291,-0.950622415473147,-1.541537173699E-15));
#2163=DIRECTION('center_axis',(9.48782423626063E-15,-1.68566861442498E-17,
1.));
#2164=DIRECTION('ref_axis',(-1.,5.55111512312556E-17,9.48782423626063E-15));
#2165=DIRECTION('center_axis',(-9.48782423626063E-15,1.68566861442498E-17,
-1.));
#2166=DIRECTION('ref_axis',(0.310349840019291,-0.950622415473147,-1.49475510090942E-15));
#2167=DIRECTION('center_axis',(-5.04050263626274E-16,-1.68566861442489E-17,
1.));
#2168=DIRECTION('ref_axis',(-1.,5.55111512312558E-17,-5.04050263626274E-16));
#2169=DIRECTION('',(-5.87887029442925E-17,-1.,-1.6856686144249E-17));
#2170=DIRECTION('center_axis',(5.04050263626274E-16,1.68566861442489E-17,
-1.));
#2171=DIRECTION('ref_axis',(0.310349840019291,-0.950622415473147,-1.49475510090942E-15));
#2172=DIRECTION('center_axis',(8.72855248410851E-32,1.57239622859665E-15,
-1.));
#2173=DIRECTION('ref_axis',(0.587218085544336,0.809428761540906,1.19095971938563E-15));
#2174=DIRECTION('',(-8.72855248410851E-32,-1.57239622859665E-15,1.));
#2175=DIRECTION('center_axis',(1.,-5.55111512312558E-17,0.));
#2176=DIRECTION('ref_axis',(5.55111512312558E-17,1.,-3.28429327576118E-47));
#2177=DIRECTION('',(0.,0.,1.));
#2178=DIRECTION('center_axis',(-1.24329437578305E-14,-2.4865887515661E-15,
-1.));
#2179=DIRECTION('ref_axis',(0.310349840019291,-0.950622415473147,-1.49475510090942E-15));
#2180=DIRECTION('',(1.24329437578305E-14,2.4865887515661E-15,1.));
#2181=DIRECTION('center_axis',(-1.24329437578305E-14,-2.4865887515661E-15,
-1.));
#2182=DIRECTION('ref_axis',(0.310349840019291,-0.950622415473147,-1.49475510090942E-15));
#2183=DIRECTION('',(1.24329437578305E-14,2.4865887515661E-15,1.));
#2184=DIRECTION('center_axis',(-1.,5.55111512312558E-17,0.));
#2185=DIRECTION('ref_axis',(-5.55111512312558E-17,-1.,3.28429327576118E-47));
#2186=DIRECTION('',(0.,0.,1.));
#2187=DIRECTION('center_axis',(0.,0.,1.));
#2188=DIRECTION('ref_axis',(-1.,5.55111512312558E-17,0.));
#2189=DIRECTION('',(0.,0.,-1.));
#2190=DIRECTION('center_axis',(0.,0.,1.));
#2191=DIRECTION('ref_axis',(-1.,5.55111512312558E-17,0.));
#2192=DIRECTION('',(0.,0.,-1.));
#2193=DIRECTION('center_axis',(0.,0.,1.));
#2194=DIRECTION('ref_axis',(-1.,5.55111512312558E-17,0.));
#2195=CARTESIAN_POINT('',(0.,0.,0.));
#2196=CARTESIAN_POINT('Origin',(-0.458127719740487,2.40765442653938,0.632783366813605));
#2197=CARTESIAN_POINT('',(-0.442896350622135,2.36099971938261,0.642340756357633));
#2198=CARTESIAN_POINT('',(-0.467406002033858,2.40765442653938,0.583651773335635));
#2199=CARTESIAN_POINT('Origin',(-0.458127719740487,2.40765442653938,0.632783366813605));
#2200=CARTESIAN_POINT('',(-0.462773098609127,2.3578706896852,0.632783366813605));
#2201=CARTESIAN_POINT('Origin',(-0.458127719740487,2.40765442653938,0.632783366813605));
#2202=CARTESIAN_POINT('Origin',(-0.458127719740488,2.40765442653938,0.632783366813605));
#2203=CARTESIAN_POINT('Ctrl Pts',(-0.442896350622135,2.36099971938261,0.642340756357633));
#2204=CARTESIAN_POINT('Ctrl Pts',(-0.48296136152781,2.36398570364372,0.72076752630971));
#2205=CARTESIAN_POINT('Ctrl Pts',(-0.51697609699271,2.35945396156564,0.803801445704774));
#2206=CARTESIAN_POINT('Ctrl Pts',(-0.546853955402384,2.35154816442375,0.88853663129156));
#2207=CARTESIAN_POINT('Ctrl Pts',(-0.449228970858366,2.35832420118786,0.639372263608249));
#2208=CARTESIAN_POINT('Ctrl Pts',(-0.48726190398108,2.36249450249005,0.718947330410232));
#2209=CARTESIAN_POINT('Ctrl Pts',(-0.519520043151593,2.35858811460679,0.802820517744268));
#2210=CARTESIAN_POINT('Ctrl Pts',(-0.547773395916997,2.35124046635967,0.888191526814274));
#2211=CARTESIAN_POINT('Ctrl Pts',(-0.456078214576785,2.35724598220486,0.636078923553741));
#2212=CARTESIAN_POINT('Ctrl Pts',(-0.491726733334927,2.36149225115545,0.717173882549734));
#2213=CARTESIAN_POINT('Ctrl Pts',(-0.522108957600984,2.35786001697844,0.801835368151373));
#2214=CARTESIAN_POINT('Ctrl Pts',(-0.548702698395021,2.35096297690907,0.887845763444982));
#2215=CARTESIAN_POINT('Ctrl Pts',(-0.462773098609126,2.3578706896852,0.632783366813605));
#2216=CARTESIAN_POINT('Ctrl Pts',(-0.496371772319512,2.36100582133121,0.715402887172985));
#2217=CARTESIAN_POINT('Ctrl Pts',(-0.524731608604405,2.35727293682173,0.800850217617489));
#2218=CARTESIAN_POINT('Ctrl Pts',(-0.549640092168463,2.3507162247929,0.887499999991924));
#2219=CARTESIAN_POINT('',(-0.546853955402409,2.35154816442383,0.888536631295517));
#2220=CARTESIAN_POINT('Ctrl Pts',(-0.442896350622135,2.36099971938261,0.642340756357633));
#2221=CARTESIAN_POINT('Ctrl Pts',(-0.48296136152781,2.36398570364372,0.72076752630971));
#2222=CARTESIAN_POINT('Ctrl Pts',(-0.51697609699271,2.35945396156564,0.803801445704774));
#2223=CARTESIAN_POINT('Ctrl Pts',(-0.546853955402384,2.35154816442375,0.88853663129156));
#2224=CARTESIAN_POINT('',(-0.549640092168463,2.3507162247929,0.887499999995967));
#2225=CARTESIAN_POINT('Origin',(-0.562368112011691,2.39906906866863,0.887499999991925));
#2226=CARTESIAN_POINT('Ctrl Pts',(-0.549640092168463,2.3507162247929,0.887499999991924));
#2227=CARTESIAN_POINT('Ctrl Pts',(-0.524731608604405,2.35727293682173,0.800850217617489));
#2228=CARTESIAN_POINT('Ctrl Pts',(-0.496371772319512,2.36100582133121,0.715402887172985));
#2229=CARTESIAN_POINT('Ctrl Pts',(-0.462773098609126,2.3578706896852,0.632783366813605));
#2230=CARTESIAN_POINT('Origin',(-0.18650737597867,3.01722075570219,0.0500000000000001));
#2231=CARTESIAN_POINT('',(-0.236496628779137,3.01722075570219,0.0489633687005443));
#2232=CARTESIAN_POINT('',(-0.236422812140942,3.02012751209545,0.050000000000001));
#2233=CARTESIAN_POINT('Origin',(-0.18650737597867,3.01722075570219,0.0500000000000001));
#2234=CARTESIAN_POINT('',(-0.18650737597867,3.01722075570217,1.96693055543827E-16));
#2235=CARTESIAN_POINT('Origin',(-0.18650737597867,3.01722075570219,0.0500000000000001));
#2236=CARTESIAN_POINT('Origin',(-0.18650737597867,3.01722075570219,0.0500000000000001));
#2237=CARTESIAN_POINT('Ctrl Pts',(-0.236496628779303,3.01722075569921,0.0489633687085698));
#2238=CARTESIAN_POINT('Ctrl Pts',(-0.238353685026496,2.98461044149974,0.138515800936007));
#2239=CARTESIAN_POINT('Ctrl Pts',(-0.249694411172482,2.92490151087472,0.284927024733336));
#2240=CARTESIAN_POINT('Ctrl Pts',(-0.298431645506892,2.84023309390795,0.441895121978184));
#2241=CARTESIAN_POINT('Ctrl Pts',(-0.355117803515636,2.78308251699113,0.524948836294555));
#2242=CARTESIAN_POINT('Ctrl Pts',(-0.393445121479286,2.7585412044831,0.555026073144244));
#2243=CARTESIAN_POINT('Ctrl Pts',(-0.415442685095941,2.74947456941981,0.566140172822748));
#2244=CARTESIAN_POINT('Ctrl Pts',(-0.236500718185185,3.01777477558941,0.0491605712670191));
#2245=CARTESIAN_POINT('Ctrl Pts',(-0.238373725897064,2.98620169232938,0.139096986679421));
#2246=CARTESIAN_POINT('Ctrl Pts',(-0.24974344744481,2.92837931944863,0.286332153607399));
#2247=CARTESIAN_POINT('Ctrl Pts',(-0.299534474365303,2.84691059991397,0.445140563109837));
#2248=CARTESIAN_POINT('Ctrl Pts',(-0.358252787973182,2.7929730805029,0.528630559646303));
#2249=CARTESIAN_POINT('Ctrl Pts',(-0.397269070584837,2.77062106384833,0.557538711573589));
#2250=CARTESIAN_POINT('Ctrl Pts',(-0.418844202520217,2.76255332126408,0.56785876331624));
#2251=CARTESIAN_POINT('Ctrl Pts',(-0.236489719696963,3.01874431037163,0.0495060522158588));
#2252=CARTESIAN_POINT('Ctrl Pts',(-0.238322352036396,2.98898638084983,0.140116589434475));
#2253=CARTESIAN_POINT('Ctrl Pts',(-0.249427452656092,2.93448948171235,0.288727977769164));
#2254=CARTESIAN_POINT('Ctrl Pts',(-0.298884704740652,2.8586553960652,0.451463755890292));
#2255=CARTESIAN_POINT('Ctrl Pts',(-0.3586787953124,2.81029112721649,0.538964472739687));
#2256=CARTESIAN_POINT('Ctrl Pts',(-0.398613444335004,2.79167351631619,0.569360176240941));
#2257=CARTESIAN_POINT('Ctrl Pts',(-0.420103364987132,2.78526799234795,0.580044004980521));
#2258=CARTESIAN_POINT('Ctrl Pts',(-0.236446962961769,3.01971278908742,0.049851815671182));
#2259=CARTESIAN_POINT('Ctrl Pts',(-0.238119828943878,2.99176406453091,0.141138089350016));
#2260=CARTESIAN_POINT('Ctrl Pts',(-0.248268438716825,2.94057597970329,0.29115825601231));
#2261=CARTESIAN_POINT('Ctrl Pts',(-0.293660864967566,2.86877283073721,0.458464801732175));
#2262=CARTESIAN_POINT('Ctrl Pts',(-0.35021339390518,2.82173304354732,0.552877469468402));
#2263=CARTESIAN_POINT('Ctrl Pts',(-0.390100598630754,2.8025242809164,0.588526801318315));
#2264=CARTESIAN_POINT('Ctrl Pts',(-0.412617540511729,2.79563288075452,0.601557744188202));
#2265=CARTESIAN_POINT('Ctrl Pts',(-0.236422812141087,3.02012751209297,0.050000000008207));
#2266=CARTESIAN_POINT('Ctrl Pts',(-0.238005325931571,2.99295225026008,0.14157587501073));
#2267=CARTESIAN_POINT('Ctrl Pts',(-0.247614859694308,2.94319480807256,0.292201673526233));
#2268=CARTESIAN_POINT('Ctrl Pts',(-0.290679456091486,2.87263779393358,0.461470240259276));
#2269=CARTESIAN_POINT('Ctrl Pts',(-0.345379334676702,2.82501231316957,0.558841724239389));
#2270=CARTESIAN_POINT('Ctrl Pts',(-0.385269439217242,2.80456121941288,0.596736116699073));
#2271=CARTESIAN_POINT('Ctrl Pts',(-0.408412532947499,2.79700569019347,0.610767560639108));
#2272=CARTESIAN_POINT('',(-0.415442685095941,2.74947456941981,0.566140172822748));
#2273=CARTESIAN_POINT('',(-0.408412532947499,2.79700569019347,0.610767560639108));
#2274=CARTESIAN_POINT('Origin',(-0.392895040946534,2.74947456941981,0.610767560639108));
#2275=CARTESIAN_POINT('Ctrl Pts',(-0.408412532947499,2.79700569019347,0.610767560639108));
#2276=CARTESIAN_POINT('Ctrl Pts',(-0.385269439217242,2.80456121941288,0.596736116699073));
#2277=CARTESIAN_POINT('Ctrl Pts',(-0.345379334676702,2.82501231316957,0.558841724239389));
#2278=CARTESIAN_POINT('Ctrl Pts',(-0.290679456091486,2.87263779393358,0.461470240259276));
#2279=CARTESIAN_POINT('Ctrl Pts',(-0.247614859694308,2.94319480807256,0.292201673526233));
#2280=CARTESIAN_POINT('Ctrl Pts',(-0.238005325931571,2.99295225026008,0.14157587501073));
#2281=CARTESIAN_POINT('Ctrl Pts',(-0.236422812141087,3.02012751209297,0.050000000008207));
#2282=CARTESIAN_POINT('Ctrl Pts',(-0.236496628779303,3.01722075569921,0.0489633687085698));
#2283=CARTESIAN_POINT('Ctrl Pts',(-0.238353685026496,2.98461044149974,0.138515800936007));
#2284=CARTESIAN_POINT('Ctrl Pts',(-0.249694411172482,2.92490151087472,0.284927024733336));
#2285=CARTESIAN_POINT('Ctrl Pts',(-0.298431645506892,2.84023309390795,0.441895121978184));
#2286=CARTESIAN_POINT('Ctrl Pts',(-0.355117803515636,2.78308251699113,0.524948836294555));
#2287=CARTESIAN_POINT('Ctrl Pts',(-0.393445121479286,2.7585412044831,0.555026073144244));
#2288=CARTESIAN_POINT('Ctrl Pts',(-0.415442685095941,2.74947456941981,0.566140172822748));
#2289=CARTESIAN_POINT('Ctrl Pts',(-0.415442685095942,2.74947456941981,0.566140172822749));
#2290=CARTESIAN_POINT('Ctrl Pts',(-0.444194675460397,2.73762399321416,0.580666894619521));
#2291=CARTESIAN_POINT('Ctrl Pts',(-0.476277650383255,2.72440431816738,0.58750000000003));
#2292=CARTESIAN_POINT('Ctrl Pts',(-0.509955742118397,2.71125774506358,0.58750000000003));
#2293=CARTESIAN_POINT('Ctrl Pts',(-0.418844202520218,2.76255332126408,0.567858763316241));
#2294=CARTESIAN_POINT('Ctrl Pts',(-0.448260230229492,2.75105405875915,0.581980736048015));
#2295=CARTESIAN_POINT('Ctrl Pts',(-0.480818000953938,2.73824719973425,0.588130699653469));
#2296=CARTESIAN_POINT('Ctrl Pts',(-0.514598564868146,2.72547902314352,0.58750000000003));
#2297=CARTESIAN_POINT('Ctrl Pts',(-0.42010330145829,2.78526790400989,0.580044073638869));
#2298=CARTESIAN_POINT('Ctrl Pts',(-0.451919932919817,2.77433721682416,0.594951301927214));
#2299=CARTESIAN_POINT('Ctrl Pts',(-0.48697469333851,2.76225859112233,0.601035480822835));
#2300=CARTESIAN_POINT('Ctrl Pts',(-0.522634214393835,2.75009275763596,0.600062960747323));
#2301=CARTESIAN_POINT('Ctrl Pts',(-0.41261754051173,2.79563288075452,0.601557744188202));
#2302=CARTESIAN_POINT('Ctrl Pts',(-0.447622649336242,2.7842091395414,0.618870732044354));
#2303=CARTESIAN_POINT('Ctrl Pts',(-0.486536537203872,2.77149498677404,0.62656969969889));
#2304=CARTESIAN_POINT('Ctrl Pts',(-0.525473234119362,2.75878886583724,0.62628002623721));
#2305=CARTESIAN_POINT('Ctrl Pts',(-0.4084125329475,2.79700569019347,0.610767560639108));
#2306=CARTESIAN_POINT('Ctrl Pts',(-0.444711644223557,2.78515511398781,0.629107407178193));
#2307=CARTESIAN_POINT('Ctrl Pts',(-0.485204397253353,2.77193543894104,0.63750000000003));
#2308=CARTESIAN_POINT('Ctrl Pts',(-0.525473234119362,2.75878886583724,0.63750000000003));
#2309=CARTESIAN_POINT('',(-0.509955742118397,2.71125774506358,0.58750000000003));
#2310=CARTESIAN_POINT('',(-0.525473234119362,2.75878886583724,0.63750000000003));
#2311=CARTESIAN_POINT('Origin',(-0.509955742118397,2.71125774506358,0.63750000000003));
#2312=CARTESIAN_POINT('Ctrl Pts',(-0.525473234119362,2.75878886583724,0.63750000000003));
#2313=CARTESIAN_POINT('Ctrl Pts',(-0.485204397253353,2.77193543894104,0.63750000000003));
#2314=CARTESIAN_POINT('Ctrl Pts',(-0.444711644223557,2.78515511398781,0.629107407178193));
#2315=CARTESIAN_POINT('Ctrl Pts',(-0.4084125329475,2.79700569019347,0.610767560639108));
#2316=CARTESIAN_POINT('Ctrl Pts',(-0.415442685095942,2.74947456941981,0.566140172822749));
#2317=CARTESIAN_POINT('Ctrl Pts',(-0.444194675460397,2.73762399321416,0.580666894619521));
#2318=CARTESIAN_POINT('Ctrl Pts',(-0.476277650383255,2.72440431816738,0.58750000000003));
#2319=CARTESIAN_POINT('Ctrl Pts',(-0.509955742118397,2.71125774506358,0.58750000000003));
#2320=CARTESIAN_POINT('Origin',(-0.753082921957883,2.6318839788454,0.63750000000003));
#2321=CARTESIAN_POINT('',(-1.02150793343185,2.54425122580679,0.58750000000003));
#2322=CARTESIAN_POINT('',(-1.03702542543282,2.59178234658045,0.63750000000003));
#2323=CARTESIAN_POINT('Origin',(-1.02150793343185,2.54425122580679,0.63750000000003));
#2324=CARTESIAN_POINT('',(-0.768600413958848,2.67941509961906,0.63750000000003));
#2325=CARTESIAN_POINT('',(-0.753082921957883,2.6318839788454,0.58750000000003));
#2326=CARTESIAN_POINT('Origin',(-0.978058955829153,2.41116408764055,0.637500000000037));
#2327=CARTESIAN_POINT('',(-0.934609978226452,2.27807694947431,0.58750000000003));
#2328=CARTESIAN_POINT('',(-0.919092486225487,2.23054582870065,0.637500000000037));
#2329=CARTESIAN_POINT('Origin',(-0.934609978226452,2.27807694947431,0.637500000000037));
#2330=CARTESIAN_POINT('Origin',(-0.978058955829153,2.41116408764055,0.637500000000037));
#2331=CARTESIAN_POINT('Origin',(-0.978058955829153,2.41116408764055,0.58750000000003));
#2332=CARTESIAN_POINT('Origin',(0.28443744872066,2.67605954253221,0.637500000000031));
#2333=CARTESIAN_POINT('',(-0.579104944958109,2.39413873005621,0.58750000000003));
#2334=CARTESIAN_POINT('',(-0.563587452957144,2.34660760928256,0.63750000000003));
#2335=CARTESIAN_POINT('Origin',(-0.579104944958109,2.39413873005621,0.63750000000003));
#2336=CARTESIAN_POINT('',(0.299954940721625,2.62852842175855,0.63750000000003));
#2337=CARTESIAN_POINT('',(0.28443744872066,2.67605954253221,0.58750000000003));
#2338=CARTESIAN_POINT('Origin',(-0.485999992952322,2.10895200541427,0.637500000000029));
#2339=CARTESIAN_POINT('',(-0.509955742118397,2.40799401263381,0.58750000000003));
#2340=CARTESIAN_POINT('',(-0.505963117257385,2.35815367809722,0.637500000000029));
#2341=CARTESIAN_POINT('Origin',(-0.509955742118397,2.40799401263381,0.637500000000029));
#2342=CARTESIAN_POINT('Origin',(-0.485999992952322,2.10895200541427,0.637500000000029));
#2343=CARTESIAN_POINT('Origin',(-0.485999992952322,2.10895200541427,0.58750000000003));
#2344=CARTESIAN_POINT('Ctrl Pts',(-0.509955742118397,2.40799401263381,0.58750000000003));
#2345=CARTESIAN_POINT('Ctrl Pts',(-0.495562782410538,2.40937264756275,0.58750000000003));
#2346=CARTESIAN_POINT('Ctrl Pts',(-0.481166518445429,2.40924554128694,0.586250385485806));
#2347=CARTESIAN_POINT('Ctrl Pts',(-0.467406002033858,2.40765442653938,0.583651773335635));
#2348=CARTESIAN_POINT('Ctrl Pts',(-0.508761151553454,2.39308181941166,0.58750000000003));
#2349=CARTESIAN_POINT('Ctrl Pts',(-0.495235601918567,2.39434777825999,0.587430647486957));
#2350=CARTESIAN_POINT('Ctrl Pts',(-0.481717489555102,2.39427569420359,0.586255499923209));
#2351=CARTESIAN_POINT('Ctrl Pts',(-0.468733502611021,2.39292047015036,0.583902465898762));
#2352=CARTESIAN_POINT('Ctrl Pts',(-0.506693544319156,2.3672716719936,0.600062459893248));
#2353=CARTESIAN_POINT('Ctrl Pts',(-0.493923961043521,2.36834957849306,0.59995552038427));
#2354=CARTESIAN_POINT('Ctrl Pts',(-0.481184803003963,2.36837582618779,0.598776669891532));
#2355=CARTESIAN_POINT('Ctrl Pts',(-0.468755001805791,2.3674066603804,0.596395344034324));
#2356=CARTESIAN_POINT('Ctrl Pts',(-0.505963117257384,2.35815367809722,0.626280026237209));
#2357=CARTESIAN_POINT('Ctrl Pts',(-0.492250783658021,2.35925156811361,0.626248173385493));
#2358=CARTESIAN_POINT('Ctrl Pts',(-0.478342609211385,2.35920409999677,0.624847228670774));
#2359=CARTESIAN_POINT('Ctrl Pts',(-0.464814816380919,2.35806120476486,0.621877655410083));
#2360=CARTESIAN_POINT('Ctrl Pts',(-0.505963117257384,2.35815367809722,0.63750000000003));
#2361=CARTESIAN_POINT('Ctrl Pts',(-0.491621752772009,2.359302540538,0.63750000000003));
#2362=CARTESIAN_POINT('Ctrl Pts',(-0.476982854177906,2.3591966186415,0.6360035055672));
#2363=CARTESIAN_POINT('Ctrl Pts',(-0.462773098609127,2.3578706896852,0.632783366813605));
#2364=CARTESIAN_POINT('Ctrl Pts',(-0.462773098609127,2.3578706896852,0.632783366813605));
#2365=CARTESIAN_POINT('Ctrl Pts',(-0.476982854177906,2.3591966186415,0.6360035055672));
#2366=CARTESIAN_POINT('Ctrl Pts',(-0.491621752772009,2.359302540538,0.63750000000003));
#2367=CARTESIAN_POINT('Ctrl Pts',(-0.505963117257384,2.35815367809722,0.63750000000003));
#2368=CARTESIAN_POINT('Ctrl Pts',(-0.509955742118397,2.40799401263381,0.58750000000003));
#2369=CARTESIAN_POINT('Ctrl Pts',(-0.495562782410538,2.40937264756275,0.58750000000003));
#2370=CARTESIAN_POINT('Ctrl Pts',(-0.481166518445429,2.40924554128694,0.586250385485806));
#2371=CARTESIAN_POINT('Ctrl Pts',(-0.467406002033858,2.40765442653938,0.583651773335635));
#2372=CARTESIAN_POINT('Origin',(-0.210696931406956,2.22815026170919,0.304716633186428));
#2373=CARTESIAN_POINT('',(-0.207817417981554,2.21933011858402,0.353848226664399));
#2374=CARTESIAN_POINT('',(-0.25658077499785,2.20828388566003,0.304716633186428));
#2375=CARTESIAN_POINT('Origin',(-0.210696931406956,2.22815026170919,0.304716633186428));
#2376=CARTESIAN_POINT('',(-0.259774994786675,2.22815026170919,0.2951592436424));
#2377=CARTESIAN_POINT('Origin',(-0.210696931406956,2.22815026170919,0.304716633186428));
#2378=CARTESIAN_POINT('Origin',(-0.210696931406956,2.22815026170919,0.304716633186428));
#2379=CARTESIAN_POINT('Ctrl Pts',(-0.467406002033858,2.40765442653938,0.583651773335635));
#2380=CARTESIAN_POINT('Ctrl Pts',(-0.447819945736352,2.4146391212192,0.579953033960866));
#2381=CARTESIAN_POINT('Ctrl Pts',(-0.391089407369753,2.43315400383728,0.561130944548981));
#2382=CARTESIAN_POINT('Ctrl Pts',(-0.315479611275426,2.43824725672666,0.481313901707441));
#2383=CARTESIAN_POINT('Ctrl Pts',(-0.277706775578334,2.38466232297357,0.374105458072345));
#2384=CARTESIAN_POINT('Ctrl Pts',(-0.263652349616587,2.30259894139383,0.315079803264327));
#2385=CARTESIAN_POINT('Ctrl Pts',(-0.260622110916082,2.25338561647713,0.299509261908112));
#2386=CARTESIAN_POINT('Ctrl Pts',(-0.259774994786675,2.22815026170919,0.2951592436424));
#2387=CARTESIAN_POINT('Ctrl Pts',(-0.465091620121931,2.39932555760002,0.583214712634089));
#2388=CARTESIAN_POINT('Ctrl Pts',(-0.445706083558653,2.40611319896488,0.579324479564482));
#2389=CARTESIAN_POINT('Ctrl Pts',(-0.390034562033387,2.42391101740687,0.559981811183785));
#2390=CARTESIAN_POINT('Ctrl Pts',(-0.316839078245845,2.42825211986568,0.482398113027122));
#2391=CARTESIAN_POINT('Ctrl Pts',(-0.279484871440921,2.37649903346688,0.379714705891573));
#2392=CARTESIAN_POINT('Ctrl Pts',(-0.265431577211682,2.29824632880888,0.323136080790945));
#2393=CARTESIAN_POINT('Ctrl Pts',(-0.262288147812453,2.2509771045707,0.30784974903545));
#2394=CARTESIAN_POINT('Ctrl Pts',(-0.261401864905036,2.22657567640809,0.303513369464276));
#2395=CARTESIAN_POINT('Ctrl Pts',(-0.459620431626871,2.38270749342677,0.586861969639098));
#2396=CARTESIAN_POINT('Ctrl Pts',(-0.440171655952853,2.38910344321942,0.582664988507704));
#2397=CARTESIAN_POINT('Ctrl Pts',(-0.384853743495423,2.40547654960203,0.562343011184989));
#2398=CARTESIAN_POINT('Ctrl Pts',(-0.314164796503812,2.40832528559309,0.487409370073665));
#2399=CARTESIAN_POINT('Ctrl Pts',(-0.277552384598127,2.36021945661405,0.392503932517886));
#2400=CARTESIAN_POINT('Ctrl Pts',(-0.26395542452168,2.28956364538614,0.340287895878842));
#2401=CARTESIAN_POINT('Ctrl Pts',(-0.260944583925455,2.24617103321844,0.325420602522196));
#2402=CARTESIAN_POINT('Ctrl Pts',(-0.260133483086032,2.22343400618007,0.321060949349123));
#2403=CARTESIAN_POINT('Ctrl Pts',(-0.449557839138856,2.36119452909065,0.607362830377047));
#2404=CARTESIAN_POINT('Ctrl Pts',(-0.428503838844723,2.36733436905369,0.602973409087111));
#2405=CARTESIAN_POINT('Ctrl Pts',(-0.367824050526325,2.3828206408225,0.581479351978938));
#2406=CARTESIAN_POINT('Ctrl Pts',(-0.292307879681196,2.38499183893699,0.503333147211683));
#2407=CARTESIAN_POINT('Ctrl Pts',(-0.256149165822563,2.34074829343693,0.413227562553192));
#2408=CARTESIAN_POINT('Ctrl Pts',(-0.244587049526462,2.27864535772439,0.36539668559099));
#2409=CARTESIAN_POINT('Ctrl Pts',(-0.24293504734464,2.24000091613068,0.351152731343413));
#2410=CARTESIAN_POINT('Ctrl Pts',(-0.24272939422032,2.21936694765469,0.346846709349736));
#2411=CARTESIAN_POINT('Ctrl Pts',(-0.44438425642413,2.35794690213581,0.629809567624819));
#2412=CARTESIAN_POINT('Ctrl Pts',(-0.421299279093338,2.36452413251031,0.625479147179328));
#2413=CARTESIAN_POINT('Ctrl Pts',(-0.35312139040525,2.38167178895009,0.603320214268405));
#2414=CARTESIAN_POINT('Ctrl Pts',(-0.267855433539647,2.38599556687693,0.516258572617759));
#2415=CARTESIAN_POINT('Ctrl Pts',(-0.230897067202897,2.34073673024602,0.420253643903585));
#2416=CARTESIAN_POINT('Ctrl Pts',(-0.220743941171235,2.27760277943117,0.372070935792052));
#2417=CARTESIAN_POINT('Ctrl Pts',(-0.220396898366767,2.23914926123669,0.358493792046625));
#2418=CARTESIAN_POINT('Ctrl Pts',(-0.220771234329665,2.21875297885488,0.354503817716717));
#2419=CARTESIAN_POINT('Ctrl Pts',(-0.442896350622135,2.36099971938261,0.642340756357633));
#2420=CARTESIAN_POINT('Ctrl Pts',(-0.418639830061432,2.36802747298047,0.63798996245962));
#2421=CARTESIAN_POINT('Ctrl Pts',(-0.346129796916333,2.38683157064932,0.615191879316504));
#2422=CARTESIAN_POINT('Ctrl Pts',(-0.255088486877723,2.39303881313952,0.521827730604181));
#2423=CARTESIAN_POINT('Ctrl Pts',(-0.21728110409768,2.34599400161034,0.420132755915149));
#2424=CARTESIAN_POINT('Ctrl Pts',(-0.207195742949694,2.27968402208474,0.370624279851833));
#2425=CARTESIAN_POINT('Ctrl Pts',(-0.20725624015333,2.24011305589502,0.357546306651066));
#2426=CARTESIAN_POINT('Ctrl Pts',(-0.207817417981554,2.21933011858402,0.353848226664399));
#2427=CARTESIAN_POINT('Ctrl Pts',(-0.207817417981554,2.21933011858402,0.353848226664399));
#2428=CARTESIAN_POINT('Ctrl Pts',(-0.20725624015333,2.24011305589502,0.357546306651066));
#2429=CARTESIAN_POINT('Ctrl Pts',(-0.207195742949694,2.27968402208474,0.370624279851833));
#2430=CARTESIAN_POINT('Ctrl Pts',(-0.21728110409768,2.34599400161034,0.420132755915149));
#2431=CARTESIAN_POINT('Ctrl Pts',(-0.255088486877723,2.39303881313952,0.521827730604181));
#2432=CARTESIAN_POINT('Ctrl Pts',(-0.346129796916333,2.38683157064932,0.615191879316504));
#2433=CARTESIAN_POINT('Ctrl Pts',(-0.418639830061432,2.36802747298047,0.63798996245962));
#2434=CARTESIAN_POINT('Ctrl Pts',(-0.442896350622135,2.36099971938261,0.642340756357633));
#2435=CARTESIAN_POINT('Ctrl Pts',(-0.467406002033858,2.40765442653938,0.583651773335635));
#2436=CARTESIAN_POINT('Ctrl Pts',(-0.447819945736352,2.4146391212192,0.579953033960866));
#2437=CARTESIAN_POINT('Ctrl Pts',(-0.391089407369753,2.43315400383728,0.561130944548981));
#2438=CARTESIAN_POINT('Ctrl Pts',(-0.315479611275426,2.43824725672666,0.481313901707441));
#2439=CARTESIAN_POINT('Ctrl Pts',(-0.277706775578334,2.38466232297357,0.374105458072345));
#2440=CARTESIAN_POINT('Ctrl Pts',(-0.263652349616587,2.30259894139383,0.315079803264327));
#2441=CARTESIAN_POINT('Ctrl Pts',(-0.260622110916082,2.25338561647713,0.299509261908112));
#2442=CARTESIAN_POINT('Ctrl Pts',(-0.259774994786675,2.22815026170919,0.2951592436424));
#2443=CARTESIAN_POINT('Ctrl Pts',(-0.259774994786675,2.22815026170919,0.2951592436424));
#2444=CARTESIAN_POINT('Ctrl Pts',(-0.244502281490441,2.19099026400277,0.216732473688131));
#2445=CARTESIAN_POINT('Ctrl Pts',(-0.238253789381238,2.15724866858363,0.133698554290637));
#2446=CARTESIAN_POINT('Ctrl Pts',(-0.236496628779154,2.12639254377419,0.0489633687013755));
#2447=CARTESIAN_POINT('Ctrl Pts',(-0.260353074678397,2.22129998432023,0.298127736391785));
#2448=CARTESIAN_POINT('Ctrl Pts',(-0.244585178070716,2.18643927790858,0.218552669587577));
#2449=CARTESIAN_POINT('Ctrl Pts',(-0.238287369625253,2.15456162087619,0.134679482251105));
#2450=CARTESIAN_POINT('Ctrl Pts',(-0.236503785239446,2.12542300896649,0.0493084731786078));
#2451=CARTESIAN_POINT('Ctrl Pts',(-0.259252392120155,2.21445431462359,0.301421076446293));
#2452=CARTESIAN_POINT('Ctrl Pts',(-0.244152281579661,2.18188386250227,0.220326117448032));
#2453=CARTESIAN_POINT('Ctrl Pts',(-0.238176046366245,2.15187457578649,0.135664631843959));
#2454=CARTESIAN_POINT('Ctrl Pts',(-0.236479164055867,2.12445347439367,0.0496542365478461));
#2455=CARTESIAN_POINT('Ctrl Pts',(-0.25658077499785,2.20828388566003,0.304716633186428));
#2456=CARTESIAN_POINT('Ctrl Pts',(-0.243173105568434,2.17731722090469,0.222097112824738));
#2457=CARTESIAN_POINT('Ctrl Pts',(-0.237920198603592,2.14919922472207,0.136649782377803));
#2458=CARTESIAN_POINT('Ctrl Pts',(-0.23642281214096,2.12348578738087,0.0500000000008501));
#2459=CARTESIAN_POINT('',(-0.236496628779145,2.12639254377419,0.0489633687009599));
#2460=CARTESIAN_POINT('Ctrl Pts',(-0.259774994786675,2.22815026170919,0.2951592436424));
#2461=CARTESIAN_POINT('Ctrl Pts',(-0.244502281490441,2.19099026400277,0.216732473688131));
#2462=CARTESIAN_POINT('Ctrl Pts',(-0.238253789381238,2.15724866858363,0.133698554290637));
#2463=CARTESIAN_POINT('Ctrl Pts',(-0.236496628779154,2.12639254377419,0.0489633687013755));
#2464=CARTESIAN_POINT('',(-0.23642281214096,2.12348578738087,0.0500000000004249));
#2465=CARTESIAN_POINT('Origin',(-0.186507375978687,2.12639254377419,0.0500000000008501));
#2466=CARTESIAN_POINT('Ctrl Pts',(-0.23642281214096,2.12348578738087,0.0500000000008501));
#2467=CARTESIAN_POINT('Ctrl Pts',(-0.237920198603592,2.14919922472207,0.136649782377803));
#2468=CARTESIAN_POINT('Ctrl Pts',(-0.243173105568434,2.17731722090469,0.222097112824738));
#2469=CARTESIAN_POINT('Ctrl Pts',(-0.25658077499785,2.20828388566003,0.304716633186428));
#2470=CARTESIAN_POINT('Origin',(0.284473154580375,2.6755374617245,0.887500000000006));
#2471=CARTESIAN_POINT('',(0.299987311189684,2.62801655747962,0.888536631299463));
#2472=CARTESIAN_POINT('',(0.302727629991593,2.62898884061215,0.88750000000001));
#2473=CARTESIAN_POINT('Origin',(0.284473154580375,2.6755374617245,0.887500000000006));
#2474=CARTESIAN_POINT('',(0.284473154580387,2.6755374617245,0.937500000000006));
#2475=CARTESIAN_POINT('Origin',(0.284473154580375,2.6755374617245,0.887500000000006));
#2476=CARTESIAN_POINT('Origin',(0.284473154580375,2.6755374617245,0.887500000000006));
#2477=CARTESIAN_POINT('Ctrl Pts',(0.299987311186912,2.62801655747854,0.8885366312913));
#2478=CARTESIAN_POINT('Ctrl Pts',(0.269563552642472,2.61613059238836,0.798984199063897));
#2479=CARTESIAN_POINT('Ctrl Pts',(0.216322365168523,2.58681952305796,0.652572327382065));
#2480=CARTESIAN_POINT('Ctrl Pts',(0.150960308822795,2.51421166196699,0.495604651239556));
#2481=CARTESIAN_POINT('Ctrl Pts',(0.11422425858278,2.44258786531238,0.412550967728967));
#2482=CARTESIAN_POINT('Ctrl Pts',(0.102789670977098,2.39853664490704,0.38247392685578));
#2483=CARTESIAN_POINT('Ctrl Pts',(0.100997664802259,2.37481143910585,0.371359827177279));
#2484=CARTESIAN_POINT('Ctrl Pts',(0.300515244059617,2.62818460998193,0.88833942873285));
#2485=CARTESIAN_POINT('Ctrl Pts',(0.271082451030743,2.61660538552798,0.798403013320488));
#2486=CARTESIAN_POINT('Ctrl Pts',(0.219643424980444,2.58785253374427,0.651166918161937));
#2487=CARTESIAN_POINT('Ctrl Pts',(0.157650209095028,2.51523581025887,0.492358981505398));
#2488=CARTESIAN_POINT('Ctrl Pts',(0.124599264967487,2.44267733286751,0.408869038305208));
#2489=CARTESIAN_POINT('Ctrl Pts',(0.115459818058591,2.39865049559313,0.379961288426435));
#2490=CARTESIAN_POINT('Ctrl Pts',(0.114486279860282,2.37563686893823,0.369641236683787));
#2491=CARTESIAN_POINT('Ctrl Pts',(0.301433492177114,2.62849596035594,0.887993947784008));
#2492=CARTESIAN_POINT('Ctrl Pts',(0.273713694488958,2.61751845030835,0.797383410565441));
#2493=CARTESIAN_POINT('Ctrl Pts',(0.225354131125811,2.59004904321976,0.648771743703105));
#2494=CARTESIAN_POINT('Ctrl Pts',(0.168613620787252,2.5194984188319,0.486036185778907));
#2495=CARTESIAN_POINT('Ctrl Pts',(0.141194603076656,2.44764696164356,0.398535523641685));
#2496=CARTESIAN_POINT('Ctrl Pts',(0.135889974405191,2.40390612999629,0.368139821740678));
#2497=CARTESIAN_POINT('Ctrl Pts',(0.136470133174546,2.38148937637886,0.357455993001101));
#2498=CARTESIAN_POINT('Ctrl Pts',(0.302340880207333,2.62883717308132,0.887648184328684));
#2499=CARTESIAN_POINT('Ctrl Pts',(0.276291369849934,2.61857302698578,0.796361910649908));
#2500=CARTESIAN_POINT('Ctrl Pts',(0.230780234281635,2.59303960917562,0.646341436864406));
#2501=CARTESIAN_POINT('Ctrl Pts',(0.176610153536764,2.52760419178818,0.479035105763439));
#2502=CARTESIAN_POINT('Ctrl Pts',(0.149444198226133,2.4592452657148,0.384622469977491));
#2503=CARTESIAN_POINT('Ctrl Pts',(0.14356299720508,2.41536616403055,0.348973198681709));
#2504=CARTESIAN_POINT('Ctrl Pts',(0.144000007047678,2.39182230941284,0.335942255811826));
#2505=CARTESIAN_POINT('Ctrl Pts',(0.302727629989283,2.62898884061124,0.887499999991659));
#2506=CARTESIAN_POINT('Ctrl Pts',(0.277385349846279,2.61905062936688,0.795924124989197));
#2507=CARTESIAN_POINT('Ctrl Pts',(0.233067035606744,2.59447360043083,0.645297966673712));
#2508=CARTESIAN_POINT('Ctrl Pts',(0.179359066909091,2.53163785772052,0.476029624916078));
#2509=CARTESIAN_POINT('Ctrl Pts',(0.151061356393742,2.46485832396667,0.37865816360377));
#2510=CARTESIAN_POINT('Ctrl Pts',(0.144000007047678,2.42059093599827,0.34076388330095));
#2511=CARTESIAN_POINT('Ctrl Pts',(0.144000007047678,2.39624573505039,0.32673243936092));
#2512=CARTESIAN_POINT('',(0.100997664802259,2.37481143910585,0.371359827177279));
#2513=CARTESIAN_POINT('',(0.144000007047678,2.39624573505039,0.32673243936092));
#2514=CARTESIAN_POINT('Origin',(0.0940000070476783,2.39624573505039,0.32673243936092));
#2515=CARTESIAN_POINT('Ctrl Pts',(0.144000007047678,2.39624573505039,0.32673243936092));
#2516=CARTESIAN_POINT('Ctrl Pts',(0.144000007047678,2.42059093599827,0.34076388330095));
#2517=CARTESIAN_POINT('Ctrl Pts',(0.151061356393742,2.46485832396667,0.37865816360377));
#2518=CARTESIAN_POINT('Ctrl Pts',(0.179359066909091,2.53163785772052,0.476029624916078));
#2519=CARTESIAN_POINT('Ctrl Pts',(0.233067035606744,2.59447360043083,0.645297966673712));
#2520=CARTESIAN_POINT('Ctrl Pts',(0.277385349846279,2.61905062936688,0.795924124989197));
#2521=CARTESIAN_POINT('Ctrl Pts',(0.302727629989283,2.62898884061124,0.887499999991659));
#2522=CARTESIAN_POINT('Ctrl Pts',(0.299987311186912,2.62801655747854,0.8885366312913));
#2523=CARTESIAN_POINT('Ctrl Pts',(0.269563552642472,2.61613059238836,0.798984199063897));
#2524=CARTESIAN_POINT('Ctrl Pts',(0.216322365168523,2.58681952305796,0.652572327382065));
#2525=CARTESIAN_POINT('Ctrl Pts',(0.150960308822795,2.51421166196699,0.495604651239556));
#2526=CARTESIAN_POINT('Ctrl Pts',(0.11422425858278,2.44258786531238,0.412550967728967));
#2527=CARTESIAN_POINT('Ctrl Pts',(0.102789670977098,2.39853664490704,0.38247392685578));
#2528=CARTESIAN_POINT('Ctrl Pts',(0.100997664802259,2.37481143910585,0.371359827177279));
#2529=CARTESIAN_POINT('Ctrl Pts',(0.100997664802259,2.37481143910585,0.371359827177278));
#2530=CARTESIAN_POINT('Ctrl Pts',(0.098655417034737,2.34380132814637,0.356833105380509));
#2531=CARTESIAN_POINT('Ctrl Pts',(0.0960454437446515,2.30919980899377,0.350000000000001));
#2532=CARTESIAN_POINT('Ctrl Pts',(0.0940000070476792,2.27310462322042,0.350000000000001));
#2533=CARTESIAN_POINT('Ctrl Pts',(0.114486279860282,2.37563686893823,0.369641236683787));
#2534=CARTESIAN_POINT('Ctrl Pts',(0.112684082655262,2.34410453934488,0.355519263952014));
#2535=CARTESIAN_POINT('Ctrl Pts',(0.110613894330106,2.30917978604686,0.349369300346562));
#2536=CARTESIAN_POINT('Ctrl Pts',(0.108959972064773,2.27310462322042,0.35));
#2537=CARTESIAN_POINT('Ctrl Pts',(0.136471357510638,2.38148898701539,0.357456803677347));
#2538=CARTESIAN_POINT('Ctrl Pts',(0.135954687739397,2.34785104694382,0.342549575389004));
#2539=CARTESIAN_POINT('Ctrl Pts',(0.135352194800257,2.31077902773684,0.336466023598454));
#2540=CARTESIAN_POINT('Ctrl Pts',(0.134854007439882,2.27310462322043,0.337438543673966));
#2541=CARTESIAN_POINT('Ctrl Pts',(0.144000007047678,2.39182230941284,0.335942255811825));
#2542=CARTESIAN_POINT('Ctrl Pts',(0.144004172505466,2.35500031205027,0.318629267955675));
#2543=CARTESIAN_POINT('Ctrl Pts',(0.143994732765314,2.31406206269277,0.310930300301141));
#2544=CARTESIAN_POINT('Ctrl Pts',(0.144000007047678,2.27310462322043,0.311219973762821));
#2545=CARTESIAN_POINT('Ctrl Pts',(0.144000007047678,2.39624573505039,0.326732439360919));
#2546=CARTESIAN_POINT('Ctrl Pts',(0.144000007047678,2.35806116178005,0.308392592821836));
#2547=CARTESIAN_POINT('Ctrl Pts',(0.144000007047678,2.31546511904984,0.300000000000001));
#2548=CARTESIAN_POINT('Ctrl Pts',(0.144000007047678,2.27310462322043,0.300000000000001));
#2549=CARTESIAN_POINT('',(0.0940000070476794,2.27310462322042,0.350000000000001));
#2550=CARTESIAN_POINT('',(0.144000007047678,2.27310462322043,0.300000000000001));
#2551=CARTESIAN_POINT('Origin',(0.0940000070476784,2.27310462322043,0.300000000000001));
#2552=CARTESIAN_POINT('Ctrl Pts',(0.144000007047678,2.27310462322043,0.300000000000001));
#2553=CARTESIAN_POINT('Ctrl Pts',(0.144000007047678,2.31546511904984,0.300000000000001));
#2554=CARTESIAN_POINT('Ctrl Pts',(0.144000007047678,2.35806116178005,0.308392592821836));
#2555=CARTESIAN_POINT('Ctrl Pts',(0.144000007047678,2.39624573505039,0.326732439360919));
#2556=CARTESIAN_POINT('Ctrl Pts',(0.100997664802259,2.37481143910585,0.371359827177278));
#2557=CARTESIAN_POINT('Ctrl Pts',(0.098655417034737,2.34380132814637,0.356833105380509));
#2558=CARTESIAN_POINT('Ctrl Pts',(0.0960454437446515,2.30919980899377,0.350000000000001));
#2559=CARTESIAN_POINT('Ctrl Pts',(0.0940000070476792,2.27310462322042,0.350000000000001));
#2560=CARTESIAN_POINT('Origin',(0.0940000070476783,1.37103914635874,0.300000000000001));
#2561=CARTESIAN_POINT('',(0.094000007047679,1.5,0.350000000000001));
#2562=CARTESIAN_POINT('',(0.144000007047678,1.5,0.300000000000001));
#2563=CARTESIAN_POINT('Origin',(0.0940000070476784,1.5,0.300000000000001));
#2564=CARTESIAN_POINT('',(0.144000007047678,1.37103914635874,0.300000000000001));
#2565=CARTESIAN_POINT('',(0.094000007047679,1.37103914635874,0.350000000000001));
#2566=CARTESIAN_POINT('Origin',(-0.0459999929523217,1.5,0.3));
#2567=CARTESIAN_POINT('',(-0.185999992952321,1.5,0.350000000000004));
#2568=CARTESIAN_POINT('',(-0.235999992952322,1.5,0.300000000000002));
#2569=CARTESIAN_POINT('Origin',(-0.185999992952322,1.5,0.300000000000002));
#2570=CARTESIAN_POINT('Origin',(-0.0459999929523217,1.5,0.3));
#2571=CARTESIAN_POINT('Origin',(-0.045999992952321,1.5,0.350000000000002));
#2572=CARTESIAN_POINT('Origin',(-0.185999992952322,2.37103914635873,0.300000000000004));
#2573=CARTESIAN_POINT('',(-0.185999992952321,2.10895200541427,0.350000000000004));
#2574=CARTESIAN_POINT('',(-0.235999992952322,2.10895200541427,0.300000000000004));
#2575=CARTESIAN_POINT('Origin',(-0.185999992952322,2.10895200541427,0.300000000000004));
#2576=CARTESIAN_POINT('',(-0.235999992952322,2.37103914635873,0.300000000000004));
#2577=CARTESIAN_POINT('',(-0.185999992952321,2.37103914635873,0.350000000000004));
#2578=CARTESIAN_POINT('Origin',(-0.485999992952322,2.10895200541427,0.300000000000001));
#2579=CARTESIAN_POINT('',(-0.194289294800112,2.17898677237719,0.350000000000004));
#2580=CARTESIAN_POINT('',(-0.242907744492147,2.1673143112167,0.299999999999998));
#2581=CARTESIAN_POINT('Origin',(-0.194289294800113,2.17898677237719,0.299999999999997));
#2582=CARTESIAN_POINT('Origin',(-0.485999992952322,2.10895200541427,0.300000000000001));
#2583=CARTESIAN_POINT('Origin',(-0.485999992952321,2.10895200541427,0.350000000000008));
#2584=CARTESIAN_POINT('Ctrl Pts',(-0.194289294800112,2.17898677237719,0.350000000000004));
#2585=CARTESIAN_POINT('Ctrl Pts',(-0.197445586276645,2.19309690163012,0.350000000000005));
#2586=CARTESIAN_POINT('Ctrl Pts',(-0.202034294570023,2.20674286544206,0.351249614514229));
#2587=CARTESIAN_POINT('Ctrl Pts',(-0.207817417981554,2.21933011858402,0.353848226664399));
#2588=CARTESIAN_POINT('Ctrl Pts',(-0.208835900931676,2.17549438016471,0.350000000000005));
#2589=CARTESIAN_POINT('Ctrl Pts',(-0.211830104238741,2.18874496095528,0.350069352513079));
#2590=CARTESIAN_POINT('Ctrl Pts',(-0.216093972967917,2.20157321030749,0.351244500076826));
#2591=CARTESIAN_POINT('Ctrl Pts',(-0.221411857601812,2.21349548577063,0.353597534101272));
#2592=CARTESIAN_POINT('Ctrl Pts',(-0.234014646733453,2.16944939242234,0.337438705392227));
#2593=CARTESIAN_POINT('Ctrl Pts',(-0.236953002779993,2.18192297263008,0.337545644901205));
#2594=CARTESIAN_POINT('Ctrl Pts',(-0.240881444009698,2.1940408503587,0.338724418389614));
#2595=CARTESIAN_POINT('Ctrl Pts',(-0.245660341563839,2.20555611754428,0.341105744246821));
#2596=CARTESIAN_POINT('Ctrl Pts',(-0.242907744492148,2.16731431121671,0.311219973762825));
#2597=CARTESIAN_POINT('Ctrl Pts',(-0.246119686171701,2.18069029289565,0.311251826614541));
#2598=CARTESIAN_POINT('Ctrl Pts',(-0.250481210142059,2.19389698356046,0.312652771329261));
#2599=CARTESIAN_POINT('Ctrl Pts',(-0.255766020308795,2.20640210930459,0.31562234458995));
#2600=CARTESIAN_POINT('Ctrl Pts',(-0.242907744492148,2.16731431121671,0.300000000000004));
#2601=CARTESIAN_POINT('Ctrl Pts',(-0.24626645027734,2.18130408303968,0.300000000000005));
#2602=CARTESIAN_POINT('Ctrl Pts',(-0.250910321843185,2.19518727533743,0.301496494432834));
#2603=CARTESIAN_POINT('Ctrl Pts',(-0.25658077499785,2.20828388566003,0.304716633186428));
#2604=CARTESIAN_POINT('Ctrl Pts',(-0.25658077499785,2.20828388566003,0.304716633186428));
#2605=CARTESIAN_POINT('Ctrl Pts',(-0.250910321843185,2.19518727533743,0.301496494432834));
#2606=CARTESIAN_POINT('Ctrl Pts',(-0.24626645027734,2.18130408303968,0.300000000000005));
#2607=CARTESIAN_POINT('Ctrl Pts',(-0.242907744492148,2.16731431121671,0.300000000000004));
#2608=CARTESIAN_POINT('Ctrl Pts',(-0.194289294800112,2.17898677237719,0.350000000000004));
#2609=CARTESIAN_POINT('Ctrl Pts',(-0.197445586276645,2.19309690163012,0.350000000000005));
#2610=CARTESIAN_POINT('Ctrl Pts',(-0.202034294570023,2.20674286544206,0.351249614514229));
#2611=CARTESIAN_POINT('Ctrl Pts',(-0.207817417981554,2.21933011858402,0.353848226664399));
#2612=CARTESIAN_POINT('Origin',(-0.18650737597867,2.12639254377384,0.0500000000000001));
#2613=CARTESIAN_POINT('',(-0.186507375978668,2.12639254377386,1.96693055543827E-16));
#2614=CARTESIAN_POINT('Origin',(-0.18650737597867,2.12639254377384,0.0500000000000001));
#2615=CARTESIAN_POINT('Origin',(-0.18650737597867,2.12639254377384,0.0500000000000001));
#2616=CARTESIAN_POINT('Origin',(-0.562368112014476,2.3990690686679,0.887500000000017));
#2617=CARTESIAN_POINT('',(-0.562368112014474,2.3990690686679,0.937500000000017));
#2618=CARTESIAN_POINT('Origin',(-0.562368112014476,2.3990690686679,0.887500000000017));
#2619=CARTESIAN_POINT('Origin',(-0.562368112014476,2.3990690686679,0.887500000000017));
#2620=CARTESIAN_POINT('Origin',(-0.485999992952322,3.03466129406175,0.468750000000011));
#2621=CARTESIAN_POINT('',(-0.408412532947499,2.79700569019347,0.887500000000015));
#2622=CARTESIAN_POINT('',(-0.408412532947499,2.79700569019347,0.468750000000011));
#2623=CARTESIAN_POINT('',(-0.394727615896249,2.80191818849999,0.88750000000001));
#2624=CARTESIAN_POINT('Origin',(-0.485999992952322,3.03466129406175,0.887500000000011));
#2625=CARTESIAN_POINT('',(-0.235999992952322,3.03466129406175,0.326732439360924));
#2626=CARTESIAN_POINT('Ctrl Pts',(-0.235999992952322,3.03466129406175,0.326732439360924));
#2627=CARTESIAN_POINT('Ctrl Pts',(-0.235999992952322,3.01031609311386,0.34076388330096));
#2628=CARTESIAN_POINT('Ctrl Pts',(-0.243061241696382,2.96604880554669,0.378657805515778));
#2629=CARTESIAN_POINT('Ctrl Pts',(-0.271358826332351,2.89926913841001,0.476029194579952));
#2630=CARTESIAN_POINT('Ctrl Pts',(-0.325066727425692,2.83643272303651,0.645296820907793));
#2631=CARTESIAN_POINT('Ctrl Pts',(-0.369385335750939,2.81185639974525,0.795924124989157));
#2632=CARTESIAN_POINT('Ctrl Pts',(-0.394727615893917,2.8019181885009,0.887499999991668));
#2633=CARTESIAN_POINT('',(-0.235999992952322,3.03466129406175,0.0500000000000002));
#2634=CARTESIAN_POINT('',(-0.235999992952322,3.03466129406175,0.468750000000011));
#2635=CARTESIAN_POINT('Origin',(-0.485999992952322,3.03466129406175,0.050000000000001));
#2636=CARTESIAN_POINT('Origin',(-1.03702542543281,2.59178234658045,0.937500000000023));
#2637=CARTESIAN_POINT('',(-1.03702542543282,2.59178234658045,0.887500000000023));
#2638=CARTESIAN_POINT('',(-1.03702542543281,2.59178234658045,0.937500000000023));
#2639=CARTESIAN_POINT('',(-0.561714217696244,2.74695726659009,0.887500000000016));
#2640=CARTESIAN_POINT('Origin',(-0.978058955829149,2.41116408764055,0.937500000000023));
#2641=CARTESIAN_POINT('',(-0.919092486225484,2.23054582870065,0.887500000000022));
#2642=CARTESIAN_POINT('',(-0.919092486225484,2.23054582870065,0.937500000000022));
#2643=CARTESIAN_POINT('Origin',(-0.97805895582915,2.41116408764055,0.887500000000023));
#2644=CARTESIAN_POINT('Origin',(0.9821523447208,2.85124550873923,0.937499999999997));
#2645=CARTESIAN_POINT('',(-0.563587452957144,2.34660760928256,0.887500000000018));
#2646=CARTESIAN_POINT('',(-0.563587452957144,2.34660760928256,0.468749999999997));
#2647=CARTESIAN_POINT('',(0.506841136984228,2.69607058872959,0.887500000000004));
#2648=CARTESIAN_POINT('Origin',(-0.485999992952322,2.10895200541427,0.468749999999997));
#2649=CARTESIAN_POINT('Origin',(-0.485999992952322,2.10895200541427,0.887500000000009));
#2650=CARTESIAN_POINT('Origin',(-0.485999992952322,2.10895200541427,0.887500000000009));
#2651=CARTESIAN_POINT('',(-0.579104944958108,2.39413873005621,0.937500000000018));
#2652=CARTESIAN_POINT('Origin',(-0.485999992952321,2.10895200541427,0.937500000000017));
#2653=CARTESIAN_POINT('Origin',(-0.579104944958109,2.39413873005621,0.887500000000018));
#2654=CARTESIAN_POINT('Origin',(0.159511030413519,1.24207829271747,0.35));
#2655=CARTESIAN_POINT('',(-0.150977870026276,2.19312665960347,0.350000000000004));
#2656=CARTESIAN_POINT('',(0.0400000070476781,1.5,0.35));
#2657=CARTESIAN_POINT('Origin',(-0.0459999929523217,1.5,0.35));
#2658=CARTESIAN_POINT('Ctrl Pts',(-3.80880590640444,0.998955001718654,0.350000000000052));
#2659=CARTESIAN_POINT('Ctrl Pts',(3.35318407607254,3.33713092635767,0.349999999999958));
#2660=CARTESIAN_POINT('Ctrl Pts',(-3.89382802933049,1.25938347772365,0.350000000000056));
#2661=CARTESIAN_POINT('Ctrl Pts',(3.26816195314649,3.59755940236266,0.349999999999962));
#2662=CARTESIAN_POINT('Ctrl Pts',(-3.89382802933048,1.25938347772365,0.937500000000062));
#2663=CARTESIAN_POINT('Ctrl Pts',(3.26816195314649,3.59755940236267,0.937499999999967));
#2664=CARTESIAN_POINT('Ctrl Pts',(-0.546853955405167,2.35154816442302,0.888536631299474));
#2665=CARTESIAN_POINT('Ctrl Pts',(-0.264573533206879,2.44370429544189,0.88853663129947));
#2666=CARTESIAN_POINT('Ctrl Pts',(0.0177068889914078,2.53586042646075,0.888536631299466));
#2667=CARTESIAN_POINT('Ctrl Pts',(0.299987311189695,2.62801655747962,0.888536631299463));
#2668=CARTESIAN_POINT('Ctrl Pts',(-0.546853955405167,2.35154816442302,0.888536631299474));
#2669=CARTESIAN_POINT('Ctrl Pts',(-0.264573533206879,2.44370429544189,0.88853663129947));
#2670=CARTESIAN_POINT('Ctrl Pts',(0.0177068889914078,2.53586042646075,0.888536631299466));
#2671=CARTESIAN_POINT('Ctrl Pts',(0.299987311189695,2.62801655747962,0.888536631299463));
#2672=CARTESIAN_POINT('Ctrl Pts',(-0.546948942732899,2.35183911699101,0.90329595547727));
#2673=CARTESIAN_POINT('Ctrl Pts',(-0.264668520534612,2.44399524800987,0.903295955477266));
#2674=CARTESIAN_POINT('Ctrl Pts',(0.0176119016636751,2.53615137902874,0.903295955477263));
#2675=CARTESIAN_POINT('Ctrl Pts',(0.299892323861963,2.62830751004761,0.903295955477259));
#2676=CARTESIAN_POINT('Ctrl Pts',(-0.550903230532598,2.36395136624943,0.928602346130263));
#2677=CARTESIAN_POINT('Ctrl Pts',(-0.26862280833431,2.4561074972683,0.92860234613026));
#2678=CARTESIAN_POINT('Ctrl Pts',(0.0136576138639769,2.54826362828717,0.928602346130256));
#2679=CARTESIAN_POINT('Ctrl Pts',(0.295938036062264,2.64041975930604,0.928602346130252));
#2680=CARTESIAN_POINT('Ctrl Pts',(-0.558931958010792,2.38854389804523,0.937500000000017));
#2681=CARTESIAN_POINT('Ctrl Pts',(-0.276651535812505,2.4807000290641,0.937500000000014));
#2682=CARTESIAN_POINT('Ctrl Pts',(0.00562888638578236,2.57285616008297,
0.93750000000001));
#2683=CARTESIAN_POINT('Ctrl Pts',(0.28790930858407,2.66501229110184,0.937500000000006));
#2684=CARTESIAN_POINT('Ctrl Pts',(-0.562368112014475,2.3990690686679,0.937500000000017));
#2685=CARTESIAN_POINT('Ctrl Pts',(-0.280087689816187,2.49122519968676,0.937500000000014));
#2686=CARTESIAN_POINT('Ctrl Pts',(0.00219273238209962,2.58338133070563,
0.93750000000001));
#2687=CARTESIAN_POINT('Ctrl Pts',(0.284473154580387,2.6755374617245,0.937500000000006));
#2688=CARTESIAN_POINT('Ctrl Pts',(0.284473154580387,2.6755374617245,0.937500000000006));
#2689=CARTESIAN_POINT('Ctrl Pts',(0.00219273238209962,2.58338133070563,
0.93750000000001));
#2690=CARTESIAN_POINT('Ctrl Pts',(-0.280087689816187,2.49122519968676,0.937500000000014));
#2691=CARTESIAN_POINT('Ctrl Pts',(-0.562368112014475,2.3990690686679,0.937500000000017));
#2692=CARTESIAN_POINT('Origin',(0.394000007047678,2.39624573505039,0.88750000000001));
#2693=CARTESIAN_POINT('',(0.316412547042856,2.63390133891867,0.887500000000006));
#2694=CARTESIAN_POINT('Origin',(0.394000007047678,2.39624573505039,0.88750000000001));
#2695=CARTESIAN_POINT('',(0.300895055041892,2.68143245969233,0.937500000000006));
#2696=CARTESIAN_POINT('Origin',(0.300895055041891,2.68143245969233,0.887500000000006));
#2697=CARTESIAN_POINT('Origin',(0.394000007047679,2.39624573505039,0.937500000000006));
#2698=CARTESIAN_POINT('Origin',(0.118696945502316,3.20275676740295,0.304716633186426));
#2699=CARTESIAN_POINT('',(0.115817432076915,3.21157691052811,0.353848226664396));
#2700=CARTESIAN_POINT('',(0.16458078909321,3.2226231434521,0.304716633186426));
#2701=CARTESIAN_POINT('Origin',(0.118696945502316,3.20275676740295,0.304716633186426));
#2702=CARTESIAN_POINT('',(0.167775008882035,3.20275676740295,0.295159243642397));
#2703=CARTESIAN_POINT('Origin',(0.118696945502316,3.20275676740295,0.304716633186426));
#2704=CARTESIAN_POINT('Origin',(0.118696945502316,3.20275676740295,0.304716633186426));
#2705=CARTESIAN_POINT('Origin',(0.366127733835841,3.02325260257276,0.632783366813579));
#2706=CARTESIAN_POINT('',(0.350896364717489,3.06990730972953,0.642340756357608));
#2707=CARTESIAN_POINT('',(0.375406016129208,3.02325260257276,0.583651773335608));
#2708=CARTESIAN_POINT('Origin',(0.366127733835841,3.02325260257276,0.632783366813579));
#2709=CARTESIAN_POINT('',(0.37077311270448,3.07303633942694,0.632783366813579));
#2710=CARTESIAN_POINT('Origin',(0.366127733835841,3.02325260257276,0.632783366813579));
#2711=CARTESIAN_POINT('Origin',(0.36612773383584,3.02325260257276,0.632783366813579));
#2712=CARTESIAN_POINT('Ctrl Pts',(0.350896364717488,3.06990730972953,0.642340756357607));
#2713=CARTESIAN_POINT('Ctrl Pts',(0.390961375623166,3.06692132546842,0.720767526309685));
#2714=CARTESIAN_POINT('Ctrl Pts',(0.424976111088119,3.07145306754652,0.803801445704733));
#2715=CARTESIAN_POINT('Ctrl Pts',(0.454853969497722,3.07935886468838,0.888536631291548));
#2716=CARTESIAN_POINT('Ctrl Pts',(0.35722898495372,3.07258282792429,0.639372263608222));
#2717=CARTESIAN_POINT('Ctrl Pts',(0.395261918076437,3.06841252662209,0.718947330410206));
#2718=CARTESIAN_POINT('Ctrl Pts',(0.427520057246993,3.07231891450536,0.80282051774421));
#2719=CARTESIAN_POINT('Ctrl Pts',(0.455773410012337,3.07966656275246,0.888191526814262));
#2720=CARTESIAN_POINT('Ctrl Pts',(0.364078228672139,3.07366104690728,0.636078923553714));
#2721=CARTESIAN_POINT('Ctrl Pts',(0.399726747430284,3.06941477795669,0.717173882549708));
#2722=CARTESIAN_POINT('Ctrl Pts',(0.430108971696376,3.07304701213372,0.801835368151298));
#2723=CARTESIAN_POINT('Ctrl Pts',(0.456702712490361,3.07994405220306,0.887845763444971));
#2724=CARTESIAN_POINT('Ctrl Pts',(0.37077311270448,3.07303633942694,0.632783366813578));
#2725=CARTESIAN_POINT('Ctrl Pts',(0.404371786414868,3.06990120778093,0.71540288717296));
#2726=CARTESIAN_POINT('Ctrl Pts',(0.432731622699788,3.07363409229042,0.800850217617397));
#2727=CARTESIAN_POINT('Ctrl Pts',(0.457640106263804,3.08019080431923,0.887499999991914));
#2728=CARTESIAN_POINT('',(0.454853969497747,3.0793588646883,0.888536631295503));
#2729=CARTESIAN_POINT('Ctrl Pts',(0.350896364717488,3.06990730972953,0.642340756357607));
#2730=CARTESIAN_POINT('Ctrl Pts',(0.390961375623166,3.06692132546842,0.720767526309685));
#2731=CARTESIAN_POINT('Ctrl Pts',(0.424976111088119,3.07145306754652,0.803801445704733));
#2732=CARTESIAN_POINT('Ctrl Pts',(0.454853969497722,3.07935886468838,0.888536631291548));
#2733=CARTESIAN_POINT('',(0.457640106263804,3.08019080431923,0.887499999995962));
#2734=CARTESIAN_POINT('Origin',(0.47036812610703,3.03183796044351,0.887499999991913));
#2735=CARTESIAN_POINT('Ctrl Pts',(0.457640106263804,3.08019080431923,0.887499999991914));
#2736=CARTESIAN_POINT('Ctrl Pts',(0.432731622699788,3.07363409229042,0.800850217617397));
#2737=CARTESIAN_POINT('Ctrl Pts',(0.404371786414868,3.06990120778093,0.71540288717296));
#2738=CARTESIAN_POINT('Ctrl Pts',(0.37077311270448,3.07303633942694,0.632783366813578));
#2739=CARTESIAN_POINT('Origin',(0.0945073900740271,2.41368627341006,0.0500000000000001));
#2740=CARTESIAN_POINT('',(0.144496642874494,2.41368627341006,0.0489633687005437));
#2741=CARTESIAN_POINT('',(0.144422826236304,2.41077951701678,0.05));
#2742=CARTESIAN_POINT('Origin',(0.0945073900740271,2.41368627341006,0.0500000000000001));
#2743=CARTESIAN_POINT('',(0.0945073900740271,2.41368627340998,1.96693055543827E-16));
#2744=CARTESIAN_POINT('Origin',(0.0945073900740271,2.41368627341006,0.0500000000000001));
#2745=CARTESIAN_POINT('Origin',(0.0945073900740271,2.41368627341006,0.0500000000000001));
#2746=CARTESIAN_POINT('Ctrl Pts',(0.14449664287466,2.41368627341294,0.0489633687085688));
#2747=CARTESIAN_POINT('Ctrl Pts',(0.14573468037279,2.43542648287925,0.108664990193527));
#2748=CARTESIAN_POINT('Ctrl Pts',(0.1529134301039,2.48167267319939,0.226071907556829));
#2749=CARTESIAN_POINT('Ctrl Pts',(0.18013964016403,2.54807788897871,0.364918862641061));
#2750=CARTESIAN_POINT('Ctrl Pts',(0.220579231500797,2.60506156641087,0.462732742714616));
#2751=CARTESIAN_POINT('Ctrl Pts',(0.25250149423887,2.63710031883739,0.509344680925014));
#2752=CARTESIAN_POINT('Ctrl Pts',(0.287054365123976,2.66313107171418,0.543727170196398));
#2753=CARTESIAN_POINT('Ctrl Pts',(0.306944526478806,2.67463248339486,0.557804598063848));
#2754=CARTESIAN_POINT('Ctrl Pts',(0.323442699191296,2.68143245969233,0.566140172822725));
#2755=CARTESIAN_POINT('Ctrl Pts',(0.144500732280543,2.41313225352274,0.0491605712670182));
#2756=CARTESIAN_POINT('Ctrl Pts',(0.145749404088463,2.4341809756961,0.109118181541953));
#2757=CARTESIAN_POINT('Ctrl Pts',(0.15298339506096,2.47894778924895,0.227141868231791));
#2758=CARTESIAN_POINT('Ctrl Pts',(0.180634931054157,2.54306472842862,0.367233078440457));
#2759=CARTESIAN_POINT('Ctrl Pts',(0.222208135202883,2.59759169964878,0.466127312759196));
#2760=CARTESIAN_POINT('Ctrl Pts',(0.255256388349035,2.62780300126754,0.512924913947479));
#2761=CARTESIAN_POINT('Ctrl Pts',(0.290634405352727,2.65188645303835,0.54670377750756));
#2762=CARTESIAN_POINT('Ctrl Pts',(0.310662867664038,2.66230290090988,0.56011872450923));
#2763=CARTESIAN_POINT('Ctrl Pts',(0.326844216615572,2.66835370784806,0.567858763316217));
#2764=CARTESIAN_POINT('Ctrl Pts',(0.144489733793544,2.41216271874048,0.0495060522158467));
#2765=CARTESIAN_POINT('Ctrl Pts',(0.145711488686501,2.43200133842168,0.109913077028258));
#2766=CARTESIAN_POINT('Ctrl Pts',(0.152815092713516,2.47416457635768,0.229011604932183));
#2767=CARTESIAN_POINT('Ctrl Pts',(0.180097638666914,2.53425535984798,0.371465783164254));
#2768=CARTESIAN_POINT('Ctrl Pts',(0.22181036854319,2.58448181361876,0.473499750437433));
#2769=CARTESIAN_POINT('Ctrl Pts',(0.255495837796524,2.61151184106321,0.522493738750516));
#2770=CARTESIAN_POINT('Ctrl Pts',(0.291625989765361,2.63226636065269,0.558000290471919));
#2771=CARTESIAN_POINT('Ctrl Pts',(0.311986099032497,2.64083467069438,0.572030960032386));
#2772=CARTESIAN_POINT('Ctrl Pts',(0.328103539521592,2.64563881367056,0.580043831587069));
#2773=CARTESIAN_POINT('Ctrl Pts',(0.144446977057126,2.41119424002473,0.0498518156711815));
#2774=CARTESIAN_POINT('Ctrl Pts',(0.145562221045199,2.4298267230624,0.110709331457072));
#2775=CARTESIAN_POINT('Ctrl Pts',(0.152064971479264,2.46944716896339,0.230927538364426));
#2776=CARTESIAN_POINT('Ctrl Pts',(0.177007434816946,2.52608901285291,0.375937830858824));
#2777=CARTESIAN_POINT('Ctrl Pts',(0.215719473369494,2.57399719415172,0.482193369992015));
#2778=CARTESIAN_POINT('Ctrl Pts',(0.247650877155511,2.60033517971836,0.535136883383976));
#2779=CARTESIAN_POINT('Ctrl Pts',(0.28310501475379,2.62116799415686,0.575161757928095));
#2780=CARTESIAN_POINT('Ctrl Pts',(0.303729848196355,2.63010559823621,0.591784537035765));
#2781=CARTESIAN_POINT('Ctrl Pts',(0.320617554607085,2.63527414835762,0.601557744188179));
#2782=CARTESIAN_POINT('Ctrl Pts',(0.144422826236444,2.41077951701919,0.0500000000082065));
#2783=CARTESIAN_POINT('Ctrl Pts',(0.145477835430101,2.42889635824111,0.111050583343223));
#2784=CARTESIAN_POINT('Ctrl Pts',(0.151642223472853,2.46743485017456,0.231749819343536));
#2785=CARTESIAN_POINT('Ctrl Pts',(0.175247458262857,2.52277252999065,0.377857330773006));
#2786=CARTESIAN_POINT('Ctrl Pts',(0.212241689446442,2.57025892785079,0.485922507465474));
#2787=CARTESIAN_POINT('Ctrl Pts',(0.243171751878151,2.59695788820623,0.540557671732791));
#2788=CARTESIAN_POINT('Ctrl Pts',(0.278257939552836,2.61865018227022,0.582513453182167));
#2789=CARTESIAN_POINT('Ctrl Pts',(0.299055226745164,2.62823469200411,0.600243977684061));
#2790=CARTESIAN_POINT('Ctrl Pts',(0.316412547042855,2.63390133891867,0.610767560639085));
#2791=CARTESIAN_POINT('',(0.323442699191296,2.68143245969233,0.566140172822725));
#2792=CARTESIAN_POINT('',(0.316412547042855,2.63390133891867,0.610767560639085));
#2793=CARTESIAN_POINT('Origin',(0.300895055041891,2.68143245969233,0.610767560639085));
#2794=CARTESIAN_POINT('Ctrl Pts',(0.316412547042855,2.63390133891867,0.610767560639085));
#2795=CARTESIAN_POINT('Ctrl Pts',(0.299055226745164,2.62823469200411,0.600243977684061));
#2796=CARTESIAN_POINT('Ctrl Pts',(0.278257939552836,2.61865018227022,0.582513453182167));
#2797=CARTESIAN_POINT('Ctrl Pts',(0.243171751878151,2.59695788820623,0.540557671732791));
#2798=CARTESIAN_POINT('Ctrl Pts',(0.212241689446442,2.57025892785079,0.485922507465474));
#2799=CARTESIAN_POINT('Ctrl Pts',(0.175247458262857,2.52277252999065,0.377857330773006));
#2800=CARTESIAN_POINT('Ctrl Pts',(0.151642223472853,2.46743485017456,0.231749819343536));
#2801=CARTESIAN_POINT('Ctrl Pts',(0.145477835430101,2.42889635824111,0.111050583343223));
#2802=CARTESIAN_POINT('Ctrl Pts',(0.144422826236444,2.41077951701919,0.0500000000082065));
#2803=CARTESIAN_POINT('Ctrl Pts',(0.14449664287466,2.41368627341294,0.0489633687085688));
#2804=CARTESIAN_POINT('Ctrl Pts',(0.14573468037279,2.43542648287925,0.108664990193527));
#2805=CARTESIAN_POINT('Ctrl Pts',(0.1529134301039,2.48167267319939,0.226071907556829));
#2806=CARTESIAN_POINT('Ctrl Pts',(0.18013964016403,2.54807788897871,0.364918862641061));
#2807=CARTESIAN_POINT('Ctrl Pts',(0.220579231500797,2.60506156641087,0.462732742714616));
#2808=CARTESIAN_POINT('Ctrl Pts',(0.25250149423887,2.63710031883739,0.509344680925014));
#2809=CARTESIAN_POINT('Ctrl Pts',(0.287054365123976,2.66313107171418,0.543727170196398));
#2810=CARTESIAN_POINT('Ctrl Pts',(0.306944526478806,2.67463248339486,0.557804598063848));
#2811=CARTESIAN_POINT('Ctrl Pts',(0.323442699191296,2.68143245969233,0.566140172822725));
#2812=CARTESIAN_POINT('Ctrl Pts',(0.323442699191297,2.68143245969233,0.566140172822726));
#2813=CARTESIAN_POINT('Ctrl Pts',(0.352194689555748,2.69328303589798,0.580666894619495));
#2814=CARTESIAN_POINT('Ctrl Pts',(0.384277664478603,2.70650271094476,0.587500000000002));
#2815=CARTESIAN_POINT('Ctrl Pts',(0.417955756213741,2.71964928404856,0.587500000000001));
#2816=CARTESIAN_POINT('Ctrl Pts',(0.326844216615572,2.66835370784806,0.567858763316217));
#2817=CARTESIAN_POINT('Ctrl Pts',(0.356260244324843,2.67985297035299,0.581980736047989));
#2818=CARTESIAN_POINT('Ctrl Pts',(0.388818015049285,2.69265982937788,0.588130699653441));
#2819=CARTESIAN_POINT('Ctrl Pts',(0.42259857896349,2.70542800596861,0.587500000000001));
#2820=CARTESIAN_POINT('Ctrl Pts',(0.328103424946037,2.64563897299005,0.580043955413791));
#2821=CARTESIAN_POINT('Ctrl Pts',(0.359920056407561,2.65656966017578,0.594951183702133));
#2822=CARTESIAN_POINT('Ctrl Pts',(0.39497478292649,2.6686482067508,0.601035278090556));
#2823=CARTESIAN_POINT('Ctrl Pts',(0.430634303981811,2.68081404023717,0.600062758015043));
#2824=CARTESIAN_POINT('Ctrl Pts',(0.320617554607086,2.63527414835762,0.601557744188179));
#2825=CARTESIAN_POINT('Ctrl Pts',(0.355622663431594,2.64669788957074,0.618870732044328));
#2826=CARTESIAN_POINT('Ctrl Pts',(0.39453655129922,2.6594120423381,0.626569699698862));
#2827=CARTESIAN_POINT('Ctrl Pts',(0.433473248214706,2.6721181632749,0.626280026237181));
#2828=CARTESIAN_POINT('Ctrl Pts',(0.316412547042856,2.63390133891867,0.610767560639085));
#2829=CARTESIAN_POINT('Ctrl Pts',(0.35271165831891,2.64575191512433,0.629107407178167));
#2830=CARTESIAN_POINT('Ctrl Pts',(0.393204411348702,2.6589715901711,0.637500000000002));
#2831=CARTESIAN_POINT('Ctrl Pts',(0.433473248214706,2.6721181632749,0.637500000000001));
#2832=CARTESIAN_POINT('',(0.41795575621374,2.71964928404856,0.587500000000001));
#2833=CARTESIAN_POINT('',(0.433473248214706,2.6721181632749,0.637500000000001));
#2834=CARTESIAN_POINT('Origin',(0.417955756213742,2.71964928404856,0.637500000000002));
#2835=CARTESIAN_POINT('Ctrl Pts',(0.433473248214706,2.6721181632749,0.637500000000001));
#2836=CARTESIAN_POINT('Ctrl Pts',(0.393204411348702,2.6589715901711,0.637500000000002));
#2837=CARTESIAN_POINT('Ctrl Pts',(0.35271165831891,2.64575191512433,0.629107407178167));
#2838=CARTESIAN_POINT('Ctrl Pts',(0.316412547042856,2.63390133891867,0.610767560639085));
#2839=CARTESIAN_POINT('Ctrl Pts',(0.323442699191297,2.68143245969233,0.566140172822726));
#2840=CARTESIAN_POINT('Ctrl Pts',(0.352194689555748,2.69328303589798,0.580666894619495));
#2841=CARTESIAN_POINT('Ctrl Pts',(0.384277664478603,2.70650271094476,0.587500000000002));
#2842=CARTESIAN_POINT('Ctrl Pts',(0.417955756213741,2.71964928404856,0.587500000000001));
#2843=CARTESIAN_POINT('Origin',(1.18455453173176,2.96992089922248,0.637499999999994));
#2844=CARTESIAN_POINT('',(0.966634852719831,2.89877662951289,0.587499999999996));
#2845=CARTESIAN_POINT('',(0.982152344720796,2.85124550873923,0.637499999999996));
#2846=CARTESIAN_POINT('Origin',(0.966634852719832,2.89877662951289,0.637499999999996));
#2847=CARTESIAN_POINT('',(1.20007202373272,2.92238977844882,0.637499999999994));
#2848=CARTESIAN_POINT('',(1.18455453173176,2.96992089922248,0.587499999999994));
#2849=CARTESIAN_POINT('Origin',(0.923185875117131,3.03186376767913,0.637499999999998));
#2850=CARTESIAN_POINT('',(0.87973689751443,3.16495090584537,0.587499999999997));
#2851=CARTESIAN_POINT('',(0.864219405513465,3.21248202661903,0.637499999999998));
#2852=CARTESIAN_POINT('Origin',(0.87973689751443,3.16495090584537,0.637499999999998));
#2853=CARTESIAN_POINT('Origin',(0.923185875117131,3.03186376767913,0.637499999999998));
#2854=CARTESIAN_POINT('Origin',(0.923185875117131,3.03186376767913,0.587499999999997));
#2855=CARTESIAN_POINT('Origin',(0.147034161053213,2.92574533553567,0.637500000000004));
#2856=CARTESIAN_POINT('',(0.487104959053465,3.03676829905593,0.587500000000001));
#2857=CARTESIAN_POINT('',(0.471587467052501,3.08429941982959,0.637500000000001));
#2858=CARTESIAN_POINT('Origin',(0.487104959053466,3.03676829905593,0.637500000000001));
#2859=CARTESIAN_POINT('',(0.131516669052248,2.97327645630933,0.637500000000004));
#2860=CARTESIAN_POINT('',(0.147034161053213,2.92574533553567,0.587500000000004));
#2861=CARTESIAN_POINT('Origin',(0.394000007047678,3.32195502369787,0.637499999999992));
#2862=CARTESIAN_POINT('',(0.41795575621374,3.02291301647833,0.587500000000001));
#2863=CARTESIAN_POINT('',(0.41396313135273,3.07275335101492,0.637499999999992));
#2864=CARTESIAN_POINT('Origin',(0.417955756213741,3.02291301647833,0.637499999999992));
#2865=CARTESIAN_POINT('Origin',(0.394000007047678,3.32195502369787,0.637499999999992));
#2866=CARTESIAN_POINT('Origin',(0.394000007047678,3.32195502369787,0.587500000000002));
#2867=CARTESIAN_POINT('Ctrl Pts',(0.41795575621374,3.02291301647833,0.587500000000001));
#2868=CARTESIAN_POINT('Ctrl Pts',(0.403562796505884,3.02153438154939,0.587500000000002));
#2869=CARTESIAN_POINT('Ctrl Pts',(0.389166532540777,3.0216614878252,0.586250385485778));
#2870=CARTESIAN_POINT('Ctrl Pts',(0.375406016129208,3.02325260257276,0.583651773335608));
#2871=CARTESIAN_POINT('Ctrl Pts',(0.416761165648798,3.03782520970048,0.587500000000001));
#2872=CARTESIAN_POINT('Ctrl Pts',(0.403235616013912,3.03655925085215,0.587430647486928));
#2873=CARTESIAN_POINT('Ctrl Pts',(0.38971750365045,3.03663133490855,0.586255499923181));
#2874=CARTESIAN_POINT('Ctrl Pts',(0.376733516706372,3.03798655896178,0.583902465898736));
#2875=CARTESIAN_POINT('Ctrl Pts',(0.414693626572699,3.06363450629295,0.600063171269521));
#2876=CARTESIAN_POINT('Ctrl Pts',(0.401924043297064,3.0625565997935,0.599956231760544));
#2877=CARTESIAN_POINT('Ctrl Pts',(0.389184616199952,3.06253039448329,0.598777334258676));
#2878=CARTESIAN_POINT('Ctrl Pts',(0.376754815001783,3.06349956029068,0.596396008401469));
#2879=CARTESIAN_POINT('Ctrl Pts',(0.413963131352731,3.07275335101492,0.626280026237181));
#2880=CARTESIAN_POINT('Ctrl Pts',(0.400250797753366,3.07165546099853,0.626248173385465));
#2881=CARTESIAN_POINT('Ctrl Pts',(0.386342623306736,3.07170292911537,0.624847228670746));
#2882=CARTESIAN_POINT('Ctrl Pts',(0.372814830476272,3.07284582434728,0.621877655410057));
#2883=CARTESIAN_POINT('Ctrl Pts',(0.413963131352731,3.07275335101492,0.637500000000002));
#2884=CARTESIAN_POINT('Ctrl Pts',(0.399621766867355,3.07160448857414,0.637500000000002));
#2885=CARTESIAN_POINT('Ctrl Pts',(0.384982868273257,3.07171041047065,0.636003505567173));
#2886=CARTESIAN_POINT('Ctrl Pts',(0.37077311270448,3.07303633942694,0.632783366813579));
#2887=CARTESIAN_POINT('Ctrl Pts',(0.37077311270448,3.07303633942694,0.632783366813579));
#2888=CARTESIAN_POINT('Ctrl Pts',(0.384982868273257,3.07171041047065,0.636003505567173));
#2889=CARTESIAN_POINT('Ctrl Pts',(0.399621766867355,3.07160448857414,0.637500000000002));
#2890=CARTESIAN_POINT('Ctrl Pts',(0.413963131352731,3.07275335101492,0.637500000000002));
#2891=CARTESIAN_POINT('Ctrl Pts',(0.41795575621374,3.02291301647833,0.587500000000001));
#2892=CARTESIAN_POINT('Ctrl Pts',(0.403562796505884,3.02153438154939,0.587500000000002));
#2893=CARTESIAN_POINT('Ctrl Pts',(0.389166532540777,3.0216614878252,0.586250385485778));
#2894=CARTESIAN_POINT('Ctrl Pts',(0.375406016129208,3.02325260257276,0.583651773335608));
#2895=CARTESIAN_POINT('Ctrl Pts',(0.375406016129209,3.02325260257276,0.583651773335608));
#2896=CARTESIAN_POINT('Ctrl Pts',(0.355819959831705,3.01626790789294,0.57995303396084));
#2897=CARTESIAN_POINT('Ctrl Pts',(0.318131596293525,3.00398057825846,0.567009360288486));
#2898=CARTESIAN_POINT('Ctrl Pts',(0.268731769615497,2.99563945025552,0.529568250897913));
#2899=CARTESIAN_POINT('Ctrl Pts',(0.216045408575606,3.00345565280353,0.459512954275327));
#2900=CARTESIAN_POINT('Ctrl Pts',(0.185666336496867,3.04622170185362,0.374231271524246));
#2901=CARTESIAN_POINT('Ctrl Pts',(0.171674617955964,3.12832262386862,0.315013848304099));
#2902=CARTESIAN_POINT('Ctrl Pts',(0.168622125011443,3.17752141263501,0.299509261908109));
#2903=CARTESIAN_POINT('Ctrl Pts',(0.167775008882035,3.20275676740295,0.295159243642397));
#2904=CARTESIAN_POINT('Ctrl Pts',(0.373091634217282,3.03158147151212,0.583214712634063));
#2905=CARTESIAN_POINT('Ctrl Pts',(0.353706097654005,3.02479383014726,0.579324479564457));
#2906=CARTESIAN_POINT('Ctrl Pts',(0.316651264586925,3.01297308981305,0.566061130767486));
#2907=CARTESIAN_POINT('Ctrl Pts',(0.268701280329057,3.00519539459115,0.529278515181575));
#2908=CARTESIAN_POINT('Ctrl Pts',(0.217429708268458,3.01307165825117,0.461535051634581));
#2909=CARTESIAN_POINT('Ctrl Pts',(0.18746582931418,3.0543889790604,0.379830060134122));
#2910=CARTESIAN_POINT('Ctrl Pts',(0.173443053236909,3.13267289799537,0.323076176952219));
#2911=CARTESIAN_POINT('Ctrl Pts',(0.170288161907813,3.17992992454143,0.307849749035447));
#2912=CARTESIAN_POINT('Ctrl Pts',(0.169401879000396,3.20433135270404,0.303513369464273));
#2913=CARTESIAN_POINT('Ctrl Pts',(0.367620519770041,3.048199164393,0.586862143349017));
#2914=CARTESIAN_POINT('Ctrl Pts',(0.348171744096024,3.04180321460035,0.582665162217624));
#2915=CARTESIAN_POINT('Ctrl Pts',(0.311282225709177,3.03090919474641,0.568790417162129));
#2916=CARTESIAN_POINT('Ctrl Pts',(0.26457819141873,3.02425036538649,0.532644141997889));
#2917=CARTESIAN_POINT('Ctrl Pts',(0.214844997378607,3.03224296729976,0.468155339971803));
#2918=CARTESIAN_POINT('Ctrl Pts',(0.185553583628224,3.0706762817591,0.392602328414369));
#2919=CARTESIAN_POINT('Ctrl Pts',(0.171955828160486,3.14135070714894,0.340237576893768));
#2920=CARTESIAN_POINT('Ctrl Pts',(0.168944371438429,3.18473592570031,0.32542026010496));
#2921=CARTESIAN_POINT('Ctrl Pts',(0.168133270599006,3.20747295273867,0.321060606931888));
#2922=CARTESIAN_POINT('Ctrl Pts',(0.357558022382018,3.06971176862481,0.607363049269012));
#2923=CARTESIAN_POINT('Ctrl Pts',(0.336504022087886,3.06357192866176,0.602973627979077));
#2924=CARTESIAN_POINT('Ctrl Pts',(0.296180337604147,3.05326432846427,0.588313914322445));
#2925=CARTESIAN_POINT('Ctrl Pts',(0.245495946221699,3.04718465601959,0.550481040143362));
#2926=CARTESIAN_POINT('Ctrl Pts',(0.193198041753981,3.05479639705599,0.485054704657949));
#2927=CARTESIAN_POINT('Ctrl Pts',(0.164107186667883,3.09014945146844,0.413323174765055));
#2928=CARTESIAN_POINT('Ctrl Pts',(0.152609233906146,3.15226749171867,0.365349002547917));
#2929=CARTESIAN_POINT('Ctrl Pts',(0.150934738261988,3.1909059747098,0.351152032843072));
#2930=CARTESIAN_POINT('Ctrl Pts',(0.150729085137668,3.21153994318579,0.346846010849395));
#2931=CARTESIAN_POINT('Ctrl Pts',(0.352384270519483,3.07296012697633,0.629809567624793));
#2932=CARTESIAN_POINT('Ctrl Pts',(0.329299293188692,3.06638289660183,0.625479147179304));
#2933=CARTESIAN_POINT('Ctrl Pts',(0.284253056141827,3.05500679633646,0.610328315031848));
#2934=CARTESIAN_POINT('Ctrl Pts',(0.226664686745368,3.04742961893821,0.568809598567088));
#2935=CARTESIAN_POINT('Ctrl Pts',(0.168819930649778,3.05403453731295,0.496767737084266));
#2936=CARTESIAN_POINT('Ctrl Pts',(0.138772669796332,3.09014760041301,0.420367105251752));
#2937=CARTESIAN_POINT('Ctrl Pts',(0.128809476654018,3.15331755980681,0.37201840099863));
#2938=CARTESIAN_POINT('Ctrl Pts',(0.128396912462128,3.19175776787545,0.358493792046622));
#2939=CARTESIAN_POINT('Ctrl Pts',(0.128771248425025,3.21215405025726,0.354503817716714));
#2940=CARTESIAN_POINT('Ctrl Pts',(0.350896364717489,3.06990730972953,0.642340756357608));
#2941=CARTESIAN_POINT('Ctrl Pts',(0.326639844156786,3.06287955613168,0.637989962459596));
#2942=CARTESIAN_POINT('Ctrl Pts',(0.278872688747904,3.05043991830925,0.622413236277741));
#2943=CARTESIAN_POINT('Ctrl Pts',(0.217223656540191,3.04148017444886,0.578170071761327));
#2944=CARTESIAN_POINT('Ctrl Pts',(0.156018139971266,3.04739082067753,0.501181686233039));
#2945=CARTESIAN_POINT('Ctrl Pts',(0.125106545640625,3.08487747984351,0.420247975715149));
#2946=CARTESIAN_POINT('Ctrl Pts',(0.115285960541831,3.15124397723124,0.370568232512774));
#2947=CARTESIAN_POINT('Ctrl Pts',(0.115256254248691,3.19079397321712,0.357546306651063));
#2948=CARTESIAN_POINT('Ctrl Pts',(0.115817432076915,3.21157691052811,0.353848226664396));
#2949=CARTESIAN_POINT('Ctrl Pts',(0.115817432076915,3.21157691052811,0.353848226664396));
#2950=CARTESIAN_POINT('Ctrl Pts',(0.115256254248691,3.19079397321712,0.357546306651063));
#2951=CARTESIAN_POINT('Ctrl Pts',(0.115285960541831,3.15124397723124,0.370568232512774));
#2952=CARTESIAN_POINT('Ctrl Pts',(0.125106545640625,3.08487747984351,0.420247975715149));
#2953=CARTESIAN_POINT('Ctrl Pts',(0.156018139971266,3.04739082067753,0.501181686233039));
#2954=CARTESIAN_POINT('Ctrl Pts',(0.217223656540191,3.04148017444886,0.578170071761327));
#2955=CARTESIAN_POINT('Ctrl Pts',(0.278872688747904,3.05043991830925,0.622413236277741));
#2956=CARTESIAN_POINT('Ctrl Pts',(0.326639844156786,3.06287955613168,0.637989962459596));
#2957=CARTESIAN_POINT('Ctrl Pts',(0.350896364717489,3.06990730972953,0.642340756357608));
#2958=CARTESIAN_POINT('Ctrl Pts',(0.375406016129209,3.02325260257276,0.583651773335608));
#2959=CARTESIAN_POINT('Ctrl Pts',(0.355819959831705,3.01626790789294,0.57995303396084));
#2960=CARTESIAN_POINT('Ctrl Pts',(0.318131596293525,3.00398057825846,0.567009360288486));
#2961=CARTESIAN_POINT('Ctrl Pts',(0.268731769615497,2.99563945025552,0.529568250897913));
#2962=CARTESIAN_POINT('Ctrl Pts',(0.216045408575606,3.00345565280353,0.459512954275327));
#2963=CARTESIAN_POINT('Ctrl Pts',(0.185666336496867,3.04622170185362,0.374231271524246));
#2964=CARTESIAN_POINT('Ctrl Pts',(0.171674617955964,3.12832262386862,0.315013848304099));
#2965=CARTESIAN_POINT('Ctrl Pts',(0.168622125011443,3.17752141263501,0.299509261908109));
#2966=CARTESIAN_POINT('Ctrl Pts',(0.167775008882035,3.20275676740295,0.295159243642397));
#2967=CARTESIAN_POINT('Ctrl Pts',(0.167775008882035,3.20275676740295,0.295159243642397));
#2968=CARTESIAN_POINT('Ctrl Pts',(0.1525022955858,3.23991676510936,0.21673247368813));
#2969=CARTESIAN_POINT('Ctrl Pts',(0.146253803476597,3.27365836052851,0.133698554290638));
#2970=CARTESIAN_POINT('Ctrl Pts',(0.144496642874511,3.30451448533794,0.048963368701376));
#2971=CARTESIAN_POINT('Ctrl Pts',(0.168353088773757,3.2096070447919,0.298127736391782));
#2972=CARTESIAN_POINT('Ctrl Pts',(0.152585192166075,3.24446775120355,0.218552669587577));
#2973=CARTESIAN_POINT('Ctrl Pts',(0.146287383720611,3.27634540823595,0.134679482251107));
#2974=CARTESIAN_POINT('Ctrl Pts',(0.144503799334803,3.30548402014564,0.0493084731786085));
#2975=CARTESIAN_POINT('Ctrl Pts',(0.167252406215515,3.21645271448855,0.30142107644629));
#2976=CARTESIAN_POINT('Ctrl Pts',(0.15215229567502,3.24902316660987,0.220326117448032));
#2977=CARTESIAN_POINT('Ctrl Pts',(0.146176060461603,3.27903245332565,0.135664631843962));
#2978=CARTESIAN_POINT('Ctrl Pts',(0.144479178151224,3.30645355471846,0.0496542365478471));
#2979=CARTESIAN_POINT('Ctrl Pts',(0.16458078909321,3.2226231434521,0.304716633186426));
#2980=CARTESIAN_POINT('Ctrl Pts',(0.151173119663793,3.25358980820745,0.222097112824738));
#2981=CARTESIAN_POINT('Ctrl Pts',(0.14592021269895,3.28170780439007,0.136649782377806));
#2982=CARTESIAN_POINT('Ctrl Pts',(0.144422826236317,3.30742124173126,0.0500000000008513));
#2983=CARTESIAN_POINT('',(0.144496642874503,3.30451448533794,0.0489633687009599));
#2984=CARTESIAN_POINT('Ctrl Pts',(0.167775008882035,3.20275676740295,0.295159243642397));
#2985=CARTESIAN_POINT('Ctrl Pts',(0.1525022955858,3.23991676510936,0.21673247368813));
#2986=CARTESIAN_POINT('Ctrl Pts',(0.146253803476597,3.27365836052851,0.133698554290638));
#2987=CARTESIAN_POINT('Ctrl Pts',(0.144496642874511,3.30451448533794,0.048963368701376));
#2988=CARTESIAN_POINT('',(0.144422826236317,3.30742124173126,0.0500000000004263));
#2989=CARTESIAN_POINT('Origin',(0.0945073900740448,3.30451448533794,0.0500000000008512));
#2990=CARTESIAN_POINT('Ctrl Pts',(0.144422826236317,3.30742124173126,0.0500000000008513));
#2991=CARTESIAN_POINT('Ctrl Pts',(0.14592021269895,3.28170780439007,0.136649782377806));
#2992=CARTESIAN_POINT('Ctrl Pts',(0.151173119663793,3.25358980820745,0.222097112824738));
#2993=CARTESIAN_POINT('Ctrl Pts',(0.16458078909321,3.2226231434521,0.304716633186426));
#2994=CARTESIAN_POINT('Origin',(-0.376473140485035,2.75536956738764,0.887500000000014));
#2995=CARTESIAN_POINT('',(-0.391987297094343,2.80289047163252,0.88853663129947));
#2996=CARTESIAN_POINT('Origin',(-0.376473140485035,2.75536956738764,0.887500000000014));
#2997=CARTESIAN_POINT('',(-0.376473140485014,2.75536956738765,0.937500000000014));
#2998=CARTESIAN_POINT('Origin',(-0.376473140485035,2.75536956738764,0.887500000000014));
#2999=CARTESIAN_POINT('Origin',(-0.376473140485035,2.75536956738764,0.887500000000014));
#3000=CARTESIAN_POINT('Ctrl Pts',(-0.391987297091544,2.80289047163361,0.888536631291308));
#3001=CARTESIAN_POINT('Ctrl Pts',(-0.361563538547148,2.81477643672377,0.798984199063888));
#3002=CARTESIAN_POINT('Ctrl Pts',(-0.308321927735653,2.84408644353429,0.652570265283879));
#3003=CARTESIAN_POINT('Ctrl Pts',(-0.242960021261814,2.91669532239688,0.495603926456734));
#3004=CARTESIAN_POINT('Ctrl Pts',(-0.206224062117055,2.98831909544936,0.412550342028916));
#3005=CARTESIAN_POINT('Ctrl Pts',(-0.194789656881741,3.0323703842051,0.382473926855785));
#3006=CARTESIAN_POINT('Ctrl Pts',(-0.192997650706901,3.05609559000629,0.371359827177283));
#3007=CARTESIAN_POINT('Ctrl Pts',(-0.392515229964249,2.80272241913021,0.888339428732858));
#3008=CARTESIAN_POINT('Ctrl Pts',(-0.363082436935416,2.81430164358415,0.798403013320473));
#3009=CARTESIAN_POINT('Ctrl Pts',(-0.311642214561634,2.84305251113067,0.651163954061909));
#3010=CARTESIAN_POINT('Ctrl Pts',(-0.24964944756674,2.91567066872522,0.492357532747763));
#3011=CARTESIAN_POINT('Ctrl Pts',(-0.216598665543958,2.98822924793586,0.408867760182449));
#3012=CARTESIAN_POINT('Ctrl Pts',(-0.207459803963234,3.03225653351901,0.379961288426441));
#3013=CARTESIAN_POINT('Ctrl Pts',(-0.206486265764925,3.05527016017391,0.369641236683792));
#3014=CARTESIAN_POINT('Ctrl Pts',(-0.393433478081347,2.8024110687551,0.887993947784007));
#3015=CARTESIAN_POINT('Ctrl Pts',(-0.365713680393226,2.81338857880269,0.797383410565405));
#3016=CARTESIAN_POINT('Ctrl Pts',(-0.317353882099596,2.84085652067446,0.648770824909608));
#3017=CARTESIAN_POINT('Ctrl Pts',(-0.26061336340275,2.91140824304775,0.486035911596482));
#3018=CARTESIAN_POINT('Ctrl Pts',(-0.233194475525665,2.98325972320712,0.398535396708544));
#3019=CARTESIAN_POINT('Ctrl Pts',(-0.227889709633245,3.02700081939565,0.368139655758847));
#3020=CARTESIAN_POINT('Ctrl Pts',(-0.228469868402601,3.04941757301309,0.357455827019267));
#3021=CARTESIAN_POINT('Ctrl Pts',(-0.394340866111966,2.80206985603082,0.887648184328693));
#3022=CARTESIAN_POINT('Ctrl Pts',(-0.368291355754597,2.81233400212635,0.796361910649872));
#3023=CARTESIAN_POINT('Ctrl Pts',(-0.322779533998673,2.83786649622574,0.646340460735556));
#3024=CARTESIAN_POINT('Ctrl Pts',(-0.268609682874688,2.90330274348191,0.479034809752985));
#3025=CARTESIAN_POINT('Ctrl Pts',(-0.241443891411921,2.97166177631478,0.384622274606574));
#3026=CARTESIAN_POINT('Ctrl Pts',(-0.235562983109723,3.01554086508158,0.348973198681718));
#3027=CARTESIAN_POINT('Ctrl Pts',(-0.235999992952322,3.0390847196993,0.33594225581183));
#3028=CARTESIAN_POINT('Ctrl Pts',(-0.394727615893917,2.8019181885009,0.887499999991668));
#3029=CARTESIAN_POINT('Ctrl Pts',(-0.369385335750939,2.81185639974525,0.795924124989157));
#3030=CARTESIAN_POINT('Ctrl Pts',(-0.325066727425692,2.83643272303651,0.645296820907793));
#3031=CARTESIAN_POINT('Ctrl Pts',(-0.271358826332351,2.89926913841001,0.476029194579952));
#3032=CARTESIAN_POINT('Ctrl Pts',(-0.243061241696382,2.96604880554669,0.378657805515778));
#3033=CARTESIAN_POINT('Ctrl Pts',(-0.235999992952322,3.01031609311386,0.34076388330096));
#3034=CARTESIAN_POINT('Ctrl Pts',(-0.235999992952322,3.03466129406175,0.326732439360924));
#3035=CARTESIAN_POINT('',(-0.192997650706901,3.05609559000629,0.371359827177283));
#3036=CARTESIAN_POINT('Origin',(-0.185999992952322,3.03466129406175,0.326732439360924));
#3037=CARTESIAN_POINT('Ctrl Pts',(-0.391987297091544,2.80289047163361,0.888536631291308));
#3038=CARTESIAN_POINT('Ctrl Pts',(-0.361563538547148,2.81477643672377,0.798984199063888));
#3039=CARTESIAN_POINT('Ctrl Pts',(-0.308321927735653,2.84408644353429,0.652570265283879));
#3040=CARTESIAN_POINT('Ctrl Pts',(-0.242960021261814,2.91669532239688,0.495603926456734));
#3041=CARTESIAN_POINT('Ctrl Pts',(-0.206224062117055,2.98831909544936,0.412550342028916));
#3042=CARTESIAN_POINT('Ctrl Pts',(-0.194789656881741,3.0323703842051,0.382473926855785));
#3043=CARTESIAN_POINT('Ctrl Pts',(-0.192997650706901,3.05609559000629,0.371359827177283));
#3044=CARTESIAN_POINT('Ctrl Pts',(-0.192997650706901,3.05609559000629,0.371359827177283));
#3045=CARTESIAN_POINT('Ctrl Pts',(-0.190655402939379,3.08710570096577,0.356833105380514));
#3046=CARTESIAN_POINT('Ctrl Pts',(-0.188045429649293,3.12170722011837,0.350000000000005));
#3047=CARTESIAN_POINT('Ctrl Pts',(-0.185999992952321,3.15780240589172,0.350000000000004));
#3048=CARTESIAN_POINT('Ctrl Pts',(-0.206486265764925,3.05527016017391,0.369641236683791));
#3049=CARTESIAN_POINT('Ctrl Pts',(-0.204684068559904,3.08680248976727,0.355519263952019));
#3050=CARTESIAN_POINT('Ctrl Pts',(-0.202613880234748,3.12172724306528,0.349369300346566));
#3051=CARTESIAN_POINT('Ctrl Pts',(-0.200959957969415,3.15780240589172,0.350000000000004));
#3052=CARTESIAN_POINT('Ctrl Pts',(-0.228470226971473,3.04941768704519,0.357456064440404));
#3053=CARTESIAN_POINT('Ctrl Pts',(-0.227953557200232,3.08305562711676,0.342548836152063));
#3054=CARTESIAN_POINT('Ctrl Pts',(-0.227350659711999,3.1201280013753,0.336464755955397));
#3055=CARTESIAN_POINT('Ctrl Pts',(-0.226852472351625,3.15780240589172,0.337437276030909));
#3056=CARTESIAN_POINT('Ctrl Pts',(-0.235999992952322,3.0390847196993,0.335942255811829));
#3057=CARTESIAN_POINT('Ctrl Pts',(-0.236004158410109,3.07590671706187,0.318629267955681));
#3058=CARTESIAN_POINT('Ctrl Pts',(-0.235994718669957,3.11684496641937,0.310930300301145));
#3059=CARTESIAN_POINT('Ctrl Pts',(-0.235999992952322,3.15780240589172,0.311219973762825));
#3060=CARTESIAN_POINT('Ctrl Pts',(-0.235999992952322,3.03466129406176,0.326732439360923));
#3061=CARTESIAN_POINT('Ctrl Pts',(-0.235999992952322,3.07284586733208,0.308392592821842));
#3062=CARTESIAN_POINT('Ctrl Pts',(-0.235999992952322,3.1154419100623,0.300000000000005));
#3063=CARTESIAN_POINT('Ctrl Pts',(-0.235999992952322,3.15780240589172,0.300000000000004));
#3064=CARTESIAN_POINT('',(-0.185999992952321,3.15780240589172,0.350000000000004));
#3065=CARTESIAN_POINT('',(-0.235999992952322,3.15780240589172,0.300000000000004));
#3066=CARTESIAN_POINT('Origin',(-0.185999992952322,3.15780240589172,0.300000000000004));
#3067=CARTESIAN_POINT('Ctrl Pts',(-0.235999992952322,3.15780240589172,0.300000000000004));
#3068=CARTESIAN_POINT('Ctrl Pts',(-0.235999992952322,3.1154419100623,0.300000000000005));
#3069=CARTESIAN_POINT('Ctrl Pts',(-0.235999992952322,3.07284586733208,0.308392592821842));
#3070=CARTESIAN_POINT('Ctrl Pts',(-0.235999992952322,3.03466129406176,0.326732439360923));
#3071=CARTESIAN_POINT('Ctrl Pts',(-0.192997650706901,3.05609559000629,0.371359827177283));
#3072=CARTESIAN_POINT('Ctrl Pts',(-0.190655402939379,3.08710570096577,0.356833105380514));
#3073=CARTESIAN_POINT('Ctrl Pts',(-0.188045429649293,3.12170722011837,0.350000000000005));
#3074=CARTESIAN_POINT('Ctrl Pts',(-0.185999992952321,3.15780240589172,0.350000000000004));
#3075=CARTESIAN_POINT('Origin',(-0.185999992952322,3.28761006474663,0.300000000000004));
#3076=CARTESIAN_POINT('',(-0.185999992952321,3.49999999999999,0.350000000000004));
#3077=CARTESIAN_POINT('',(-0.235999992952322,3.49999999999999,0.300000000000004));
#3078=CARTESIAN_POINT('Origin',(-0.185999992952322,3.49999999999999,0.300000000000004));
#3079=CARTESIAN_POINT('',(-0.235999992952322,3.28761006474663,0.300000000000004));
#3080=CARTESIAN_POINT('',(-0.185999992952321,3.28761006474663,0.350000000000004));
#3081=CARTESIAN_POINT('Origin',(-0.0459999929523224,3.49999999999999,0.300000000000008));
#3082=CARTESIAN_POINT('',(0.0940000070476783,3.49999999999999,0.350000000000001));
#3083=CARTESIAN_POINT('',(0.144000007047678,3.49999999999999,0.300000000000005));
#3084=CARTESIAN_POINT('Origin',(0.0940000070476777,3.49999999999999,0.300000000000006));
#3085=CARTESIAN_POINT('Origin',(-0.0459999929523224,3.49999999999999,0.300000000000008));
#3086=CARTESIAN_POINT('Origin',(-0.0459999929523217,3.49999999999999,0.350000000000002));
#3087=CARTESIAN_POINT('Origin',(0.0940000070476784,2.28761006474664,0.3));
#3088=CARTESIAN_POINT('',(0.0940000070476791,3.32195502369787,0.35));
#3089=CARTESIAN_POINT('',(0.144000007047678,3.32195502369787,0.3));
#3090=CARTESIAN_POINT('Origin',(0.0940000070476785,3.32195502369787,0.3));
#3091=CARTESIAN_POINT('',(0.144000007047678,2.28761006474664,0.3));
#3092=CARTESIAN_POINT('',(0.0940000070476791,2.28761006474664,0.35));
#3093=CARTESIAN_POINT('Origin',(0.394000007047678,3.32195502369787,0.300000000000008));
#3094=CARTESIAN_POINT('',(0.102289308895469,3.25192025673496,0.35));
#3095=CARTESIAN_POINT('',(0.150907758587503,3.26359271789544,0.300000000000011));
#3096=CARTESIAN_POINT('Origin',(0.102289308895468,3.25192025673496,0.300000000000012));
#3097=CARTESIAN_POINT('Origin',(0.394000007047678,3.32195502369787,0.300000000000008));
#3098=CARTESIAN_POINT('Origin',(0.394000007047679,3.32195502369787,0.349999999999997));
#3099=CARTESIAN_POINT('Ctrl Pts',(0.102289308895468,3.25192025673496,0.35));
#3100=CARTESIAN_POINT('Ctrl Pts',(0.105445600372002,3.23781012748202,0.35));
#3101=CARTESIAN_POINT('Ctrl Pts',(0.110034308665381,3.22416416367008,0.351249614514225));
#3102=CARTESIAN_POINT('Ctrl Pts',(0.115817432076916,3.21157691052811,0.353848226664396));
#3103=CARTESIAN_POINT('Ctrl Pts',(0.116835915027032,3.25541264894744,0.35));
#3104=CARTESIAN_POINT('Ctrl Pts',(0.119830118334097,3.24216206815687,0.350069352513074));
#3105=CARTESIAN_POINT('Ctrl Pts',(0.124093987063275,3.22933381880465,0.351244500076822));
#3106=CARTESIAN_POINT('Ctrl Pts',(0.129411871697173,3.2174115433415,0.353597534101268));
#3107=CARTESIAN_POINT('Ctrl Pts',(0.142012968091295,3.26145723029238,0.337437254522848));
#3108=CARTESIAN_POINT('Ctrl Pts',(0.144951324137834,3.24898365008465,0.337544194031826));
#3109=CARTESIAN_POINT('Ctrl Pts',(0.148880017847717,3.23686527753043,0.338723063396506));
#3110=CARTESIAN_POINT('Ctrl Pts',(0.15365891540186,3.22535001034484,0.341104389253715));
#3111=CARTESIAN_POINT('Ctrl Pts',(0.150907758587503,3.26359271789544,0.311219973762821));
#3112=CARTESIAN_POINT('Ctrl Pts',(0.154119700267055,3.2502167362165,0.311251826614537));
#3113=CARTESIAN_POINT('Ctrl Pts',(0.158481224237417,3.23701004555168,0.312652771329257));
#3114=CARTESIAN_POINT('Ctrl Pts',(0.163766034404154,3.22450491980754,0.315622344589948));
#3115=CARTESIAN_POINT('Ctrl Pts',(0.150907758587503,3.26359271789544,0.3));
#3116=CARTESIAN_POINT('Ctrl Pts',(0.154266464372694,3.24960294607247,0.3));
#3117=CARTESIAN_POINT('Ctrl Pts',(0.158910335938542,3.23571975377471,0.30149649443283));
#3118=CARTESIAN_POINT('Ctrl Pts',(0.16458078909321,3.2226231434521,0.304716633186426));
#3119=CARTESIAN_POINT('Ctrl Pts',(0.16458078909321,3.2226231434521,0.304716633186426));
#3120=CARTESIAN_POINT('Ctrl Pts',(0.158910335938542,3.23571975377471,0.30149649443283));
#3121=CARTESIAN_POINT('Ctrl Pts',(0.154266464372694,3.24960294607247,0.3));
#3122=CARTESIAN_POINT('Ctrl Pts',(0.150907758587503,3.26359271789544,0.3));
#3123=CARTESIAN_POINT('Ctrl Pts',(0.102289308895468,3.25192025673496,0.35));
#3124=CARTESIAN_POINT('Ctrl Pts',(0.105445600372002,3.23781012748202,0.35));
#3125=CARTESIAN_POINT('Ctrl Pts',(0.110034308665381,3.22416416367008,0.351249614514225));
#3126=CARTESIAN_POINT('Ctrl Pts',(0.115817432076916,3.21157691052811,0.353848226664396));
#3127=CARTESIAN_POINT('Origin',(0.470368126109821,3.03183796044424,0.887500000000003));
#3128=CARTESIAN_POINT('',(0.47036812610983,3.03183796044424,0.937500000000003));
#3129=CARTESIAN_POINT('Origin',(0.470368126109821,3.03183796044424,0.887500000000003));
#3130=CARTESIAN_POINT('Origin',(0.470368126109821,3.03183796044424,0.887500000000003));
#3131=CARTESIAN_POINT('Origin',(0.0945073900740272,3.3045144853382,0.0500000000000001));
#3132=CARTESIAN_POINT('',(0.0945073900740291,3.30451448533821,1.96693055543827E-16));
#3133=CARTESIAN_POINT('Origin',(0.0945073900740272,3.3045144853382,0.0500000000000001));
#3134=CARTESIAN_POINT('Origin',(0.0945073900740272,3.3045144853382,0.0500000000000001));
#3135=CARTESIAN_POINT('Origin',(0.394000007047678,2.39624573505039,0.05));
#3136=CARTESIAN_POINT('',(0.144000007047678,2.39624573505039,0.0500000000000002));
#3137=CARTESIAN_POINT('Origin',(0.394000007047678,2.39624573505039,0.05));
#3138=CARTESIAN_POINT('',(0.0940000070476784,2.39624573505039,1.96693055543827E-16));
#3139=CARTESIAN_POINT('Origin',(0.0940000070476784,2.39624573505039,0.0500000000000002));
#3140=CARTESIAN_POINT('Origin',(0.394000007047678,2.39624573505039,1.96693055543827E-16));
#3141=CARTESIAN_POINT('Origin',(0.394000007047678,2.39624573505039,0.468749999999999));
#3142=CARTESIAN_POINT('',(0.144000007047678,2.39624573505039,0.468749999999999));
#3143=CARTESIAN_POINT('',(0.316412547042856,2.63390133891867,0.468749999999999));
#3144=CARTESIAN_POINT('Origin',(0.9821523447208,2.85124550873923,0.937499999999997));
#3145=CARTESIAN_POINT('',(0.982152344720799,2.85124550873923,0.887499999999997));
#3146=CARTESIAN_POINT('',(0.9821523447208,2.85124550873923,0.937499999999997));
#3147=CARTESIAN_POINT('',(0.506841136984228,2.69607058872959,0.887500000000004));
#3148=CARTESIAN_POINT('Origin',(0.923185875117135,3.03186376767913,0.937499999999997));
#3149=CARTESIAN_POINT('',(0.864219405513468,3.21248202661903,0.887499999999998));
#3150=CARTESIAN_POINT('',(0.864219405513469,3.21248202661903,0.937499999999998));
#3151=CARTESIAN_POINT('Origin',(0.923185875117134,3.03186376767913,0.887499999999997));
#3152=CARTESIAN_POINT('Origin',(-1.03702542543281,2.59178234658045,0.937500000000023));
#3153=CARTESIAN_POINT('',(0.471587467052501,3.08429941982958,0.887500000000003));
#3154=CARTESIAN_POINT('',(0.471587467052501,3.08429941982959,0.468750000000013));
#3155=CARTESIAN_POINT('',(-0.561714217696244,2.74695726659009,0.887500000000016));
#3156=CARTESIAN_POINT('Origin',(0.394000007047678,3.32195502369787,0.468750000000013));
#3157=CARTESIAN_POINT('Origin',(0.394000007047678,3.32195502369787,0.887500000000011));
#3158=CARTESIAN_POINT('Origin',(0.394000007047678,3.32195502369787,0.887500000000011));
#3159=CARTESIAN_POINT('',(0.487104959053466,3.03676829905593,0.937500000000003));
#3160=CARTESIAN_POINT('Origin',(0.394000007047679,3.32195502369787,0.937500000000003));
#3161=CARTESIAN_POINT('Origin',(0.487104959053465,3.03676829905593,0.887500000000003));
#3162=CARTESIAN_POINT('Origin',(-0.438955055085713,3.07522012949327,0.350000000000008));
#3163=CARTESIAN_POINT('',(-0.438955055085713,3.07522012949327,0.350000000000008));
#3164=CARTESIAN_POINT('',(0.0400000070476774,3.49999999999999,0.350000000000008));
#3165=CARTESIAN_POINT('Origin',(-0.0459999929523224,3.49999999999999,0.350000000000008));
#3166=CARTESIAN_POINT('Ctrl Pts',(-4.01176096853782,1.62061999560345,0.937500000000062));
#3167=CARTESIAN_POINT('Ctrl Pts',(3.15022901393916,3.95879592024246,0.937499999999967));
#3168=CARTESIAN_POINT('Ctrl Pts',(-4.01176096853783,1.62061999560344,0.350000000000056));
#3169=CARTESIAN_POINT('Ctrl Pts',(3.15022901393916,3.95879592024246,0.349999999999962));
#3170=CARTESIAN_POINT('Ctrl Pts',(-4.09678309146389,1.88104847160845,0.350000000000056));
#3171=CARTESIAN_POINT('Ctrl Pts',(3.0652068910131,4.21922439624746,0.349999999999961));
#3172=CARTESIAN_POINT('Ctrl Pts',(0.454853969500521,3.07935886468912,0.888536631299459));
#3173=CARTESIAN_POINT('Ctrl Pts',(0.172573547302233,2.98720273367025,0.888536631299462));
#3174=CARTESIAN_POINT('Ctrl Pts',(-0.109706874896056,2.89504660265139,0.888536631299466));
#3175=CARTESIAN_POINT('Ctrl Pts',(-0.391987297094344,2.80289047163252,0.88853663129947));
#3176=CARTESIAN_POINT('Ctrl Pts',(0.454853969500521,3.07935886468912,0.888536631299459));
#3177=CARTESIAN_POINT('Ctrl Pts',(0.172573547302233,2.98720273367025,0.888536631299462));
#3178=CARTESIAN_POINT('Ctrl Pts',(-0.109706874896056,2.89504660265139,0.888536631299466));
#3179=CARTESIAN_POINT('Ctrl Pts',(-0.391987297094344,2.80289047163252,0.88853663129947));
#3180=CARTESIAN_POINT('Ctrl Pts',(0.454948956828253,3.07906791212113,0.903295955477255));
#3181=CARTESIAN_POINT('Ctrl Pts',(0.172668534629966,2.98691178110227,0.903295955477259));
#3182=CARTESIAN_POINT('Ctrl Pts',(-0.109611887568323,2.8947556500834,0.903295955477263));
#3183=CARTESIAN_POINT('Ctrl Pts',(-0.391892309766611,2.80259951906453,0.903295955477266));
#3184=CARTESIAN_POINT('Ctrl Pts',(0.458903401310183,3.06695518293451,0.928601729131331));
#3185=CARTESIAN_POINT('Ctrl Pts',(0.176622979111895,2.97479905191564,0.928601729131335));
#3186=CARTESIAN_POINT('Ctrl Pts',(-0.105657443086395,2.88264292089677,0.928601729131338));
#3187=CARTESIAN_POINT('Ctrl Pts',(-0.387937865284682,2.7904867898779,0.928601729131342));
#3188=CARTESIAN_POINT('Ctrl Pts',(0.466931972106147,3.04236313106691,0.937500000000003));
#3189=CARTESIAN_POINT('Ctrl Pts',(0.18465154990786,2.95020700004804,0.937500000000007));
#3190=CARTESIAN_POINT('Ctrl Pts',(-0.097628872290429,2.85805086902917,0.93750000000001));
#3191=CARTESIAN_POINT('Ctrl Pts',(-0.379909294488717,2.7658947380103,0.937500000000014));
#3192=CARTESIAN_POINT('Ctrl Pts',(0.47036812610983,3.03183796044424,0.937500000000003));
#3193=CARTESIAN_POINT('Ctrl Pts',(0.188087703911543,2.93968182942538,0.937500000000007));
#3194=CARTESIAN_POINT('Ctrl Pts',(-0.0941927182867466,2.84752569840651,
0.93750000000001));
#3195=CARTESIAN_POINT('Ctrl Pts',(-0.376473140485034,2.75536956738764,0.937500000000014));
#3196=CARTESIAN_POINT('Ctrl Pts',(-0.376473140485034,2.75536956738764,0.937500000000014));
#3197=CARTESIAN_POINT('Ctrl Pts',(-0.0941927182867466,2.84752569840651,
0.93750000000001));
#3198=CARTESIAN_POINT('Ctrl Pts',(0.188087703911543,2.93968182942538,0.937500000000007));
#3199=CARTESIAN_POINT('Ctrl Pts',(0.47036812610983,3.03183796044424,0.937500000000003));
#3200=CARTESIAN_POINT('Origin',(-0.185999992952322,3.,0.0500000000000002));
#3201=CARTESIAN_POINT('',(-0.185999992952322,1.5,1.96693055543827E-16));
#3202=CARTESIAN_POINT('',(-0.235999992952322,1.5,0.0500000000000002));
#3203=CARTESIAN_POINT('Origin',(-0.185999992952322,1.5,0.0500000000000002));
#3204=CARTESIAN_POINT('',(-0.235999992952322,2.10895200541427,0.0500000000000002));
#3205=CARTESIAN_POINT('',(-0.235999992952322,3.,0.0500000000000002));
#3206=CARTESIAN_POINT('',(-0.185999992952322,2.10895200541427,1.96693055543827E-16));
#3207=CARTESIAN_POINT('Origin',(-0.185999992952322,2.10895200541427,0.0500000000000002));
#3208=CARTESIAN_POINT('',(-0.185999992952322,3.,1.96693055543827E-16));
#3209=CARTESIAN_POINT('Origin',(-0.485999992952322,2.10895200541427,0.0499999999999996));
#3210=CARTESIAN_POINT('Origin',(-0.485999992952322,2.10895200541427,1.96693055543827E-16));
#3211=CARTESIAN_POINT('Origin',(-0.485999992952322,2.10895200541427,0.0499999999999996));
#3212=CARTESIAN_POINT('Origin',(0.0940000070476784,2.,0.0500000000000002));
#3213=CARTESIAN_POINT('',(0.0940000070476785,3.49999999999999,1.96693055543827E-16));
#3214=CARTESIAN_POINT('',(0.144000007047678,3.49999999999999,0.0500000000000002));
#3215=CARTESIAN_POINT('Origin',(0.0940000070476785,3.49999999999999,0.0500000000000002));
#3216=CARTESIAN_POINT('',(0.144000007047678,3.32195502369787,0.0500000000000002));
#3217=CARTESIAN_POINT('',(0.144000007047678,2.,0.0500000000000002));
#3218=CARTESIAN_POINT('',(0.0940000070476785,3.32195502369787,1.96693055543827E-16));
#3219=CARTESIAN_POINT('Origin',(0.0940000070476785,3.32195502369787,0.0500000000000002));
#3220=CARTESIAN_POINT('',(0.0940000070476784,2.,1.96693055543827E-16));
#3221=CARTESIAN_POINT('Origin',(-0.0459999929523224,3.49999999999999,0.0500000000000002));
#3222=CARTESIAN_POINT('',(-0.185999992952322,3.49999999999999,1.96693055543827E-16));
#3223=CARTESIAN_POINT('',(-0.235999992952322,3.49999999999999,0.0500000000000002));
#3224=CARTESIAN_POINT('Origin',(-0.185999992952322,3.49999999999999,0.0500000000000002));
#3225=CARTESIAN_POINT('Origin',(-0.0459999929523224,3.49999999999999,0.0500000000000002));
#3226=CARTESIAN_POINT('Origin',(-0.0459999929523224,3.49999999999999,1.96693055543827E-16));
#3227=CARTESIAN_POINT('Origin',(-0.185999992952322,3.,0.0500000000000002));
#3228=CARTESIAN_POINT('',(-0.185999992952322,3.03466129406175,1.96693055543827E-16));
#3229=CARTESIAN_POINT('Origin',(-0.185999992952322,3.03466129406175,0.0500000000000002));
#3230=CARTESIAN_POINT('',(-0.235999992952322,3.,0.0500000000000002));
#3231=CARTESIAN_POINT('',(-0.185999992952322,3.,1.96693055543827E-16));
#3232=CARTESIAN_POINT('Origin',(0.394000007047678,3.32195502369787,0.0500000000000015));
#3233=CARTESIAN_POINT('Origin',(0.394000007047678,3.32195502369787,1.96693055543827E-16));
#3234=CARTESIAN_POINT('Origin',(0.394000007047678,3.32195502369787,0.0500000000000015));
#3235=CARTESIAN_POINT('Ctrl Pts',(0.144496642874494,3.30451448533821,0.0489633687005438));
#3236=CARTESIAN_POINT('Ctrl Pts',(0.144496642874494,3.0075717480288,0.0489633687005438));
#3237=CARTESIAN_POINT('Ctrl Pts',(0.144496642874494,2.71062901071939,0.0489633687005437));
#3238=CARTESIAN_POINT('Ctrl Pts',(0.144496642874494,2.41368627340998,0.0489633687005437));
#3239=CARTESIAN_POINT('Ctrl Pts',(0.144190577539559,3.30451448533821,0.0342040445227475));
#3240=CARTESIAN_POINT('Ctrl Pts',(0.144190577539559,3.0075717480288,0.0342040445227475));
#3241=CARTESIAN_POINT('Ctrl Pts',(0.144190577539559,2.71062901071939,0.0342040445227475));
#3242=CARTESIAN_POINT('Ctrl Pts',(0.144190577539559,2.41368627340998,0.0342040445227475));
#3243=CARTESIAN_POINT('Ctrl Pts',(0.131449646218576,3.30451448533821,0.00889709546558079));
#3244=CARTESIAN_POINT('Ctrl Pts',(0.131449646218576,3.0075717480288,0.00889709546558079));
#3245=CARTESIAN_POINT('Ctrl Pts',(0.131449646218576,2.71062901071939,0.00889709546558079));
#3246=CARTESIAN_POINT('Ctrl Pts',(0.131449646218576,2.41368627340998,0.00889709546558079));
#3247=CARTESIAN_POINT('Ctrl Pts',(0.105579263039934,3.30451448533821,1.3101527866858E-16));
#3248=CARTESIAN_POINT('Ctrl Pts',(0.105579263039934,3.0075717480288,1.31015548846166E-16));
#3249=CARTESIAN_POINT('Ctrl Pts',(0.105579263039934,2.71062901071939,1.30977200148558E-16));
#3250=CARTESIAN_POINT('Ctrl Pts',(0.105579263039934,2.41368627340998,1.30977470326145E-16));
#3251=CARTESIAN_POINT('Ctrl Pts',(0.0945073900740272,3.30451448533821,1.31128703695885E-16));
#3252=CARTESIAN_POINT('Ctrl Pts',(0.0945073900740272,3.0075717480288,1.31128703695885E-16));
#3253=CARTESIAN_POINT('Ctrl Pts',(0.0945073900740271,2.71062901071939,1.31128703695885E-16));
#3254=CARTESIAN_POINT('Ctrl Pts',(0.0945073900740271,2.41368627340998,1.31128703695885E-16));
#3255=CARTESIAN_POINT('Ctrl Pts',(0.0945073900740271,2.41368627340998,1.31128703695885E-16));
#3256=CARTESIAN_POINT('Ctrl Pts',(0.0945073900740271,2.71062901071939,1.31128703695885E-16));
#3257=CARTESIAN_POINT('Ctrl Pts',(0.0945073900740272,3.0075717480288,1.31128703695885E-16));
#3258=CARTESIAN_POINT('Ctrl Pts',(0.0945073900740272,3.30451448533821,1.31128703695885E-16));
#3259=CARTESIAN_POINT('Ctrl Pts',(0.144496642874494,3.30451448533821,0.0489633687005438));
#3260=CARTESIAN_POINT('Ctrl Pts',(0.144496642874494,3.0075717480288,0.0489633687005438));
#3261=CARTESIAN_POINT('Ctrl Pts',(0.144496642874494,2.71062901071939,0.0489633687005437));
#3262=CARTESIAN_POINT('Ctrl Pts',(0.144496642874494,2.41368627340998,0.0489633687005437));
#3263=CARTESIAN_POINT('Origin',(-0.485999992952322,3.03466129406175,0.050000000000001));
#3264=CARTESIAN_POINT('Origin',(-0.485999992952322,3.03466129406175,1.96693055543827E-16));
#3265=CARTESIAN_POINT('Ctrl Pts',(-0.236496628779137,2.12639254377383,0.0489633687005443));
#3266=CARTESIAN_POINT('Ctrl Pts',(-0.236496628779137,2.42333528108329,0.0489633687005443));
#3267=CARTESIAN_POINT('Ctrl Pts',(-0.236496628779137,2.72027801839274,0.0489633687005443));
#3268=CARTESIAN_POINT('Ctrl Pts',(-0.236496628779137,3.01722075570219,0.0489633687005443));
#3269=CARTESIAN_POINT('Ctrl Pts',(-0.236190563444202,2.12639254377383,0.034204044522748));
#3270=CARTESIAN_POINT('Ctrl Pts',(-0.236190563444202,2.42333528108329,0.034204044522748));
#3271=CARTESIAN_POINT('Ctrl Pts',(-0.236190563444202,2.72027801839274,0.034204044522748));
#3272=CARTESIAN_POINT('Ctrl Pts',(-0.236190563444202,3.01722075570219,0.034204044522748));
#3273=CARTESIAN_POINT('Ctrl Pts',(-0.223449890154515,2.12639254377383,0.00889678011867929));
#3274=CARTESIAN_POINT('Ctrl Pts',(-0.223449890154515,2.42333528108329,0.00889678011867929));
#3275=CARTESIAN_POINT('Ctrl Pts',(-0.223449890154515,2.72027801839274,0.00889678011867927));
#3276=CARTESIAN_POINT('Ctrl Pts',(-0.223449890154515,3.01722075570219,0.00889678011867927));
#3277=CARTESIAN_POINT('Ctrl Pts',(-0.197579248944576,2.12639254377383,1.14491471002604E-16));
#3278=CARTESIAN_POINT('Ctrl Pts',(-0.197579248944576,2.42333528108329,1.14491200825017E-16));
#3279=CARTESIAN_POINT('Ctrl Pts',(-0.197579248944576,2.72027801839274,1.02430098932482E-16));
#3280=CARTESIAN_POINT('Ctrl Pts',(-0.197579248944576,3.01722075570219,1.02429828754896E-16));
#3281=CARTESIAN_POINT('Ctrl Pts',(-0.18650737597867,2.12639254377383,1.09273919746571E-16));
#3282=CARTESIAN_POINT('Ctrl Pts',(-0.18650737597867,2.42333528108329,1.09273919746571E-16));
#3283=CARTESIAN_POINT('Ctrl Pts',(-0.18650737597867,2.72027801839274,9.83465277719135E-17));
#3284=CARTESIAN_POINT('Ctrl Pts',(-0.18650737597867,3.01722075570219,9.83465277719135E-17));
#3285=CARTESIAN_POINT('Ctrl Pts',(-0.18650737597867,3.01722075570219,9.83465277719135E-17));
#3286=CARTESIAN_POINT('Ctrl Pts',(-0.18650737597867,2.72027801839274,9.83465277719135E-17));
#3287=CARTESIAN_POINT('Ctrl Pts',(-0.18650737597867,2.42333528108329,1.09273919746571E-16));
#3288=CARTESIAN_POINT('Ctrl Pts',(-0.18650737597867,2.12639254377383,1.09273919746571E-16));
#3289=CARTESIAN_POINT('Ctrl Pts',(-0.236496628779137,2.12639254377383,0.0489633687005443));
#3290=CARTESIAN_POINT('Ctrl Pts',(-0.236496628779137,2.42333528108329,0.0489633687005443));
#3291=CARTESIAN_POINT('Ctrl Pts',(-0.236496628779137,2.72027801839274,0.0489633687005443));
#3292=CARTESIAN_POINT('Ctrl Pts',(-0.236496628779137,3.01722075570219,0.0489633687005443));
#3293=CARTESIAN_POINT('Origin',(-0.0459999929523217,1.5,0.0500000000000002));
#3294=CARTESIAN_POINT('',(0.0940000070476783,1.5,1.96693055543827E-16));
#3295=CARTESIAN_POINT('',(0.144000007047678,1.5,0.0500000000000002));
#3296=CARTESIAN_POINT('Origin',(0.0940000070476783,1.5,0.0500000000000002));
#3297=CARTESIAN_POINT('Origin',(-0.0459999929523217,1.5,0.0500000000000002));
#3298=CARTESIAN_POINT('Origin',(-0.0459999929523217,1.5,1.96693055543827E-16));
#3299=CARTESIAN_POINT('Origin',(0.0940000070476784,2.,0.0500000000000002));
#3300=CARTESIAN_POINT('',(0.144000007047678,2.,0.0500000000000002));
#3301=CARTESIAN_POINT('',(0.0940000070476784,2.,1.96693055543827E-16));
#3302=CARTESIAN_POINT('Ctrl Pts',(0.417955756213741,5.02751422548367,0.587500000000001));
#3303=CARTESIAN_POINT('Ctrl Pts',(0.41795575621374,0.566497154903266,0.587500000000001));
#3304=CARTESIAN_POINT('Ctrl Pts',(0.144000007047686,5.02751422548367,0.587500000000008));
#3305=CARTESIAN_POINT('Ctrl Pts',(0.144000007047685,0.566497154903266,0.587500000000008));
#3306=CARTESIAN_POINT('Ctrl Pts',(0.144000007047679,5.02751422548367,2.12437253915968E-16));
#3307=CARTESIAN_POINT('Ctrl Pts',(0.144000007047678,0.566497154903266,1.37239289273057E-16));
#3308=CARTESIAN_POINT('',(0.41795575621374,2.79700569019347,0.587500000000001));
#3309=CARTESIAN_POINT('Origin',(0.394000007047678,3.32195502369787,0.468750000000013));
#3310=CARTESIAN_POINT('',(0.144000007047678,3.32195502369787,0.468750000000013));
#3311=CARTESIAN_POINT('Origin',(0.144000007047678,1.5,1.96693055543827E-16));
#3312=CARTESIAN_POINT('',(0.144000007047678,3.49999999999999,1.96693055543827E-16));
#3313=CARTESIAN_POINT('Origin',(-0.0459999929523224,3.49999999999999,1.96693055543827E-16));
#3314=CARTESIAN_POINT('',(-0.235999992952322,3.49999999999999,1.96693055543827E-16));
#3315=CARTESIAN_POINT('Origin',(-0.235999992952322,3.49999999999999,1.96693055543827E-16));
#3316=CARTESIAN_POINT('Origin',(-0.0459999929523219,2.5,1.96693055543827E-16));
#3317=CARTESIAN_POINT('',(0.0400000070476774,3.49999999999999,1.96693055543827E-16));
#3318=CARTESIAN_POINT('Origin',(-0.0459999929523224,3.49999999999999,1.96693055543827E-16));
#3319=CARTESIAN_POINT('',(0.0400000070476781,1.5,1.96693055543827E-16));
#3320=CARTESIAN_POINT('Origin',(-0.0459999929523217,1.5,1.96693055543827E-16));
#3321=CARTESIAN_POINT('Origin',(0.491323644983264,2.74360170950325,0.887500000000004));
#3322=CARTESIAN_POINT('',(-0.934609978226448,2.27807694947431,0.937500000000022));
#3323=CARTESIAN_POINT('Origin',(-0.934609978226449,2.27807694947431,0.887500000000022));
#3324=CARTESIAN_POINT('',(0.491323644983264,2.74360170950325,0.937500000000003));
#3325=CARTESIAN_POINT('Origin',(-0.54619672569528,2.69942614581644,0.887500000000016));
#3326=CARTESIAN_POINT('',(0.879736897514433,3.16495090584537,0.937499999999998));
#3327=CARTESIAN_POINT('Origin',(0.879736897514433,3.16495090584537,0.887499999999998));
#3328=CARTESIAN_POINT('',(-0.546196725695279,2.69942614581644,0.937500000000016));
#3329=CARTESIAN_POINT('Origin',(0.923185875117134,3.03186376767913,0.887499999999997));
#3330=CARTESIAN_POINT('',(0.966634852719836,2.89877662951289,0.937499999999997));
#3331=CARTESIAN_POINT('Origin',(0.966634852719835,2.89877662951289,0.887499999999997));
#3332=CARTESIAN_POINT('Origin',(0.923185875117135,3.03186376767913,0.937499999999997));
#3333=CARTESIAN_POINT('Origin',(0.491323644983264,2.74360170950325,0.887500000000004));
#3334=CARTESIAN_POINT('',(0.491323644983264,2.74360170950325,0.937500000000003));
#3335=CARTESIAN_POINT('Origin',(-0.97805895582915,2.41116408764055,0.887500000000023));
#3336=CARTESIAN_POINT('',(-1.02150793343185,2.54425122580679,0.937500000000023));
#3337=CARTESIAN_POINT('Origin',(-1.02150793343185,2.54425122580679,0.887500000000023));
#3338=CARTESIAN_POINT('Origin',(-0.978058955829149,2.41116408764055,0.937500000000023));
#3339=CARTESIAN_POINT('Origin',(-0.54619672569528,2.69942614581644,0.887500000000016));
#3340=CARTESIAN_POINT('',(-0.392895040946534,2.74947456941981,0.937500000000014));
#3341=CARTESIAN_POINT('Origin',(-0.392895040946534,2.74947456941981,0.887500000000014));
#3342=CARTESIAN_POINT('',(-0.546196725695279,2.69942614581644,0.937500000000016));
#3343=CARTESIAN_POINT('Origin',(-0.485999992952322,3.03466129406175,0.887500000000011));
#3344=CARTESIAN_POINT('Origin',(-0.485999992952321,3.03466129406175,0.937500000000015));
#3345=CARTESIAN_POINT('Origin',(-0.027436540356007,2.72151392765984,0.93750000000001));
#3346=CARTESIAN_POINT('',(-1.00474904207081,2.49291761537124,0.937500000000023));
#3347=CARTESIAN_POINT('Origin',(-0.978058955829149,2.41116408764055,0.937500000000023));
#3348=CARTESIAN_POINT('',(0.896495788875476,3.11361729540982,0.937499999999998));
#3349=CARTESIAN_POINT('Origin',(0.923185875117135,3.03186376767913,0.937499999999997));
#3350=CARTESIAN_POINT('Origin',(1.4821523447208,2.79700569019347,0.587499999999991));
#3351=CARTESIAN_POINT('',(0.896495788875472,3.11361729540982,0.587499999999998));
#3352=CARTESIAN_POINT('Origin',(0.923185875117131,3.03186376767913,0.587499999999998));
#3353=CARTESIAN_POINT('Origin',(-0.509955742118397,2.79700569019347,0.58750000000003));
#3354=CARTESIAN_POINT('',(-0.509955742118397,2.79700569019347,0.58750000000003));
#3355=CARTESIAN_POINT('',(-1.00474904207081,2.49291761537124,0.587500000000037));
#3356=CARTESIAN_POINT('Origin',(-0.978058955829153,2.41116408764055,0.587500000000037));
#3357=CARTESIAN_POINT('Ctrl Pts',(-0.235999992952321,5.02751422548367,2.12437253915968E-16));
#3358=CARTESIAN_POINT('Ctrl Pts',(-0.235999992952322,0.566497154903266,
1.37239289273057E-16));
#3359=CARTESIAN_POINT('Ctrl Pts',(-0.235999992952321,5.02751422548367,0.58750000000003));
#3360=CARTESIAN_POINT('Ctrl Pts',(-0.235999992952322,0.566497154903266,
0.58750000000003));
#3361=CARTESIAN_POINT('Ctrl Pts',(-0.509955742118397,5.02751422548367,0.58750000000003));
#3362=CARTESIAN_POINT('Ctrl Pts',(-0.509955742118397,0.566497154903266,
0.58750000000003));
#3363=CARTESIAN_POINT('Origin',(-0.485999992952322,2.10895200541427,0.468749999999997));
#3364=CARTESIAN_POINT('',(-0.235999992952322,2.10895200541427,0.468749999999997));
#3365=CARTESIAN_POINT('Origin',(0.144000007047678,1.5,1.96693055543827E-16));
#3366=CARTESIAN_POINT('',(0.144000007047678,1.5,1.96693055543827E-16));
#3367=CARTESIAN_POINT('Origin',(0.923185875117135,3.03186376767913,0.937499999999997));
#3368=CARTESIAN_POINT('',(0.896495788875476,3.11361729540982,0.937499999999998));
#3369=CARTESIAN_POINT('Origin',(-0.978058955829149,2.41116408764055,0.937500000000023));
#3370=CARTESIAN_POINT('',(-1.00474904207081,2.49291761537124,0.937500000000023));
#3371=CARTESIAN_POINT('Origin',(-0.235999992952322,3.49999999999999,1.96693055543827E-16));
#3372=CARTESIAN_POINT('',(-0.235999992952322,1.5,1.96693055543827E-16));
#3373=CARTESIAN_POINT('Origin',(-0.0459999929523217,1.5,1.96693055543827E-16));
#3374=CARTESIAN_POINT('',(0.0400000070476781,1.5,1.96693055543827E-16));
#3375=CARTESIAN_POINT('Origin',(-0.0459999929523224,3.49999999999999,1.96693055543827E-16));
#3376=CARTESIAN_POINT('',(0.0400000070476774,3.49999999999999,1.96693055543827E-16));
#3377=CARTESIAN_POINT('Origin',(-0.0459999929523217,1.5,1.96693055543827E-16));
#3378=UNCERTAINTY_MEASURE_WITH_UNIT(LENGTH_MEASURE(0.000393700787401575),
#3384,'DISTANCE_ACCURACY_VALUE',
'Maximum model space distance between geometric entities at asserted c
onnectivities');
#3379=UNCERTAINTY_MEASURE_WITH_UNIT(LENGTH_MEASURE(0.000393700787401575),
#3384,'DISTANCE_ACCURACY_VALUE',
'Maximum model space distance between geometric entities at asserted c
onnectivities');
#3380=(
GEOMETRIC_REPRESENTATION_CONTEXT(3)
GLOBAL_UNCERTAINTY_ASSIGNED_CONTEXT((#3378))
GLOBAL_UNIT_ASSIGNED_CONTEXT((#3384,#3388,#3389))
REPRESENTATION_CONTEXT('','3D')
);
#3381=(
GEOMETRIC_REPRESENTATION_CONTEXT(3)
GLOBAL_UNCERTAINTY_ASSIGNED_CONTEXT((#3379))
GLOBAL_UNIT_ASSIGNED_CONTEXT((#3384,#3388,#3389))
REPRESENTATION_CONTEXT('','3D')
);
#3382=DIMENSIONAL_EXPONENTS(1.,0.,0.,0.,0.,0.,0.);
#3383=DIMENSIONAL_EXPONENTS(0.,1.,0.,0.,0.,0.,0.);
#3384=(
CONVERSION_BASED_UNIT('inch',#3387)
LENGTH_UNIT()
NAMED_UNIT(#3382)
);
#3385=(
LENGTH_UNIT()
NAMED_UNIT(*)
SI_UNIT(.MILLI.,.METRE.)
);
#3386=(
LENGTH_UNIT()
NAMED_UNIT(*)
SI_UNIT(.CENTI.,.METRE.)
);
#3387=LENGTH_MEASURE_WITH_UNIT(LENGTH_MEASURE(25.4),#3385);
#3388=(
NAMED_UNIT(*)
PLANE_ANGLE_UNIT()
SI_UNIT($,.RADIAN.)
);
#3389=(
NAMED_UNIT(*)
SI_UNIT($,.STERADIAN.)
SOLID_ANGLE_UNIT()
);
#3390=SHAPE_DEFINITION_REPRESENTATION(#3391,#3392);
#3391=PRODUCT_DEFINITION_SHAPE('',$,#3394);
#3392=SHAPE_REPRESENTATION('',(#1536),#3380);
#3393=PRODUCT_DEFINITION_CONTEXT('part definition',#3398,'design');
#3394=PRODUCT_DEFINITION('TwistySupport','TwistySupport',#3395,#3393);
#3395=PRODUCT_DEFINITION_FORMATION('',$,#3400);
#3396=PRODUCT_RELATED_PRODUCT_CATEGORY('TwistySupport','TwistySupport',
(#3400));
#3397=APPLICATION_PROTOCOL_DEFINITION('international standard',
'automotive_design',2009,#3398);
#3398=APPLICATION_CONTEXT(
'Core Data for Automotive Mechanical Design Process');
#3399=PRODUCT_CONTEXT('part definition',#3398,'mechanical');
#3400=PRODUCT('TwistySupport','TwistySupport',$,(#3399));
#3401=PRESENTATION_STYLE_ASSIGNMENT((#3402));
#3402=SURFACE_STYLE_USAGE(.BOTH.,#3405);
#3403=SURFACE_STYLE_RENDERING_WITH_PROPERTIES($,#3409,(#3404));
#3404=SURFACE_STYLE_TRANSPARENT(0.);
#3405=SURFACE_SIDE_STYLE('',(#3406,#3403));
#3406=SURFACE_STYLE_FILL_AREA(#3407);
#3407=FILL_AREA_STYLE('',(#3408));
#3408=FILL_AREA_STYLE_COLOUR('',#3409);
#3409=COLOUR_RGB('',0.0196078431372549,0.0196078431372549,0.0196078431372549);
ENDSEC;
END-ISO-10303-21;
