ISO-10303-21;
HEADER;
/* Generated by software containing ST-Developer
 * from STEP Tools, Inc. (www.steptools.com) 
 */

FILE_DESCRIPTION(
/* description */ (''),
/* implementation_level */ '2;1');

FILE_NAME(
/* name */ '6PSprocket.stp',
/* time_stamp */ '2025-10-13T23:37:20-04:00',
/* author */ ('Teddy'),
/* organization */ (''),
/* preprocessor_version */ 'ST-DEVELOPER v20.1',
/* originating_system */ 'Autodesk Inventor 2026',
/* authorisation */ '');

FILE_SCHEMA (('AUTOMOTIVE_DESIGN { 1 0 10303 214 3 1 1 }'));
ENDSEC;

DATA;
#10=MECHANICAL_DESIGN_GEOMETRIC_PRESENTATION_REPRESENTATION('',(#13),#4344);
#11=SHAPE_REPRESENTATION_RELATIONSHIP('SRR','None',#4355,#12);
#12=ADVANCED_BREP_SHAPE_REPRESENTATION('',(#14),#4343);
#13=STYLED_ITEM('',(#4364),#14);
#14=MANIFOLD_SOLID_BREP('Solid1',#2096);
#15=B_SPLINE_SURFACE_WITH_KNOTS('',3,1,((#3661,#3662),(#3663,#3664),(#3665,
#3666),(#3667,#3668),(#3669,#3670),(#3671,#3672),(#3673,#3674),(#3675,#3676)),
 .UNSPECIFIED.,.F.,.F.,.F.,(4,2,2,4),(2,2),(-0.992879865708783,-0.98946509352915,
-0.852479602499284,-0.813798294035296),(0.,0.508),.UNSPECIFIED.);
#16=B_SPLINE_SURFACE_WITH_KNOTS('',3,1,((#3678,#3679),(#3680,#3681),(#3682,
#3683),(#3684,#3685),(#3686,#3687),(#3688,#3689),(#3690,#3691),(#3692,#3693),
(#3694,#3695),(#3696,#3697)),.UNSPECIFIED.,.F.,.F.,.F.,(4,2,2,2,4),(2,2),
(-0.188257843497453,-0.160571429864322,-0.128570991870077,-0.096570553875833,
-0.0688841402427013),(0.,0.508),.UNSPECIFIED.);
#17=B_SPLINE_SURFACE_WITH_KNOTS('',3,1,((#3699,#3700),(#3701,#3702),(#3703,
#3704),(#3705,#3706),(#3707,#3708),(#3709,#3710),(#3711,#3712),(#3713,#3714)),
 .UNSPECIFIED.,.F.,.F.,.F.,(4,2,2,4),(2,2),(-0.277385754239363,-0.238704445775374,
-0.101718954745509,-0.0983041825658761),(0.,0.508),.UNSPECIFIED.);
#18=B_SPLINE_SURFACE_WITH_KNOTS('',3,1,((#3736,#3737),(#3738,#3739),(#3740,
#3741),(#3742,#3743),(#3744,#3745),(#3746,#3747),(#3748,#3749),(#3750,#3751)),
 .UNSPECIFIED.,.F.,.F.,.F.,(4,2,2,4),(2,2),(-0.992879865708782,-0.98946509352915,
-0.852479602499284,-0.813798294035296),(0.,0.508),.UNSPECIFIED.);
#19=B_SPLINE_SURFACE_WITH_KNOTS('',3,1,((#3753,#3754),(#3755,#3756),(#3757,
#3758),(#3759,#3760),(#3761,#3762),(#3763,#3764),(#3765,#3766),(#3767,#3768),
(#3769,#3770),(#3771,#3772)),.UNSPECIFIED.,.F.,.F.,.F.,(4,2,2,2,4),(2,2),
(-0.188257843497453,-0.160571429864322,-0.128570991870077,-0.096570553875833,
-0.0688841402427011),(0.,0.508),.UNSPECIFIED.);
#20=B_SPLINE_SURFACE_WITH_KNOTS('',3,1,((#3774,#3775),(#3776,#3777),(#3778,
#3779),(#3780,#3781),(#3782,#3783),(#3784,#3785),(#3786,#3787),(#3788,#3789)),
 .UNSPECIFIED.,.F.,.F.,.F.,(4,2,2,4),(2,2),(-0.277385754239363,-0.238704445775374,
-0.101718954745509,-0.0983041825658763),(0.,0.508),.UNSPECIFIED.);
#21=B_SPLINE_SURFACE_WITH_KNOTS('',3,1,((#3818,#3819),(#3820,#3821),(#3822,
#3823),(#3824,#3825),(#3826,#3827),(#3828,#3829),(#3830,#3831),(#3832,#3833)),
 .UNSPECIFIED.,.F.,.F.,.F.,(4,2,2,4),(2,2),(-0.992879865708782,-0.989465093529149,
-0.852479602499284,-0.813798294035295),(0.,0.508),.UNSPECIFIED.);
#22=B_SPLINE_SURFACE_WITH_KNOTS('',3,1,((#3835,#3836),(#3837,#3838),(#3839,
#3840),(#3841,#3842),(#3843,#3844),(#3845,#3846),(#3847,#3848),(#3849,#3850),
(#3851,#3852),(#3853,#3854)),.UNSPECIFIED.,.F.,.F.,.F.,(4,2,2,2,4),(2,2),
(-0.188257843497453,-0.160571429864321,-0.128570991870077,-0.0965705538758324,
-0.068884140242701),(0.,0.508),.UNSPECIFIED.);
#23=B_SPLINE_SURFACE_WITH_KNOTS('',3,1,((#3856,#3857),(#3858,#3859),(#3860,
#3861),(#3862,#3863),(#3864,#3865),(#3866,#3867),(#3868,#3869),(#3870,#3871)),
 .UNSPECIFIED.,.F.,.F.,.F.,(4,2,2,4),(2,2),(-0.277385754239363,-0.238704445775374,
-0.101718954745509,-0.0983041825658763),(0.,0.508),.UNSPECIFIED.);
#24=B_SPLINE_SURFACE_WITH_KNOTS('',3,1,((#3893,#3894),(#3895,#3896),(#3897,
#3898),(#3899,#3900),(#3901,#3902),(#3903,#3904),(#3905,#3906),(#3907,#3908)),
 .UNSPECIFIED.,.F.,.F.,.F.,(4,2,2,4),(2,2),(-0.992879865708782,-0.98946509352915,
-0.852479602499284,-0.813798294035296),(0.,0.508),.UNSPECIFIED.);
#25=B_SPLINE_SURFACE_WITH_KNOTS('',3,1,((#3910,#3911),(#3912,#3913),(#3914,
#3915),(#3916,#3917),(#3918,#3919),(#3920,#3921),(#3922,#3923),(#3924,#3925),
(#3926,#3927),(#3928,#3929)),.UNSPECIFIED.,.F.,.F.,.F.,(4,2,2,2,4),(2,2),
(-0.188257843497442,-0.160571429864322,-0.128570991870079,-0.0965705538758365,
-0.0688841402427065),(0.,0.508),.UNSPECIFIED.);
#26=B_SPLINE_SURFACE_WITH_KNOTS('',3,1,((#3931,#3932),(#3933,#3934),(#3935,
#3936),(#3937,#3938),(#3939,#3940),(#3941,#3942),(#3943,#3944),(#3945,#3946)),
 .UNSPECIFIED.,.F.,.F.,.F.,(4,2,2,4),(2,2),(-0.277385754239363,-0.238704445775375,
-0.101718954745509,-0.0983041825658765),(0.,0.508),.UNSPECIFIED.);
#27=B_SPLINE_SURFACE_WITH_KNOTS('',3,1,((#3968,#3969),(#3970,#3971),(#3972,
#3973),(#3974,#3975),(#3976,#3977),(#3978,#3979),(#3980,#3981),(#3982,#3983)),
 .UNSPECIFIED.,.F.,.F.,.F.,(4,2,2,4),(2,2),(-0.992879865708782,-0.989465093529149,
-0.852479602499284,-0.813798294035295),(0.,0.508),.UNSPECIFIED.);
#28=B_SPLINE_SURFACE_WITH_KNOTS('',3,1,((#3985,#3986),(#3987,#3988),(#3989,
#3990),(#3991,#3992),(#3993,#3994),(#3995,#3996),(#3997,#3998),(#3999,#4000),
(#4001,#4002),(#4003,#4004)),.UNSPECIFIED.,.F.,.F.,.F.,(4,2,2,2,4),(2,2),
(-0.188257843497543,-0.160571429864412,-0.128570991870168,-0.0965705538759232,
-0.0688841402427011),(0.,0.508),.UNSPECIFIED.);
#29=B_SPLINE_SURFACE_WITH_KNOTS('',3,1,((#4006,#4007),(#4008,#4009),(#4010,
#4011),(#4012,#4013),(#4014,#4015),(#4016,#4017),(#4018,#4019),(#4020,#4021)),
 .UNSPECIFIED.,.F.,.F.,.F.,(4,2,2,4),(2,2),(-0.277385754239364,-0.238704445775375,
-0.10171895474551,-0.0983041825658766),(0.,0.508),.UNSPECIFIED.);
#30=B_SPLINE_SURFACE_WITH_KNOTS('',3,1,((#4050,#4051),(#4052,#4053),(#4054,
#4055),(#4056,#4057),(#4058,#4059),(#4060,#4061),(#4062,#4063),(#4064,#4065)),
 .UNSPECIFIED.,.F.,.F.,.F.,(4,2,2,4),(2,2),(-0.992879865708781,-0.989465093529149,
-0.852479602499283,-0.813798294035295),(0.,0.508),.UNSPECIFIED.);
#31=B_SPLINE_SURFACE_WITH_KNOTS('',3,1,((#4067,#4068),(#4069,#4070),(#4071,
#4072),(#4073,#4074),(#4075,#4076),(#4077,#4078),(#4079,#4080),(#4081,#4082),
(#4083,#4084),(#4085,#4086)),.UNSPECIFIED.,.F.,.F.,.F.,(4,2,2,2,4),(2,2),
(-0.188257843497543,-0.160571429864412,-0.128570991870168,-0.0965705538759234,
-0.068884140242701),(0.,0.508),.UNSPECIFIED.);
#32=B_SPLINE_SURFACE_WITH_KNOTS('',3,1,((#4088,#4089),(#4090,#4091),(#4092,
#4093),(#4094,#4095),(#4096,#4097),(#4098,#4099),(#4100,#4101),(#4102,#4103)),
 .UNSPECIFIED.,.F.,.F.,.F.,(4,2,2,4),(2,2),(-0.277385754239364,-0.238704445775375,
-0.101718954745509,-0.0983041825658764),(0.,0.508),.UNSPECIFIED.);
#33=B_SPLINE_SURFACE_WITH_KNOTS('',3,1,((#4131,#4132),(#4133,#4134),(#4135,
#4136),(#4137,#4138),(#4139,#4140),(#4141,#4142),(#4143,#4144),(#4145,#4146)),
 .UNSPECIFIED.,.F.,.F.,.F.,(4,2,2,4),(2,2),(-0.992879865708782,-0.989465093529149,
-0.852479602499284,-0.813798294035295),(0.,0.508),.UNSPECIFIED.);
#34=B_SPLINE_SURFACE_WITH_KNOTS('',3,1,((#4157,#4158),(#4159,#4160),(#4161,
#4162),(#4163,#4164),(#4165,#4166),(#4167,#4168),(#4169,#4170),(#4171,#4172),
(#4173,#4174),(#4175,#4176)),.UNSPECIFIED.,.F.,.F.,.F.,(4,2,2,2,4),(2,2),
(-0.188257843497463,-0.160571429864331,-0.128570991870086,-0.0965705538758406,
-0.0688841402427032),(0.,0.508),.UNSPECIFIED.);
#35=B_SPLINE_SURFACE_WITH_KNOTS('',3,1,((#4189,#4190),(#4191,#4192),(#4193,
#4194),(#4195,#4196),(#4197,#4198),(#4199,#4200),(#4201,#4202),(#4203,#4204)),
 .UNSPECIFIED.,.F.,.F.,.F.,(4,2,2,4),(2,2),(-0.277385754239363,-0.238704445775374,
-0.101718954745509,-0.0983041825658763),(0.,0.508),.UNSPECIFIED.);
#36=B_SPLINE_SURFACE_WITH_KNOTS('',3,1,((#4245,#4246),(#4247,#4248),(#4249,
#4250),(#4251,#4252),(#4253,#4254),(#4255,#4256),(#4257,#4258),(#4259,#4260)),
 .UNSPECIFIED.,.F.,.F.,.F.,(4,2,2,4),(2,2),(-0.992879865708782,-0.989465093529149,
-0.852479602499284,-0.813798294035295),(0.,0.508),.UNSPECIFIED.);
#37=B_SPLINE_SURFACE_WITH_KNOTS('',3,1,((#4271,#4272),(#4273,#4274),(#4275,
#4276),(#4277,#4278),(#4279,#4280),(#4281,#4282),(#4283,#4284),(#4285,#4286),
(#4287,#4288),(#4289,#4290)),.UNSPECIFIED.,.F.,.F.,.F.,(4,2,2,2,4),(2,2),
(-0.188257843497443,-0.160571429864312,-0.128570991870069,-0.0965705538758252,
-0.0688841402426992),(0.,0.508),.UNSPECIFIED.);
#38=B_SPLINE_SURFACE_WITH_KNOTS('',3,1,((#4303,#4304),(#4305,#4306),(#4307,
#4308),(#4309,#4310),(#4311,#4312),(#4313,#4314),(#4315,#4316),(#4317,#4318)),
 .UNSPECIFIED.,.F.,.F.,.F.,(4,2,2,4),(2,2),(-0.277385754239363,-0.238704445775374,
-0.101718954745509,-0.0983041825658764),(0.,0.508),.UNSPECIFIED.);
#39=(
BOUNDED_SURFACE()
B_SPLINE_SURFACE(1,2,((#3652,#3653,#3654),(#3655,#3656,#3657)),
 .UNSPECIFIED.,.F.,.F.,.F.)
B_SPLINE_SURFACE_WITH_KNOTS((2,2),(3,3),(0.,2.20565397609482),(-1.68220190387218,
-1.32260095111338),.UNSPECIFIED.)
GEOMETRIC_REPRESENTATION_ITEM()
RATIONAL_B_SPLINE_SURFACE(((1.,0.98387939383332,1.),(1.,0.98387939383332,
1.)))
REPRESENTATION_ITEM('')
SURFACE()
);
#40=(
BOUNDED_SURFACE()
B_SPLINE_SURFACE(1,2,((#3718,#3719,#3720),(#3721,#3722,#3723)),
 .UNSPECIFIED.,.F.,.F.,.F.)
B_SPLINE_SURFACE_WITH_KNOTS((2,2),(3,3),(0.,2.19810225765908),(-1.82576910181197,
-1.46727346637763),.UNSPECIFIED.)
GEOMETRIC_REPRESENTATION_ITEM()
RATIONAL_B_SPLINE_SURFACE(((1.,0.983978077330019,1.),(1.,0.983978077330019,
1.)))
REPRESENTATION_ITEM('')
SURFACE()
);
#41=(
BOUNDED_SURFACE()
B_SPLINE_SURFACE(1,2,((#3727,#3728,#3729),(#3730,#3731,#3732)),
 .UNSPECIFIED.,.F.,.F.,.F.)
B_SPLINE_SURFACE_WITH_KNOTS((2,2),(3,3),(0.,2.20565397604239),(-1.68220190386645,
-1.32260095111629),.UNSPECIFIED.)
GEOMETRIC_REPRESENTATION_ITEM()
RATIONAL_B_SPLINE_SURFACE(((1.,0.983879393834092,1.),(1.,0.983879393834092,
1.)))
REPRESENTATION_ITEM('')
SURFACE()
);
#42=(
BOUNDED_SURFACE()
B_SPLINE_SURFACE(1,2,((#3793,#3794,#3795),(#3796,#3797,#3798)),
 .UNSPECIFIED.,.F.,.F.,.F.)
B_SPLINE_SURFACE_WITH_KNOTS((2,2),(3,3),(0.,2.19810225753875),(1.31582355178111,
1.67431918719572),.UNSPECIFIED.)
GEOMETRIC_REPRESENTATION_ITEM()
RATIONAL_B_SPLINE_SURFACE(((1.,0.983978077331778,1.),(1.,0.983978077331778,
1.)))
REPRESENTATION_ITEM('')
SURFACE()
);
#43=(
BOUNDED_SURFACE()
B_SPLINE_SURFACE(1,2,((#3802,#3803,#3804),(#3805,#3806,#3807)),
 .UNSPECIFIED.,.F.,.F.,.F.)
B_SPLINE_SURFACE_WITH_KNOTS((2,2),(3,3),(0.,2.38836655268603),(-2.48702735471786,
-2.3979321382163),.UNSPECIFIED.)
GEOMETRIC_REPRESENTATION_ITEM()
RATIONAL_B_SPLINE_SURFACE(((1.,0.999007919380304,1.),(1.,0.999007919380304,
1.)))
REPRESENTATION_ITEM('')
SURFACE()
);
#44=(
BOUNDED_SURFACE()
B_SPLINE_SURFACE(1,2,((#3809,#3810,#3811),(#3812,#3813,#3814)),
 .UNSPECIFIED.,.F.,.F.,.F.)
B_SPLINE_SURFACE_WITH_KNOTS((2,2),(3,3),(0.,2.20565397606135),(-1.68220190386848,
-1.32260095111519),.UNSPECIFIED.)
GEOMETRIC_REPRESENTATION_ITEM()
RATIONAL_B_SPLINE_SURFACE(((1.,0.983879393833813,1.),(1.,0.983879393833813,
1.)))
REPRESENTATION_ITEM('')
SURFACE()
);
#45=(
BOUNDED_SURFACE()
B_SPLINE_SURFACE(1,2,((#3875,#3876,#3877),(#3878,#3879,#3880)),
 .UNSPECIFIED.,.F.,.F.,.F.)
B_SPLINE_SURFACE_WITH_KNOTS((2,2),(3,3),(0.,2.19810225762522),(1.31582355177984,
1.67431918720861),.UNSPECIFIED.)
GEOMETRIC_REPRESENTATION_ITEM()
RATIONAL_B_SPLINE_SURFACE(((1.,0.983978077330516,1.),(1.,0.983978077330516,
1.)))
REPRESENTATION_ITEM('')
SURFACE()
);
#46=(
BOUNDED_SURFACE()
B_SPLINE_SURFACE(1,2,((#3884,#3885,#3886),(#3887,#3888,#3889)),
 .UNSPECIFIED.,.F.,.F.,.F.)
B_SPLINE_SURFACE_WITH_KNOTS((2,2),(3,3),(0.,2.20565397611907),(-1.68220190387633,
-1.32260095111358),.UNSPECIFIED.)
GEOMETRIC_REPRESENTATION_ITEM()
RATIONAL_B_SPLINE_SURFACE(((1.,0.983879393832966,1.),(1.,0.983879393832966,
1.)))
REPRESENTATION_ITEM('')
SURFACE()
);
#47=(
BOUNDED_SURFACE()
B_SPLINE_SURFACE(1,2,((#3950,#3951,#3952),(#3953,#3954,#3955)),
 .UNSPECIFIED.,.F.,.F.,.F.)
B_SPLINE_SURFACE_WITH_KNOTS((2,2),(3,3),(0.,2.19810225754344),(1.31582355178012,
1.67431918719552),.UNSPECIFIED.)
GEOMETRIC_REPRESENTATION_ITEM()
RATIONAL_B_SPLINE_SURFACE(((1.,0.983978077331708,1.),(1.,0.983978077331708,
1.)))
REPRESENTATION_ITEM('')
SURFACE()
);
#48=(
BOUNDED_SURFACE()
B_SPLINE_SURFACE(1,2,((#3959,#3960,#3961),(#3962,#3963,#3964)),
 .UNSPECIFIED.,.F.,.F.,.F.)
B_SPLINE_SURFACE_WITH_KNOTS((2,2),(3,3),(0.,2.20565397616366),(1.45939074970697,
1.81899170247703),.UNSPECIFIED.)
GEOMETRIC_REPRESENTATION_ITEM()
RATIONAL_B_SPLINE_SURFACE(((1.,0.983879393832313,1.),(1.,0.983879393832313,
1.)))
REPRESENTATION_ITEM('')
SURFACE()
);
#49=(
BOUNDED_SURFACE()
B_SPLINE_SURFACE(1,2,((#4025,#4026,#4027),(#4028,#4029,#4030)),
 .UNSPECIFIED.,.F.,.F.,.F.)
B_SPLINE_SURFACE_WITH_KNOTS((2,2),(3,3),(0.,2.19810225756951),(1.31582355178,
1.67431918719966),.UNSPECIFIED.)
GEOMETRIC_REPRESENTATION_ITEM()
RATIONAL_B_SPLINE_SURFACE(((1.,0.983978077331328,1.),(1.,0.983978077331328,
1.)))
REPRESENTATION_ITEM('')
SURFACE()
);
#50=(
BOUNDED_SURFACE()
B_SPLINE_SURFACE(1,2,((#4032,#4033,#4034),(#4035,#4036,#4037)),
 .UNSPECIFIED.,.F.,.F.,.F.)
B_SPLINE_SURFACE_WITH_KNOTS((2,2),(3,3),(0.,2.82394250938997),(-0.335322894431298,
-0.115958266342162),.UNSPECIFIED.)
GEOMETRIC_REPRESENTATION_ITEM()
RATIONAL_B_SPLINE_SURFACE(((1.,0.993990922823303,1.),(1.,0.993990922823303,
1.)))
REPRESENTATION_ITEM('')
SURFACE()
);
#51=(
BOUNDED_SURFACE()
B_SPLINE_SURFACE(1,2,((#4041,#4042,#4043),(#4044,#4045,#4046)),
 .UNSPECIFIED.,.F.,.F.,.F.)
B_SPLINE_SURFACE_WITH_KNOTS((2,2),(3,3),(0.,2.20565397606156),(1.45939074972168,
1.81899170247501),.UNSPECIFIED.)
GEOMETRIC_REPRESENTATION_ITEM()
RATIONAL_B_SPLINE_SURFACE(((1.,0.983879393833809,1.),(1.,0.983879393833809,
1.)))
REPRESENTATION_ITEM('')
SURFACE()
);
#52=(
BOUNDED_SURFACE()
B_SPLINE_SURFACE(1,2,((#4107,#4108,#4109),(#4110,#4111,#4112)),
 .UNSPECIFIED.,.F.,.F.,.F.)
B_SPLINE_SURFACE_WITH_KNOTS((2,2),(3,3),(0.,2.19810225758278),(-1.82576910180952,
-1.4672734663877),.UNSPECIFIED.)
GEOMETRIC_REPRESENTATION_ITEM()
RATIONAL_B_SPLINE_SURFACE(((1.,0.983978077331135,1.),(1.,0.983978077331135,
1.)))
REPRESENTATION_ITEM('')
SURFACE()
);
#53=(
BOUNDED_SURFACE()
B_SPLINE_SURFACE(1,2,((#4118,#4119,#4120),(#4121,#4122,#4123)),
 .UNSPECIFIED.,.F.,.F.,.F.)
B_SPLINE_SURFACE_WITH_KNOTS((2,2),(3,3),(0.,2.20565397608518),(1.45939074971836,
1.81899170247556),.UNSPECIFIED.)
GEOMETRIC_REPRESENTATION_ITEM()
RATIONAL_B_SPLINE_SURFACE(((1.,0.983879393833463,1.),(1.,0.983879393833463,
1.)))
REPRESENTATION_ITEM('')
SURFACE()
);
#54=(
BOUNDED_SURFACE()
B_SPLINE_SURFACE(1,2,((#4219,#4220,#4221),(#4222,#4223,#4224)),
 .UNSPECIFIED.,.F.,.F.,.F.)
B_SPLINE_SURFACE_WITH_KNOTS((2,2),(3,3),(0.,2.19810225754826),(-1.82576910180894,
-1.46727346639277),.UNSPECIFIED.)
GEOMETRIC_REPRESENTATION_ITEM()
RATIONAL_B_SPLINE_SURFACE(((1.,0.983978077331639,1.),(1.,0.983978077331639,
1.)))
REPRESENTATION_ITEM('')
SURFACE()
);
#55=(
BOUNDED_SURFACE()
B_SPLINE_SURFACE(1,2,((#4232,#4233,#4234),(#4235,#4236,#4237)),
 .UNSPECIFIED.,.F.,.F.,.F.)
B_SPLINE_SURFACE_WITH_KNOTS((2,2),(3,3),(0.,2.20565397606035),(1.45939074972157,
1.81899170247469),.UNSPECIFIED.)
GEOMETRIC_REPRESENTATION_ITEM()
RATIONAL_B_SPLINE_SURFACE(((1.,0.983879393833827,1.),(1.,0.983879393833827,
1.)))
REPRESENTATION_ITEM('')
SURFACE()
);
#56=(
BOUNDED_SURFACE()
B_SPLINE_SURFACE(1,2,((#4333,#4334,#4335),(#4336,#4337,#4338)),
 .UNSPECIFIED.,.F.,.F.,.F.)
B_SPLINE_SURFACE_WITH_KNOTS((2,2),(3,3),(0.,2.19810225755241),(-1.82576910180915,
-1.4672734663923),.UNSPECIFIED.)
GEOMETRIC_REPRESENTATION_ITEM()
RATIONAL_B_SPLINE_SURFACE(((1.,0.983978077331579,1.),(1.,0.983978077331579,
1.)))
REPRESENTATION_ITEM('')
SURFACE()
);
#57=FACE_BOUND('',#590,.T.);
#58=FACE_BOUND('',#611,.T.);
#59=ELLIPSE('',#2156,0.0909875777225867,0.047119718977796);
#60=ELLIPSE('',#2157,0.0906760544366347,0.0468714768245148);
#61=ELLIPSE('',#2159,0.0909875777176057,0.04711971897263);
#62=ELLIPSE('',#2160,0.0906760544344794,0.0468714768222695);
#63=ELLIPSE('',#2164,0.0909875777223922,0.0471197189775882);
#64=ELLIPSE('',#2165,0.0906760544334824,0.0468714768212397);
#65=ELLIPSE('',#2167,0.0909875777190074,0.0471197189740895);
#66=ELLIPSE('',#2168,0.0906760544358553,0.0468714768237053);
#67=ELLIPSE('',#2169,0.083739240015346,0.0385585867535749);
#68=ELLIPSE('',#2173,0.090987577720764,0.0471197189759086);
#69=ELLIPSE('',#2174,0.0906760544358468,0.0468714768236924);
#70=ELLIPSE('',#2176,0.070822971549518,0.0675251095385124);
#71=ELLIPSE('',#2177,0.0909875777213133,0.0471197189764716);
#72=ELLIPSE('',#2178,0.0906760544316493,0.0468714768193429);
#73=ELLIPSE('',#2221,0.083739240015346,0.0385585867535749);
#74=ELLIPSE('',#2222,0.0906760544358553,0.0468714768237053);
#75=ELLIPSE('',#2223,0.0909875777190074,0.0471197189740895);
#76=ELLIPSE('',#2225,0.0906760544334824,0.0468714768212397);
#77=ELLIPSE('',#2226,0.0909875777223922,0.0471197189775882);
#78=ELLIPSE('',#2230,0.0906760544344794,0.0468714768222695);
#79=ELLIPSE('',#2231,0.0909875777176057,0.04711971897263);
#80=ELLIPSE('',#2233,0.0906760544366347,0.0468714768245148);
#81=ELLIPSE('',#2234,0.0909875777225867,0.047119718977796);
#82=ELLIPSE('',#2238,0.0906760544348759,0.0468714768226833);
#83=ELLIPSE('',#2239,0.0909875777221929,0.0471197189773863);
#84=ELLIPSE('',#2241,0.0906760544358964,0.0468714768237444);
#85=ELLIPSE('',#2242,0.0909875777220213,0.0471197189772119);
#86=ELLIPSE('',#2247,0.0906760544316493,0.0468714768193429);
#87=ELLIPSE('',#2248,0.0909875777213133,0.0471197189764716);
#88=ELLIPSE('',#2249,0.070822971549518,0.0675251095385124);
#89=ELLIPSE('',#2251,0.0906760544358468,0.0468714768236924);
#90=ELLIPSE('',#2252,0.090987577720764,0.0471197189759086);
#91=ELLIPSE('',#2288,0.0906760544348759,0.0468714768226833);
#92=ELLIPSE('',#2291,0.0909875777221929,0.0471197189773863);
#93=ELLIPSE('',#2294,0.0906760544358964,0.0468714768237444);
#94=ELLIPSE('',#2297,0.0909875777220213,0.0471197189772119);
#95=PLANE('',#2154);
#96=PLANE('',#2162);
#97=PLANE('',#2171);
#98=PLANE('',#2180);
#99=PLANE('',#2181);
#100=PLANE('',#2182);
#101=PLANE('',#2219);
#102=PLANE('',#2228);
#103=PLANE('',#2236);
#104=PLANE('',#2245);
#105=PLANE('',#2254);
#106=PLANE('',#2255);
#107=PLANE('',#2256);
#108=PLANE('',#2257);
#109=PLANE('',#2258);
#110=PLANE('',#2259);
#111=PLANE('',#2260);
#112=PLANE('',#2261);
#113=PLANE('',#2262);
#114=PLANE('',#2263);
#115=PLANE('',#2264);
#116=PLANE('',#2269);
#117=PLANE('',#2270);
#118=PLANE('',#2272);
#119=PLANE('',#2273);
#120=PLANE('',#2275);
#121=PLANE('',#2276);
#122=PLANE('',#2278);
#123=PLANE('',#2279);
#124=PLANE('',#2281);
#125=PLANE('',#2282);
#126=PLANE('',#2284);
#127=PLANE('',#2285);
#128=PLANE('',#2289);
#129=PLANE('',#2290);
#130=PLANE('',#2295);
#131=PLANE('',#2296);
#132=PLANE('',#2298);
#133=LINE('',#2852,#284);
#134=LINE('',#2853,#285);
#135=LINE('',#2891,#286);
#136=LINE('',#2892,#287);
#137=LINE('',#2894,#288);
#138=LINE('',#2895,#289);
#139=LINE('',#2900,#290);
#140=LINE('',#2901,#291);
#141=LINE('',#2903,#292);
#142=LINE('',#2904,#293);
#143=LINE('',#2909,#294);
#144=LINE('',#2910,#295);
#145=LINE('',#2915,#296);
#146=LINE('',#2916,#297);
#147=LINE('',#2921,#298);
#148=LINE('',#2922,#299);
#149=LINE('',#2929,#300);
#150=LINE('',#2960,#301);
#151=LINE('',#2968,#302);
#152=LINE('',#2999,#303);
#153=LINE('',#3009,#304);
#154=LINE('',#3040,#305);
#155=LINE('',#3048,#306);
#156=LINE('',#3079,#307);
#157=LINE('',#3091,#308);
#158=LINE('',#3122,#309);
#159=LINE('',#3132,#310);
#160=LINE('',#3163,#311);
#161=LINE('',#3168,#312);
#162=LINE('',#3170,#313);
#163=LINE('',#3171,#314);
#164=LINE('',#3172,#315);
#165=LINE('',#3175,#316);
#166=LINE('',#3177,#317);
#167=LINE('',#3179,#318);
#168=LINE('',#3180,#319);
#169=LINE('',#3219,#320);
#170=LINE('',#3220,#321);
#171=LINE('',#3240,#322);
#172=LINE('',#3241,#323);
#173=LINE('',#3246,#324);
#174=LINE('',#3247,#325);
#175=LINE('',#3267,#326);
#176=LINE('',#3268,#327);
#177=LINE('',#3273,#328);
#178=LINE('',#3274,#329);
#179=LINE('',#3276,#330);
#180=LINE('',#3277,#331);
#181=LINE('',#3282,#332);
#182=LINE('',#3283,#333);
#183=LINE('',#3288,#334);
#184=LINE('',#3289,#335);
#185=LINE('',#3298,#336);
#186=LINE('',#3329,#337);
#187=LINE('',#3337,#338);
#188=LINE('',#3368,#339);
#189=LINE('',#3378,#340);
#190=LINE('',#3409,#341);
#191=LINE('',#3417,#342);
#192=LINE('',#3448,#343);
#193=LINE('',#3458,#344);
#194=LINE('',#3489,#345);
#195=LINE('',#3497,#346);
#196=LINE('',#3528,#347);
#197=LINE('',#3540,#348);
#198=LINE('',#3571,#349);
#199=LINE('',#3581,#350);
#200=LINE('',#3612,#351);
#201=LINE('',#3617,#352);
#202=LINE('',#3619,#353);
#203=LINE('',#3621,#354);
#204=LINE('',#3622,#355);
#205=LINE('',#3625,#356);
#206=LINE('',#3627,#357);
#207=LINE('',#3629,#358);
#208=LINE('',#3630,#359);
#209=LINE('',#3636,#360);
#210=LINE('',#3637,#361);
#211=LINE('',#3639,#362);
#212=LINE('',#3641,#363);
#213=LINE('',#3645,#364);
#214=LINE('',#3648,#365);
#215=LINE('',#3651,#366);
#216=LINE('',#3658,#367);
#217=LINE('',#3660,#368);
#218=LINE('',#3677,#369);
#219=LINE('',#3698,#370);
#220=LINE('',#3715,#371);
#221=LINE('',#3717,#372);
#222=LINE('',#3724,#373);
#223=LINE('',#3726,#374);
#224=LINE('',#3733,#375);
#225=LINE('',#3735,#376);
#226=LINE('',#3752,#377);
#227=LINE('',#3773,#378);
#228=LINE('',#3790,#379);
#229=LINE('',#3792,#380);
#230=LINE('',#3799,#381);
#231=LINE('',#3801,#382);
#232=LINE('',#3808,#383);
#233=LINE('',#3815,#384);
#234=LINE('',#3817,#385);
#235=LINE('',#3834,#386);
#236=LINE('',#3855,#387);
#237=LINE('',#3872,#388);
#238=LINE('',#3874,#389);
#239=LINE('',#3881,#390);
#240=LINE('',#3883,#391);
#241=LINE('',#3890,#392);
#242=LINE('',#3892,#393);
#243=LINE('',#3909,#394);
#244=LINE('',#3930,#395);
#245=LINE('',#3947,#396);
#246=LINE('',#3949,#397);
#247=LINE('',#3956,#398);
#248=LINE('',#3958,#399);
#249=LINE('',#3965,#400);
#250=LINE('',#3967,#401);
#251=LINE('',#3984,#402);
#252=LINE('',#4005,#403);
#253=LINE('',#4022,#404);
#254=LINE('',#4024,#405);
#255=LINE('',#4031,#406);
#256=LINE('',#4038,#407);
#257=LINE('',#4040,#408);
#258=LINE('',#4047,#409);
#259=LINE('',#4049,#410);
#260=LINE('',#4066,#411);
#261=LINE('',#4087,#412);
#262=LINE('',#4104,#413);
#263=LINE('',#4106,#414);
#264=LINE('',#4113,#415);
#265=LINE('',#4117,#416);
#266=LINE('',#4126,#417);
#267=LINE('',#4129,#418);
#268=LINE('',#4130,#419);
#269=LINE('',#4156,#420);
#270=LINE('',#4188,#421);
#271=LINE('',#4214,#422);
#272=LINE('',#4217,#423);
#273=LINE('',#4218,#424);
#274=LINE('',#4227,#425);
#275=LINE('',#4231,#426);
#276=LINE('',#4240,#427);
#277=LINE('',#4243,#428);
#278=LINE('',#4244,#429);
#279=LINE('',#4270,#430);
#280=LINE('',#4302,#431);
#281=LINE('',#4328,#432);
#282=LINE('',#4331,#433);
#283=LINE('',#4332,#434);
#284=VECTOR('',#2327,0.393700787401575);
#285=VECTOR('',#2328,0.393700787401575);
#286=VECTOR('',#2355,0.393700787401575);
#287=VECTOR('',#2356,0.393700787401575);
#288=VECTOR('',#2359,0.393700787401575);
#289=VECTOR('',#2360,0.393700787401575);
#290=VECTOR('',#2365,0.393700787401575);
#291=VECTOR('',#2366,0.393700787401575);
#292=VECTOR('',#2369,0.393700787401575);
#293=VECTOR('',#2370,0.393700787401575);
#294=VECTOR('',#2375,0.393700787401575);
#295=VECTOR('',#2376,0.393700787401575);
#296=VECTOR('',#2381,0.393700787401575);
#297=VECTOR('',#2382,0.393700787401575);
#298=VECTOR('',#2387,0.393700787401575);
#299=VECTOR('',#2388,0.393700787401575);
#300=VECTOR('',#2395,0.393700787401575);
#301=VECTOR('',#2396,0.393700787401575);
#302=VECTOR('',#2403,0.393700787401575);
#303=VECTOR('',#2404,0.393700787401575);
#304=VECTOR('',#2415,0.393700787401575);
#305=VECTOR('',#2416,0.393700787401575);
#306=VECTOR('',#2423,0.393700787401575);
#307=VECTOR('',#2424,0.393700787401575);
#308=VECTOR('',#2437,0.393700787401575);
#309=VECTOR('',#2438,0.393700787401575);
#310=VECTOR('',#2447,0.393700787401575);
#311=VECTOR('',#2448,0.393700787401575);
#312=VECTOR('',#2455,0.393700787401575);
#313=VECTOR('',#2458,0.393700787401575);
#314=VECTOR('',#2459,0.393700787401575);
#315=VECTOR('',#2460,0.393700787401575);
#316=VECTOR('',#2461,0.393700787401575);
#317=VECTOR('',#2462,0.393700787401575);
#318=VECTOR('',#2463,0.393700787401575);
#319=VECTOR('',#2464,0.393700787401575);
#320=VECTOR('',#2493,0.393700787401575);
#321=VECTOR('',#2494,0.393700787401575);
#322=VECTOR('',#2509,0.393700787401575);
#323=VECTOR('',#2510,0.393700787401575);
#324=VECTOR('',#2515,0.393700787401575);
#325=VECTOR('',#2516,0.393700787401575);
#326=VECTOR('',#2531,0.393700787401575);
#327=VECTOR('',#2532,0.393700787401575);
#328=VECTOR('',#2537,0.393700787401575);
#329=VECTOR('',#2538,0.393700787401575);
#330=VECTOR('',#2541,0.393700787401575);
#331=VECTOR('',#2542,0.393700787401575);
#332=VECTOR('',#2547,0.393700787401575);
#333=VECTOR('',#2548,0.393700787401575);
#334=VECTOR('',#2553,0.393700787401575);
#335=VECTOR('',#2554,0.393700787401575);
#336=VECTOR('',#2563,0.393700787401575);
#337=VECTOR('',#2564,0.393700787401575);
#338=VECTOR('',#2571,0.393700787401575);
#339=VECTOR('',#2572,0.393700787401575);
#340=VECTOR('',#2583,0.393700787401575);
#341=VECTOR('',#2584,0.393700787401575);
#342=VECTOR('',#2591,0.393700787401575);
#343=VECTOR('',#2592,0.393700787401575);
#344=VECTOR('',#2603,0.393700787401575);
#345=VECTOR('',#2604,0.393700787401575);
#346=VECTOR('',#2611,0.393700787401575);
#347=VECTOR('',#2612,0.393700787401575);
#348=VECTOR('',#2625,0.393700787401575);
#349=VECTOR('',#2626,0.393700787401575);
#350=VECTOR('',#2635,0.393700787401575);
#351=VECTOR('',#2636,0.393700787401575);
#352=VECTOR('',#2643,0.393700787401575);
#353=VECTOR('',#2646,0.393700787401575);
#354=VECTOR('',#2649,0.393700787401575);
#355=VECTOR('',#2650,0.393700787401575);
#356=VECTOR('',#2651,0.393700787401575);
#357=VECTOR('',#2652,0.393700787401575);
#358=VECTOR('',#2653,0.393700787401575);
#359=VECTOR('',#2654,0.393700787401575);
#360=VECTOR('',#2665,0.393700787401575);
#361=VECTOR('',#2666,0.393700787401575);
#362=VECTOR('',#2669,0.393700787401575);
#363=VECTOR('',#2672,0.393700787401575);
#364=VECTOR('',#2677,0.393700787401575);
#365=VECTOR('',#2680,0.393700787401575);
#366=VECTOR('',#2685,0.393700787401575);
#367=VECTOR('',#2686,0.393700787401575);
#368=VECTOR('',#2689,0.393700787401575);
#369=VECTOR('',#2690,0.393700787401575);
#370=VECTOR('',#2691,0.393700787401575);
#371=VECTOR('',#2692,0.393700787401575);
#372=VECTOR('',#2695,0.393700787401575);
#373=VECTOR('',#2696,0.393700787401575);
#374=VECTOR('',#2699,0.393700787401575);
#375=VECTOR('',#2700,0.393700787401575);
#376=VECTOR('',#2703,0.393700787401575);
#377=VECTOR('',#2704,0.393700787401575);
#378=VECTOR('',#2705,0.393700787401575);
#379=VECTOR('',#2706,0.393700787401575);
#380=VECTOR('',#2709,0.393700787401575);
#381=VECTOR('',#2710,0.393700787401575);
#382=VECTOR('',#2713,0.393700787401575);
#383=VECTOR('',#2714,0.393700787401575);
#384=VECTOR('',#2715,0.393700787401575);
#385=VECTOR('',#2718,0.393700787401575);
#386=VECTOR('',#2719,0.393700787401575);
#387=VECTOR('',#2720,0.393700787401575);
#388=VECTOR('',#2721,0.393700787401575);
#389=VECTOR('',#2724,0.393700787401575);
#390=VECTOR('',#2725,0.393700787401575);
#391=VECTOR('',#2728,0.393700787401575);
#392=VECTOR('',#2729,0.393700787401575);
#393=VECTOR('',#2732,0.393700787401575);
#394=VECTOR('',#2733,0.393700787401575);
#395=VECTOR('',#2734,0.393700787401575);
#396=VECTOR('',#2735,0.393700787401575);
#397=VECTOR('',#2738,0.393700787401575);
#398=VECTOR('',#2739,0.393700787401575);
#399=VECTOR('',#2742,0.393700787401575);
#400=VECTOR('',#2743,0.393700787401575);
#401=VECTOR('',#2746,0.393700787401575);
#402=VECTOR('',#2747,0.393700787401575);
#403=VECTOR('',#2748,0.393700787401575);
#404=VECTOR('',#2749,0.393700787401575);
#405=VECTOR('',#2752,0.393700787401575);
#406=VECTOR('',#2753,0.393700787401575);
#407=VECTOR('',#2754,0.393700787401575);
#408=VECTOR('',#2757,0.393700787401575);
#409=VECTOR('',#2758,0.393700787401575);
#410=VECTOR('',#2761,0.393700787401575);
#411=VECTOR('',#2762,0.393700787401575);
#412=VECTOR('',#2763,0.393700787401575);
#413=VECTOR('',#2764,0.393700787401575);
#414=VECTOR('',#2767,0.393700787401575);
#415=VECTOR('',#2768,0.393700787401575);
#416=VECTOR('',#2773,0.393700787401575);
#417=VECTOR('',#2776,0.393700787401575);
#418=VECTOR('',#2779,0.393700787401575);
#419=VECTOR('',#2780,0.393700787401575);
#420=VECTOR('',#2781,0.393700787401575);
#421=VECTOR('',#2782,0.393700787401575);
#422=VECTOR('',#2783,0.393700787401575);
#423=VECTOR('',#2786,0.393700787401575);
#424=VECTOR('',#2787,0.393700787401575);
#425=VECTOR('',#2790,0.393700787401575);
#426=VECTOR('',#2795,0.393700787401575);
#427=VECTOR('',#2798,0.393700787401575);
#428=VECTOR('',#2801,0.393700787401575);
#429=VECTOR('',#2802,0.393700787401575);
#430=VECTOR('',#2803,0.393700787401575);
#431=VECTOR('',#2804,0.393700787401575);
#432=VECTOR('',#2805,0.393700787401575);
#433=VECTOR('',#2808,0.393700787401575);
#434=VECTOR('',#2809,0.393700787401575);
#435=CYLINDRICAL_SURFACE('',#2130,0.0625);
#436=CYLINDRICAL_SURFACE('',#2143,0.0625);
#437=CYLINDRICAL_SURFACE('',#2144,0.0625);
#438=CYLINDRICAL_SURFACE('',#2145,0.0625);
#439=CYLINDRICAL_SURFACE('',#2147,0.0625);
#440=CYLINDRICAL_SURFACE('',#2148,0.0625);
#441=CYLINDRICAL_SURFACE('',#2150,0.0625);
#442=CYLINDRICAL_SURFACE('',#2152,0.0625);
#443=CYLINDRICAL_SURFACE('',#2195,0.0625);
#444=CYLINDRICAL_SURFACE('',#2202,0.0625);
#445=CYLINDRICAL_SURFACE('',#2203,0.0625);
#446=CYLINDRICAL_SURFACE('',#2211,0.0625);
#447=CYLINDRICAL_SURFACE('',#2212,0.0625);
#448=CYLINDRICAL_SURFACE('',#2214,0.0625);
#449=CYLINDRICAL_SURFACE('',#2215,0.0625);
#450=CYLINDRICAL_SURFACE('',#2217,0.0625);
#451=CYLINDRICAL_SURFACE('',#2265,0.0707392420298983);
#452=CYLINDRICAL_SURFACE('',#2267,0.0649606299212597);
#453=CYLINDRICAL_SURFACE('',#2271,0.0649606299212602);
#454=CYLINDRICAL_SURFACE('',#2274,0.0649606299212598);
#455=CYLINDRICAL_SURFACE('',#2277,0.0649606299212596);
#456=CYLINDRICAL_SURFACE('',#2280,0.0649606299212599);
#457=CYLINDRICAL_SURFACE('',#2283,0.0649606299212602);
#458=CYLINDRICAL_SURFACE('',#2286,0.0649606299212597);
#459=CYLINDRICAL_SURFACE('',#2292,0.0649606299212602);
#460=FACE_OUTER_BOUND('',#573,.T.);
#461=FACE_OUTER_BOUND('',#574,.T.);
#462=FACE_OUTER_BOUND('',#575,.T.);
#463=FACE_OUTER_BOUND('',#576,.T.);
#464=FACE_OUTER_BOUND('',#577,.T.);
#465=FACE_OUTER_BOUND('',#578,.T.);
#466=FACE_OUTER_BOUND('',#579,.T.);
#467=FACE_OUTER_BOUND('',#580,.T.);
#468=FACE_OUTER_BOUND('',#581,.T.);
#469=FACE_OUTER_BOUND('',#582,.T.);
#470=FACE_OUTER_BOUND('',#583,.T.);
#471=FACE_OUTER_BOUND('',#584,.T.);
#472=FACE_OUTER_BOUND('',#585,.T.);
#473=FACE_OUTER_BOUND('',#586,.T.);
#474=FACE_OUTER_BOUND('',#587,.T.);
#475=FACE_OUTER_BOUND('',#588,.T.);
#476=FACE_OUTER_BOUND('',#589,.T.);
#477=FACE_OUTER_BOUND('',#591,.T.);
#478=FACE_OUTER_BOUND('',#592,.T.);
#479=FACE_OUTER_BOUND('',#593,.T.);
#480=FACE_OUTER_BOUND('',#594,.T.);
#481=FACE_OUTER_BOUND('',#595,.T.);
#482=FACE_OUTER_BOUND('',#596,.T.);
#483=FACE_OUTER_BOUND('',#597,.T.);
#484=FACE_OUTER_BOUND('',#598,.T.);
#485=FACE_OUTER_BOUND('',#599,.T.);
#486=FACE_OUTER_BOUND('',#600,.T.);
#487=FACE_OUTER_BOUND('',#601,.T.);
#488=FACE_OUTER_BOUND('',#602,.T.);
#489=FACE_OUTER_BOUND('',#603,.T.);
#490=FACE_OUTER_BOUND('',#604,.T.);
#491=FACE_OUTER_BOUND('',#605,.T.);
#492=FACE_OUTER_BOUND('',#606,.T.);
#493=FACE_OUTER_BOUND('',#607,.T.);
#494=FACE_OUTER_BOUND('',#608,.T.);
#495=FACE_OUTER_BOUND('',#609,.T.);
#496=FACE_OUTER_BOUND('',#610,.T.);
#497=FACE_OUTER_BOUND('',#612,.T.);
#498=FACE_OUTER_BOUND('',#613,.T.);
#499=FACE_OUTER_BOUND('',#614,.T.);
#500=FACE_OUTER_BOUND('',#615,.T.);
#501=FACE_OUTER_BOUND('',#616,.T.);
#502=FACE_OUTER_BOUND('',#617,.T.);
#503=FACE_OUTER_BOUND('',#618,.T.);
#504=FACE_OUTER_BOUND('',#619,.T.);
#505=FACE_OUTER_BOUND('',#620,.T.);
#506=FACE_OUTER_BOUND('',#621,.T.);
#507=FACE_OUTER_BOUND('',#622,.T.);
#508=FACE_OUTER_BOUND('',#623,.T.);
#509=FACE_OUTER_BOUND('',#624,.T.);
#510=FACE_OUTER_BOUND('',#625,.T.);
#511=FACE_OUTER_BOUND('',#626,.T.);
#512=FACE_OUTER_BOUND('',#627,.T.);
#513=FACE_OUTER_BOUND('',#628,.T.);
#514=FACE_OUTER_BOUND('',#629,.T.);
#515=FACE_OUTER_BOUND('',#630,.T.);
#516=FACE_OUTER_BOUND('',#631,.T.);
#517=FACE_OUTER_BOUND('',#632,.T.);
#518=FACE_OUTER_BOUND('',#633,.T.);
#519=FACE_OUTER_BOUND('',#634,.T.);
#520=FACE_OUTER_BOUND('',#635,.T.);
#521=FACE_OUTER_BOUND('',#636,.T.);
#522=FACE_OUTER_BOUND('',#637,.T.);
#523=FACE_OUTER_BOUND('',#638,.T.);
#524=FACE_OUTER_BOUND('',#639,.T.);
#525=FACE_OUTER_BOUND('',#640,.T.);
#526=FACE_OUTER_BOUND('',#641,.T.);
#527=FACE_OUTER_BOUND('',#642,.T.);
#528=FACE_OUTER_BOUND('',#643,.T.);
#529=FACE_OUTER_BOUND('',#644,.T.);
#530=FACE_OUTER_BOUND('',#645,.T.);
#531=FACE_OUTER_BOUND('',#646,.T.);
#532=FACE_OUTER_BOUND('',#647,.T.);
#533=FACE_OUTER_BOUND('',#648,.T.);
#534=FACE_OUTER_BOUND('',#649,.T.);
#535=FACE_OUTER_BOUND('',#650,.T.);
#536=FACE_OUTER_BOUND('',#651,.T.);
#537=FACE_OUTER_BOUND('',#652,.T.);
#538=FACE_OUTER_BOUND('',#653,.T.);
#539=FACE_OUTER_BOUND('',#654,.T.);
#540=FACE_OUTER_BOUND('',#655,.T.);
#541=FACE_OUTER_BOUND('',#656,.T.);
#542=FACE_OUTER_BOUND('',#657,.T.);
#543=FACE_OUTER_BOUND('',#658,.T.);
#544=FACE_OUTER_BOUND('',#659,.T.);
#545=FACE_OUTER_BOUND('',#660,.T.);
#546=FACE_OUTER_BOUND('',#661,.T.);
#547=FACE_OUTER_BOUND('',#662,.T.);
#548=FACE_OUTER_BOUND('',#663,.T.);
#549=FACE_OUTER_BOUND('',#664,.T.);
#550=FACE_OUTER_BOUND('',#665,.T.);
#551=FACE_OUTER_BOUND('',#666,.T.);
#552=FACE_OUTER_BOUND('',#667,.T.);
#553=FACE_OUTER_BOUND('',#668,.T.);
#554=FACE_OUTER_BOUND('',#669,.T.);
#555=FACE_OUTER_BOUND('',#670,.T.);
#556=FACE_OUTER_BOUND('',#671,.T.);
#557=FACE_OUTER_BOUND('',#672,.T.);
#558=FACE_OUTER_BOUND('',#673,.T.);
#559=FACE_OUTER_BOUND('',#674,.T.);
#560=FACE_OUTER_BOUND('',#675,.T.);
#561=FACE_OUTER_BOUND('',#676,.T.);
#562=FACE_OUTER_BOUND('',#677,.T.);
#563=FACE_OUTER_BOUND('',#678,.T.);
#564=FACE_OUTER_BOUND('',#679,.T.);
#565=FACE_OUTER_BOUND('',#680,.T.);
#566=FACE_OUTER_BOUND('',#681,.T.);
#567=FACE_OUTER_BOUND('',#682,.T.);
#568=FACE_OUTER_BOUND('',#683,.T.);
#569=FACE_OUTER_BOUND('',#684,.T.);
#570=FACE_OUTER_BOUND('',#685,.T.);
#571=FACE_OUTER_BOUND('',#686,.T.);
#572=FACE_OUTER_BOUND('',#687,.T.);
#573=EDGE_LOOP('',(#1341,#1342,#1343,#1344,#1345,#1346));
#574=EDGE_LOOP('',(#1347,#1348,#1349,#1350,#1351,#1352));
#575=EDGE_LOOP('',(#1353,#1354,#1355,#1356));
#576=EDGE_LOOP('',(#1357,#1358,#1359,#1360,#1361,#1362));
#577=EDGE_LOOP('',(#1363,#1364,#1365,#1366,#1367,#1368));
#578=EDGE_LOOP('',(#1369,#1370,#1371,#1372));
#579=EDGE_LOOP('',(#1373,#1374,#1375,#1376));
#580=EDGE_LOOP('',(#1377,#1378,#1379,#1380));
#581=EDGE_LOOP('',(#1381,#1382,#1383,#1384));
#582=EDGE_LOOP('',(#1385,#1386,#1387,#1388));
#583=EDGE_LOOP('',(#1389,#1390,#1391,#1392));
#584=EDGE_LOOP('',(#1393,#1394,#1395,#1396));
#585=EDGE_LOOP('',(#1397,#1398,#1399,#1400,#1401,#1402,#1403,#1404,#1405,
#1406,#1407,#1408,#1409,#1410,#1411,#1412,#1413,#1414,#1415,#1416));
#586=EDGE_LOOP('',(#1417,#1418,#1419,#1420,#1421,#1422,#1423,#1424,#1425,
#1426,#1427,#1428,#1429,#1430,#1431,#1432,#1433,#1434,#1435,#1436,#1437));
#587=EDGE_LOOP('',(#1438,#1439,#1440,#1441,#1442,#1443,#1444,#1445,#1446,
#1447,#1448,#1449,#1450,#1451,#1452,#1453,#1454,#1455,#1456,#1457,#1458));
#588=EDGE_LOOP('',(#1459,#1460,#1461,#1462));
#589=EDGE_LOOP('',(#1463,#1464,#1465,#1466,#1467,#1468,#1469,#1470));
#590=EDGE_LOOP('',(#1471,#1472,#1473,#1474));
#591=EDGE_LOOP('',(#1475,#1476,#1477,#1478));
#592=EDGE_LOOP('',(#1479,#1480,#1481,#1482,#1483,#1484));
#593=EDGE_LOOP('',(#1485,#1486,#1487,#1488,#1489,#1490));
#594=EDGE_LOOP('',(#1491,#1492,#1493,#1494));
#595=EDGE_LOOP('',(#1495,#1496,#1497,#1498,#1499,#1500));
#596=EDGE_LOOP('',(#1501,#1502,#1503,#1504));
#597=EDGE_LOOP('',(#1505,#1506,#1507,#1508));
#598=EDGE_LOOP('',(#1509,#1510,#1511,#1512,#1513,#1514));
#599=EDGE_LOOP('',(#1515,#1516,#1517,#1518));
#600=EDGE_LOOP('',(#1519,#1520,#1521,#1522));
#601=EDGE_LOOP('',(#1523,#1524,#1525,#1526));
#602=EDGE_LOOP('',(#1527,#1528,#1529,#1530));
#603=EDGE_LOOP('',(#1531,#1532,#1533,#1534));
#604=EDGE_LOOP('',(#1535,#1536,#1537,#1538,#1539,#1540,#1541,#1542,#1543,
#1544,#1545,#1546,#1547,#1548,#1549,#1550,#1551,#1552,#1553,#1554,#1555));
#605=EDGE_LOOP('',(#1556,#1557,#1558,#1559,#1560,#1561,#1562,#1563,#1564,
#1565,#1566,#1567,#1568,#1569,#1570,#1571,#1572,#1573,#1574,#1575));
#606=EDGE_LOOP('',(#1576,#1577,#1578,#1579,#1580,#1581,#1582,#1583,#1584,
#1585,#1586,#1587,#1588,#1589,#1590,#1591,#1592,#1593,#1594,#1595,#1596));
#607=EDGE_LOOP('',(#1597,#1598,#1599,#1600,#1601,#1602,#1603,#1604,#1605,
#1606,#1607,#1608,#1609,#1610,#1611,#1612,#1613,#1614,#1615,#1616,#1617));
#608=EDGE_LOOP('',(#1618,#1619,#1620,#1621));
#609=EDGE_LOOP('',(#1622,#1623,#1624,#1625));
#610=EDGE_LOOP('',(#1626,#1627,#1628,#1629,#1630,#1631,#1632,#1633));
#611=EDGE_LOOP('',(#1634,#1635,#1636,#1637));
#612=EDGE_LOOP('',(#1638,#1639,#1640,#1641));
#613=EDGE_LOOP('',(#1642,#1643,#1644,#1645));
#614=EDGE_LOOP('',(#1646,#1647,#1648,#1649));
#615=EDGE_LOOP('',(#1650,#1651,#1652,#1653));
#616=EDGE_LOOP('',(#1654,#1655,#1656,#1657));
#617=EDGE_LOOP('',(#1658,#1659,#1660,#1661));
#618=EDGE_LOOP('',(#1662,#1663,#1664,#1665));
#619=EDGE_LOOP('',(#1666,#1667,#1668,#1669));
#620=EDGE_LOOP('',(#1670,#1671,#1672,#1673));
#621=EDGE_LOOP('',(#1674,#1675,#1676,#1677,#1678,#1679,#1680,#1681));
#622=EDGE_LOOP('',(#1682,#1683,#1684,#1685));
#623=EDGE_LOOP('',(#1686,#1687,#1688,#1689));
#624=EDGE_LOOP('',(#1690,#1691,#1692,#1693));
#625=EDGE_LOOP('',(#1694,#1695,#1696,#1697));
#626=EDGE_LOOP('',(#1698,#1699,#1700,#1701));
#627=EDGE_LOOP('',(#1702,#1703,#1704,#1705));
#628=EDGE_LOOP('',(#1706,#1707,#1708,#1709));
#629=EDGE_LOOP('',(#1710,#1711,#1712,#1713));
#630=EDGE_LOOP('',(#1714,#1715,#1716,#1717));
#631=EDGE_LOOP('',(#1718,#1719,#1720,#1721));
#632=EDGE_LOOP('',(#1722,#1723,#1724,#1725));
#633=EDGE_LOOP('',(#1726,#1727,#1728,#1729));
#634=EDGE_LOOP('',(#1730,#1731,#1732,#1733));
#635=EDGE_LOOP('',(#1734,#1735,#1736,#1737));
#636=EDGE_LOOP('',(#1738,#1739,#1740,#1741));
#637=EDGE_LOOP('',(#1742,#1743,#1744,#1745,#1746,#1747,#1748,#1749));
#638=EDGE_LOOP('',(#1750,#1751,#1752,#1753));
#639=EDGE_LOOP('',(#1754,#1755,#1756,#1757));
#640=EDGE_LOOP('',(#1758,#1759,#1760,#1761));
#641=EDGE_LOOP('',(#1762,#1763,#1764,#1765));
#642=EDGE_LOOP('',(#1766,#1767,#1768,#1769));
#643=EDGE_LOOP('',(#1770,#1771,#1772,#1773));
#644=EDGE_LOOP('',(#1774,#1775,#1776,#1777));
#645=EDGE_LOOP('',(#1778,#1779,#1780,#1781));
#646=EDGE_LOOP('',(#1782,#1783,#1784,#1785));
#647=EDGE_LOOP('',(#1786,#1787,#1788,#1789));
#648=EDGE_LOOP('',(#1790,#1791,#1792,#1793));
#649=EDGE_LOOP('',(#1794,#1795,#1796,#1797));
#650=EDGE_LOOP('',(#1798,#1799,#1800,#1801));
#651=EDGE_LOOP('',(#1802,#1803,#1804,#1805));
#652=EDGE_LOOP('',(#1806,#1807,#1808,#1809));
#653=EDGE_LOOP('',(#1810,#1811,#1812,#1813));
#654=EDGE_LOOP('',(#1814,#1815,#1816,#1817,#1818,#1819,#1820,#1821));
#655=EDGE_LOOP('',(#1822,#1823,#1824,#1825));
#656=EDGE_LOOP('',(#1826,#1827,#1828,#1829));
#657=EDGE_LOOP('',(#1830,#1831,#1832,#1833));
#658=EDGE_LOOP('',(#1834,#1835,#1836,#1837));
#659=EDGE_LOOP('',(#1838,#1839,#1840,#1841));
#660=EDGE_LOOP('',(#1842,#1843,#1844,#1845));
#661=EDGE_LOOP('',(#1846,#1847,#1848,#1849));
#662=EDGE_LOOP('',(#1850,#1851,#1852,#1853));
#663=EDGE_LOOP('',(#1854,#1855,#1856,#1857));
#664=EDGE_LOOP('',(#1858,#1859,#1860,#1861));
#665=EDGE_LOOP('',(#1862,#1863,#1864,#1865));
#666=EDGE_LOOP('',(#1866,#1867,#1868,#1869));
#667=EDGE_LOOP('',(#1870,#1871,#1872,#1873));
#668=EDGE_LOOP('',(#1874,#1875,#1876,#1877));
#669=EDGE_LOOP('',(#1878,#1879,#1880,#1881));
#670=EDGE_LOOP('',(#1882,#1883,#1884,#1885));
#671=EDGE_LOOP('',(#1886,#1887,#1888,#1889,#1890,#1891,#1892,#1893));
#672=EDGE_LOOP('',(#1894,#1895,#1896,#1897));
#673=EDGE_LOOP('',(#1898,#1899,#1900,#1901));
#674=EDGE_LOOP('',(#1902,#1903,#1904,#1905));
#675=EDGE_LOOP('',(#1906,#1907,#1908,#1909));
#676=EDGE_LOOP('',(#1910,#1911,#1912,#1913));
#677=EDGE_LOOP('',(#1914,#1915,#1916,#1917));
#678=EDGE_LOOP('',(#1918,#1919,#1920,#1921));
#679=EDGE_LOOP('',(#1922,#1923,#1924,#1925));
#680=EDGE_LOOP('',(#1926,#1927,#1928,#1929));
#681=EDGE_LOOP('',(#1930,#1931,#1932,#1933));
#682=EDGE_LOOP('',(#1934,#1935,#1936,#1937));
#683=EDGE_LOOP('',(#1938,#1939,#1940,#1941));
#684=EDGE_LOOP('',(#1942,#1943,#1944,#1945));
#685=EDGE_LOOP('',(#1946,#1947,#1948,#1949));
#686=EDGE_LOOP('',(#1950,#1951,#1952,#1953));
#687=EDGE_LOOP('',(#1954,#1955,#1956,#1957,#1958,#1959,#1960,#1961,#1962,
#1963,#1964,#1965,#1966,#1967,#1968,#1969,#1970,#1971,#1972,#1973,#1974));
#688=CIRCLE('',#2119,0.125);
#689=CIRCLE('',#2120,0.0625);
#690=CIRCLE('',#2121,0.0625);
#691=CIRCLE('',#2122,0.0625);
#692=CIRCLE('',#2123,0.125);
#693=CIRCLE('',#2125,0.125);
#694=CIRCLE('',#2126,0.0625);
#695=CIRCLE('',#2127,0.0625);
#696=CIRCLE('',#2128,0.0625);
#697=CIRCLE('',#2129,0.125);
#698=CIRCLE('',#2132,0.125);
#699=CIRCLE('',#2133,0.0625);
#700=CIRCLE('',#2134,0.0625);
#701=CIRCLE('',#2135,0.0625);
#702=CIRCLE('',#2136,0.125);
#703=CIRCLE('',#2138,0.125);
#704=CIRCLE('',#2139,0.0625);
#705=CIRCLE('',#2140,0.0625);
#706=CIRCLE('',#2141,0.0625);
#707=CIRCLE('',#2142,0.125);
#708=CIRCLE('',#2146,0.0625);
#709=CIRCLE('',#2149,0.0625);
#710=CIRCLE('',#2151,0.0625);
#711=CIRCLE('',#2153,0.0625);
#712=CIRCLE('',#2155,0.0649606299212598);
#713=CIRCLE('',#2158,0.0649606299212602);
#714=CIRCLE('',#2161,0.0649606299212597);
#715=CIRCLE('',#2163,0.0649606299212599);
#716=CIRCLE('',#2166,0.0649606299212596);
#717=CIRCLE('',#2170,0.0649606299212598);
#718=CIRCLE('',#2172,0.0649606299212597);
#719=CIRCLE('',#2175,0.0649606299212602);
#720=CIRCLE('',#2179,0.0649606299212599);
#721=CIRCLE('',#2184,0.125);
#722=CIRCLE('',#2185,0.0625);
#723=CIRCLE('',#2186,0.0625);
#724=CIRCLE('',#2187,0.0625);
#725=CIRCLE('',#2188,0.125);
#726=CIRCLE('',#2190,0.125);
#727=CIRCLE('',#2191,0.0625);
#728=CIRCLE('',#2192,0.0625);
#729=CIRCLE('',#2193,0.0625);
#730=CIRCLE('',#2194,0.125);
#731=CIRCLE('',#2197,0.125);
#732=CIRCLE('',#2198,0.0625);
#733=CIRCLE('',#2199,0.0625);
#734=CIRCLE('',#2200,0.0625);
#735=CIRCLE('',#2201,0.125);
#736=CIRCLE('',#2204,0.0625);
#737=CIRCLE('',#2206,0.125);
#738=CIRCLE('',#2207,0.0625);
#739=CIRCLE('',#2208,0.0625);
#740=CIRCLE('',#2209,0.0625);
#741=CIRCLE('',#2210,0.125);
#742=CIRCLE('',#2213,0.0625);
#743=CIRCLE('',#2216,0.0625);
#744=CIRCLE('',#2218,0.0625);
#745=CIRCLE('',#2220,0.0649606299212598);
#746=CIRCLE('',#2224,0.0649606299212596);
#747=CIRCLE('',#2227,0.0649606299212599);
#748=CIRCLE('',#2229,0.0649606299212597);
#749=CIRCLE('',#2232,0.0649606299212602);
#750=CIRCLE('',#2235,0.0649606299212598);
#751=CIRCLE('',#2237,0.0649606299212597);
#752=CIRCLE('',#2240,0.0649606299212602);
#753=CIRCLE('',#2243,0.0707392420298983);
#754=CIRCLE('',#2244,0.0649606299212597);
#755=CIRCLE('',#2246,0.0649606299212599);
#756=CIRCLE('',#2250,0.0649606299212602);
#757=CIRCLE('',#2253,0.0649606299212597);
#758=CIRCLE('',#2266,0.0707392420298983);
#759=CIRCLE('',#2268,0.0649606299212597);
#760=CIRCLE('',#2287,0.0649606299212597);
#761=CIRCLE('',#2293,0.0649606299212602);
#762=B_SPLINE_CURVE_WITH_KNOTS('',3,(#2818,#2819,#2820,#2821,#2822,#2823),
 .UNSPECIFIED.,.F.,.F.,(4,2,4),(0.954236264314343,0.968198135495173,0.989445575976233),
 .UNSPECIFIED.);
#763=B_SPLINE_CURVE_WITH_KNOTS('',3,(#2836,#2837,#2838,#2839,#2840,#2841),
 .UNSPECIFIED.,.F.,.F.,(4,2,4),(0.954236264314398,0.968198135495475,0.989445575976852),
 .UNSPECIFIED.);
#764=B_SPLINE_CURVE_WITH_KNOTS('',3,(#2857,#2858,#2859,#2860,#2861,#2862),
 .UNSPECIFIED.,.F.,.F.,(4,2,4),(0.310191679888426,0.328422996649069,0.346743221257542),
 .UNSPECIFIED.);
#765=B_SPLINE_CURVE_WITH_KNOTS('',3,(#2875,#2876,#2877,#2878,#2879,#2880),
 .UNSPECIFIED.,.F.,.F.,(4,2,4),(0.310191679888216,0.328422996649134,0.346743221257903),
 .UNSPECIFIED.);
#766=B_SPLINE_CURVE_WITH_KNOTS('',3,(#2931,#2932,#2933,#2934,#2935,#2936,
#2937,#2938),.UNSPECIFIED.,.F.,.F.,(4,2,2,4),(-0.277385754239363,-0.238704445775374,
-0.101718954745509,-0.0983041825658763),.UNSPECIFIED.);
#767=B_SPLINE_CURVE_WITH_KNOTS('',3,(#2940,#2941,#2942,#2943,#2944,#2945,
#2946,#2947,#2948,#2949),.UNSPECIFIED.,.F.,.F.,(4,2,2,2,4),(-0.188257843497453,
-0.160571429864322,-0.128570991870077,-0.096570553875833,-0.0688841402427011),
 .UNSPECIFIED.);
#768=B_SPLINE_CURVE_WITH_KNOTS('',3,(#2951,#2952,#2953,#2954,#2955,#2956,
#2957,#2958),.UNSPECIFIED.,.F.,.F.,(4,2,2,4),(-0.992879865708782,-0.98946509352915,
-0.852479602499284,-0.813798294035296),.UNSPECIFIED.);
#769=B_SPLINE_CURVE_WITH_KNOTS('',3,(#2970,#2971,#2972,#2973,#2974,#2975,
#2976,#2977),.UNSPECIFIED.,.F.,.F.,(4,2,2,4),(-0.277385754239363,-0.238704445775374,
-0.101718954745509,-0.0983041825658761),.UNSPECIFIED.);
#770=B_SPLINE_CURVE_WITH_KNOTS('',3,(#2979,#2980,#2981,#2982,#2983,#2984,
#2985,#2986,#2987,#2988),.UNSPECIFIED.,.F.,.F.,(4,2,2,2,4),(-0.188257843497453,
-0.160571429864322,-0.128570991870077,-0.096570553875833,-0.0688841402427013),
 .UNSPECIFIED.);
#771=B_SPLINE_CURVE_WITH_KNOTS('',3,(#2990,#2991,#2992,#2993,#2994,#2995,
#2996,#2997),.UNSPECIFIED.,.F.,.F.,(4,2,2,4),(-0.992879865708783,-0.98946509352915,
-0.852479602499284,-0.813798294035296),.UNSPECIFIED.);
#772=B_SPLINE_CURVE_WITH_KNOTS('',3,(#3011,#3012,#3013,#3014,#3015,#3016,
#3017,#3018),.UNSPECIFIED.,.F.,.F.,(4,2,2,4),(-0.277385754239363,-0.238704445775375,
-0.101718954745509,-0.0983041825658765),.UNSPECIFIED.);
#773=B_SPLINE_CURVE_WITH_KNOTS('',3,(#3020,#3021,#3022,#3023,#3024,#3025,
#3026,#3027,#3028,#3029),.UNSPECIFIED.,.F.,.F.,(4,2,2,2,4),(-0.188257843497442,
-0.160571429864322,-0.128570991870079,-0.0965705538758365,-0.0688841402427065),
 .UNSPECIFIED.);
#774=B_SPLINE_CURVE_WITH_KNOTS('',3,(#3031,#3032,#3033,#3034,#3035,#3036,
#3037,#3038),.UNSPECIFIED.,.F.,.F.,(4,2,2,4),(-0.992879865708782,-0.98946509352915,
-0.852479602499284,-0.813798294035296),.UNSPECIFIED.);
#775=B_SPLINE_CURVE_WITH_KNOTS('',3,(#3050,#3051,#3052,#3053,#3054,#3055,
#3056,#3057),.UNSPECIFIED.,.F.,.F.,(4,2,2,4),(-0.277385754239363,-0.238704445775374,
-0.101718954745509,-0.0983041825658763),.UNSPECIFIED.);
#776=B_SPLINE_CURVE_WITH_KNOTS('',3,(#3059,#3060,#3061,#3062,#3063,#3064,
#3065,#3066,#3067,#3068),.UNSPECIFIED.,.F.,.F.,(4,2,2,2,4),(-0.188257843497453,
-0.160571429864321,-0.128570991870077,-0.0965705538758324,-0.068884140242701),
 .UNSPECIFIED.);
#777=B_SPLINE_CURVE_WITH_KNOTS('',3,(#3070,#3071,#3072,#3073,#3074,#3075,
#3076,#3077),.UNSPECIFIED.,.F.,.F.,(4,2,2,4),(-0.992879865708782,-0.989465093529149,
-0.852479602499284,-0.813798294035295),.UNSPECIFIED.);
#778=B_SPLINE_CURVE_WITH_KNOTS('',3,(#3093,#3094,#3095,#3096,#3097,#3098,
#3099,#3100),.UNSPECIFIED.,.F.,.F.,(4,2,2,4),(-0.277385754239364,-0.238704445775375,
-0.101718954745509,-0.0983041825658764),.UNSPECIFIED.);
#779=B_SPLINE_CURVE_WITH_KNOTS('',3,(#3102,#3103,#3104,#3105,#3106,#3107,
#3108,#3109,#3110,#3111),.UNSPECIFIED.,.F.,.F.,(4,2,2,2,4),(-0.188257843497543,
-0.160571429864412,-0.128570991870168,-0.0965705538759234,-0.068884140242701),
 .UNSPECIFIED.);
#780=B_SPLINE_CURVE_WITH_KNOTS('',3,(#3113,#3114,#3115,#3116,#3117,#3118,
#3119,#3120),.UNSPECIFIED.,.F.,.F.,(4,2,2,4),(-0.992879865708781,-0.989465093529149,
-0.852479602499283,-0.813798294035295),.UNSPECIFIED.);
#781=B_SPLINE_CURVE_WITH_KNOTS('',3,(#3134,#3135,#3136,#3137,#3138,#3139,
#3140,#3141),.UNSPECIFIED.,.F.,.F.,(4,2,2,4),(-0.277385754239364,-0.238704445775375,
-0.10171895474551,-0.0983041825658766),.UNSPECIFIED.);
#782=B_SPLINE_CURVE_WITH_KNOTS('',3,(#3143,#3144,#3145,#3146,#3147,#3148,
#3149,#3150,#3151,#3152),.UNSPECIFIED.,.F.,.F.,(4,2,2,2,4),(-0.188257843497543,
-0.160571429864412,-0.128570991870168,-0.0965705538759232,-0.0688841402427011),
 .UNSPECIFIED.);
#783=B_SPLINE_CURVE_WITH_KNOTS('',3,(#3154,#3155,#3156,#3157,#3158,#3159,
#3160,#3161),.UNSPECIFIED.,.F.,.F.,(4,2,2,4),(-0.992879865708782,-0.989465093529149,
-0.852479602499284,-0.813798294035295),.UNSPECIFIED.);
#784=B_SPLINE_CURVE_WITH_KNOTS('',3,(#3185,#3186,#3187,#3188,#3189,#3190),
 .UNSPECIFIED.,.F.,.F.,(4,2,4),(0.310191679888439,0.32842299664922,0.346743221257844),
 .UNSPECIFIED.);
#785=B_SPLINE_CURVE_WITH_KNOTS('',3,(#3203,#3204,#3205,#3206,#3207,#3208),
 .UNSPECIFIED.,.F.,.F.,(4,2,4),(0.310191679888571,0.328422996649069,0.34674322125738),
 .UNSPECIFIED.);
#786=B_SPLINE_CURVE_WITH_KNOTS('',3,(#3224,#3225,#3226,#3227,#3228,#3229),
 .UNSPECIFIED.,.F.,.F.,(4,2,4),(0.954236264314102,0.968198135495311,0.98944557597685),
 .UNSPECIFIED.);
#787=B_SPLINE_CURVE_WITH_KNOTS('',3,(#3251,#3252,#3253,#3254,#3255,#3256),
 .UNSPECIFIED.,.F.,.F.,(4,2,4),(0.954236264314268,0.96819813549524,0.989445575976496),
 .UNSPECIFIED.);
#788=B_SPLINE_CURVE_WITH_KNOTS('',3,(#3300,#3301,#3302,#3303,#3304,#3305,
#3306,#3307),.UNSPECIFIED.,.F.,.F.,(4,2,2,4),(0.813798294035295,0.852479602499284,
0.989465093529149,0.992879865708782),.UNSPECIFIED.);
#789=B_SPLINE_CURVE_WITH_KNOTS('',3,(#3309,#3310,#3311,#3312,#3313,#3314,
#3315,#3316,#3317,#3318),.UNSPECIFIED.,.F.,.F.,(4,2,2,2,4),(0.068884140242701,
0.0965705538758324,0.128570991870077,0.160571429864321,0.188257843497453),
 .UNSPECIFIED.);
#790=B_SPLINE_CURVE_WITH_KNOTS('',3,(#3320,#3321,#3322,#3323,#3324,#3325,
#3326,#3327),.UNSPECIFIED.,.F.,.F.,(4,2,2,4),(0.0983041825658763,0.101718954745509,
0.238704445775374,0.277385754239363),.UNSPECIFIED.);
#791=B_SPLINE_CURVE_WITH_KNOTS('',3,(#3339,#3340,#3341,#3342,#3343,#3344,
#3345,#3346),.UNSPECIFIED.,.F.,.F.,(4,2,2,4),(0.813798294035296,0.852479602499284,
0.98946509352915,0.992879865708782),.UNSPECIFIED.);
#792=B_SPLINE_CURVE_WITH_KNOTS('',3,(#3348,#3349,#3350,#3351,#3352,#3353,
#3354,#3355,#3356,#3357),.UNSPECIFIED.,.F.,.F.,(4,2,2,2,4),(0.0688841402427065,
0.0965705538758365,0.128570991870079,0.160571429864322,0.188257843497442),
 .UNSPECIFIED.);
#793=B_SPLINE_CURVE_WITH_KNOTS('',3,(#3359,#3360,#3361,#3362,#3363,#3364,
#3365,#3366),.UNSPECIFIED.,.F.,.F.,(4,2,2,4),(0.0983041825658765,0.101718954745509,
0.238704445775375,0.277385754239363),.UNSPECIFIED.);
#794=B_SPLINE_CURVE_WITH_KNOTS('',3,(#3380,#3381,#3382,#3383,#3384,#3385,
#3386,#3387),.UNSPECIFIED.,.F.,.F.,(4,2,2,4),(0.813798294035296,0.852479602499284,
0.98946509352915,0.992879865708783),.UNSPECIFIED.);
#795=B_SPLINE_CURVE_WITH_KNOTS('',3,(#3389,#3390,#3391,#3392,#3393,#3394,
#3395,#3396,#3397,#3398),.UNSPECIFIED.,.F.,.F.,(4,2,2,2,4),(0.0688841402427013,
0.096570553875833,0.128570991870077,0.160571429864322,0.188257843497453),
 .UNSPECIFIED.);
#796=B_SPLINE_CURVE_WITH_KNOTS('',3,(#3400,#3401,#3402,#3403,#3404,#3405,
#3406,#3407),.UNSPECIFIED.,.F.,.F.,(4,2,2,4),(0.0983041825658761,0.101718954745509,
0.238704445775374,0.277385754239363),.UNSPECIFIED.);
#797=B_SPLINE_CURVE_WITH_KNOTS('',3,(#3419,#3420,#3421,#3422,#3423,#3424,
#3425,#3426),.UNSPECIFIED.,.F.,.F.,(4,2,2,4),(0.813798294035296,0.852479602499284,
0.98946509352915,0.992879865708782),.UNSPECIFIED.);
#798=B_SPLINE_CURVE_WITH_KNOTS('',3,(#3428,#3429,#3430,#3431,#3432,#3433,
#3434,#3435,#3436,#3437),.UNSPECIFIED.,.F.,.F.,(4,2,2,2,4),(0.0688841402427011,
0.096570553875833,0.128570991870077,0.160571429864322,0.188257843497453),
 .UNSPECIFIED.);
#799=B_SPLINE_CURVE_WITH_KNOTS('',3,(#3439,#3440,#3441,#3442,#3443,#3444,
#3445,#3446),.UNSPECIFIED.,.F.,.F.,(4,2,2,4),(0.0983041825658763,0.101718954745509,
0.238704445775374,0.277385754239363),.UNSPECIFIED.);
#800=B_SPLINE_CURVE_WITH_KNOTS('',3,(#3460,#3461,#3462,#3463,#3464,#3465,
#3466,#3467),.UNSPECIFIED.,.F.,.F.,(4,2,2,4),(0.813798294035295,0.852479602499284,
0.989465093529149,0.992879865708782),.UNSPECIFIED.);
#801=B_SPLINE_CURVE_WITH_KNOTS('',3,(#3469,#3470,#3471,#3472,#3473,#3474,
#3475,#3476,#3477,#3478),.UNSPECIFIED.,.F.,.F.,(4,2,2,2,4),(0.0688841402427032,
0.0965705538758406,0.128570991870086,0.160571429864331,0.188257843497463),
 .UNSPECIFIED.);
#802=B_SPLINE_CURVE_WITH_KNOTS('',3,(#3480,#3481,#3482,#3483,#3484,#3485,
#3486,#3487),.UNSPECIFIED.,.F.,.F.,(4,2,2,4),(0.0983041825658763,0.101718954745509,
0.238704445775374,0.277385754239363),.UNSPECIFIED.);
#803=B_SPLINE_CURVE_WITH_KNOTS('',3,(#3499,#3500,#3501,#3502,#3503,#3504,
#3505,#3506),.UNSPECIFIED.,.F.,.F.,(4,2,2,4),(0.813798294035295,0.852479602499284,
0.989465093529149,0.992879865708782),.UNSPECIFIED.);
#804=B_SPLINE_CURVE_WITH_KNOTS('',3,(#3508,#3509,#3510,#3511,#3512,#3513,
#3514,#3515,#3516,#3517),.UNSPECIFIED.,.F.,.F.,(4,2,2,2,4),(0.0688841402426992,
0.0965705538758252,0.128570991870069,0.160571429864312,0.188257843497443),
 .UNSPECIFIED.);
#805=B_SPLINE_CURVE_WITH_KNOTS('',3,(#3519,#3520,#3521,#3522,#3523,#3524,
#3525,#3526),.UNSPECIFIED.,.F.,.F.,(4,2,2,4),(0.0983041825658764,0.101718954745509,
0.238704445775374,0.277385754239363),.UNSPECIFIED.);
#806=B_SPLINE_CURVE_WITH_KNOTS('',3,(#3542,#3543,#3544,#3545,#3546,#3547,
#3548,#3549),.UNSPECIFIED.,.F.,.F.,(4,2,2,4),(0.813798294035295,0.852479602499284,
0.989465093529149,0.992879865708782),.UNSPECIFIED.);
#807=B_SPLINE_CURVE_WITH_KNOTS('',3,(#3551,#3552,#3553,#3554,#3555,#3556,
#3557,#3558,#3559,#3560),.UNSPECIFIED.,.F.,.F.,(4,2,2,2,4),(0.0688841402427011,
0.0965705538759232,0.128570991870168,0.160571429864412,0.188257843497543),
 .UNSPECIFIED.);
#808=B_SPLINE_CURVE_WITH_KNOTS('',3,(#3562,#3563,#3564,#3565,#3566,#3567,
#3568,#3569),.UNSPECIFIED.,.F.,.F.,(4,2,2,4),(0.0983041825658766,0.10171895474551,
0.238704445775375,0.277385754239364),.UNSPECIFIED.);
#809=B_SPLINE_CURVE_WITH_KNOTS('',3,(#3583,#3584,#3585,#3586,#3587,#3588,
#3589,#3590),.UNSPECIFIED.,.F.,.F.,(4,2,2,4),(0.813798294035295,0.852479602499283,
0.989465093529149,0.992879865708781),.UNSPECIFIED.);
#810=B_SPLINE_CURVE_WITH_KNOTS('',3,(#3592,#3593,#3594,#3595,#3596,#3597,
#3598,#3599,#3600,#3601),.UNSPECIFIED.,.F.,.F.,(4,2,2,2,4),(0.068884140242701,
0.0965705538759234,0.128570991870168,0.160571429864412,0.188257843497543),
 .UNSPECIFIED.);
#811=B_SPLINE_CURVE_WITH_KNOTS('',3,(#3603,#3604,#3605,#3606,#3607,#3608,
#3609,#3610),.UNSPECIFIED.,.F.,.F.,(4,2,2,4),(0.0983041825658764,0.101718954745509,
0.238704445775375,0.277385754239364),.UNSPECIFIED.);
#812=B_SPLINE_CURVE_WITH_KNOTS('',3,(#4148,#4149,#4150,#4151,#4152,#4153,
#4154,#4155),.UNSPECIFIED.,.F.,.F.,(4,2,2,4),(-0.992879865708782,-0.989465093529149,
-0.852479602499284,-0.813798294035295),.UNSPECIFIED.);
#813=B_SPLINE_CURVE_WITH_KNOTS('',3,(#4178,#4179,#4180,#4181,#4182,#4183,
#4184,#4185,#4186,#4187),.UNSPECIFIED.,.F.,.F.,(4,2,2,2,4),(-0.188257843497463,
-0.160571429864331,-0.128570991870086,-0.0965705538758406,-0.0688841402427032),
 .UNSPECIFIED.);
#814=B_SPLINE_CURVE_WITH_KNOTS('',3,(#4206,#4207,#4208,#4209,#4210,#4211,
#4212,#4213),.UNSPECIFIED.,.F.,.F.,(4,2,2,4),(-0.277385754239363,-0.238704445775374,
-0.101718954745509,-0.0983041825658763),.UNSPECIFIED.);
#815=B_SPLINE_CURVE_WITH_KNOTS('',3,(#4262,#4263,#4264,#4265,#4266,#4267,
#4268,#4269),.UNSPECIFIED.,.F.,.F.,(4,2,2,4),(-0.992879865708782,-0.989465093529149,
-0.852479602499284,-0.813798294035295),.UNSPECIFIED.);
#816=B_SPLINE_CURVE_WITH_KNOTS('',3,(#4292,#4293,#4294,#4295,#4296,#4297,
#4298,#4299,#4300,#4301),.UNSPECIFIED.,.F.,.F.,(4,2,2,2,4),(-0.188257843497443,
-0.160571429864312,-0.128570991870069,-0.0965705538758252,-0.0688841402426992),
 .UNSPECIFIED.);
#817=B_SPLINE_CURVE_WITH_KNOTS('',3,(#4320,#4321,#4322,#4323,#4324,#4325,
#4326,#4327),.UNSPECIFIED.,.F.,.F.,(4,2,2,4),(-0.277385754239363,-0.238704445775374,
-0.101718954745509,-0.0983041825658764),.UNSPECIFIED.);
#818=VERTEX_POINT('',#2816);
#819=VERTEX_POINT('',#2817);
#820=VERTEX_POINT('',#2824);
#821=VERTEX_POINT('',#2826);
#822=VERTEX_POINT('',#2828);
#823=VERTEX_POINT('',#2830);
#824=VERTEX_POINT('',#2834);
#825=VERTEX_POINT('',#2835);
#826=VERTEX_POINT('',#2842);
#827=VERTEX_POINT('',#2844);
#828=VERTEX_POINT('',#2846);
#829=VERTEX_POINT('',#2848);
#830=VERTEX_POINT('',#2855);
#831=VERTEX_POINT('',#2856);
#832=VERTEX_POINT('',#2863);
#833=VERTEX_POINT('',#2865);
#834=VERTEX_POINT('',#2867);
#835=VERTEX_POINT('',#2869);
#836=VERTEX_POINT('',#2873);
#837=VERTEX_POINT('',#2874);
#838=VERTEX_POINT('',#2881);
#839=VERTEX_POINT('',#2883);
#840=VERTEX_POINT('',#2885);
#841=VERTEX_POINT('',#2887);
#842=VERTEX_POINT('',#2897);
#843=VERTEX_POINT('',#2898);
#844=VERTEX_POINT('',#2906);
#845=VERTEX_POINT('',#2907);
#846=VERTEX_POINT('',#2912);
#847=VERTEX_POINT('',#2913);
#848=VERTEX_POINT('',#2918);
#849=VERTEX_POINT('',#2919);
#850=VERTEX_POINT('',#2924);
#851=VERTEX_POINT('',#2926);
#852=VERTEX_POINT('',#2928);
#853=VERTEX_POINT('',#2930);
#854=VERTEX_POINT('',#2939);
#855=VERTEX_POINT('',#2950);
#856=VERTEX_POINT('',#2959);
#857=VERTEX_POINT('',#2961);
#858=VERTEX_POINT('',#2963);
#859=VERTEX_POINT('',#2965);
#860=VERTEX_POINT('',#2967);
#861=VERTEX_POINT('',#2969);
#862=VERTEX_POINT('',#2978);
#863=VERTEX_POINT('',#2989);
#864=VERTEX_POINT('',#2998);
#865=VERTEX_POINT('',#3000);
#866=VERTEX_POINT('',#3004);
#867=VERTEX_POINT('',#3006);
#868=VERTEX_POINT('',#3008);
#869=VERTEX_POINT('',#3010);
#870=VERTEX_POINT('',#3019);
#871=VERTEX_POINT('',#3030);
#872=VERTEX_POINT('',#3039);
#873=VERTEX_POINT('',#3041);
#874=VERTEX_POINT('',#3043);
#875=VERTEX_POINT('',#3045);
#876=VERTEX_POINT('',#3047);
#877=VERTEX_POINT('',#3049);
#878=VERTEX_POINT('',#3058);
#879=VERTEX_POINT('',#3069);
#880=VERTEX_POINT('',#3078);
#881=VERTEX_POINT('',#3080);
#882=VERTEX_POINT('',#3082);
#883=VERTEX_POINT('',#3086);
#884=VERTEX_POINT('',#3088);
#885=VERTEX_POINT('',#3090);
#886=VERTEX_POINT('',#3092);
#887=VERTEX_POINT('',#3101);
#888=VERTEX_POINT('',#3112);
#889=VERTEX_POINT('',#3121);
#890=VERTEX_POINT('',#3123);
#891=VERTEX_POINT('',#3125);
#892=VERTEX_POINT('',#3127);
#893=VERTEX_POINT('',#3129);
#894=VERTEX_POINT('',#3131);
#895=VERTEX_POINT('',#3133);
#896=VERTEX_POINT('',#3142);
#897=VERTEX_POINT('',#3153);
#898=VERTEX_POINT('',#3162);
#899=VERTEX_POINT('',#3164);
#900=VERTEX_POINT('',#3173);
#901=VERTEX_POINT('',#3174);
#902=VERTEX_POINT('',#3176);
#903=VERTEX_POINT('',#3178);
#904=VERTEX_POINT('',#3183);
#905=VERTEX_POINT('',#3184);
#906=VERTEX_POINT('',#3191);
#907=VERTEX_POINT('',#3193);
#908=VERTEX_POINT('',#3195);
#909=VERTEX_POINT('',#3197);
#910=VERTEX_POINT('',#3201);
#911=VERTEX_POINT('',#3202);
#912=VERTEX_POINT('',#3209);
#913=VERTEX_POINT('',#3211);
#914=VERTEX_POINT('',#3213);
#915=VERTEX_POINT('',#3215);
#916=VERTEX_POINT('',#3222);
#917=VERTEX_POINT('',#3223);
#918=VERTEX_POINT('',#3230);
#919=VERTEX_POINT('',#3232);
#920=VERTEX_POINT('',#3234);
#921=VERTEX_POINT('',#3236);
#922=VERTEX_POINT('',#3243);
#923=VERTEX_POINT('',#3244);
#924=VERTEX_POINT('',#3249);
#925=VERTEX_POINT('',#3250);
#926=VERTEX_POINT('',#3257);
#927=VERTEX_POINT('',#3259);
#928=VERTEX_POINT('',#3261);
#929=VERTEX_POINT('',#3263);
#930=VERTEX_POINT('',#3270);
#931=VERTEX_POINT('',#3271);
#932=VERTEX_POINT('',#3279);
#933=VERTEX_POINT('',#3280);
#934=VERTEX_POINT('',#3285);
#935=VERTEX_POINT('',#3286);
#936=VERTEX_POINT('',#3291);
#937=VERTEX_POINT('',#3293);
#938=VERTEX_POINT('',#3295);
#939=VERTEX_POINT('',#3297);
#940=VERTEX_POINT('',#3299);
#941=VERTEX_POINT('',#3308);
#942=VERTEX_POINT('',#3319);
#943=VERTEX_POINT('',#3328);
#944=VERTEX_POINT('',#3330);
#945=VERTEX_POINT('',#3332);
#946=VERTEX_POINT('',#3334);
#947=VERTEX_POINT('',#3336);
#948=VERTEX_POINT('',#3338);
#949=VERTEX_POINT('',#3347);
#950=VERTEX_POINT('',#3358);
#951=VERTEX_POINT('',#3367);
#952=VERTEX_POINT('',#3369);
#953=VERTEX_POINT('',#3373);
#954=VERTEX_POINT('',#3375);
#955=VERTEX_POINT('',#3377);
#956=VERTEX_POINT('',#3379);
#957=VERTEX_POINT('',#3388);
#958=VERTEX_POINT('',#3399);
#959=VERTEX_POINT('',#3408);
#960=VERTEX_POINT('',#3410);
#961=VERTEX_POINT('',#3412);
#962=VERTEX_POINT('',#3414);
#963=VERTEX_POINT('',#3416);
#964=VERTEX_POINT('',#3418);
#965=VERTEX_POINT('',#3427);
#966=VERTEX_POINT('',#3438);
#967=VERTEX_POINT('',#3447);
#968=VERTEX_POINT('',#3449);
#969=VERTEX_POINT('',#3453);
#970=VERTEX_POINT('',#3455);
#971=VERTEX_POINT('',#3457);
#972=VERTEX_POINT('',#3459);
#973=VERTEX_POINT('',#3468);
#974=VERTEX_POINT('',#3479);
#975=VERTEX_POINT('',#3488);
#976=VERTEX_POINT('',#3490);
#977=VERTEX_POINT('',#3492);
#978=VERTEX_POINT('',#3494);
#979=VERTEX_POINT('',#3496);
#980=VERTEX_POINT('',#3498);
#981=VERTEX_POINT('',#3507);
#982=VERTEX_POINT('',#3518);
#983=VERTEX_POINT('',#3527);
#984=VERTEX_POINT('',#3529);
#985=VERTEX_POINT('',#3531);
#986=VERTEX_POINT('',#3535);
#987=VERTEX_POINT('',#3537);
#988=VERTEX_POINT('',#3539);
#989=VERTEX_POINT('',#3541);
#990=VERTEX_POINT('',#3550);
#991=VERTEX_POINT('',#3561);
#992=VERTEX_POINT('',#3570);
#993=VERTEX_POINT('',#3572);
#994=VERTEX_POINT('',#3574);
#995=VERTEX_POINT('',#3576);
#996=VERTEX_POINT('',#3578);
#997=VERTEX_POINT('',#3580);
#998=VERTEX_POINT('',#3582);
#999=VERTEX_POINT('',#3591);
#1000=VERTEX_POINT('',#3602);
#1001=VERTEX_POINT('',#3611);
#1002=VERTEX_POINT('',#3613);
#1003=VERTEX_POINT('',#3623);
#1004=VERTEX_POINT('',#3624);
#1005=VERTEX_POINT('',#3626);
#1006=VERTEX_POINT('',#3628);
#1007=VERTEX_POINT('',#3644);
#1008=VERTEX_POINT('',#3646);
#1009=VERTEX_POINT('',#4115);
#1010=VERTEX_POINT('',#4124);
#1011=VERTEX_POINT('',#4128);
#1012=VERTEX_POINT('',#4147);
#1013=VERTEX_POINT('',#4177);
#1014=VERTEX_POINT('',#4205);
#1015=VERTEX_POINT('',#4216);
#1016=VERTEX_POINT('',#4225);
#1017=VERTEX_POINT('',#4229);
#1018=VERTEX_POINT('',#4238);
#1019=VERTEX_POINT('',#4242);
#1020=VERTEX_POINT('',#4261);
#1021=VERTEX_POINT('',#4291);
#1022=VERTEX_POINT('',#4319);
#1023=VERTEX_POINT('',#4330);
#1024=EDGE_CURVE('',#818,#819,#762,.F.);
#1025=EDGE_CURVE('',#818,#820,#688,.T.);
#1026=EDGE_CURVE('',#821,#820,#689,.T.);
#1027=EDGE_CURVE('',#822,#821,#690,.F.);
#1028=EDGE_CURVE('',#823,#822,#691,.T.);
#1029=EDGE_CURVE('',#823,#819,#692,.T.);
#1030=EDGE_CURVE('',#824,#825,#763,.F.);
#1031=EDGE_CURVE('',#824,#826,#693,.T.);
#1032=EDGE_CURVE('',#827,#826,#694,.T.);
#1033=EDGE_CURVE('',#828,#827,#695,.F.);
#1034=EDGE_CURVE('',#829,#828,#696,.T.);
#1035=EDGE_CURVE('',#829,#825,#697,.T.);
#1036=EDGE_CURVE('',#820,#829,#133,.T.);
#1037=EDGE_CURVE('',#828,#821,#134,.T.);
#1038=EDGE_CURVE('',#830,#831,#764,.F.);
#1039=EDGE_CURVE('',#830,#832,#698,.T.);
#1040=EDGE_CURVE('',#833,#832,#699,.T.);
#1041=EDGE_CURVE('',#834,#833,#700,.F.);
#1042=EDGE_CURVE('',#835,#834,#701,.T.);
#1043=EDGE_CURVE('',#835,#831,#702,.T.);
#1044=EDGE_CURVE('',#836,#837,#765,.F.);
#1045=EDGE_CURVE('',#836,#838,#703,.T.);
#1046=EDGE_CURVE('',#839,#838,#704,.T.);
#1047=EDGE_CURVE('',#840,#839,#705,.F.);
#1048=EDGE_CURVE('',#841,#840,#706,.T.);
#1049=EDGE_CURVE('',#841,#837,#707,.T.);
#1050=EDGE_CURVE('',#826,#841,#135,.T.);
#1051=EDGE_CURVE('',#840,#827,#136,.T.);
#1052=EDGE_CURVE('',#838,#835,#137,.T.);
#1053=EDGE_CURVE('',#834,#839,#138,.T.);
#1054=EDGE_CURVE('',#842,#843,#708,.T.);
#1055=EDGE_CURVE('',#843,#840,#139,.T.);
#1056=EDGE_CURVE('',#839,#842,#140,.T.);
#1057=EDGE_CURVE('',#832,#823,#141,.T.);
#1058=EDGE_CURVE('',#822,#833,#142,.T.);
#1059=EDGE_CURVE('',#844,#845,#709,.T.);
#1060=EDGE_CURVE('',#845,#834,#143,.T.);
#1061=EDGE_CURVE('',#833,#844,#144,.T.);
#1062=EDGE_CURVE('',#846,#847,#710,.T.);
#1063=EDGE_CURVE('',#847,#828,#145,.T.);
#1064=EDGE_CURVE('',#827,#846,#146,.T.);
#1065=EDGE_CURVE('',#848,#849,#711,.T.);
#1066=EDGE_CURVE('',#849,#822,#147,.T.);
#1067=EDGE_CURVE('',#821,#848,#148,.T.);
#1068=EDGE_CURVE('',#830,#850,#712,.T.);
#1069=EDGE_CURVE('',#850,#851,#59,.T.);
#1070=EDGE_CURVE('',#851,#852,#149,.T.);
#1071=EDGE_CURVE('',#852,#853,#766,.T.);
#1072=EDGE_CURVE('',#853,#854,#767,.T.);
#1073=EDGE_CURVE('',#854,#855,#768,.T.);
#1074=EDGE_CURVE('',#855,#856,#150,.T.);
#1075=EDGE_CURVE('',#856,#857,#60,.T.);
#1076=EDGE_CURVE('',#857,#858,#713,.T.);
#1077=EDGE_CURVE('',#858,#859,#61,.T.);
#1078=EDGE_CURVE('',#859,#860,#151,.T.);
#1079=EDGE_CURVE('',#860,#861,#769,.T.);
#1080=EDGE_CURVE('',#861,#862,#770,.T.);
#1081=EDGE_CURVE('',#862,#863,#771,.T.);
#1082=EDGE_CURVE('',#863,#864,#152,.T.);
#1083=EDGE_CURVE('',#864,#865,#62,.T.);
#1084=EDGE_CURVE('',#865,#819,#714,.T.);
#1085=EDGE_CURVE('',#836,#866,#715,.T.);
#1086=EDGE_CURVE('',#866,#867,#63,.T.);
#1087=EDGE_CURVE('',#867,#868,#153,.T.);
#1088=EDGE_CURVE('',#868,#869,#772,.T.);
#1089=EDGE_CURVE('',#869,#870,#773,.T.);
#1090=EDGE_CURVE('',#870,#871,#774,.T.);
#1091=EDGE_CURVE('',#871,#872,#154,.T.);
#1092=EDGE_CURVE('',#872,#873,#64,.T.);
#1093=EDGE_CURVE('',#873,#874,#716,.T.);
#1094=EDGE_CURVE('',#874,#875,#65,.T.);
#1095=EDGE_CURVE('',#875,#876,#155,.T.);
#1096=EDGE_CURVE('',#876,#877,#775,.T.);
#1097=EDGE_CURVE('',#877,#878,#776,.T.);
#1098=EDGE_CURVE('',#878,#879,#777,.T.);
#1099=EDGE_CURVE('',#879,#880,#156,.T.);
#1100=EDGE_CURVE('',#880,#881,#66,.T.);
#1101=EDGE_CURVE('',#881,#882,#67,.T.);
#1102=EDGE_CURVE('',#882,#831,#717,.T.);
#1103=EDGE_CURVE('',#824,#883,#718,.T.);
#1104=EDGE_CURVE('',#883,#884,#68,.T.);
#1105=EDGE_CURVE('',#884,#885,#157,.T.);
#1106=EDGE_CURVE('',#885,#886,#778,.T.);
#1107=EDGE_CURVE('',#886,#887,#779,.T.);
#1108=EDGE_CURVE('',#887,#888,#780,.T.);
#1109=EDGE_CURVE('',#888,#889,#158,.T.);
#1110=EDGE_CURVE('',#889,#890,#69,.T.);
#1111=EDGE_CURVE('',#890,#891,#719,.T.);
#1112=EDGE_CURVE('',#891,#892,#70,.T.);
#1113=EDGE_CURVE('',#892,#893,#71,.T.);
#1114=EDGE_CURVE('',#893,#894,#159,.T.);
#1115=EDGE_CURVE('',#894,#895,#781,.T.);
#1116=EDGE_CURVE('',#895,#896,#782,.T.);
#1117=EDGE_CURVE('',#896,#897,#783,.T.);
#1118=EDGE_CURVE('',#897,#898,#160,.T.);
#1119=EDGE_CURVE('',#898,#899,#72,.T.);
#1120=EDGE_CURVE('',#899,#837,#720,.T.);
#1121=EDGE_CURVE('',#842,#845,#161,.T.);
#1122=EDGE_CURVE('',#844,#849,#162,.T.);
#1123=EDGE_CURVE('',#848,#847,#163,.T.);
#1124=EDGE_CURVE('',#846,#843,#164,.T.);
#1125=EDGE_CURVE('',#900,#901,#165,.T.);
#1126=EDGE_CURVE('',#901,#902,#166,.T.);
#1127=EDGE_CURVE('',#902,#903,#167,.T.);
#1128=EDGE_CURVE('',#903,#900,#168,.T.);
#1129=EDGE_CURVE('',#904,#905,#784,.F.);
#1130=EDGE_CURVE('',#904,#906,#721,.T.);
#1131=EDGE_CURVE('',#907,#906,#722,.T.);
#1132=EDGE_CURVE('',#908,#907,#723,.F.);
#1133=EDGE_CURVE('',#909,#908,#724,.T.);
#1134=EDGE_CURVE('',#909,#905,#725,.T.);
#1135=EDGE_CURVE('',#910,#911,#785,.F.);
#1136=EDGE_CURVE('',#910,#912,#726,.T.);
#1137=EDGE_CURVE('',#913,#912,#727,.T.);
#1138=EDGE_CURVE('',#914,#913,#728,.F.);
#1139=EDGE_CURVE('',#915,#914,#729,.T.);
#1140=EDGE_CURVE('',#915,#911,#730,.T.);
#1141=EDGE_CURVE('',#906,#915,#169,.T.);
#1142=EDGE_CURVE('',#914,#907,#170,.T.);
#1143=EDGE_CURVE('',#916,#917,#786,.F.);
#1144=EDGE_CURVE('',#916,#918,#731,.T.);
#1145=EDGE_CURVE('',#919,#918,#732,.T.);
#1146=EDGE_CURVE('',#920,#919,#733,.F.);
#1147=EDGE_CURVE('',#921,#920,#734,.T.);
#1148=EDGE_CURVE('',#921,#917,#735,.T.);
#1149=EDGE_CURVE('',#918,#909,#171,.T.);
#1150=EDGE_CURVE('',#908,#919,#172,.T.);
#1151=EDGE_CURVE('',#922,#923,#736,.T.);
#1152=EDGE_CURVE('',#923,#920,#173,.T.);
#1153=EDGE_CURVE('',#919,#922,#174,.T.);
#1154=EDGE_CURVE('',#924,#925,#787,.F.);
#1155=EDGE_CURVE('',#924,#926,#737,.T.);
#1156=EDGE_CURVE('',#927,#926,#738,.T.);
#1157=EDGE_CURVE('',#928,#927,#739,.F.);
#1158=EDGE_CURVE('',#929,#928,#740,.T.);
#1159=EDGE_CURVE('',#929,#925,#741,.T.);
#1160=EDGE_CURVE('',#926,#921,#175,.T.);
#1161=EDGE_CURVE('',#920,#927,#176,.T.);
#1162=EDGE_CURVE('',#930,#931,#742,.T.);
#1163=EDGE_CURVE('',#931,#928,#177,.T.);
#1164=EDGE_CURVE('',#927,#930,#178,.T.);
#1165=EDGE_CURVE('',#912,#929,#179,.T.);
#1166=EDGE_CURVE('',#928,#913,#180,.T.);
#1167=EDGE_CURVE('',#932,#933,#743,.T.);
#1168=EDGE_CURVE('',#933,#914,#181,.T.);
#1169=EDGE_CURVE('',#913,#932,#182,.T.);
#1170=EDGE_CURVE('',#934,#935,#744,.T.);
#1171=EDGE_CURVE('',#935,#908,#183,.T.);
#1172=EDGE_CURVE('',#907,#934,#184,.T.);
#1173=EDGE_CURVE('',#924,#936,#745,.T.);
#1174=EDGE_CURVE('',#936,#937,#73,.T.);
#1175=EDGE_CURVE('',#937,#938,#74,.T.);
#1176=EDGE_CURVE('',#938,#939,#185,.T.);
#1177=EDGE_CURVE('',#939,#940,#788,.T.);
#1178=EDGE_CURVE('',#940,#941,#789,.T.);
#1179=EDGE_CURVE('',#941,#942,#790,.T.);
#1180=EDGE_CURVE('',#942,#943,#186,.T.);
#1181=EDGE_CURVE('',#943,#944,#75,.T.);
#1182=EDGE_CURVE('',#944,#945,#746,.T.);
#1183=EDGE_CURVE('',#945,#946,#76,.T.);
#1184=EDGE_CURVE('',#946,#947,#187,.T.);
#1185=EDGE_CURVE('',#947,#948,#791,.T.);
#1186=EDGE_CURVE('',#948,#949,#792,.T.);
#1187=EDGE_CURVE('',#949,#950,#793,.T.);
#1188=EDGE_CURVE('',#950,#951,#188,.T.);
#1189=EDGE_CURVE('',#951,#952,#77,.T.);
#1190=EDGE_CURVE('',#952,#917,#747,.T.);
#1191=EDGE_CURVE('',#910,#953,#748,.T.);
#1192=EDGE_CURVE('',#953,#954,#78,.T.);
#1193=EDGE_CURVE('',#954,#955,#189,.T.);
#1194=EDGE_CURVE('',#955,#956,#794,.T.);
#1195=EDGE_CURVE('',#956,#957,#795,.T.);
#1196=EDGE_CURVE('',#957,#958,#796,.T.);
#1197=EDGE_CURVE('',#958,#959,#190,.T.);
#1198=EDGE_CURVE('',#959,#960,#79,.T.);
#1199=EDGE_CURVE('',#960,#961,#749,.T.);
#1200=EDGE_CURVE('',#961,#962,#80,.T.);
#1201=EDGE_CURVE('',#962,#963,#191,.T.);
#1202=EDGE_CURVE('',#963,#964,#797,.T.);
#1203=EDGE_CURVE('',#964,#965,#798,.T.);
#1204=EDGE_CURVE('',#965,#966,#799,.T.);
#1205=EDGE_CURVE('',#966,#967,#192,.T.);
#1206=EDGE_CURVE('',#967,#968,#81,.T.);
#1207=EDGE_CURVE('',#968,#925,#750,.T.);
#1208=EDGE_CURVE('',#904,#969,#751,.T.);
#1209=EDGE_CURVE('',#969,#970,#82,.T.);
#1210=EDGE_CURVE('',#970,#971,#193,.T.);
#1211=EDGE_CURVE('',#971,#972,#800,.T.);
#1212=EDGE_CURVE('',#972,#973,#801,.T.);
#1213=EDGE_CURVE('',#973,#974,#802,.T.);
#1214=EDGE_CURVE('',#974,#975,#194,.T.);
#1215=EDGE_CURVE('',#975,#976,#83,.T.);
#1216=EDGE_CURVE('',#976,#977,#752,.T.);
#1217=EDGE_CURVE('',#977,#978,#84,.T.);
#1218=EDGE_CURVE('',#978,#979,#195,.T.);
#1219=EDGE_CURVE('',#979,#980,#803,.T.);
#1220=EDGE_CURVE('',#980,#981,#804,.T.);
#1221=EDGE_CURVE('',#981,#982,#805,.T.);
#1222=EDGE_CURVE('',#982,#983,#196,.T.);
#1223=EDGE_CURVE('',#983,#984,#85,.T.);
#1224=EDGE_CURVE('',#984,#985,#753,.T.);
#1225=EDGE_CURVE('',#985,#911,#754,.T.);
#1226=EDGE_CURVE('',#916,#986,#755,.T.);
#1227=EDGE_CURVE('',#986,#987,#86,.T.);
#1228=EDGE_CURVE('',#987,#988,#197,.T.);
#1229=EDGE_CURVE('',#988,#989,#806,.T.);
#1230=EDGE_CURVE('',#989,#990,#807,.T.);
#1231=EDGE_CURVE('',#990,#991,#808,.T.);
#1232=EDGE_CURVE('',#991,#992,#198,.T.);
#1233=EDGE_CURVE('',#992,#993,#87,.T.);
#1234=EDGE_CURVE('',#993,#994,#88,.T.);
#1235=EDGE_CURVE('',#994,#995,#756,.T.);
#1236=EDGE_CURVE('',#995,#996,#89,.T.);
#1237=EDGE_CURVE('',#996,#997,#199,.T.);
#1238=EDGE_CURVE('',#997,#998,#809,.T.);
#1239=EDGE_CURVE('',#998,#999,#810,.T.);
#1240=EDGE_CURVE('',#999,#1000,#811,.T.);
#1241=EDGE_CURVE('',#1000,#1001,#200,.T.);
#1242=EDGE_CURVE('',#1001,#1002,#90,.T.);
#1243=EDGE_CURVE('',#1002,#905,#757,.T.);
#1244=EDGE_CURVE('',#934,#933,#201,.T.);
#1245=EDGE_CURVE('',#932,#931,#202,.T.);
#1246=EDGE_CURVE('',#930,#923,#203,.T.);
#1247=EDGE_CURVE('',#922,#935,#204,.T.);
#1248=EDGE_CURVE('',#1003,#1004,#205,.T.);
#1249=EDGE_CURVE('',#1004,#1005,#206,.T.);
#1250=EDGE_CURVE('',#1005,#1006,#207,.T.);
#1251=EDGE_CURVE('',#1006,#1003,#208,.T.);
#1252=EDGE_CURVE('',#902,#1006,#209,.T.);
#1253=EDGE_CURVE('',#1003,#901,#210,.T.);
#1254=EDGE_CURVE('',#903,#1005,#211,.T.);
#1255=EDGE_CURVE('',#900,#1004,#212,.T.);
#1256=EDGE_CURVE('',#984,#1007,#213,.T.);
#1257=EDGE_CURVE('',#1008,#1007,#758,.T.);
#1258=EDGE_CURVE('',#985,#1008,#214,.T.);
#1259=EDGE_CURVE('',#818,#1008,#759,.T.);
#1260=EDGE_CURVE('',#953,#865,#215,.T.);
#1261=EDGE_CURVE('',#954,#864,#216,.T.);
#1262=EDGE_CURVE('',#955,#863,#217,.T.);
#1263=EDGE_CURVE('',#956,#862,#218,.T.);
#1264=EDGE_CURVE('',#957,#861,#219,.T.);
#1265=EDGE_CURVE('',#958,#860,#220,.T.);
#1266=EDGE_CURVE('',#959,#859,#221,.T.);
#1267=EDGE_CURVE('',#960,#858,#222,.T.);
#1268=EDGE_CURVE('',#961,#857,#223,.T.);
#1269=EDGE_CURVE('',#962,#856,#224,.T.);
#1270=EDGE_CURVE('',#963,#855,#225,.T.);
#1271=EDGE_CURVE('',#964,#854,#226,.T.);
#1272=EDGE_CURVE('',#965,#853,#227,.T.);
#1273=EDGE_CURVE('',#966,#852,#228,.T.);
#1274=EDGE_CURVE('',#967,#851,#229,.T.);
#1275=EDGE_CURVE('',#968,#850,#230,.T.);
#1276=EDGE_CURVE('',#936,#882,#231,.T.);
#1277=EDGE_CURVE('',#937,#881,#232,.T.);
#1278=EDGE_CURVE('',#938,#880,#233,.T.);
#1279=EDGE_CURVE('',#939,#879,#234,.T.);
#1280=EDGE_CURVE('',#940,#878,#235,.T.);
#1281=EDGE_CURVE('',#941,#877,#236,.T.);
#1282=EDGE_CURVE('',#942,#876,#237,.T.);
#1283=EDGE_CURVE('',#943,#875,#238,.T.);
#1284=EDGE_CURVE('',#944,#874,#239,.T.);
#1285=EDGE_CURVE('',#945,#873,#240,.T.);
#1286=EDGE_CURVE('',#946,#872,#241,.T.);
#1287=EDGE_CURVE('',#947,#871,#242,.T.);
#1288=EDGE_CURVE('',#948,#870,#243,.T.);
#1289=EDGE_CURVE('',#949,#869,#244,.T.);
#1290=EDGE_CURVE('',#950,#868,#245,.T.);
#1291=EDGE_CURVE('',#951,#867,#246,.T.);
#1292=EDGE_CURVE('',#952,#866,#247,.T.);
#1293=EDGE_CURVE('',#986,#899,#248,.T.);
#1294=EDGE_CURVE('',#987,#898,#249,.T.);
#1295=EDGE_CURVE('',#988,#897,#250,.T.);
#1296=EDGE_CURVE('',#989,#896,#251,.T.);
#1297=EDGE_CURVE('',#990,#895,#252,.T.);
#1298=EDGE_CURVE('',#991,#894,#253,.T.);
#1299=EDGE_CURVE('',#992,#893,#254,.T.);
#1300=EDGE_CURVE('',#993,#892,#255,.T.);
#1301=EDGE_CURVE('',#994,#891,#256,.T.);
#1302=EDGE_CURVE('',#995,#890,#257,.T.);
#1303=EDGE_CURVE('',#996,#889,#258,.T.);
#1304=EDGE_CURVE('',#997,#888,#259,.T.);
#1305=EDGE_CURVE('',#998,#887,#260,.T.);
#1306=EDGE_CURVE('',#999,#886,#261,.T.);
#1307=EDGE_CURVE('',#1000,#885,#262,.T.);
#1308=EDGE_CURVE('',#1001,#884,#263,.T.);
#1309=EDGE_CURVE('',#1002,#883,#264,.T.);
#1310=EDGE_CURVE('',#1009,#825,#760,.T.);
#1311=EDGE_CURVE('',#969,#1009,#265,.T.);
#1312=EDGE_CURVE('',#1010,#1009,#91,.T.);
#1313=EDGE_CURVE('',#970,#1010,#266,.T.);
#1314=EDGE_CURVE('',#1011,#1010,#267,.T.);
#1315=EDGE_CURVE('',#971,#1011,#268,.T.);
#1316=EDGE_CURVE('',#1012,#1011,#812,.T.);
#1317=EDGE_CURVE('',#972,#1012,#269,.T.);
#1318=EDGE_CURVE('',#1013,#1012,#813,.T.);
#1319=EDGE_CURVE('',#973,#1013,#270,.T.);
#1320=EDGE_CURVE('',#1014,#1013,#814,.T.);
#1321=EDGE_CURVE('',#974,#1014,#271,.T.);
#1322=EDGE_CURVE('',#1015,#1014,#272,.T.);
#1323=EDGE_CURVE('',#975,#1015,#273,.T.);
#1324=EDGE_CURVE('',#1016,#1015,#92,.T.);
#1325=EDGE_CURVE('',#976,#1016,#274,.T.);
#1326=EDGE_CURVE('',#1017,#1016,#761,.T.);
#1327=EDGE_CURVE('',#977,#1017,#275,.T.);
#1328=EDGE_CURVE('',#1018,#1017,#93,.T.);
#1329=EDGE_CURVE('',#978,#1018,#276,.T.);
#1330=EDGE_CURVE('',#1019,#1018,#277,.T.);
#1331=EDGE_CURVE('',#979,#1019,#278,.T.);
#1332=EDGE_CURVE('',#1020,#1019,#815,.T.);
#1333=EDGE_CURVE('',#980,#1020,#279,.T.);
#1334=EDGE_CURVE('',#1021,#1020,#816,.T.);
#1335=EDGE_CURVE('',#981,#1021,#280,.T.);
#1336=EDGE_CURVE('',#1022,#1021,#817,.T.);
#1337=EDGE_CURVE('',#982,#1022,#281,.T.);
#1338=EDGE_CURVE('',#1023,#1022,#282,.T.);
#1339=EDGE_CURVE('',#983,#1023,#283,.T.);
#1340=EDGE_CURVE('',#1007,#1023,#94,.T.);
#1341=ORIENTED_EDGE('',*,*,#1024,.F.);
#1342=ORIENTED_EDGE('',*,*,#1025,.T.);
#1343=ORIENTED_EDGE('',*,*,#1026,.F.);
#1344=ORIENTED_EDGE('',*,*,#1027,.F.);
#1345=ORIENTED_EDGE('',*,*,#1028,.F.);
#1346=ORIENTED_EDGE('',*,*,#1029,.T.);
#1347=ORIENTED_EDGE('',*,*,#1030,.F.);
#1348=ORIENTED_EDGE('',*,*,#1031,.T.);
#1349=ORIENTED_EDGE('',*,*,#1032,.F.);
#1350=ORIENTED_EDGE('',*,*,#1033,.F.);
#1351=ORIENTED_EDGE('',*,*,#1034,.F.);
#1352=ORIENTED_EDGE('',*,*,#1035,.T.);
#1353=ORIENTED_EDGE('',*,*,#1026,.T.);
#1354=ORIENTED_EDGE('',*,*,#1036,.T.);
#1355=ORIENTED_EDGE('',*,*,#1034,.T.);
#1356=ORIENTED_EDGE('',*,*,#1037,.T.);
#1357=ORIENTED_EDGE('',*,*,#1038,.F.);
#1358=ORIENTED_EDGE('',*,*,#1039,.T.);
#1359=ORIENTED_EDGE('',*,*,#1040,.F.);
#1360=ORIENTED_EDGE('',*,*,#1041,.F.);
#1361=ORIENTED_EDGE('',*,*,#1042,.F.);
#1362=ORIENTED_EDGE('',*,*,#1043,.T.);
#1363=ORIENTED_EDGE('',*,*,#1044,.F.);
#1364=ORIENTED_EDGE('',*,*,#1045,.T.);
#1365=ORIENTED_EDGE('',*,*,#1046,.F.);
#1366=ORIENTED_EDGE('',*,*,#1047,.F.);
#1367=ORIENTED_EDGE('',*,*,#1048,.F.);
#1368=ORIENTED_EDGE('',*,*,#1049,.T.);
#1369=ORIENTED_EDGE('',*,*,#1032,.T.);
#1370=ORIENTED_EDGE('',*,*,#1050,.T.);
#1371=ORIENTED_EDGE('',*,*,#1048,.T.);
#1372=ORIENTED_EDGE('',*,*,#1051,.T.);
#1373=ORIENTED_EDGE('',*,*,#1046,.T.);
#1374=ORIENTED_EDGE('',*,*,#1052,.T.);
#1375=ORIENTED_EDGE('',*,*,#1042,.T.);
#1376=ORIENTED_EDGE('',*,*,#1053,.T.);
#1377=ORIENTED_EDGE('',*,*,#1054,.T.);
#1378=ORIENTED_EDGE('',*,*,#1055,.T.);
#1379=ORIENTED_EDGE('',*,*,#1047,.T.);
#1380=ORIENTED_EDGE('',*,*,#1056,.T.);
#1381=ORIENTED_EDGE('',*,*,#1040,.T.);
#1382=ORIENTED_EDGE('',*,*,#1057,.T.);
#1383=ORIENTED_EDGE('',*,*,#1028,.T.);
#1384=ORIENTED_EDGE('',*,*,#1058,.T.);
#1385=ORIENTED_EDGE('',*,*,#1059,.T.);
#1386=ORIENTED_EDGE('',*,*,#1060,.T.);
#1387=ORIENTED_EDGE('',*,*,#1041,.T.);
#1388=ORIENTED_EDGE('',*,*,#1061,.T.);
#1389=ORIENTED_EDGE('',*,*,#1062,.T.);
#1390=ORIENTED_EDGE('',*,*,#1063,.T.);
#1391=ORIENTED_EDGE('',*,*,#1033,.T.);
#1392=ORIENTED_EDGE('',*,*,#1064,.T.);
#1393=ORIENTED_EDGE('',*,*,#1065,.T.);
#1394=ORIENTED_EDGE('',*,*,#1066,.T.);
#1395=ORIENTED_EDGE('',*,*,#1027,.T.);
#1396=ORIENTED_EDGE('',*,*,#1067,.T.);
#1397=ORIENTED_EDGE('',*,*,#1029,.F.);
#1398=ORIENTED_EDGE('',*,*,#1057,.F.);
#1399=ORIENTED_EDGE('',*,*,#1039,.F.);
#1400=ORIENTED_EDGE('',*,*,#1068,.T.);
#1401=ORIENTED_EDGE('',*,*,#1069,.T.);
#1402=ORIENTED_EDGE('',*,*,#1070,.T.);
#1403=ORIENTED_EDGE('',*,*,#1071,.T.);
#1404=ORIENTED_EDGE('',*,*,#1072,.T.);
#1405=ORIENTED_EDGE('',*,*,#1073,.T.);
#1406=ORIENTED_EDGE('',*,*,#1074,.T.);
#1407=ORIENTED_EDGE('',*,*,#1075,.T.);
#1408=ORIENTED_EDGE('',*,*,#1076,.T.);
#1409=ORIENTED_EDGE('',*,*,#1077,.T.);
#1410=ORIENTED_EDGE('',*,*,#1078,.T.);
#1411=ORIENTED_EDGE('',*,*,#1079,.T.);
#1412=ORIENTED_EDGE('',*,*,#1080,.T.);
#1413=ORIENTED_EDGE('',*,*,#1081,.T.);
#1414=ORIENTED_EDGE('',*,*,#1082,.T.);
#1415=ORIENTED_EDGE('',*,*,#1083,.T.);
#1416=ORIENTED_EDGE('',*,*,#1084,.T.);
#1417=ORIENTED_EDGE('',*,*,#1043,.F.);
#1418=ORIENTED_EDGE('',*,*,#1052,.F.);
#1419=ORIENTED_EDGE('',*,*,#1045,.F.);
#1420=ORIENTED_EDGE('',*,*,#1085,.T.);
#1421=ORIENTED_EDGE('',*,*,#1086,.T.);
#1422=ORIENTED_EDGE('',*,*,#1087,.T.);
#1423=ORIENTED_EDGE('',*,*,#1088,.T.);
#1424=ORIENTED_EDGE('',*,*,#1089,.T.);
#1425=ORIENTED_EDGE('',*,*,#1090,.T.);
#1426=ORIENTED_EDGE('',*,*,#1091,.T.);
#1427=ORIENTED_EDGE('',*,*,#1092,.T.);
#1428=ORIENTED_EDGE('',*,*,#1093,.T.);
#1429=ORIENTED_EDGE('',*,*,#1094,.T.);
#1430=ORIENTED_EDGE('',*,*,#1095,.T.);
#1431=ORIENTED_EDGE('',*,*,#1096,.T.);
#1432=ORIENTED_EDGE('',*,*,#1097,.T.);
#1433=ORIENTED_EDGE('',*,*,#1098,.T.);
#1434=ORIENTED_EDGE('',*,*,#1099,.T.);
#1435=ORIENTED_EDGE('',*,*,#1100,.T.);
#1436=ORIENTED_EDGE('',*,*,#1101,.T.);
#1437=ORIENTED_EDGE('',*,*,#1102,.T.);
#1438=ORIENTED_EDGE('',*,*,#1031,.F.);
#1439=ORIENTED_EDGE('',*,*,#1103,.T.);
#1440=ORIENTED_EDGE('',*,*,#1104,.T.);
#1441=ORIENTED_EDGE('',*,*,#1105,.T.);
#1442=ORIENTED_EDGE('',*,*,#1106,.T.);
#1443=ORIENTED_EDGE('',*,*,#1107,.T.);
#1444=ORIENTED_EDGE('',*,*,#1108,.T.);
#1445=ORIENTED_EDGE('',*,*,#1109,.T.);
#1446=ORIENTED_EDGE('',*,*,#1110,.T.);
#1447=ORIENTED_EDGE('',*,*,#1111,.T.);
#1448=ORIENTED_EDGE('',*,*,#1112,.T.);
#1449=ORIENTED_EDGE('',*,*,#1113,.T.);
#1450=ORIENTED_EDGE('',*,*,#1114,.T.);
#1451=ORIENTED_EDGE('',*,*,#1115,.T.);
#1452=ORIENTED_EDGE('',*,*,#1116,.T.);
#1453=ORIENTED_EDGE('',*,*,#1117,.T.);
#1454=ORIENTED_EDGE('',*,*,#1118,.T.);
#1455=ORIENTED_EDGE('',*,*,#1119,.T.);
#1456=ORIENTED_EDGE('',*,*,#1120,.T.);
#1457=ORIENTED_EDGE('',*,*,#1049,.F.);
#1458=ORIENTED_EDGE('',*,*,#1050,.F.);
#1459=ORIENTED_EDGE('',*,*,#1056,.F.);
#1460=ORIENTED_EDGE('',*,*,#1053,.F.);
#1461=ORIENTED_EDGE('',*,*,#1060,.F.);
#1462=ORIENTED_EDGE('',*,*,#1121,.F.);
#1463=ORIENTED_EDGE('',*,*,#1054,.F.);
#1464=ORIENTED_EDGE('',*,*,#1121,.T.);
#1465=ORIENTED_EDGE('',*,*,#1059,.F.);
#1466=ORIENTED_EDGE('',*,*,#1122,.T.);
#1467=ORIENTED_EDGE('',*,*,#1065,.F.);
#1468=ORIENTED_EDGE('',*,*,#1123,.T.);
#1469=ORIENTED_EDGE('',*,*,#1062,.F.);
#1470=ORIENTED_EDGE('',*,*,#1124,.T.);
#1471=ORIENTED_EDGE('',*,*,#1125,.T.);
#1472=ORIENTED_EDGE('',*,*,#1126,.T.);
#1473=ORIENTED_EDGE('',*,*,#1127,.T.);
#1474=ORIENTED_EDGE('',*,*,#1128,.T.);
#1475=ORIENTED_EDGE('',*,*,#1061,.F.);
#1476=ORIENTED_EDGE('',*,*,#1058,.F.);
#1477=ORIENTED_EDGE('',*,*,#1066,.F.);
#1478=ORIENTED_EDGE('',*,*,#1122,.F.);
#1479=ORIENTED_EDGE('',*,*,#1129,.F.);
#1480=ORIENTED_EDGE('',*,*,#1130,.T.);
#1481=ORIENTED_EDGE('',*,*,#1131,.F.);
#1482=ORIENTED_EDGE('',*,*,#1132,.F.);
#1483=ORIENTED_EDGE('',*,*,#1133,.F.);
#1484=ORIENTED_EDGE('',*,*,#1134,.T.);
#1485=ORIENTED_EDGE('',*,*,#1135,.F.);
#1486=ORIENTED_EDGE('',*,*,#1136,.T.);
#1487=ORIENTED_EDGE('',*,*,#1137,.F.);
#1488=ORIENTED_EDGE('',*,*,#1138,.F.);
#1489=ORIENTED_EDGE('',*,*,#1139,.F.);
#1490=ORIENTED_EDGE('',*,*,#1140,.T.);
#1491=ORIENTED_EDGE('',*,*,#1131,.T.);
#1492=ORIENTED_EDGE('',*,*,#1141,.T.);
#1493=ORIENTED_EDGE('',*,*,#1139,.T.);
#1494=ORIENTED_EDGE('',*,*,#1142,.T.);
#1495=ORIENTED_EDGE('',*,*,#1143,.F.);
#1496=ORIENTED_EDGE('',*,*,#1144,.T.);
#1497=ORIENTED_EDGE('',*,*,#1145,.F.);
#1498=ORIENTED_EDGE('',*,*,#1146,.F.);
#1499=ORIENTED_EDGE('',*,*,#1147,.F.);
#1500=ORIENTED_EDGE('',*,*,#1148,.T.);
#1501=ORIENTED_EDGE('',*,*,#1145,.T.);
#1502=ORIENTED_EDGE('',*,*,#1149,.T.);
#1503=ORIENTED_EDGE('',*,*,#1133,.T.);
#1504=ORIENTED_EDGE('',*,*,#1150,.T.);
#1505=ORIENTED_EDGE('',*,*,#1151,.T.);
#1506=ORIENTED_EDGE('',*,*,#1152,.T.);
#1507=ORIENTED_EDGE('',*,*,#1146,.T.);
#1508=ORIENTED_EDGE('',*,*,#1153,.T.);
#1509=ORIENTED_EDGE('',*,*,#1154,.F.);
#1510=ORIENTED_EDGE('',*,*,#1155,.T.);
#1511=ORIENTED_EDGE('',*,*,#1156,.F.);
#1512=ORIENTED_EDGE('',*,*,#1157,.F.);
#1513=ORIENTED_EDGE('',*,*,#1158,.F.);
#1514=ORIENTED_EDGE('',*,*,#1159,.T.);
#1515=ORIENTED_EDGE('',*,*,#1156,.T.);
#1516=ORIENTED_EDGE('',*,*,#1160,.T.);
#1517=ORIENTED_EDGE('',*,*,#1147,.T.);
#1518=ORIENTED_EDGE('',*,*,#1161,.T.);
#1519=ORIENTED_EDGE('',*,*,#1162,.T.);
#1520=ORIENTED_EDGE('',*,*,#1163,.T.);
#1521=ORIENTED_EDGE('',*,*,#1157,.T.);
#1522=ORIENTED_EDGE('',*,*,#1164,.T.);
#1523=ORIENTED_EDGE('',*,*,#1137,.T.);
#1524=ORIENTED_EDGE('',*,*,#1165,.T.);
#1525=ORIENTED_EDGE('',*,*,#1158,.T.);
#1526=ORIENTED_EDGE('',*,*,#1166,.T.);
#1527=ORIENTED_EDGE('',*,*,#1167,.T.);
#1528=ORIENTED_EDGE('',*,*,#1168,.T.);
#1529=ORIENTED_EDGE('',*,*,#1138,.T.);
#1530=ORIENTED_EDGE('',*,*,#1169,.T.);
#1531=ORIENTED_EDGE('',*,*,#1170,.T.);
#1532=ORIENTED_EDGE('',*,*,#1171,.T.);
#1533=ORIENTED_EDGE('',*,*,#1132,.T.);
#1534=ORIENTED_EDGE('',*,*,#1172,.T.);
#1535=ORIENTED_EDGE('',*,*,#1148,.F.);
#1536=ORIENTED_EDGE('',*,*,#1160,.F.);
#1537=ORIENTED_EDGE('',*,*,#1155,.F.);
#1538=ORIENTED_EDGE('',*,*,#1173,.T.);
#1539=ORIENTED_EDGE('',*,*,#1174,.T.);
#1540=ORIENTED_EDGE('',*,*,#1175,.T.);
#1541=ORIENTED_EDGE('',*,*,#1176,.T.);
#1542=ORIENTED_EDGE('',*,*,#1177,.T.);
#1543=ORIENTED_EDGE('',*,*,#1178,.T.);
#1544=ORIENTED_EDGE('',*,*,#1179,.T.);
#1545=ORIENTED_EDGE('',*,*,#1180,.T.);
#1546=ORIENTED_EDGE('',*,*,#1181,.T.);
#1547=ORIENTED_EDGE('',*,*,#1182,.T.);
#1548=ORIENTED_EDGE('',*,*,#1183,.T.);
#1549=ORIENTED_EDGE('',*,*,#1184,.T.);
#1550=ORIENTED_EDGE('',*,*,#1185,.T.);
#1551=ORIENTED_EDGE('',*,*,#1186,.T.);
#1552=ORIENTED_EDGE('',*,*,#1187,.T.);
#1553=ORIENTED_EDGE('',*,*,#1188,.T.);
#1554=ORIENTED_EDGE('',*,*,#1189,.T.);
#1555=ORIENTED_EDGE('',*,*,#1190,.T.);
#1556=ORIENTED_EDGE('',*,*,#1136,.F.);
#1557=ORIENTED_EDGE('',*,*,#1191,.T.);
#1558=ORIENTED_EDGE('',*,*,#1192,.T.);
#1559=ORIENTED_EDGE('',*,*,#1193,.T.);
#1560=ORIENTED_EDGE('',*,*,#1194,.T.);
#1561=ORIENTED_EDGE('',*,*,#1195,.T.);
#1562=ORIENTED_EDGE('',*,*,#1196,.T.);
#1563=ORIENTED_EDGE('',*,*,#1197,.T.);
#1564=ORIENTED_EDGE('',*,*,#1198,.T.);
#1565=ORIENTED_EDGE('',*,*,#1199,.T.);
#1566=ORIENTED_EDGE('',*,*,#1200,.T.);
#1567=ORIENTED_EDGE('',*,*,#1201,.T.);
#1568=ORIENTED_EDGE('',*,*,#1202,.T.);
#1569=ORIENTED_EDGE('',*,*,#1203,.T.);
#1570=ORIENTED_EDGE('',*,*,#1204,.T.);
#1571=ORIENTED_EDGE('',*,*,#1205,.T.);
#1572=ORIENTED_EDGE('',*,*,#1206,.T.);
#1573=ORIENTED_EDGE('',*,*,#1207,.T.);
#1574=ORIENTED_EDGE('',*,*,#1159,.F.);
#1575=ORIENTED_EDGE('',*,*,#1165,.F.);
#1576=ORIENTED_EDGE('',*,*,#1130,.F.);
#1577=ORIENTED_EDGE('',*,*,#1208,.T.);
#1578=ORIENTED_EDGE('',*,*,#1209,.T.);
#1579=ORIENTED_EDGE('',*,*,#1210,.T.);
#1580=ORIENTED_EDGE('',*,*,#1211,.T.);
#1581=ORIENTED_EDGE('',*,*,#1212,.T.);
#1582=ORIENTED_EDGE('',*,*,#1213,.T.);
#1583=ORIENTED_EDGE('',*,*,#1214,.T.);
#1584=ORIENTED_EDGE('',*,*,#1215,.T.);
#1585=ORIENTED_EDGE('',*,*,#1216,.T.);
#1586=ORIENTED_EDGE('',*,*,#1217,.T.);
#1587=ORIENTED_EDGE('',*,*,#1218,.T.);
#1588=ORIENTED_EDGE('',*,*,#1219,.T.);
#1589=ORIENTED_EDGE('',*,*,#1220,.T.);
#1590=ORIENTED_EDGE('',*,*,#1221,.T.);
#1591=ORIENTED_EDGE('',*,*,#1222,.T.);
#1592=ORIENTED_EDGE('',*,*,#1223,.T.);
#1593=ORIENTED_EDGE('',*,*,#1224,.T.);
#1594=ORIENTED_EDGE('',*,*,#1225,.T.);
#1595=ORIENTED_EDGE('',*,*,#1140,.F.);
#1596=ORIENTED_EDGE('',*,*,#1141,.F.);
#1597=ORIENTED_EDGE('',*,*,#1134,.F.);
#1598=ORIENTED_EDGE('',*,*,#1149,.F.);
#1599=ORIENTED_EDGE('',*,*,#1144,.F.);
#1600=ORIENTED_EDGE('',*,*,#1226,.T.);
#1601=ORIENTED_EDGE('',*,*,#1227,.T.);
#1602=ORIENTED_EDGE('',*,*,#1228,.T.);
#1603=ORIENTED_EDGE('',*,*,#1229,.T.);
#1604=ORIENTED_EDGE('',*,*,#1230,.T.);
#1605=ORIENTED_EDGE('',*,*,#1231,.T.);
#1606=ORIENTED_EDGE('',*,*,#1232,.T.);
#1607=ORIENTED_EDGE('',*,*,#1233,.T.);
#1608=ORIENTED_EDGE('',*,*,#1234,.T.);
#1609=ORIENTED_EDGE('',*,*,#1235,.T.);
#1610=ORIENTED_EDGE('',*,*,#1236,.T.);
#1611=ORIENTED_EDGE('',*,*,#1237,.T.);
#1612=ORIENTED_EDGE('',*,*,#1238,.T.);
#1613=ORIENTED_EDGE('',*,*,#1239,.T.);
#1614=ORIENTED_EDGE('',*,*,#1240,.T.);
#1615=ORIENTED_EDGE('',*,*,#1241,.T.);
#1616=ORIENTED_EDGE('',*,*,#1242,.T.);
#1617=ORIENTED_EDGE('',*,*,#1243,.T.);
#1618=ORIENTED_EDGE('',*,*,#1172,.F.);
#1619=ORIENTED_EDGE('',*,*,#1142,.F.);
#1620=ORIENTED_EDGE('',*,*,#1168,.F.);
#1621=ORIENTED_EDGE('',*,*,#1244,.F.);
#1622=ORIENTED_EDGE('',*,*,#1169,.F.);
#1623=ORIENTED_EDGE('',*,*,#1166,.F.);
#1624=ORIENTED_EDGE('',*,*,#1163,.F.);
#1625=ORIENTED_EDGE('',*,*,#1245,.F.);
#1626=ORIENTED_EDGE('',*,*,#1170,.F.);
#1627=ORIENTED_EDGE('',*,*,#1244,.T.);
#1628=ORIENTED_EDGE('',*,*,#1167,.F.);
#1629=ORIENTED_EDGE('',*,*,#1245,.T.);
#1630=ORIENTED_EDGE('',*,*,#1162,.F.);
#1631=ORIENTED_EDGE('',*,*,#1246,.T.);
#1632=ORIENTED_EDGE('',*,*,#1151,.F.);
#1633=ORIENTED_EDGE('',*,*,#1247,.T.);
#1634=ORIENTED_EDGE('',*,*,#1248,.T.);
#1635=ORIENTED_EDGE('',*,*,#1249,.T.);
#1636=ORIENTED_EDGE('',*,*,#1250,.T.);
#1637=ORIENTED_EDGE('',*,*,#1251,.T.);
#1638=ORIENTED_EDGE('',*,*,#1055,.F.);
#1639=ORIENTED_EDGE('',*,*,#1124,.F.);
#1640=ORIENTED_EDGE('',*,*,#1064,.F.);
#1641=ORIENTED_EDGE('',*,*,#1051,.F.);
#1642=ORIENTED_EDGE('',*,*,#1171,.F.);
#1643=ORIENTED_EDGE('',*,*,#1247,.F.);
#1644=ORIENTED_EDGE('',*,*,#1153,.F.);
#1645=ORIENTED_EDGE('',*,*,#1150,.F.);
#1646=ORIENTED_EDGE('',*,*,#1063,.F.);
#1647=ORIENTED_EDGE('',*,*,#1123,.F.);
#1648=ORIENTED_EDGE('',*,*,#1067,.F.);
#1649=ORIENTED_EDGE('',*,*,#1037,.F.);
#1650=ORIENTED_EDGE('',*,*,#1152,.F.);
#1651=ORIENTED_EDGE('',*,*,#1246,.F.);
#1652=ORIENTED_EDGE('',*,*,#1164,.F.);
#1653=ORIENTED_EDGE('',*,*,#1161,.F.);
#1654=ORIENTED_EDGE('',*,*,#1252,.F.);
#1655=ORIENTED_EDGE('',*,*,#1126,.F.);
#1656=ORIENTED_EDGE('',*,*,#1253,.F.);
#1657=ORIENTED_EDGE('',*,*,#1251,.F.);
#1658=ORIENTED_EDGE('',*,*,#1254,.F.);
#1659=ORIENTED_EDGE('',*,*,#1127,.F.);
#1660=ORIENTED_EDGE('',*,*,#1252,.T.);
#1661=ORIENTED_EDGE('',*,*,#1250,.F.);
#1662=ORIENTED_EDGE('',*,*,#1255,.F.);
#1663=ORIENTED_EDGE('',*,*,#1128,.F.);
#1664=ORIENTED_EDGE('',*,*,#1254,.T.);
#1665=ORIENTED_EDGE('',*,*,#1249,.F.);
#1666=ORIENTED_EDGE('',*,*,#1253,.T.);
#1667=ORIENTED_EDGE('',*,*,#1125,.F.);
#1668=ORIENTED_EDGE('',*,*,#1255,.T.);
#1669=ORIENTED_EDGE('',*,*,#1248,.F.);
#1670=ORIENTED_EDGE('',*,*,#1224,.F.);
#1671=ORIENTED_EDGE('',*,*,#1256,.T.);
#1672=ORIENTED_EDGE('',*,*,#1257,.F.);
#1673=ORIENTED_EDGE('',*,*,#1258,.F.);
#1674=ORIENTED_EDGE('',*,*,#1225,.F.);
#1675=ORIENTED_EDGE('',*,*,#1258,.T.);
#1676=ORIENTED_EDGE('',*,*,#1259,.F.);
#1677=ORIENTED_EDGE('',*,*,#1024,.T.);
#1678=ORIENTED_EDGE('',*,*,#1084,.F.);
#1679=ORIENTED_EDGE('',*,*,#1260,.F.);
#1680=ORIENTED_EDGE('',*,*,#1191,.F.);
#1681=ORIENTED_EDGE('',*,*,#1135,.T.);
#1682=ORIENTED_EDGE('',*,*,#1192,.F.);
#1683=ORIENTED_EDGE('',*,*,#1260,.T.);
#1684=ORIENTED_EDGE('',*,*,#1083,.F.);
#1685=ORIENTED_EDGE('',*,*,#1261,.F.);
#1686=ORIENTED_EDGE('',*,*,#1193,.F.);
#1687=ORIENTED_EDGE('',*,*,#1261,.T.);
#1688=ORIENTED_EDGE('',*,*,#1082,.F.);
#1689=ORIENTED_EDGE('',*,*,#1262,.F.);
#1690=ORIENTED_EDGE('',*,*,#1194,.F.);
#1691=ORIENTED_EDGE('',*,*,#1262,.T.);
#1692=ORIENTED_EDGE('',*,*,#1081,.F.);
#1693=ORIENTED_EDGE('',*,*,#1263,.F.);
#1694=ORIENTED_EDGE('',*,*,#1195,.F.);
#1695=ORIENTED_EDGE('',*,*,#1263,.T.);
#1696=ORIENTED_EDGE('',*,*,#1080,.F.);
#1697=ORIENTED_EDGE('',*,*,#1264,.F.);
#1698=ORIENTED_EDGE('',*,*,#1196,.F.);
#1699=ORIENTED_EDGE('',*,*,#1264,.T.);
#1700=ORIENTED_EDGE('',*,*,#1079,.F.);
#1701=ORIENTED_EDGE('',*,*,#1265,.F.);
#1702=ORIENTED_EDGE('',*,*,#1197,.F.);
#1703=ORIENTED_EDGE('',*,*,#1265,.T.);
#1704=ORIENTED_EDGE('',*,*,#1078,.F.);
#1705=ORIENTED_EDGE('',*,*,#1266,.F.);
#1706=ORIENTED_EDGE('',*,*,#1198,.F.);
#1707=ORIENTED_EDGE('',*,*,#1266,.T.);
#1708=ORIENTED_EDGE('',*,*,#1077,.F.);
#1709=ORIENTED_EDGE('',*,*,#1267,.F.);
#1710=ORIENTED_EDGE('',*,*,#1199,.F.);
#1711=ORIENTED_EDGE('',*,*,#1267,.T.);
#1712=ORIENTED_EDGE('',*,*,#1076,.F.);
#1713=ORIENTED_EDGE('',*,*,#1268,.F.);
#1714=ORIENTED_EDGE('',*,*,#1200,.F.);
#1715=ORIENTED_EDGE('',*,*,#1268,.T.);
#1716=ORIENTED_EDGE('',*,*,#1075,.F.);
#1717=ORIENTED_EDGE('',*,*,#1269,.F.);
#1718=ORIENTED_EDGE('',*,*,#1201,.F.);
#1719=ORIENTED_EDGE('',*,*,#1269,.T.);
#1720=ORIENTED_EDGE('',*,*,#1074,.F.);
#1721=ORIENTED_EDGE('',*,*,#1270,.F.);
#1722=ORIENTED_EDGE('',*,*,#1202,.F.);
#1723=ORIENTED_EDGE('',*,*,#1270,.T.);
#1724=ORIENTED_EDGE('',*,*,#1073,.F.);
#1725=ORIENTED_EDGE('',*,*,#1271,.F.);
#1726=ORIENTED_EDGE('',*,*,#1203,.F.);
#1727=ORIENTED_EDGE('',*,*,#1271,.T.);
#1728=ORIENTED_EDGE('',*,*,#1072,.F.);
#1729=ORIENTED_EDGE('',*,*,#1272,.F.);
#1730=ORIENTED_EDGE('',*,*,#1204,.F.);
#1731=ORIENTED_EDGE('',*,*,#1272,.T.);
#1732=ORIENTED_EDGE('',*,*,#1071,.F.);
#1733=ORIENTED_EDGE('',*,*,#1273,.F.);
#1734=ORIENTED_EDGE('',*,*,#1205,.F.);
#1735=ORIENTED_EDGE('',*,*,#1273,.T.);
#1736=ORIENTED_EDGE('',*,*,#1070,.F.);
#1737=ORIENTED_EDGE('',*,*,#1274,.F.);
#1738=ORIENTED_EDGE('',*,*,#1206,.F.);
#1739=ORIENTED_EDGE('',*,*,#1274,.T.);
#1740=ORIENTED_EDGE('',*,*,#1069,.F.);
#1741=ORIENTED_EDGE('',*,*,#1275,.F.);
#1742=ORIENTED_EDGE('',*,*,#1207,.F.);
#1743=ORIENTED_EDGE('',*,*,#1275,.T.);
#1744=ORIENTED_EDGE('',*,*,#1068,.F.);
#1745=ORIENTED_EDGE('',*,*,#1038,.T.);
#1746=ORIENTED_EDGE('',*,*,#1102,.F.);
#1747=ORIENTED_EDGE('',*,*,#1276,.F.);
#1748=ORIENTED_EDGE('',*,*,#1173,.F.);
#1749=ORIENTED_EDGE('',*,*,#1154,.T.);
#1750=ORIENTED_EDGE('',*,*,#1174,.F.);
#1751=ORIENTED_EDGE('',*,*,#1276,.T.);
#1752=ORIENTED_EDGE('',*,*,#1101,.F.);
#1753=ORIENTED_EDGE('',*,*,#1277,.F.);
#1754=ORIENTED_EDGE('',*,*,#1175,.F.);
#1755=ORIENTED_EDGE('',*,*,#1277,.T.);
#1756=ORIENTED_EDGE('',*,*,#1100,.F.);
#1757=ORIENTED_EDGE('',*,*,#1278,.F.);
#1758=ORIENTED_EDGE('',*,*,#1176,.F.);
#1759=ORIENTED_EDGE('',*,*,#1278,.T.);
#1760=ORIENTED_EDGE('',*,*,#1099,.F.);
#1761=ORIENTED_EDGE('',*,*,#1279,.F.);
#1762=ORIENTED_EDGE('',*,*,#1177,.F.);
#1763=ORIENTED_EDGE('',*,*,#1279,.T.);
#1764=ORIENTED_EDGE('',*,*,#1098,.F.);
#1765=ORIENTED_EDGE('',*,*,#1280,.F.);
#1766=ORIENTED_EDGE('',*,*,#1178,.F.);
#1767=ORIENTED_EDGE('',*,*,#1280,.T.);
#1768=ORIENTED_EDGE('',*,*,#1097,.F.);
#1769=ORIENTED_EDGE('',*,*,#1281,.F.);
#1770=ORIENTED_EDGE('',*,*,#1179,.F.);
#1771=ORIENTED_EDGE('',*,*,#1281,.T.);
#1772=ORIENTED_EDGE('',*,*,#1096,.F.);
#1773=ORIENTED_EDGE('',*,*,#1282,.F.);
#1774=ORIENTED_EDGE('',*,*,#1180,.F.);
#1775=ORIENTED_EDGE('',*,*,#1282,.T.);
#1776=ORIENTED_EDGE('',*,*,#1095,.F.);
#1777=ORIENTED_EDGE('',*,*,#1283,.F.);
#1778=ORIENTED_EDGE('',*,*,#1181,.F.);
#1779=ORIENTED_EDGE('',*,*,#1283,.T.);
#1780=ORIENTED_EDGE('',*,*,#1094,.F.);
#1781=ORIENTED_EDGE('',*,*,#1284,.F.);
#1782=ORIENTED_EDGE('',*,*,#1182,.F.);
#1783=ORIENTED_EDGE('',*,*,#1284,.T.);
#1784=ORIENTED_EDGE('',*,*,#1093,.F.);
#1785=ORIENTED_EDGE('',*,*,#1285,.F.);
#1786=ORIENTED_EDGE('',*,*,#1183,.F.);
#1787=ORIENTED_EDGE('',*,*,#1285,.T.);
#1788=ORIENTED_EDGE('',*,*,#1092,.F.);
#1789=ORIENTED_EDGE('',*,*,#1286,.F.);
#1790=ORIENTED_EDGE('',*,*,#1184,.F.);
#1791=ORIENTED_EDGE('',*,*,#1286,.T.);
#1792=ORIENTED_EDGE('',*,*,#1091,.F.);
#1793=ORIENTED_EDGE('',*,*,#1287,.F.);
#1794=ORIENTED_EDGE('',*,*,#1185,.F.);
#1795=ORIENTED_EDGE('',*,*,#1287,.T.);
#1796=ORIENTED_EDGE('',*,*,#1090,.F.);
#1797=ORIENTED_EDGE('',*,*,#1288,.F.);
#1798=ORIENTED_EDGE('',*,*,#1186,.F.);
#1799=ORIENTED_EDGE('',*,*,#1288,.T.);
#1800=ORIENTED_EDGE('',*,*,#1089,.F.);
#1801=ORIENTED_EDGE('',*,*,#1289,.F.);
#1802=ORIENTED_EDGE('',*,*,#1187,.F.);
#1803=ORIENTED_EDGE('',*,*,#1289,.T.);
#1804=ORIENTED_EDGE('',*,*,#1088,.F.);
#1805=ORIENTED_EDGE('',*,*,#1290,.F.);
#1806=ORIENTED_EDGE('',*,*,#1188,.F.);
#1807=ORIENTED_EDGE('',*,*,#1290,.T.);
#1808=ORIENTED_EDGE('',*,*,#1087,.F.);
#1809=ORIENTED_EDGE('',*,*,#1291,.F.);
#1810=ORIENTED_EDGE('',*,*,#1189,.F.);
#1811=ORIENTED_EDGE('',*,*,#1291,.T.);
#1812=ORIENTED_EDGE('',*,*,#1086,.F.);
#1813=ORIENTED_EDGE('',*,*,#1292,.F.);
#1814=ORIENTED_EDGE('',*,*,#1190,.F.);
#1815=ORIENTED_EDGE('',*,*,#1292,.T.);
#1816=ORIENTED_EDGE('',*,*,#1085,.F.);
#1817=ORIENTED_EDGE('',*,*,#1044,.T.);
#1818=ORIENTED_EDGE('',*,*,#1120,.F.);
#1819=ORIENTED_EDGE('',*,*,#1293,.F.);
#1820=ORIENTED_EDGE('',*,*,#1226,.F.);
#1821=ORIENTED_EDGE('',*,*,#1143,.T.);
#1822=ORIENTED_EDGE('',*,*,#1227,.F.);
#1823=ORIENTED_EDGE('',*,*,#1293,.T.);
#1824=ORIENTED_EDGE('',*,*,#1119,.F.);
#1825=ORIENTED_EDGE('',*,*,#1294,.F.);
#1826=ORIENTED_EDGE('',*,*,#1228,.F.);
#1827=ORIENTED_EDGE('',*,*,#1294,.T.);
#1828=ORIENTED_EDGE('',*,*,#1118,.F.);
#1829=ORIENTED_EDGE('',*,*,#1295,.F.);
#1830=ORIENTED_EDGE('',*,*,#1229,.F.);
#1831=ORIENTED_EDGE('',*,*,#1295,.T.);
#1832=ORIENTED_EDGE('',*,*,#1117,.F.);
#1833=ORIENTED_EDGE('',*,*,#1296,.F.);
#1834=ORIENTED_EDGE('',*,*,#1230,.F.);
#1835=ORIENTED_EDGE('',*,*,#1296,.T.);
#1836=ORIENTED_EDGE('',*,*,#1116,.F.);
#1837=ORIENTED_EDGE('',*,*,#1297,.F.);
#1838=ORIENTED_EDGE('',*,*,#1231,.F.);
#1839=ORIENTED_EDGE('',*,*,#1297,.T.);
#1840=ORIENTED_EDGE('',*,*,#1115,.F.);
#1841=ORIENTED_EDGE('',*,*,#1298,.F.);
#1842=ORIENTED_EDGE('',*,*,#1232,.F.);
#1843=ORIENTED_EDGE('',*,*,#1298,.T.);
#1844=ORIENTED_EDGE('',*,*,#1114,.F.);
#1845=ORIENTED_EDGE('',*,*,#1299,.F.);
#1846=ORIENTED_EDGE('',*,*,#1233,.F.);
#1847=ORIENTED_EDGE('',*,*,#1299,.T.);
#1848=ORIENTED_EDGE('',*,*,#1113,.F.);
#1849=ORIENTED_EDGE('',*,*,#1300,.F.);
#1850=ORIENTED_EDGE('',*,*,#1234,.F.);
#1851=ORIENTED_EDGE('',*,*,#1300,.T.);
#1852=ORIENTED_EDGE('',*,*,#1112,.F.);
#1853=ORIENTED_EDGE('',*,*,#1301,.F.);
#1854=ORIENTED_EDGE('',*,*,#1235,.F.);
#1855=ORIENTED_EDGE('',*,*,#1301,.T.);
#1856=ORIENTED_EDGE('',*,*,#1111,.F.);
#1857=ORIENTED_EDGE('',*,*,#1302,.F.);
#1858=ORIENTED_EDGE('',*,*,#1236,.F.);
#1859=ORIENTED_EDGE('',*,*,#1302,.T.);
#1860=ORIENTED_EDGE('',*,*,#1110,.F.);
#1861=ORIENTED_EDGE('',*,*,#1303,.F.);
#1862=ORIENTED_EDGE('',*,*,#1237,.F.);
#1863=ORIENTED_EDGE('',*,*,#1303,.T.);
#1864=ORIENTED_EDGE('',*,*,#1109,.F.);
#1865=ORIENTED_EDGE('',*,*,#1304,.F.);
#1866=ORIENTED_EDGE('',*,*,#1238,.F.);
#1867=ORIENTED_EDGE('',*,*,#1304,.T.);
#1868=ORIENTED_EDGE('',*,*,#1108,.F.);
#1869=ORIENTED_EDGE('',*,*,#1305,.F.);
#1870=ORIENTED_EDGE('',*,*,#1239,.F.);
#1871=ORIENTED_EDGE('',*,*,#1305,.T.);
#1872=ORIENTED_EDGE('',*,*,#1107,.F.);
#1873=ORIENTED_EDGE('',*,*,#1306,.F.);
#1874=ORIENTED_EDGE('',*,*,#1240,.F.);
#1875=ORIENTED_EDGE('',*,*,#1306,.T.);
#1876=ORIENTED_EDGE('',*,*,#1106,.F.);
#1877=ORIENTED_EDGE('',*,*,#1307,.F.);
#1878=ORIENTED_EDGE('',*,*,#1241,.F.);
#1879=ORIENTED_EDGE('',*,*,#1307,.T.);
#1880=ORIENTED_EDGE('',*,*,#1105,.F.);
#1881=ORIENTED_EDGE('',*,*,#1308,.F.);
#1882=ORIENTED_EDGE('',*,*,#1242,.F.);
#1883=ORIENTED_EDGE('',*,*,#1308,.T.);
#1884=ORIENTED_EDGE('',*,*,#1104,.F.);
#1885=ORIENTED_EDGE('',*,*,#1309,.F.);
#1886=ORIENTED_EDGE('',*,*,#1243,.F.);
#1887=ORIENTED_EDGE('',*,*,#1309,.T.);
#1888=ORIENTED_EDGE('',*,*,#1103,.F.);
#1889=ORIENTED_EDGE('',*,*,#1030,.T.);
#1890=ORIENTED_EDGE('',*,*,#1310,.F.);
#1891=ORIENTED_EDGE('',*,*,#1311,.F.);
#1892=ORIENTED_EDGE('',*,*,#1208,.F.);
#1893=ORIENTED_EDGE('',*,*,#1129,.T.);
#1894=ORIENTED_EDGE('',*,*,#1209,.F.);
#1895=ORIENTED_EDGE('',*,*,#1311,.T.);
#1896=ORIENTED_EDGE('',*,*,#1312,.F.);
#1897=ORIENTED_EDGE('',*,*,#1313,.F.);
#1898=ORIENTED_EDGE('',*,*,#1210,.F.);
#1899=ORIENTED_EDGE('',*,*,#1313,.T.);
#1900=ORIENTED_EDGE('',*,*,#1314,.F.);
#1901=ORIENTED_EDGE('',*,*,#1315,.F.);
#1902=ORIENTED_EDGE('',*,*,#1211,.F.);
#1903=ORIENTED_EDGE('',*,*,#1315,.T.);
#1904=ORIENTED_EDGE('',*,*,#1316,.F.);
#1905=ORIENTED_EDGE('',*,*,#1317,.F.);
#1906=ORIENTED_EDGE('',*,*,#1212,.F.);
#1907=ORIENTED_EDGE('',*,*,#1317,.T.);
#1908=ORIENTED_EDGE('',*,*,#1318,.F.);
#1909=ORIENTED_EDGE('',*,*,#1319,.F.);
#1910=ORIENTED_EDGE('',*,*,#1213,.F.);
#1911=ORIENTED_EDGE('',*,*,#1319,.T.);
#1912=ORIENTED_EDGE('',*,*,#1320,.F.);
#1913=ORIENTED_EDGE('',*,*,#1321,.F.);
#1914=ORIENTED_EDGE('',*,*,#1214,.F.);
#1915=ORIENTED_EDGE('',*,*,#1321,.T.);
#1916=ORIENTED_EDGE('',*,*,#1322,.F.);
#1917=ORIENTED_EDGE('',*,*,#1323,.F.);
#1918=ORIENTED_EDGE('',*,*,#1215,.F.);
#1919=ORIENTED_EDGE('',*,*,#1323,.T.);
#1920=ORIENTED_EDGE('',*,*,#1324,.F.);
#1921=ORIENTED_EDGE('',*,*,#1325,.F.);
#1922=ORIENTED_EDGE('',*,*,#1216,.F.);
#1923=ORIENTED_EDGE('',*,*,#1325,.T.);
#1924=ORIENTED_EDGE('',*,*,#1326,.F.);
#1925=ORIENTED_EDGE('',*,*,#1327,.F.);
#1926=ORIENTED_EDGE('',*,*,#1217,.F.);
#1927=ORIENTED_EDGE('',*,*,#1327,.T.);
#1928=ORIENTED_EDGE('',*,*,#1328,.F.);
#1929=ORIENTED_EDGE('',*,*,#1329,.F.);
#1930=ORIENTED_EDGE('',*,*,#1218,.F.);
#1931=ORIENTED_EDGE('',*,*,#1329,.T.);
#1932=ORIENTED_EDGE('',*,*,#1330,.F.);
#1933=ORIENTED_EDGE('',*,*,#1331,.F.);
#1934=ORIENTED_EDGE('',*,*,#1219,.F.);
#1935=ORIENTED_EDGE('',*,*,#1331,.T.);
#1936=ORIENTED_EDGE('',*,*,#1332,.F.);
#1937=ORIENTED_EDGE('',*,*,#1333,.F.);
#1938=ORIENTED_EDGE('',*,*,#1220,.F.);
#1939=ORIENTED_EDGE('',*,*,#1333,.T.);
#1940=ORIENTED_EDGE('',*,*,#1334,.F.);
#1941=ORIENTED_EDGE('',*,*,#1335,.F.);
#1942=ORIENTED_EDGE('',*,*,#1221,.F.);
#1943=ORIENTED_EDGE('',*,*,#1335,.T.);
#1944=ORIENTED_EDGE('',*,*,#1336,.F.);
#1945=ORIENTED_EDGE('',*,*,#1337,.F.);
#1946=ORIENTED_EDGE('',*,*,#1222,.F.);
#1947=ORIENTED_EDGE('',*,*,#1337,.T.);
#1948=ORIENTED_EDGE('',*,*,#1338,.F.);
#1949=ORIENTED_EDGE('',*,*,#1339,.F.);
#1950=ORIENTED_EDGE('',*,*,#1223,.F.);
#1951=ORIENTED_EDGE('',*,*,#1339,.T.);
#1952=ORIENTED_EDGE('',*,*,#1340,.F.);
#1953=ORIENTED_EDGE('',*,*,#1256,.F.);
#1954=ORIENTED_EDGE('',*,*,#1025,.F.);
#1955=ORIENTED_EDGE('',*,*,#1259,.T.);
#1956=ORIENTED_EDGE('',*,*,#1257,.T.);
#1957=ORIENTED_EDGE('',*,*,#1340,.T.);
#1958=ORIENTED_EDGE('',*,*,#1338,.T.);
#1959=ORIENTED_EDGE('',*,*,#1336,.T.);
#1960=ORIENTED_EDGE('',*,*,#1334,.T.);
#1961=ORIENTED_EDGE('',*,*,#1332,.T.);
#1962=ORIENTED_EDGE('',*,*,#1330,.T.);
#1963=ORIENTED_EDGE('',*,*,#1328,.T.);
#1964=ORIENTED_EDGE('',*,*,#1326,.T.);
#1965=ORIENTED_EDGE('',*,*,#1324,.T.);
#1966=ORIENTED_EDGE('',*,*,#1322,.T.);
#1967=ORIENTED_EDGE('',*,*,#1320,.T.);
#1968=ORIENTED_EDGE('',*,*,#1318,.T.);
#1969=ORIENTED_EDGE('',*,*,#1316,.T.);
#1970=ORIENTED_EDGE('',*,*,#1314,.T.);
#1971=ORIENTED_EDGE('',*,*,#1312,.T.);
#1972=ORIENTED_EDGE('',*,*,#1310,.T.);
#1973=ORIENTED_EDGE('',*,*,#1035,.F.);
#1974=ORIENTED_EDGE('',*,*,#1036,.F.);
#1975=TOROIDAL_SURFACE('',#2118,0.125,0.0625);
#1976=TOROIDAL_SURFACE('',#2124,0.125,0.0625);
#1977=TOROIDAL_SURFACE('',#2131,0.125,0.0625);
#1978=TOROIDAL_SURFACE('',#2137,0.125,0.0625);
#1979=TOROIDAL_SURFACE('',#2183,0.125,0.0625);
#1980=TOROIDAL_SURFACE('',#2189,0.125,0.0625);
#1981=TOROIDAL_SURFACE('',#2196,0.125,0.0625);
#1982=TOROIDAL_SURFACE('',#2205,0.125,0.0625);
#1983=ADVANCED_FACE('',(#460),#1975,.F.);
#1984=ADVANCED_FACE('',(#461),#1976,.F.);
#1985=ADVANCED_FACE('',(#462),#435,.F.);
#1986=ADVANCED_FACE('',(#463),#1977,.F.);
#1987=ADVANCED_FACE('',(#464),#1978,.F.);
#1988=ADVANCED_FACE('',(#465),#436,.F.);
#1989=ADVANCED_FACE('',(#466),#437,.F.);
#1990=ADVANCED_FACE('',(#467),#438,.T.);
#1991=ADVANCED_FACE('',(#468),#439,.F.);
#1992=ADVANCED_FACE('',(#469),#440,.T.);
#1993=ADVANCED_FACE('',(#470),#441,.T.);
#1994=ADVANCED_FACE('',(#471),#442,.T.);
#1995=ADVANCED_FACE('',(#472),#95,.F.);
#1996=ADVANCED_FACE('',(#473),#96,.F.);
#1997=ADVANCED_FACE('',(#474),#97,.F.);
#1998=ADVANCED_FACE('',(#475),#98,.T.);
#1999=ADVANCED_FACE('',(#476,#57),#99,.T.);
#2000=ADVANCED_FACE('',(#477),#100,.T.);
#2001=ADVANCED_FACE('',(#478),#1979,.F.);
#2002=ADVANCED_FACE('',(#479),#1980,.F.);
#2003=ADVANCED_FACE('',(#480),#443,.F.);
#2004=ADVANCED_FACE('',(#481),#1981,.F.);
#2005=ADVANCED_FACE('',(#482),#444,.F.);
#2006=ADVANCED_FACE('',(#483),#445,.T.);
#2007=ADVANCED_FACE('',(#484),#1982,.F.);
#2008=ADVANCED_FACE('',(#485),#446,.F.);
#2009=ADVANCED_FACE('',(#486),#447,.T.);
#2010=ADVANCED_FACE('',(#487),#448,.F.);
#2011=ADVANCED_FACE('',(#488),#449,.T.);
#2012=ADVANCED_FACE('',(#489),#450,.T.);
#2013=ADVANCED_FACE('',(#490),#101,.T.);
#2014=ADVANCED_FACE('',(#491),#102,.T.);
#2015=ADVANCED_FACE('',(#492),#103,.T.);
#2016=ADVANCED_FACE('',(#493),#104,.T.);
#2017=ADVANCED_FACE('',(#494),#105,.T.);
#2018=ADVANCED_FACE('',(#495),#106,.T.);
#2019=ADVANCED_FACE('',(#496,#58),#107,.T.);
#2020=ADVANCED_FACE('',(#497),#108,.T.);
#2021=ADVANCED_FACE('',(#498),#109,.T.);
#2022=ADVANCED_FACE('',(#499),#110,.T.);
#2023=ADVANCED_FACE('',(#500),#111,.T.);
#2024=ADVANCED_FACE('',(#501),#112,.F.);
#2025=ADVANCED_FACE('',(#502),#113,.F.);
#2026=ADVANCED_FACE('',(#503),#114,.F.);
#2027=ADVANCED_FACE('',(#504),#115,.F.);
#2028=ADVANCED_FACE('',(#505),#451,.F.);
#2029=ADVANCED_FACE('',(#506),#452,.F.);
#2030=ADVANCED_FACE('',(#507),#39,.T.);
#2031=ADVANCED_FACE('',(#508),#116,.T.);
#2032=ADVANCED_FACE('',(#509),#15,.T.);
#2033=ADVANCED_FACE('',(#510),#16,.T.);
#2034=ADVANCED_FACE('',(#511),#17,.T.);
#2035=ADVANCED_FACE('',(#512),#117,.T.);
#2036=ADVANCED_FACE('',(#513),#40,.T.);
#2037=ADVANCED_FACE('',(#514),#453,.F.);
#2038=ADVANCED_FACE('',(#515),#41,.T.);
#2039=ADVANCED_FACE('',(#516),#118,.T.);
#2040=ADVANCED_FACE('',(#517),#18,.T.);
#2041=ADVANCED_FACE('',(#518),#19,.T.);
#2042=ADVANCED_FACE('',(#519),#20,.T.);
#2043=ADVANCED_FACE('',(#520),#119,.T.);
#2044=ADVANCED_FACE('',(#521),#42,.T.);
#2045=ADVANCED_FACE('',(#522),#454,.F.);
#2046=ADVANCED_FACE('',(#523),#43,.T.);
#2047=ADVANCED_FACE('',(#524),#44,.T.);
#2048=ADVANCED_FACE('',(#525),#120,.T.);
#2049=ADVANCED_FACE('',(#526),#21,.T.);
#2050=ADVANCED_FACE('',(#527),#22,.T.);
#2051=ADVANCED_FACE('',(#528),#23,.T.);
#2052=ADVANCED_FACE('',(#529),#121,.T.);
#2053=ADVANCED_FACE('',(#530),#45,.T.);
#2054=ADVANCED_FACE('',(#531),#455,.F.);
#2055=ADVANCED_FACE('',(#532),#46,.T.);
#2056=ADVANCED_FACE('',(#533),#122,.T.);
#2057=ADVANCED_FACE('',(#534),#24,.T.);
#2058=ADVANCED_FACE('',(#535),#25,.T.);
#2059=ADVANCED_FACE('',(#536),#26,.T.);
#2060=ADVANCED_FACE('',(#537),#123,.T.);
#2061=ADVANCED_FACE('',(#538),#47,.T.);
#2062=ADVANCED_FACE('',(#539),#456,.F.);
#2063=ADVANCED_FACE('',(#540),#48,.T.);
#2064=ADVANCED_FACE('',(#541),#124,.T.);
#2065=ADVANCED_FACE('',(#542),#27,.T.);
#2066=ADVANCED_FACE('',(#543),#28,.T.);
#2067=ADVANCED_FACE('',(#544),#29,.T.);
#2068=ADVANCED_FACE('',(#545),#125,.T.);
#2069=ADVANCED_FACE('',(#546),#49,.T.);
#2070=ADVANCED_FACE('',(#547),#50,.T.);
#2071=ADVANCED_FACE('',(#548),#457,.F.);
#2072=ADVANCED_FACE('',(#549),#51,.T.);
#2073=ADVANCED_FACE('',(#550),#126,.T.);
#2074=ADVANCED_FACE('',(#551),#30,.T.);
#2075=ADVANCED_FACE('',(#552),#31,.T.);
#2076=ADVANCED_FACE('',(#553),#32,.T.);
#2077=ADVANCED_FACE('',(#554),#127,.T.);
#2078=ADVANCED_FACE('',(#555),#52,.T.);
#2079=ADVANCED_FACE('',(#556),#458,.F.);
#2080=ADVANCED_FACE('',(#557),#53,.T.);
#2081=ADVANCED_FACE('',(#558),#128,.T.);
#2082=ADVANCED_FACE('',(#559),#33,.T.);
#2083=ADVANCED_FACE('',(#560),#34,.T.);
#2084=ADVANCED_FACE('',(#561),#35,.T.);
#2085=ADVANCED_FACE('',(#562),#129,.T.);
#2086=ADVANCED_FACE('',(#563),#54,.T.);
#2087=ADVANCED_FACE('',(#564),#459,.F.);
#2088=ADVANCED_FACE('',(#565),#55,.T.);
#2089=ADVANCED_FACE('',(#566),#130,.T.);
#2090=ADVANCED_FACE('',(#567),#36,.T.);
#2091=ADVANCED_FACE('',(#568),#37,.T.);
#2092=ADVANCED_FACE('',(#569),#38,.T.);
#2093=ADVANCED_FACE('',(#570),#131,.T.);
#2094=ADVANCED_FACE('',(#571),#56,.T.);
#2095=ADVANCED_FACE('',(#572),#132,.F.);
#2096=CLOSED_SHELL('',(#1983,#1984,#1985,#1986,#1987,#1988,#1989,#1990,
#1991,#1992,#1993,#1994,#1995,#1996,#1997,#1998,#1999,#2000,#2001,#2002,
#2003,#2004,#2005,#2006,#2007,#2008,#2009,#2010,#2011,#2012,#2013,#2014,
#2015,#2016,#2017,#2018,#2019,#2020,#2021,#2022,#2023,#2024,#2025,#2026,
#2027,#2028,#2029,#2030,#2031,#2032,#2033,#2034,#2035,#2036,#2037,#2038,
#2039,#2040,#2041,#2042,#2043,#2044,#2045,#2046,#2047,#2048,#2049,#2050,
#2051,#2052,#2053,#2054,#2055,#2056,#2057,#2058,#2059,#2060,#2061,#2062,
#2063,#2064,#2065,#2066,#2067,#2068,#2069,#2070,#2071,#2072,#2073,#2074,
#2075,#2076,#2077,#2078,#2079,#2080,#2081,#2082,#2083,#2084,#2085,#2086,
#2087,#2088,#2089,#2090,#2091,#2092,#2093,#2094,#2095));
#2097=DERIVED_UNIT_ELEMENT(#2099,1.);
#2098=DERIVED_UNIT_ELEMENT(#4349,-3.);
#2099=(
CONVERSION_BASED_UNIT('gram',#2101)
MASS_UNIT()
NAMED_UNIT(#4346)
);
#2100=(
MASS_UNIT()
NAMED_UNIT(*)
SI_UNIT(.KILO.,.GRAM.)
);
#2101=MASS_MEASURE_WITH_UNIT(MASS_MEASURE(0.001),#2100);
#2102=DERIVED_UNIT((#2097,#2098));
#2103=MEASURE_REPRESENTATION_ITEM('density measure',
POSITIVE_RATIO_MEASURE(0.952),#2102);
#2104=PROPERTY_DEFINITION_REPRESENTATION(#2109,#2106);
#2105=PROPERTY_DEFINITION_REPRESENTATION(#2110,#2107);
#2106=REPRESENTATION('material name',(#2108),#4343);
#2107=REPRESENTATION('density',(#2103),#4343);
#2108=DESCRIPTIVE_REPRESENTATION_ITEM('Plastic, Opaque Black',
'Plastic, Opaque Black');
#2109=PROPERTY_DEFINITION('material property','material name',#4357);
#2110=PROPERTY_DEFINITION('material property','density of part',#4357);
#2111=DATE_TIME_ROLE('creation_date');
#2112=APPLIED_DATE_AND_TIME_ASSIGNMENT(#2113,#2111,(#4357));
#2113=DATE_AND_TIME(#2114,#2115);
#2114=CALENDAR_DATE(2025,13,10);
#2115=LOCAL_TIME(0,0,0.,#2116);
#2116=COORDINATED_UNIVERSAL_TIME_OFFSET(0,0,.BEHIND.);
#2117=AXIS2_PLACEMENT_3D('',#2814,#2299,#2300);
#2118=AXIS2_PLACEMENT_3D('',#2815,#2301,#2302);
#2119=AXIS2_PLACEMENT_3D('',#2825,#2303,#2304);
#2120=AXIS2_PLACEMENT_3D('',#2827,#2305,#2306);
#2121=AXIS2_PLACEMENT_3D('',#2829,#2307,#2308);
#2122=AXIS2_PLACEMENT_3D('',#2831,#2309,#2310);
#2123=AXIS2_PLACEMENT_3D('',#2832,#2311,#2312);
#2124=AXIS2_PLACEMENT_3D('',#2833,#2313,#2314);
#2125=AXIS2_PLACEMENT_3D('',#2843,#2315,#2316);
#2126=AXIS2_PLACEMENT_3D('',#2845,#2317,#2318);
#2127=AXIS2_PLACEMENT_3D('',#2847,#2319,#2320);
#2128=AXIS2_PLACEMENT_3D('',#2849,#2321,#2322);
#2129=AXIS2_PLACEMENT_3D('',#2850,#2323,#2324);
#2130=AXIS2_PLACEMENT_3D('',#2851,#2325,#2326);
#2131=AXIS2_PLACEMENT_3D('',#2854,#2329,#2330);
#2132=AXIS2_PLACEMENT_3D('',#2864,#2331,#2332);
#2133=AXIS2_PLACEMENT_3D('',#2866,#2333,#2334);
#2134=AXIS2_PLACEMENT_3D('',#2868,#2335,#2336);
#2135=AXIS2_PLACEMENT_3D('',#2870,#2337,#2338);
#2136=AXIS2_PLACEMENT_3D('',#2871,#2339,#2340);
#2137=AXIS2_PLACEMENT_3D('',#2872,#2341,#2342);
#2138=AXIS2_PLACEMENT_3D('',#2882,#2343,#2344);
#2139=AXIS2_PLACEMENT_3D('',#2884,#2345,#2346);
#2140=AXIS2_PLACEMENT_3D('',#2886,#2347,#2348);
#2141=AXIS2_PLACEMENT_3D('',#2888,#2349,#2350);
#2142=AXIS2_PLACEMENT_3D('',#2889,#2351,#2352);
#2143=AXIS2_PLACEMENT_3D('',#2890,#2353,#2354);
#2144=AXIS2_PLACEMENT_3D('',#2893,#2357,#2358);
#2145=AXIS2_PLACEMENT_3D('',#2896,#2361,#2362);
#2146=AXIS2_PLACEMENT_3D('',#2899,#2363,#2364);
#2147=AXIS2_PLACEMENT_3D('',#2902,#2367,#2368);
#2148=AXIS2_PLACEMENT_3D('',#2905,#2371,#2372);
#2149=AXIS2_PLACEMENT_3D('',#2908,#2373,#2374);
#2150=AXIS2_PLACEMENT_3D('',#2911,#2377,#2378);
#2151=AXIS2_PLACEMENT_3D('',#2914,#2379,#2380);
#2152=AXIS2_PLACEMENT_3D('',#2917,#2383,#2384);
#2153=AXIS2_PLACEMENT_3D('',#2920,#2385,#2386);
#2154=AXIS2_PLACEMENT_3D('',#2923,#2389,#2390);
#2155=AXIS2_PLACEMENT_3D('',#2925,#2391,#2392);
#2156=AXIS2_PLACEMENT_3D('',#2927,#2393,#2394);
#2157=AXIS2_PLACEMENT_3D('',#2962,#2397,#2398);
#2158=AXIS2_PLACEMENT_3D('',#2964,#2399,#2400);
#2159=AXIS2_PLACEMENT_3D('',#2966,#2401,#2402);
#2160=AXIS2_PLACEMENT_3D('',#3001,#2405,#2406);
#2161=AXIS2_PLACEMENT_3D('',#3002,#2407,#2408);
#2162=AXIS2_PLACEMENT_3D('',#3003,#2409,#2410);
#2163=AXIS2_PLACEMENT_3D('',#3005,#2411,#2412);
#2164=AXIS2_PLACEMENT_3D('',#3007,#2413,#2414);
#2165=AXIS2_PLACEMENT_3D('',#3042,#2417,#2418);
#2166=AXIS2_PLACEMENT_3D('',#3044,#2419,#2420);
#2167=AXIS2_PLACEMENT_3D('',#3046,#2421,#2422);
#2168=AXIS2_PLACEMENT_3D('',#3081,#2425,#2426);
#2169=AXIS2_PLACEMENT_3D('',#3083,#2427,#2428);
#2170=AXIS2_PLACEMENT_3D('',#3084,#2429,#2430);
#2171=AXIS2_PLACEMENT_3D('',#3085,#2431,#2432);
#2172=AXIS2_PLACEMENT_3D('',#3087,#2433,#2434);
#2173=AXIS2_PLACEMENT_3D('',#3089,#2435,#2436);
#2174=AXIS2_PLACEMENT_3D('',#3124,#2439,#2440);
#2175=AXIS2_PLACEMENT_3D('',#3126,#2441,#2442);
#2176=AXIS2_PLACEMENT_3D('',#3128,#2443,#2444);
#2177=AXIS2_PLACEMENT_3D('',#3130,#2445,#2446);
#2178=AXIS2_PLACEMENT_3D('',#3165,#2449,#2450);
#2179=AXIS2_PLACEMENT_3D('',#3166,#2451,#2452);
#2180=AXIS2_PLACEMENT_3D('',#3167,#2453,#2454);
#2181=AXIS2_PLACEMENT_3D('',#3169,#2456,#2457);
#2182=AXIS2_PLACEMENT_3D('',#3181,#2465,#2466);
#2183=AXIS2_PLACEMENT_3D('',#3182,#2467,#2468);
#2184=AXIS2_PLACEMENT_3D('',#3192,#2469,#2470);
#2185=AXIS2_PLACEMENT_3D('',#3194,#2471,#2472);
#2186=AXIS2_PLACEMENT_3D('',#3196,#2473,#2474);
#2187=AXIS2_PLACEMENT_3D('',#3198,#2475,#2476);
#2188=AXIS2_PLACEMENT_3D('',#3199,#2477,#2478);
#2189=AXIS2_PLACEMENT_3D('',#3200,#2479,#2480);
#2190=AXIS2_PLACEMENT_3D('',#3210,#2481,#2482);
#2191=AXIS2_PLACEMENT_3D('',#3212,#2483,#2484);
#2192=AXIS2_PLACEMENT_3D('',#3214,#2485,#2486);
#2193=AXIS2_PLACEMENT_3D('',#3216,#2487,#2488);
#2194=AXIS2_PLACEMENT_3D('',#3217,#2489,#2490);
#2195=AXIS2_PLACEMENT_3D('',#3218,#2491,#2492);
#2196=AXIS2_PLACEMENT_3D('',#3221,#2495,#2496);
#2197=AXIS2_PLACEMENT_3D('',#3231,#2497,#2498);
#2198=AXIS2_PLACEMENT_3D('',#3233,#2499,#2500);
#2199=AXIS2_PLACEMENT_3D('',#3235,#2501,#2502);
#2200=AXIS2_PLACEMENT_3D('',#3237,#2503,#2504);
#2201=AXIS2_PLACEMENT_3D('',#3238,#2505,#2506);
#2202=AXIS2_PLACEMENT_3D('',#3239,#2507,#2508);
#2203=AXIS2_PLACEMENT_3D('',#3242,#2511,#2512);
#2204=AXIS2_PLACEMENT_3D('',#3245,#2513,#2514);
#2205=AXIS2_PLACEMENT_3D('',#3248,#2517,#2518);
#2206=AXIS2_PLACEMENT_3D('',#3258,#2519,#2520);
#2207=AXIS2_PLACEMENT_3D('',#3260,#2521,#2522);
#2208=AXIS2_PLACEMENT_3D('',#3262,#2523,#2524);
#2209=AXIS2_PLACEMENT_3D('',#3264,#2525,#2526);
#2210=AXIS2_PLACEMENT_3D('',#3265,#2527,#2528);
#2211=AXIS2_PLACEMENT_3D('',#3266,#2529,#2530);
#2212=AXIS2_PLACEMENT_3D('',#3269,#2533,#2534);
#2213=AXIS2_PLACEMENT_3D('',#3272,#2535,#2536);
#2214=AXIS2_PLACEMENT_3D('',#3275,#2539,#2540);
#2215=AXIS2_PLACEMENT_3D('',#3278,#2543,#2544);
#2216=AXIS2_PLACEMENT_3D('',#3281,#2545,#2546);
#2217=AXIS2_PLACEMENT_3D('',#3284,#2549,#2550);
#2218=AXIS2_PLACEMENT_3D('',#3287,#2551,#2552);
#2219=AXIS2_PLACEMENT_3D('',#3290,#2555,#2556);
#2220=AXIS2_PLACEMENT_3D('',#3292,#2557,#2558);
#2221=AXIS2_PLACEMENT_3D('',#3294,#2559,#2560);
#2222=AXIS2_PLACEMENT_3D('',#3296,#2561,#2562);
#2223=AXIS2_PLACEMENT_3D('',#3331,#2565,#2566);
#2224=AXIS2_PLACEMENT_3D('',#3333,#2567,#2568);
#2225=AXIS2_PLACEMENT_3D('',#3335,#2569,#2570);
#2226=AXIS2_PLACEMENT_3D('',#3370,#2573,#2574);
#2227=AXIS2_PLACEMENT_3D('',#3371,#2575,#2576);
#2228=AXIS2_PLACEMENT_3D('',#3372,#2577,#2578);
#2229=AXIS2_PLACEMENT_3D('',#3374,#2579,#2580);
#2230=AXIS2_PLACEMENT_3D('',#3376,#2581,#2582);
#2231=AXIS2_PLACEMENT_3D('',#3411,#2585,#2586);
#2232=AXIS2_PLACEMENT_3D('',#3413,#2587,#2588);
#2233=AXIS2_PLACEMENT_3D('',#3415,#2589,#2590);
#2234=AXIS2_PLACEMENT_3D('',#3450,#2593,#2594);
#2235=AXIS2_PLACEMENT_3D('',#3451,#2595,#2596);
#2236=AXIS2_PLACEMENT_3D('',#3452,#2597,#2598);
#2237=AXIS2_PLACEMENT_3D('',#3454,#2599,#2600);
#2238=AXIS2_PLACEMENT_3D('',#3456,#2601,#2602);
#2239=AXIS2_PLACEMENT_3D('',#3491,#2605,#2606);
#2240=AXIS2_PLACEMENT_3D('',#3493,#2607,#2608);
#2241=AXIS2_PLACEMENT_3D('',#3495,#2609,#2610);
#2242=AXIS2_PLACEMENT_3D('',#3530,#2613,#2614);
#2243=AXIS2_PLACEMENT_3D('',#3532,#2615,#2616);
#2244=AXIS2_PLACEMENT_3D('',#3533,#2617,#2618);
#2245=AXIS2_PLACEMENT_3D('',#3534,#2619,#2620);
#2246=AXIS2_PLACEMENT_3D('',#3536,#2621,#2622);
#2247=AXIS2_PLACEMENT_3D('',#3538,#2623,#2624);
#2248=AXIS2_PLACEMENT_3D('',#3573,#2627,#2628);
#2249=AXIS2_PLACEMENT_3D('',#3575,#2629,#2630);
#2250=AXIS2_PLACEMENT_3D('',#3577,#2631,#2632);
#2251=AXIS2_PLACEMENT_3D('',#3579,#2633,#2634);
#2252=AXIS2_PLACEMENT_3D('',#3614,#2637,#2638);
#2253=AXIS2_PLACEMENT_3D('',#3615,#2639,#2640);
#2254=AXIS2_PLACEMENT_3D('',#3616,#2641,#2642);
#2255=AXIS2_PLACEMENT_3D('',#3618,#2644,#2645);
#2256=AXIS2_PLACEMENT_3D('',#3620,#2647,#2648);
#2257=AXIS2_PLACEMENT_3D('',#3631,#2655,#2656);
#2258=AXIS2_PLACEMENT_3D('',#3632,#2657,#2658);
#2259=AXIS2_PLACEMENT_3D('',#3633,#2659,#2660);
#2260=AXIS2_PLACEMENT_3D('',#3634,#2661,#2662);
#2261=AXIS2_PLACEMENT_3D('',#3635,#2663,#2664);
#2262=AXIS2_PLACEMENT_3D('',#3638,#2667,#2668);
#2263=AXIS2_PLACEMENT_3D('',#3640,#2670,#2671);
#2264=AXIS2_PLACEMENT_3D('',#3642,#2673,#2674);
#2265=AXIS2_PLACEMENT_3D('',#3643,#2675,#2676);
#2266=AXIS2_PLACEMENT_3D('',#3647,#2678,#2679);
#2267=AXIS2_PLACEMENT_3D('',#3649,#2681,#2682);
#2268=AXIS2_PLACEMENT_3D('',#3650,#2683,#2684);
#2269=AXIS2_PLACEMENT_3D('',#3659,#2687,#2688);
#2270=AXIS2_PLACEMENT_3D('',#3716,#2693,#2694);
#2271=AXIS2_PLACEMENT_3D('',#3725,#2697,#2698);
#2272=AXIS2_PLACEMENT_3D('',#3734,#2701,#2702);
#2273=AXIS2_PLACEMENT_3D('',#3791,#2707,#2708);
#2274=AXIS2_PLACEMENT_3D('',#3800,#2711,#2712);
#2275=AXIS2_PLACEMENT_3D('',#3816,#2716,#2717);
#2276=AXIS2_PLACEMENT_3D('',#3873,#2722,#2723);
#2277=AXIS2_PLACEMENT_3D('',#3882,#2726,#2727);
#2278=AXIS2_PLACEMENT_3D('',#3891,#2730,#2731);
#2279=AXIS2_PLACEMENT_3D('',#3948,#2736,#2737);
#2280=AXIS2_PLACEMENT_3D('',#3957,#2740,#2741);
#2281=AXIS2_PLACEMENT_3D('',#3966,#2744,#2745);
#2282=AXIS2_PLACEMENT_3D('',#4023,#2750,#2751);
#2283=AXIS2_PLACEMENT_3D('',#4039,#2755,#2756);
#2284=AXIS2_PLACEMENT_3D('',#4048,#2759,#2760);
#2285=AXIS2_PLACEMENT_3D('',#4105,#2765,#2766);
#2286=AXIS2_PLACEMENT_3D('',#4114,#2769,#2770);
#2287=AXIS2_PLACEMENT_3D('',#4116,#2771,#2772);
#2288=AXIS2_PLACEMENT_3D('',#4125,#2774,#2775);
#2289=AXIS2_PLACEMENT_3D('',#4127,#2777,#2778);
#2290=AXIS2_PLACEMENT_3D('',#4215,#2784,#2785);
#2291=AXIS2_PLACEMENT_3D('',#4226,#2788,#2789);
#2292=AXIS2_PLACEMENT_3D('',#4228,#2791,#2792);
#2293=AXIS2_PLACEMENT_3D('',#4230,#2793,#2794);
#2294=AXIS2_PLACEMENT_3D('',#4239,#2796,#2797);
#2295=AXIS2_PLACEMENT_3D('',#4241,#2799,#2800);
#2296=AXIS2_PLACEMENT_3D('',#4329,#2806,#2807);
#2297=AXIS2_PLACEMENT_3D('',#4339,#2810,#2811);
#2298=AXIS2_PLACEMENT_3D('',#4340,#2812,#2813);
#2299=DIRECTION('axis',(0.,0.,1.));
#2300=DIRECTION('refdir',(1.,0.,0.));
#2301=DIRECTION('center_axis',(0.,0.,-1.));
#2302=DIRECTION('ref_axis',(-1.,0.,0.));
#2303=DIRECTION('center_axis',(0.,0.,-1.));
#2304=DIRECTION('ref_axis',(0.707106781186548,-0.707106781186547,0.));
#2305=DIRECTION('center_axis',(1.,0.,0.));
#2306=DIRECTION('ref_axis',(0.,1.,0.));
#2307=DIRECTION('center_axis',(0.,0.,1.));
#2308=DIRECTION('ref_axis',(1.,0.,0.));
#2309=DIRECTION('center_axis',(0.,-1.,0.));
#2310=DIRECTION('ref_axis',(0.,0.,1.));
#2311=DIRECTION('center_axis',(0.,0.,-1.));
#2312=DIRECTION('ref_axis',(0.707106781186548,-0.707106781186547,0.));
#2313=DIRECTION('center_axis',(0.,0.,1.));
#2314=DIRECTION('ref_axis',(1.,0.,0.));
#2315=DIRECTION('center_axis',(0.,0.,-1.));
#2316=DIRECTION('ref_axis',(-0.707106781186548,-0.707106781186547,0.));
#2317=DIRECTION('center_axis',(0.,-1.,0.));
#2318=DIRECTION('ref_axis',(1.,0.,0.));
#2319=DIRECTION('center_axis',(0.,0.,1.));
#2320=DIRECTION('ref_axis',(0.,-1.,0.));
#2321=DIRECTION('center_axis',(-1.,0.,0.));
#2322=DIRECTION('ref_axis',(0.,0.,1.));
#2323=DIRECTION('center_axis',(0.,0.,-1.));
#2324=DIRECTION('ref_axis',(-0.707106781186548,-0.707106781186547,0.));
#2325=DIRECTION('center_axis',(1.,0.,0.));
#2326=DIRECTION('ref_axis',(0.,0.707106781186548,0.707106781186547));
#2327=DIRECTION('',(-1.,0.,0.));
#2328=DIRECTION('',(1.,0.,0.));
#2329=DIRECTION('center_axis',(0.,0.,1.));
#2330=DIRECTION('ref_axis',(1.,0.,0.));
#2331=DIRECTION('center_axis',(0.,0.,-1.));
#2332=DIRECTION('ref_axis',(0.707106781186548,0.707106781186547,0.));
#2333=DIRECTION('center_axis',(0.,1.,0.));
#2334=DIRECTION('ref_axis',(-1.,0.,0.));
#2335=DIRECTION('center_axis',(0.,0.,1.));
#2336=DIRECTION('ref_axis',(0.,1.,0.));
#2337=DIRECTION('center_axis',(1.,0.,0.));
#2338=DIRECTION('ref_axis',(0.,0.,1.));
#2339=DIRECTION('center_axis',(0.,0.,-1.));
#2340=DIRECTION('ref_axis',(0.707106781186548,0.707106781186547,0.));
#2341=DIRECTION('center_axis',(0.,0.,1.));
#2342=DIRECTION('ref_axis',(1.,0.,0.));
#2343=DIRECTION('center_axis',(0.,0.,-1.));
#2344=DIRECTION('ref_axis',(-0.707106781186548,0.707106781186547,0.));
#2345=DIRECTION('center_axis',(-1.,0.,0.));
#2346=DIRECTION('ref_axis',(0.,-1.,0.));
#2347=DIRECTION('center_axis',(0.,0.,1.));
#2348=DIRECTION('ref_axis',(-1.,0.,0.));
#2349=DIRECTION('center_axis',(0.,1.,0.));
#2350=DIRECTION('ref_axis',(0.,0.,1.));
#2351=DIRECTION('center_axis',(0.,0.,-1.));
#2352=DIRECTION('ref_axis',(-0.707106781186548,0.707106781186547,0.));
#2353=DIRECTION('center_axis',(0.,-1.,0.));
#2354=DIRECTION('ref_axis',(0.707106781186548,0.,0.707106781186547));
#2355=DIRECTION('',(0.,1.,0.));
#2356=DIRECTION('',(0.,-1.,0.));
#2357=DIRECTION('center_axis',(-1.,0.,0.));
#2358=DIRECTION('ref_axis',(0.,-0.707106781186548,0.707106781186548));
#2359=DIRECTION('',(1.,0.,0.));
#2360=DIRECTION('',(-1.,0.,0.));
#2361=DIRECTION('center_axis',(0.,0.,1.));
#2362=DIRECTION('ref_axis',(-0.707106781186548,0.707106781186547,0.));
#2363=DIRECTION('center_axis',(0.,0.,1.));
#2364=DIRECTION('ref_axis',(-0.707106781186548,0.707106781186547,0.));
#2365=DIRECTION('',(0.,0.,1.));
#2366=DIRECTION('',(0.,0.,-1.));
#2367=DIRECTION('center_axis',(0.,1.,0.));
#2368=DIRECTION('ref_axis',(-0.707106781186548,0.,0.707106781186548));
#2369=DIRECTION('',(0.,-1.,0.));
#2370=DIRECTION('',(0.,1.,0.));
#2371=DIRECTION('center_axis',(0.,0.,1.));
#2372=DIRECTION('ref_axis',(0.707106781186548,0.707106781186548,0.));
#2373=DIRECTION('center_axis',(0.,0.,1.));
#2374=DIRECTION('ref_axis',(0.707106781186548,0.707106781186548,0.));
#2375=DIRECTION('',(0.,0.,1.));
#2376=DIRECTION('',(0.,0.,-1.));
#2377=DIRECTION('center_axis',(0.,0.,1.));
#2378=DIRECTION('ref_axis',(-0.707106781186548,-0.707106781186547,0.));
#2379=DIRECTION('center_axis',(0.,0.,1.));
#2380=DIRECTION('ref_axis',(-0.707106781186548,-0.707106781186547,0.));
#2381=DIRECTION('',(0.,0.,1.));
#2382=DIRECTION('',(0.,0.,-1.));
#2383=DIRECTION('center_axis',(0.,0.,-1.));
#2384=DIRECTION('ref_axis',(0.707106781186548,-0.707106781186548,0.));
#2385=DIRECTION('center_axis',(0.,0.,1.));
#2386=DIRECTION('ref_axis',(0.707106781186548,-0.707106781186548,0.));
#2387=DIRECTION('',(0.,0.,1.));
#2388=DIRECTION('',(0.,0.,-1.));
#2389=DIRECTION('center_axis',(0.,0.,1.));
#2390=DIRECTION('ref_axis',(1.,0.,0.));
#2391=DIRECTION('center_axis',(0.,0.,1.));
#2392=DIRECTION('ref_axis',(-0.939589581894328,0.342303107779701,0.));
#2393=DIRECTION('center_axis',(0.,0.,1.));
#2394=DIRECTION('ref_axis',(0.958345539879982,-0.285611320140055,0.));
#2395=DIRECTION('',(0.98810697181077,-0.153768046937424,0.));
#2396=DIRECTION('',(-0.98726251403281,-0.159099743512101,0.));
#2397=DIRECTION('center_axis',(0.,0.,1.));
#2398=DIRECTION('ref_axis',(0.957909699989614,0.287069689563019,0.));
#2399=DIRECTION('center_axis',(0.,0.,1.));
#2400=DIRECTION('ref_axis',(-0.344555201586545,0.938766058749279,0.));
#2401=DIRECTION('center_axis',(0.,0.,1.));
#2402=DIRECTION('ref_axis',(-0.475694928719242,0.879610331221044,0.));
#2403=DIRECTION('',(0.589966711585836,-0.807427569024365,0.));
#2404=DIRECTION('',(-0.810600526006323,0.585599510961435,0.));
#2405=DIRECTION('center_axis',(0.,0.,1.));
#2406=DIRECTION('ref_axis',(0.880333368789402,-0.474355520465298,0.));
#2407=DIRECTION('center_axis',(0.,0.,1.));
#2408=DIRECTION('ref_axis',(0.420170526554448,0.907445165624324,0.));
#2409=DIRECTION('center_axis',(0.,0.,1.));
#2410=DIRECTION('ref_axis',(1.,0.,0.));
#2411=DIRECTION('center_axis',(0.,0.,1.));
#2412=DIRECTION('ref_axis',(-0.420170526554454,-0.907445165624322,0.));
#2413=DIRECTION('center_axis',(0.,0.,1.));
#2414=DIRECTION('ref_axis',(0.285611320140281,0.958345539879915,0.));
#2415=DIRECTION('',(0.153768046937441,0.988106971810768,0.));
#2416=DIRECTION('',(0.159099743512105,-0.987262514032809,0.));
#2417=DIRECTION('center_axis',(0.,0.,1.));
#2418=DIRECTION('ref_axis',(-0.287069689560051,0.957909699990503,0.));
#2419=DIRECTION('center_axis',(0.,0.,1.));
#2420=DIRECTION('ref_axis',(-0.938766058749281,-0.344555201586539,0.));
#2421=DIRECTION('center_axis',(0.,0.,1.));
#2422=DIRECTION('ref_axis',(0.879610331221523,0.475694928718356,0.));
#2423=DIRECTION('',(0.807427569024351,0.589966711585854,0.));
#2424=DIRECTION('',(-0.585599510961436,-0.810600526006322,0.));
#2425=DIRECTION('center_axis',(0.,0.,1.));
#2426=DIRECTION('ref_axis',(0.47435552046438,0.880333368789896,0.));
#2427=DIRECTION('center_axis',(0.,0.,1.));
#2428=DIRECTION('ref_axis',(0.778672470146742,0.627430621053492,0.));
#2429=DIRECTION('center_axis',(0.,0.,1.));
#2430=DIRECTION('ref_axis',(-0.939589581894328,0.342303107779701,0.));
#2431=DIRECTION('center_axis',(0.,0.,1.));
#2432=DIRECTION('ref_axis',(1.,0.,0.));
#2433=DIRECTION('center_axis',(0.,0.,1.));
#2434=DIRECTION('ref_axis',(0.907445165624324,-0.42017052655445,0.));
#2435=DIRECTION('center_axis',(0.,0.,1.));
#2436=DIRECTION('ref_axis',(0.958345539880615,-0.285611320137931,0.));
#2437=DIRECTION('',(-0.988106971810769,0.15376804693743,0.));
#2438=DIRECTION('',(0.987262514032812,0.159099743512088,0.));
#2439=DIRECTION('center_axis',(0.,0.,1.));
#2440=DIRECTION('ref_axis',(0.957909699989718,0.287069689562672,0.));
#2441=DIRECTION('center_axis',(0.,0.,1.));
#2442=DIRECTION('ref_axis',(0.344555201586535,-0.938766058749283,0.));
#2443=DIRECTION('center_axis',(0.,0.,1.));
#2444=DIRECTION('ref_axis',(0.996090838244033,0.0883348287274043,0.));
#2445=DIRECTION('center_axis',(0.,0.,1.));
#2446=DIRECTION('ref_axis',(-0.475694928715469,0.879610331223085,0.));
#2447=DIRECTION('',(-0.589966711585839,0.807427569024362,0.));
#2448=DIRECTION('',(0.810600526006321,-0.585599510961438,0.));
#2449=DIRECTION('center_axis',(0.,0.,1.));
#2450=DIRECTION('ref_axis',(0.880333368787641,-0.474355520468564,0.));
#2451=DIRECTION('center_axis',(0.,0.,1.));
#2452=DIRECTION('ref_axis',(-0.420170526554454,-0.907445165624322,0.));
#2453=DIRECTION('center_axis',(0.,1.,0.));
#2454=DIRECTION('ref_axis',(-1.,0.,0.));
#2455=DIRECTION('',(1.,0.,0.));
#2456=DIRECTION('center_axis',(0.,0.,-1.));
#2457=DIRECTION('ref_axis',(-1.,0.,0.));
#2458=DIRECTION('',(0.,-1.,0.));
#2459=DIRECTION('',(-1.,0.,0.));
#2460=DIRECTION('',(0.,1.,0.));
#2461=DIRECTION('',(0.,1.,0.));
#2462=DIRECTION('',(-1.,0.,0.));
#2463=DIRECTION('',(0.,-1.,0.));
#2464=DIRECTION('',(1.,0.,0.));
#2465=DIRECTION('center_axis',(1.,0.,0.));
#2466=DIRECTION('ref_axis',(0.,1.,0.));
#2467=DIRECTION('center_axis',(0.,0.,1.));
#2468=DIRECTION('ref_axis',(1.,0.,0.));
#2469=DIRECTION('center_axis',(0.,0.,1.));
#2470=DIRECTION('ref_axis',(-0.707106781186548,-0.707106781186548,0.));
#2471=DIRECTION('center_axis',(-1.,0.,0.));
#2472=DIRECTION('ref_axis',(0.,1.,0.));
#2473=DIRECTION('center_axis',(0.,0.,-1.));
#2474=DIRECTION('ref_axis',(-1.,0.,0.));
#2475=DIRECTION('center_axis',(0.,-1.,0.));
#2476=DIRECTION('ref_axis',(0.,0.,-1.));
#2477=DIRECTION('center_axis',(0.,0.,1.));
#2478=DIRECTION('ref_axis',(-0.707106781186548,-0.707106781186548,0.));
#2479=DIRECTION('center_axis',(0.,0.,-1.));
#2480=DIRECTION('ref_axis',(-1.,0.,0.));
#2481=DIRECTION('center_axis',(0.,0.,1.));
#2482=DIRECTION('ref_axis',(0.707106781186548,-0.707106781186547,0.));
#2483=DIRECTION('center_axis',(0.,-1.,0.));
#2484=DIRECTION('ref_axis',(-1.,0.,0.));
#2485=DIRECTION('center_axis',(0.,0.,-1.));
#2486=DIRECTION('ref_axis',(0.,-1.,0.));
#2487=DIRECTION('center_axis',(1.,0.,0.));
#2488=DIRECTION('ref_axis',(0.,0.,-1.));
#2489=DIRECTION('center_axis',(0.,0.,1.));
#2490=DIRECTION('ref_axis',(0.707106781186548,-0.707106781186547,0.));
#2491=DIRECTION('center_axis',(-1.,0.,0.));
#2492=DIRECTION('ref_axis',(0.,0.707106781186548,-0.707106781186548));
#2493=DIRECTION('',(1.,0.,0.));
#2494=DIRECTION('',(-1.,0.,0.));
#2495=DIRECTION('center_axis',(0.,0.,1.));
#2496=DIRECTION('ref_axis',(1.,0.,0.));
#2497=DIRECTION('center_axis',(0.,0.,1.));
#2498=DIRECTION('ref_axis',(-0.707106781186548,0.707106781186547,0.));
#2499=DIRECTION('center_axis',(0.,1.,0.));
#2500=DIRECTION('ref_axis',(1.,0.,0.));
#2501=DIRECTION('center_axis',(0.,0.,-1.));
#2502=DIRECTION('ref_axis',(0.,1.,0.));
#2503=DIRECTION('center_axis',(-1.,0.,0.));
#2504=DIRECTION('ref_axis',(0.,0.,-1.));
#2505=DIRECTION('center_axis',(0.,0.,1.));
#2506=DIRECTION('ref_axis',(-0.707106781186548,0.707106781186547,0.));
#2507=DIRECTION('center_axis',(0.,1.,0.));
#2508=DIRECTION('ref_axis',(0.707106781186548,0.,-0.707106781186547));
#2509=DIRECTION('',(0.,-1.,0.));
#2510=DIRECTION('',(0.,1.,0.));
#2511=DIRECTION('center_axis',(0.,0.,1.));
#2512=DIRECTION('ref_axis',(-0.707106781186548,0.707106781186547,0.));
#2513=DIRECTION('center_axis',(0.,0.,-1.));
#2514=DIRECTION('ref_axis',(-0.707106781186548,0.707106781186547,0.));
#2515=DIRECTION('',(0.,0.,-1.));
#2516=DIRECTION('',(0.,0.,1.));
#2517=DIRECTION('center_axis',(0.,0.,1.));
#2518=DIRECTION('ref_axis',(1.,0.,0.));
#2519=DIRECTION('center_axis',(0.,0.,1.));
#2520=DIRECTION('ref_axis',(0.707106781186548,0.707106781186547,0.));
#2521=DIRECTION('center_axis',(1.,0.,0.));
#2522=DIRECTION('ref_axis',(0.,-1.,0.));
#2523=DIRECTION('center_axis',(0.,0.,-1.));
#2524=DIRECTION('ref_axis',(1.,0.,0.));
#2525=DIRECTION('center_axis',(0.,1.,0.));
#2526=DIRECTION('ref_axis',(0.,0.,-1.));
#2527=DIRECTION('center_axis',(0.,0.,1.));
#2528=DIRECTION('ref_axis',(0.707106781186548,0.707106781186547,0.));
#2529=DIRECTION('center_axis',(1.,0.,0.));
#2530=DIRECTION('ref_axis',(0.,-0.707106781186547,-0.707106781186548));
#2531=DIRECTION('',(-1.,0.,0.));
#2532=DIRECTION('',(1.,0.,0.));
#2533=DIRECTION('center_axis',(0.,0.,1.));
#2534=DIRECTION('ref_axis',(0.707106781186548,0.707106781186548,0.));
#2535=DIRECTION('center_axis',(0.,0.,-1.));
#2536=DIRECTION('ref_axis',(0.707106781186548,0.707106781186548,0.));
#2537=DIRECTION('',(0.,0.,-1.));
#2538=DIRECTION('',(0.,0.,1.));
#2539=DIRECTION('center_axis',(0.,-1.,0.));
#2540=DIRECTION('ref_axis',(-0.707106781186547,0.,-0.707106781186548));
#2541=DIRECTION('',(0.,1.,0.));
#2542=DIRECTION('',(0.,-1.,0.));
#2543=DIRECTION('center_axis',(0.,0.,-1.));
#2544=DIRECTION('ref_axis',(0.707106781186548,-0.707106781186548,0.));
#2545=DIRECTION('center_axis',(0.,0.,-1.));
#2546=DIRECTION('ref_axis',(0.707106781186548,-0.707106781186548,0.));
#2547=DIRECTION('',(0.,0.,-1.));
#2548=DIRECTION('',(0.,0.,1.));
#2549=DIRECTION('center_axis',(0.,0.,1.));
#2550=DIRECTION('ref_axis',(-0.707106781186548,-0.707106781186547,0.));
#2551=DIRECTION('center_axis',(0.,0.,-1.));
#2552=DIRECTION('ref_axis',(-0.707106781186548,-0.707106781186547,0.));
#2553=DIRECTION('',(0.,0.,-1.));
#2554=DIRECTION('',(0.,0.,1.));
#2555=DIRECTION('center_axis',(0.,0.,1.));
#2556=DIRECTION('ref_axis',(1.,0.,0.));
#2557=DIRECTION('center_axis',(0.,0.,-1.));
#2558=DIRECTION('ref_axis',(-0.939589581894328,0.342303107779701,0.));
#2559=DIRECTION('center_axis',(0.,0.,-1.));
#2560=DIRECTION('ref_axis',(0.778672470146742,0.627430621053492,0.));
#2561=DIRECTION('center_axis',(0.,0.,-1.));
#2562=DIRECTION('ref_axis',(0.47435552046438,0.880333368789896,0.));
#2563=DIRECTION('',(0.585599510961436,0.810600526006322,0.));
#2564=DIRECTION('',(-0.807427569024351,-0.589966711585854,0.));
#2565=DIRECTION('center_axis',(0.,0.,-1.));
#2566=DIRECTION('ref_axis',(0.879610331221523,0.475694928718356,0.));
#2567=DIRECTION('center_axis',(0.,0.,-1.));
#2568=DIRECTION('ref_axis',(-0.938766058749281,-0.344555201586539,0.));
#2569=DIRECTION('center_axis',(0.,0.,-1.));
#2570=DIRECTION('ref_axis',(-0.287069689560051,0.957909699990503,0.));
#2571=DIRECTION('',(-0.159099743512105,0.987262514032809,0.));
#2572=DIRECTION('',(-0.153768046937441,-0.988106971810768,0.));
#2573=DIRECTION('center_axis',(0.,0.,-1.));
#2574=DIRECTION('ref_axis',(0.285611320140281,0.958345539879915,0.));
#2575=DIRECTION('center_axis',(0.,0.,-1.));
#2576=DIRECTION('ref_axis',(-0.420170526554454,-0.907445165624322,0.));
#2577=DIRECTION('center_axis',(0.,0.,1.));
#2578=DIRECTION('ref_axis',(1.,0.,0.));
#2579=DIRECTION('center_axis',(0.,0.,-1.));
#2580=DIRECTION('ref_axis',(0.420170526554448,0.907445165624324,0.));
#2581=DIRECTION('center_axis',(0.,0.,-1.));
#2582=DIRECTION('ref_axis',(0.880333368789402,-0.474355520465298,0.));
#2583=DIRECTION('',(0.810600526006323,-0.585599510961435,0.));
#2584=DIRECTION('',(-0.589966711585836,0.807427569024365,0.));
#2585=DIRECTION('center_axis',(0.,0.,-1.));
#2586=DIRECTION('ref_axis',(-0.475694928719242,0.879610331221044,0.));
#2587=DIRECTION('center_axis',(0.,0.,-1.));
#2588=DIRECTION('ref_axis',(-0.344555201586545,0.938766058749279,0.));
#2589=DIRECTION('center_axis',(0.,0.,-1.));
#2590=DIRECTION('ref_axis',(0.957909699989614,0.287069689563019,0.));
#2591=DIRECTION('',(0.98726251403281,0.159099743512101,0.));
#2592=DIRECTION('',(-0.98810697181077,0.153768046937424,0.));
#2593=DIRECTION('center_axis',(0.,0.,-1.));
#2594=DIRECTION('ref_axis',(0.958345539879982,-0.285611320140055,0.));
#2595=DIRECTION('center_axis',(0.,0.,-1.));
#2596=DIRECTION('ref_axis',(-0.939589581894328,0.342303107779701,0.));
#2597=DIRECTION('center_axis',(0.,0.,1.));
#2598=DIRECTION('ref_axis',(1.,0.,0.));
#2599=DIRECTION('center_axis',(0.,0.,-1.));
#2600=DIRECTION('ref_axis',(0.907445165624324,-0.42017052655445,0.));
#2601=DIRECTION('center_axis',(0.,0.,-1.));
#2602=DIRECTION('ref_axis',(0.474355520465186,0.880333368789462,0.));
#2603=DIRECTION('',(-0.585599510961442,-0.810600526006318,0.));
#2604=DIRECTION('',(0.80742756902436,0.589966711585842,0.));
#2605=DIRECTION('center_axis',(0.,0.,-1.));
#2606=DIRECTION('ref_axis',(0.879610331223483,0.475694928714733,0.));
#2607=DIRECTION('center_axis',(0.,0.,-1.));
#2608=DIRECTION('ref_axis',(0.938766058749279,0.344555201586546,0.));
#2609=DIRECTION('center_axis',(0.,0.,-1.));
#2610=DIRECTION('ref_axis',(-0.287069689562595,0.957909699989741,0.));
#2611=DIRECTION('',(0.159099743512101,-0.98726251403281,0.));
#2612=DIRECTION('',(0.153768046937425,0.98810697181077,0.));
#2613=DIRECTION('center_axis',(0.,0.,-1.));
#2614=DIRECTION('ref_axis',(0.285611320139503,0.958345539880147,0.));
#2615=DIRECTION('center_axis',(0.,0.,-1.));
#2616=DIRECTION('ref_axis',(-0.910133813078678,0.414314424430126,0.));
#2617=DIRECTION('center_axis',(0.,0.,-1.));
#2618=DIRECTION('ref_axis',(0.420170526554448,0.907445165624324,0.));
#2619=DIRECTION('center_axis',(0.,0.,1.));
#2620=DIRECTION('ref_axis',(1.,0.,0.));
#2621=DIRECTION('center_axis',(0.,0.,-1.));
#2622=DIRECTION('ref_axis',(-0.420170526554454,-0.907445165624322,0.));
#2623=DIRECTION('center_axis',(0.,0.,-1.));
#2624=DIRECTION('ref_axis',(0.880333368787641,-0.474355520468564,0.));
#2625=DIRECTION('',(-0.810600526006321,0.585599510961438,0.));
#2626=DIRECTION('',(0.589966711585839,-0.807427569024362,0.));
#2627=DIRECTION('center_axis',(0.,0.,-1.));
#2628=DIRECTION('ref_axis',(-0.475694928715469,0.879610331223085,0.));
#2629=DIRECTION('center_axis',(0.,0.,-1.));
#2630=DIRECTION('ref_axis',(0.996090838244033,0.0883348287274043,0.));
#2631=DIRECTION('center_axis',(0.,0.,-1.));
#2632=DIRECTION('ref_axis',(0.344555201586535,-0.938766058749283,0.));
#2633=DIRECTION('center_axis',(0.,0.,-1.));
#2634=DIRECTION('ref_axis',(0.957909699989718,0.287069689562672,0.));
#2635=DIRECTION('',(-0.987262514032812,-0.159099743512088,0.));
#2636=DIRECTION('',(0.988106971810769,-0.15376804693743,0.));
#2637=DIRECTION('center_axis',(0.,0.,-1.));
#2638=DIRECTION('ref_axis',(0.958345539880615,-0.285611320137931,0.));
#2639=DIRECTION('center_axis',(0.,0.,-1.));
#2640=DIRECTION('ref_axis',(0.907445165624324,-0.42017052655445,0.));
#2641=DIRECTION('center_axis',(0.,-1.,0.));
#2642=DIRECTION('ref_axis',(1.,0.,0.));
#2643=DIRECTION('',(1.,0.,0.));
#2644=DIRECTION('center_axis',(1.,0.,0.));
#2645=DIRECTION('ref_axis',(0.,1.,0.));
#2646=DIRECTION('',(0.,1.,0.));
#2647=DIRECTION('center_axis',(0.,0.,1.));
#2648=DIRECTION('ref_axis',(1.,0.,0.));
#2649=DIRECTION('',(-1.,0.,0.));
#2650=DIRECTION('',(0.,-1.,0.));
#2651=DIRECTION('',(0.,-1.,0.));
#2652=DIRECTION('',(-1.,0.,0.));
#2653=DIRECTION('',(0.,1.,0.));
#2654=DIRECTION('',(1.,0.,0.));
#2655=DIRECTION('center_axis',(-1.,0.,0.));
#2656=DIRECTION('ref_axis',(0.,-1.,0.));
#2657=DIRECTION('center_axis',(-1.,0.,0.));
#2658=DIRECTION('ref_axis',(0.,-1.,0.));
#2659=DIRECTION('center_axis',(0.,-1.,0.));
#2660=DIRECTION('ref_axis',(1.,0.,0.));
#2661=DIRECTION('center_axis',(0.,1.,0.));
#2662=DIRECTION('ref_axis',(-1.,0.,0.));
#2663=DIRECTION('center_axis',(0.,1.,0.));
#2664=DIRECTION('ref_axis',(1.,0.,0.));
#2665=DIRECTION('',(0.,0.,1.));
#2666=DIRECTION('',(0.,0.,-1.));
#2667=DIRECTION('center_axis',(-1.,0.,0.));
#2668=DIRECTION('ref_axis',(0.,1.,0.));
#2669=DIRECTION('',(0.,0.,1.));
#2670=DIRECTION('center_axis',(0.,-1.,0.));
#2671=DIRECTION('ref_axis',(-1.,0.,0.));
#2672=DIRECTION('',(0.,0.,1.));
#2673=DIRECTION('center_axis',(1.,0.,0.));
#2674=DIRECTION('ref_axis',(0.,-1.,0.));
#2675=DIRECTION('center_axis',(0.,0.,-1.));
#2676=DIRECTION('ref_axis',(-0.910133813078678,0.414314424430126,0.));
#2677=DIRECTION('',(0.,0.,-1.));
#2678=DIRECTION('center_axis',(0.,0.,1.));
#2679=DIRECTION('ref_axis',(-0.910133813078678,0.414314424430126,0.));
#2680=DIRECTION('',(0.,0.,-1.));
#2681=DIRECTION('center_axis',(0.,0.,-1.));
#2682=DIRECTION('ref_axis',(0.420170526554448,0.907445165624324,0.));
#2683=DIRECTION('center_axis',(0.,0.,1.));
#2684=DIRECTION('ref_axis',(0.420170526554448,0.907445165624324,0.));
#2685=DIRECTION('',(0.,0.,-1.));
#2686=DIRECTION('',(0.,0.,-1.));
#2687=DIRECTION('center_axis',(-0.585599510961435,-0.810600526006323,0.));
#2688=DIRECTION('ref_axis',(-0.810600526006323,0.585599510961435,0.));
#2689=DIRECTION('',(0.,0.,-1.));
#2690=DIRECTION('',(0.,0.,-1.));
#2691=DIRECTION('',(0.,0.,-1.));
#2692=DIRECTION('',(0.,0.,-1.));
#2693=DIRECTION('center_axis',(0.807427569024365,0.589966711585836,0.));
#2694=DIRECTION('ref_axis',(0.589966711585836,-0.807427569024365,0.));
#2695=DIRECTION('',(0.,0.,-1.));
#2696=DIRECTION('',(0.,0.,-1.));
#2697=DIRECTION('center_axis',(0.,0.,-1.));
#2698=DIRECTION('ref_axis',(-0.344555201586545,0.938766058749279,0.));
#2699=DIRECTION('',(0.,0.,-1.));
#2700=DIRECTION('',(0.,0.,-1.));
#2701=DIRECTION('center_axis',(0.159099743512101,-0.98726251403281,0.));
#2702=DIRECTION('ref_axis',(-0.98726251403281,-0.159099743512101,0.));
#2703=DIRECTION('',(0.,0.,-1.));
#2704=DIRECTION('',(0.,0.,-1.));
#2705=DIRECTION('',(0.,0.,-1.));
#2706=DIRECTION('',(0.,0.,-1.));
#2707=DIRECTION('center_axis',(0.153768046937424,0.98810697181077,0.));
#2708=DIRECTION('ref_axis',(0.98810697181077,-0.153768046937424,0.));
#2709=DIRECTION('',(0.,0.,-1.));
#2710=DIRECTION('',(0.,0.,-1.));
#2711=DIRECTION('center_axis',(0.,0.,-1.));
#2712=DIRECTION('ref_axis',(-0.939589581894328,0.342303107779701,0.));
#2713=DIRECTION('',(0.,0.,-1.));
#2714=DIRECTION('',(0.,0.,-1.));
#2715=DIRECTION('',(0.,0.,-1.));
#2716=DIRECTION('center_axis',(0.810600526006322,-0.585599510961436,0.));
#2717=DIRECTION('ref_axis',(-0.585599510961436,-0.810600526006322,0.));
#2718=DIRECTION('',(0.,0.,-1.));
#2719=DIRECTION('',(0.,0.,-1.));
#2720=DIRECTION('',(0.,0.,-1.));
#2721=DIRECTION('',(0.,0.,-1.));
#2722=DIRECTION('center_axis',(-0.589966711585854,0.807427569024351,0.));
#2723=DIRECTION('ref_axis',(0.807427569024351,0.589966711585854,0.));
#2724=DIRECTION('',(0.,0.,-1.));
#2725=DIRECTION('',(0.,0.,-1.));
#2726=DIRECTION('center_axis',(0.,0.,-1.));
#2727=DIRECTION('ref_axis',(-0.938766058749281,-0.344555201586539,0.));
#2728=DIRECTION('',(0.,0.,-1.));
#2729=DIRECTION('',(0.,0.,-1.));
#2730=DIRECTION('center_axis',(0.987262514032809,0.159099743512105,0.));
#2731=DIRECTION('ref_axis',(0.159099743512105,-0.987262514032809,0.));
#2732=DIRECTION('',(0.,0.,-1.));
#2733=DIRECTION('',(0.,0.,-1.));
#2734=DIRECTION('',(0.,0.,-1.));
#2735=DIRECTION('',(0.,0.,-1.));
#2736=DIRECTION('center_axis',(-0.988106971810768,0.153768046937441,0.));
#2737=DIRECTION('ref_axis',(0.153768046937441,0.988106971810768,0.));
#2738=DIRECTION('',(0.,0.,-1.));
#2739=DIRECTION('',(0.,0.,-1.));
#2740=DIRECTION('center_axis',(0.,0.,-1.));
#2741=DIRECTION('ref_axis',(-0.420170526554454,-0.907445165624322,0.));
#2742=DIRECTION('',(0.,0.,-1.));
#2743=DIRECTION('',(0.,0.,-1.));
#2744=DIRECTION('center_axis',(0.585599510961438,0.810600526006321,0.));
#2745=DIRECTION('ref_axis',(0.810600526006321,-0.585599510961438,0.));
#2746=DIRECTION('',(0.,0.,-1.));
#2747=DIRECTION('',(0.,0.,-1.));
#2748=DIRECTION('',(0.,0.,-1.));
#2749=DIRECTION('',(0.,0.,-1.));
#2750=DIRECTION('center_axis',(-0.807427569024362,-0.589966711585839,0.));
#2751=DIRECTION('ref_axis',(-0.589966711585839,0.807427569024362,0.));
#2752=DIRECTION('',(0.,0.,-1.));
#2753=DIRECTION('',(0.,0.,-1.));
#2754=DIRECTION('',(0.,0.,-1.));
#2755=DIRECTION('center_axis',(0.,0.,-1.));
#2756=DIRECTION('ref_axis',(0.344555201586535,-0.938766058749283,0.));
#2757=DIRECTION('',(0.,0.,-1.));
#2758=DIRECTION('',(0.,0.,-1.));
#2759=DIRECTION('center_axis',(-0.159099743512088,0.987262514032812,0.));
#2760=DIRECTION('ref_axis',(0.987262514032812,0.159099743512088,0.));
#2761=DIRECTION('',(0.,0.,-1.));
#2762=DIRECTION('',(0.,0.,-1.));
#2763=DIRECTION('',(0.,0.,-1.));
#2764=DIRECTION('',(0.,0.,-1.));
#2765=DIRECTION('center_axis',(-0.15376804693743,-0.988106971810769,0.));
#2766=DIRECTION('ref_axis',(-0.988106971810769,0.15376804693743,0.));
#2767=DIRECTION('',(0.,0.,-1.));
#2768=DIRECTION('',(0.,0.,-1.));
#2769=DIRECTION('center_axis',(0.,0.,-1.));
#2770=DIRECTION('ref_axis',(0.907445165624324,-0.42017052655445,0.));
#2771=DIRECTION('center_axis',(0.,0.,1.));
#2772=DIRECTION('ref_axis',(0.907445165624324,-0.42017052655445,0.));
#2773=DIRECTION('',(0.,0.,-1.));
#2774=DIRECTION('center_axis',(0.,0.,1.));
#2775=DIRECTION('ref_axis',(0.474355520465186,0.880333368789462,0.));
#2776=DIRECTION('',(0.,0.,-1.));
#2777=DIRECTION('center_axis',(-0.810600526006318,0.585599510961442,0.));
#2778=DIRECTION('ref_axis',(0.585599510961442,0.810600526006318,0.));
#2779=DIRECTION('',(0.585599510961442,0.810600526006318,0.));
#2780=DIRECTION('',(0.,0.,-1.));
#2781=DIRECTION('',(0.,0.,-1.));
#2782=DIRECTION('',(0.,0.,-1.));
#2783=DIRECTION('',(0.,0.,-1.));
#2784=DIRECTION('center_axis',(0.589966711585842,-0.80742756902436,0.));
#2785=DIRECTION('ref_axis',(-0.80742756902436,-0.589966711585842,0.));
#2786=DIRECTION('',(-0.80742756902436,-0.589966711585842,0.));
#2787=DIRECTION('',(0.,0.,-1.));
#2788=DIRECTION('center_axis',(0.,0.,1.));
#2789=DIRECTION('ref_axis',(0.879610331223483,0.475694928714733,0.));
#2790=DIRECTION('',(0.,0.,-1.));
#2791=DIRECTION('center_axis',(0.,0.,-1.));
#2792=DIRECTION('ref_axis',(0.938766058749279,0.344555201586546,0.));
#2793=DIRECTION('center_axis',(0.,0.,1.));
#2794=DIRECTION('ref_axis',(0.938766058749279,0.344555201586546,0.));
#2795=DIRECTION('',(0.,0.,-1.));
#2796=DIRECTION('center_axis',(0.,0.,1.));
#2797=DIRECTION('ref_axis',(-0.287069689562595,0.957909699989741,0.));
#2798=DIRECTION('',(0.,0.,-1.));
#2799=DIRECTION('center_axis',(-0.98726251403281,-0.159099743512101,0.));
#2800=DIRECTION('ref_axis',(-0.159099743512101,0.98726251403281,0.));
#2801=DIRECTION('',(-0.159099743512101,0.98726251403281,0.));
#2802=DIRECTION('',(0.,0.,-1.));
#2803=DIRECTION('',(0.,0.,-1.));
#2804=DIRECTION('',(0.,0.,-1.));
#2805=DIRECTION('',(0.,0.,-1.));
#2806=DIRECTION('center_axis',(0.98810697181077,-0.153768046937425,0.));
#2807=DIRECTION('ref_axis',(-0.153768046937425,-0.98810697181077,0.));
#2808=DIRECTION('',(-0.153768046937425,-0.98810697181077,0.));
#2809=DIRECTION('',(0.,0.,-1.));
#2810=DIRECTION('center_axis',(0.,0.,1.));
#2811=DIRECTION('ref_axis',(0.285611320139503,0.958345539880147,0.));
#2812=DIRECTION('center_axis',(0.,0.,1.));
#2813=DIRECTION('ref_axis',(1.,0.,0.));
#2814=CARTESIAN_POINT('',(0.,0.,0.));
#2815=CARTESIAN_POINT('Origin',(0.236685025718737,0.189612980872061,-0.2625));
#2816=CARTESIAN_POINT('',(0.238601283324661,0.0646276699079814,-0.2));
#2817=CARTESIAN_POINT('',(0.252315551498257,0.0655940844737472,-0.2));
#2818=CARTESIAN_POINT('Ctrl Pts',(0.252315551498257,0.0655940844737472,
-0.2));
#2819=CARTESIAN_POINT('Ctrl Pts',(0.250497600943124,0.0656589528972665,
-0.2));
#2820=CARTESIAN_POINT('Ctrl Pts',(0.24867653454332,0.0656474762602025,-0.200001731323981));
#2821=CARTESIAN_POINT('Ctrl Pts',(0.244088100127025,0.0654252804628677,
-0.20000303339243));
#2822=CARTESIAN_POINT('Ctrl Pts',(0.241330695215708,0.0651141108231801,
-0.2));
#2823=CARTESIAN_POINT('Ctrl Pts',(0.238601283324661,0.0646276699079814,
-0.2));
#2824=CARTESIAN_POINT('',(0.236685025718737,0.0646129808720612,-0.2));
#2825=CARTESIAN_POINT('Origin',(0.236685025718737,0.189612980872061,-0.2));
#2826=CARTESIAN_POINT('',(0.236685025718737,0.127112980872061,-0.2625));
#2827=CARTESIAN_POINT('Origin',(0.236685025718737,0.0646129808720612,-0.2625));
#2828=CARTESIAN_POINT('',(0.299185025718737,0.189612980872061,-0.2625));
#2829=CARTESIAN_POINT('Origin',(0.236685025718737,0.189612980872061,-0.2625));
#2830=CARTESIAN_POINT('',(0.361685025718737,0.189612980872061,-0.2));
#2831=CARTESIAN_POINT('Origin',(0.361685025718737,0.189612980872061,-0.2625));
#2832=CARTESIAN_POINT('Origin',(0.236685025718737,0.189612980872061,-0.2));
#2833=CARTESIAN_POINT('Origin',(0.0116850257187369,0.189612980872061,-0.2625));
#2834=CARTESIAN_POINT('',(-0.113300285245345,0.187696723266239,-0.2));
#2835=CARTESIAN_POINT('',(-0.112333870679563,0.173982455092428,-0.2));
#2836=CARTESIAN_POINT('Ctrl Pts',(-0.112333870679563,0.173982455092428,
-0.2));
#2837=CARTESIAN_POINT('Ctrl Pts',(-0.112269002256039,0.175800405647593,
-0.2));
#2838=CARTESIAN_POINT('Ctrl Pts',(-0.112280478893102,0.177621472047428,
-0.200001731323981));
#2839=CARTESIAN_POINT('Ctrl Pts',(-0.11250267469044,0.182209906463796,-0.20000303339243));
#2840=CARTESIAN_POINT('Ctrl Pts',(-0.112813844330134,0.184967311375154,
-0.2));
#2841=CARTESIAN_POINT('Ctrl Pts',(-0.113300285245345,0.187696723266239,
-0.2));
#2842=CARTESIAN_POINT('',(-0.113314974281263,0.189612980872061,-0.2));
#2843=CARTESIAN_POINT('Origin',(0.0116850257187369,0.189612980872061,-0.2));
#2844=CARTESIAN_POINT('',(-0.0508149742812631,0.189612980872061,-0.2625));
#2845=CARTESIAN_POINT('Origin',(-0.113314974281263,0.189612980872061,-0.2625));
#2846=CARTESIAN_POINT('',(0.0116850257187369,0.127112980872061,-0.2625));
#2847=CARTESIAN_POINT('Origin',(0.0116850257187369,0.189612980872061,-0.2625));
#2848=CARTESIAN_POINT('',(0.0116850257187369,0.0646129808720612,-0.2));
#2849=CARTESIAN_POINT('Origin',(0.0116850257187369,0.0646129808720612,-0.2625));
#2850=CARTESIAN_POINT('Origin',(0.0116850257187369,0.189612980872061,-0.2));
#2851=CARTESIAN_POINT('Origin',(0.0366850257187394,0.0646129808720612,-0.2625));
#2852=CARTESIAN_POINT('',(0.0366850257187394,0.0646129808720612,-0.2));
#2853=CARTESIAN_POINT('',(0.0366850257187394,0.127112980872061,-0.2625));
#2854=CARTESIAN_POINT('Origin',(0.236685025718737,0.414612980872061,-0.2625));
#2855=CARTESIAN_POINT('',(0.361670336682818,0.416529238477913,-0.2));
#2856=CARTESIAN_POINT('',(0.360703922117044,0.430243506651632,-0.2));
#2857=CARTESIAN_POINT('Ctrl Pts',(0.360703922117044,0.430243506651632,-0.2));
#2858=CARTESIAN_POINT('Ctrl Pts',(0.36062230881419,0.427956277501051,-0.2));
#2859=CARTESIAN_POINT('Ctrl Pts',(0.360661569165432,0.425664992660375,-0.200002445703241));
#2860=CARTESIAN_POINT('Ctrl Pts',(0.360983244454709,0.421081763169653,-0.200002463126661));
#2861=CARTESIAN_POINT('Ctrl Pts',(0.361266456255845,0.418795404841581,-0.2));
#2862=CARTESIAN_POINT('Ctrl Pts',(0.361670336682818,0.416529238477913,-0.2));
#2863=CARTESIAN_POINT('',(0.361685025718737,0.414612980872061,-0.2));
#2864=CARTESIAN_POINT('Origin',(0.236685025718737,0.414612980872061,-0.2));
#2865=CARTESIAN_POINT('',(0.299185025718737,0.414612980872061,-0.2625));
#2866=CARTESIAN_POINT('Origin',(0.361685025718737,0.414612980872061,-0.2625));
#2867=CARTESIAN_POINT('',(0.236685025718737,0.477112980872061,-0.2625));
#2868=CARTESIAN_POINT('Origin',(0.236685025718737,0.414612980872061,-0.2625));
#2869=CARTESIAN_POINT('',(0.236685025718737,0.539612980872061,-0.2));
#2870=CARTESIAN_POINT('Origin',(0.236685025718737,0.539612980872061,-0.2625));
#2871=CARTESIAN_POINT('Origin',(0.236685025718737,0.414612980872061,-0.2));
#2872=CARTESIAN_POINT('Origin',(0.0116850257187369,0.414612980872061,-0.2625));
#2873=CARTESIAN_POINT('',(0.00976876811298569,0.539598291836144,-0.2));
#2874=CARTESIAN_POINT('',(-0.00394550006094174,0.538631877270355,-0.2));
#2875=CARTESIAN_POINT('Ctrl Pts',(-0.00394550006094175,0.538631877270355,
-0.2));
#2876=CARTESIAN_POINT('Ctrl Pts',(-0.00165827091032733,0.538550263967496,
-0.2));
#2877=CARTESIAN_POINT('Ctrl Pts',(0.000633013930382248,0.538589524318737,
-0.200002445703242));
#2878=CARTESIAN_POINT('Ctrl Pts',(0.00521624342117188,0.538911199608019,
-0.200002463126661));
#2879=CARTESIAN_POINT('Ctrl Pts',(0.00750260174928033,0.53919441140916,
-0.2));
#2880=CARTESIAN_POINT('Ctrl Pts',(0.00976876811298566,0.539598291836144,
-0.2));
#2881=CARTESIAN_POINT('',(0.0116850257187369,0.539612980872061,-0.2));
#2882=CARTESIAN_POINT('Origin',(0.0116850257187369,0.414612980872061,-0.2));
#2883=CARTESIAN_POINT('',(0.0116850257187369,0.477112980872061,-0.2625));
#2884=CARTESIAN_POINT('Origin',(0.0116850257187369,0.539612980872061,-0.2625));
#2885=CARTESIAN_POINT('',(-0.0508149742812631,0.414612980872061,-0.2625));
#2886=CARTESIAN_POINT('Origin',(0.0116850257187369,0.414612980872061,-0.2625));
#2887=CARTESIAN_POINT('',(-0.113314974281263,0.414612980872061,-0.2));
#2888=CARTESIAN_POINT('Origin',(-0.113314974281263,0.414612980872061,-0.2625));
#2889=CARTESIAN_POINT('Origin',(0.0116850257187369,0.414612980872061,-0.2));
#2890=CARTESIAN_POINT('Origin',(-0.113314974281263,0.389612980872054,-0.2625));
#2891=CARTESIAN_POINT('',(-0.113314974281263,0.389612980872054,-0.2));
#2892=CARTESIAN_POINT('',(-0.0508149742812631,0.389612980872054,-0.2625));
#2893=CARTESIAN_POINT('Origin',(0.211685025718739,0.539612980872061,-0.2625));
#2894=CARTESIAN_POINT('',(0.211685025718739,0.539612980872061,-0.2));
#2895=CARTESIAN_POINT('',(0.211685025718739,0.477112980872061,-0.2625));
#2896=CARTESIAN_POINT('Origin',(0.0116850257187369,0.414612980872061,0.));
#2897=CARTESIAN_POINT('',(0.0116850257187368,0.477112980872061,-0.3));
#2898=CARTESIAN_POINT('',(-0.0508149742812631,0.414612980872061,-0.3));
#2899=CARTESIAN_POINT('Origin',(0.0116850257187369,0.414612980872061,-0.3));
#2900=CARTESIAN_POINT('',(-0.0508149742812631,0.414612980872061,0.));
#2901=CARTESIAN_POINT('',(0.0116850257187369,0.477112980872061,0.));
#2902=CARTESIAN_POINT('Origin',(0.361685025718737,0.214612980872054,-0.2625));
#2903=CARTESIAN_POINT('',(0.361685025718737,0.214612980872054,-0.2));
#2904=CARTESIAN_POINT('',(0.299185025718737,0.214612980872054,-0.2625));
#2905=CARTESIAN_POINT('Origin',(0.236685025718737,0.414612980872061,0.));
#2906=CARTESIAN_POINT('',(0.299185025718737,0.414612980872061,-0.3));
#2907=CARTESIAN_POINT('',(0.236685025718737,0.477112980872061,-0.3));
#2908=CARTESIAN_POINT('Origin',(0.236685025718737,0.414612980872061,-0.3));
#2909=CARTESIAN_POINT('',(0.236685025718737,0.477112980872061,0.));
#2910=CARTESIAN_POINT('',(0.299185025718737,0.414612980872061,0.));
#2911=CARTESIAN_POINT('Origin',(0.0116850257187369,0.189612980872061,0.));
#2912=CARTESIAN_POINT('',(-0.0508149742812631,0.189612980872061,-0.3));
#2913=CARTESIAN_POINT('',(0.0116850257187369,0.127112980872061,-0.3));
#2914=CARTESIAN_POINT('Origin',(0.0116850257187369,0.189612980872061,-0.3));
#2915=CARTESIAN_POINT('',(0.0116850257187369,0.127112980872061,0.));
#2916=CARTESIAN_POINT('',(-0.0508149742812631,0.189612980872061,0.));
#2917=CARTESIAN_POINT('Origin',(0.236685025718737,0.189612980872061,0.));
#2918=CARTESIAN_POINT('',(0.236685025718737,0.127112980872061,-0.3));
#2919=CARTESIAN_POINT('',(0.299185025718737,0.189612980872061,-0.3));
#2920=CARTESIAN_POINT('Origin',(0.236685025718737,0.189612980872061,-0.3));
#2921=CARTESIAN_POINT('',(0.299185025718737,0.189612980872061,0.));
#2922=CARTESIAN_POINT('',(0.236685025718737,0.127112980872061,0.));
#2923=CARTESIAN_POINT('Origin',(0.124185025718742,0.302112980872047,-0.2));
#2924=CARTESIAN_POINT('',(0.403570233868543,0.366824274592162,-0.2));
#2925=CARTESIAN_POINT('Origin',(0.425623236985397,0.427927044523606,-0.2));
#2926=CARTESIAN_POINT('',(0.434936982076238,0.358802542986033,-0.2));
#2927=CARTESIAN_POINT('Origin',(0.425966932950805,0.409054035478453,-0.2));
#2928=CARTESIAN_POINT('',(0.443456155652568,0.357476799195407,-0.2));
#2929=CARTESIAN_POINT('',(0.443456155652568,0.357476799195407,-0.2));
#2930=CARTESIAN_POINT('',(0.506454343532322,0.325188557982594,-0.2));
#2931=CARTESIAN_POINT('Ctrl Pts',(0.443456155652568,0.357476799195407,-0.2));
#2932=CARTESIAN_POINT('Ctrl Pts',(0.448604144397671,0.356659119404562,-0.2));
#2933=CARTESIAN_POINT('Ctrl Pts',(0.453717090104892,0.355512986717605,-0.2));
#2934=CARTESIAN_POINT('Ctrl Pts',(0.476450005558661,0.348646849470096,-0.2));
#2935=CARTESIAN_POINT('Ctrl Pts',(0.492829713642088,0.338705080550595,-0.2));
#2936=CARTESIAN_POINT('Ctrl Pts',(0.505826546264406,0.32582201726806,-0.2));
#2937=CARTESIAN_POINT('Ctrl Pts',(0.506141090941143,0.325506305119454,-0.2));
#2938=CARTESIAN_POINT('Ctrl Pts',(0.506454343532322,0.325188557982594,-0.2));
#2939=CARTESIAN_POINT('',(0.50657333898052,0.281101282191141,-0.2));
#2940=CARTESIAN_POINT('Ctrl Pts',(0.506454343532322,0.325188557982594,-0.2));
#2941=CARTESIAN_POINT('Ctrl Pts',(0.509020317522352,0.322570439591269,-0.2));
#2942=CARTESIAN_POINT('Ctrl Pts',(0.511246028495893,0.319372502206684,-0.2));
#2943=CARTESIAN_POINT('Ctrl Pts',(0.514599743293508,0.311822761828601,-0.2));
#2944=CARTESIAN_POINT('Ctrl Pts',(0.515502393099069,0.307368728823666,-0.2));
#2945=CARTESIAN_POINT('Ctrl Pts',(0.515525062834415,0.298969694327066,-0.2));
#2946=CARTESIAN_POINT('Ctrl Pts',(0.514646469661672,0.294510853590133,-0.2));
#2947=CARTESIAN_POINT('Ctrl Pts',(0.511333558262081,0.286943119399593,-0.2));
#2948=CARTESIAN_POINT('Ctrl Pts',(0.509125142621953,0.283733213915952,-0.2));
#2949=CARTESIAN_POINT('Ctrl Pts',(0.50657333898052,0.281101282191141,-0.2));
#2950=CARTESIAN_POINT('',(0.443750365342804,0.248473438559291,-0.2));
#2951=CARTESIAN_POINT('Ctrl Pts',(0.50657333898052,0.281101282191141,-0.2));
#2952=CARTESIAN_POINT('Ctrl Pts',(0.50626180619608,0.280781848703412,-0.2));
#2953=CARTESIAN_POINT('Ctrl Pts',(0.505948970359761,0.280464443199434,-0.2));
#2954=CARTESIAN_POINT('Ctrl Pts',(0.493021871644829,0.267511408938354,-0.2));
#2955=CARTESIAN_POINT('Ctrl Pts',(0.476696069246986,0.257481364959702,-0.2));
#2956=CARTESIAN_POINT('Ctrl Pts',(0.454000549363662,0.250492612356021,-0.2));
#2957=CARTESIAN_POINT('Ctrl Pts',(0.44889386513378,0.24931889598595,-0.2));
#2958=CARTESIAN_POINT('Ctrl Pts',(0.443750365342804,0.248473438559291,-0.2));
#2959=CARTESIAN_POINT('',(0.435238472438095,0.247101726417189,-0.2));
#2960=CARTESIAN_POINT('',(0.435238472438095,0.247101726417189,-0.2));
#2961=CARTESIAN_POINT('',(0.403915483653081,0.238910789678356,-0.2));
#2962=CARTESIAN_POINT('Origin',(0.426944077149431,0.197184413330324,-0.2));
#2963=CARTESIAN_POINT('',(0.367497995573529,0.150315600234955,-0.2));
#2964=CARTESIAN_POINT('Origin',(0.42629800659079,0.177927955153305,-0.2));
#2965=CARTESIAN_POINT('',(0.384005415119409,0.122463739057971,-0.2));
#2966=CARTESIAN_POINT('Origin',(0.413195803657168,0.164339692725192,-0.2));
#2967=CARTESIAN_POINT('',(0.389091938100869,0.115502331227575,-0.2));
#2968=CARTESIAN_POINT('',(0.389091938100869,0.115502331227575,-0.2));
#2969=CARTESIAN_POINT('',(0.41080714963894,0.0481246510611692,-0.2));
#2970=CARTESIAN_POINT('Ctrl Pts',(0.389091938100868,0.115502331227575,-0.2));
#2971=CARTESIAN_POINT('Ctrl Pts',(0.392153928927057,0.111283966551495,-0.2));
#2972=CARTESIAN_POINT('Ctrl Pts',(0.394958889313385,0.106858129774993,-0.2));
#2973=CARTESIAN_POINT('Ctrl Pts',(0.406178395778615,0.0859284388932217,
-0.2));
#2974=CARTESIAN_POINT('Ctrl Pts',(0.410730706218293,0.0673163440136048,
-0.2));
#2975=CARTESIAN_POINT('Ctrl Pts',(0.410811153289945,0.0490164941228817,
-0.2));
#2976=CARTESIAN_POINT('Ctrl Pts',(0.41081032776267,0.0485708352477926,-0.2));
#2977=CARTESIAN_POINT('Ctrl Pts',(0.410807149638939,0.0481246510611692,
-0.2));
#2978=CARTESIAN_POINT('',(0.379716880451113,0.016866096896641,-0.2));
#2979=CARTESIAN_POINT('Ctrl Pts',(0.41080714963894,0.0481246510611692,-0.2));
#2980=CARTESIAN_POINT('Ctrl Pts',(0.410770277979183,0.0444589441840162,
-0.2));
#2981=CARTESIAN_POINT('Ctrl Pts',(0.410082810091085,0.0406238456512137,
-0.2));
#2982=CARTESIAN_POINT('Ctrl Pts',(0.407115771949104,0.0329139385581143,
-0.2));
#2983=CARTESIAN_POINT('Ctrl Pts',(0.404604564806235,0.0291261918181475,
-0.2));
#2984=CARTESIAN_POINT('Ctrl Pts',(0.39868158048186,0.0231711476465902,-0.2));
#2985=CARTESIAN_POINT('Ctrl Pts',(0.394907444770193,0.0206395303156252,
-0.2));
#2986=CARTESIAN_POINT('Ctrl Pts',(0.387213666489724,0.0176309162673981,
-0.2));
#2987=CARTESIAN_POINT('Ctrl Pts',(0.383382334880461,0.0169227560077607,
-0.2));
#2988=CARTESIAN_POINT('Ctrl Pts',(0.379716880451113,0.016866096896641,-0.2));
#2989=CARTESIAN_POINT('',(0.312222960290005,0.0382172780825983,-0.2));
#2990=CARTESIAN_POINT('Ctrl Pts',(0.379716880451113,0.0168660968966409,
-0.2));
#2991=CARTESIAN_POINT('Ctrl Pts',(0.379270719921363,0.016860510255769,-0.2));
#2992=CARTESIAN_POINT('Ctrl Pts',(0.378825071995855,0.016857279012779,-0.2));
#2993=CARTESIAN_POINT('Ctrl Pts',(0.360525054470506,0.0168389398122247,
-0.2));
#2994=CARTESIAN_POINT('Ctrl Pts',(0.341888656773777,0.0212907132831466,
-0.2));
#2995=CARTESIAN_POINT('Ctrl Pts',(0.320898706403626,0.0323970749371007,
-0.2));
#2996=CARTESIAN_POINT('Ctrl Pts',(0.31645779255083,0.0351781031809626,-0.2));
#2997=CARTESIAN_POINT('Ctrl Pts',(0.312222960290005,0.0382172780825983,
-0.2));
#2998=CARTESIAN_POINT('',(0.305234196138835,0.0432661483187347,-0.2));
#2999=CARTESIAN_POINT('',(0.305234196138835,0.0432661483187347,-0.2));
#3000=CARTESIAN_POINT('',(0.277293631449623,0.0596229791833503,-0.2));
#3001=CARTESIAN_POINT('Origin',(0.264072302403289,0.0138343008927377,-0.2));
#3002=CARTESIAN_POINT('Origin',(0.249999089370299,0.000674769605392313,
-0.2));
#3003=CARTESIAN_POINT('Origin',(0.124185025718742,0.302112980872047,-0.2));
#3004=CARTESIAN_POINT('',(0.0594737319986305,0.58149818902185,-0.2));
#3005=CARTESIAN_POINT('Origin',(-0.0016290379328128,0.603551192138704,-0.2));
#3006=CARTESIAN_POINT('',(0.0674954636047593,0.612864937229545,-0.2));
#3007=CARTESIAN_POINT('Origin',(0.0172439711125308,0.603894888104026,-0.2));
#3008=CARTESIAN_POINT('',(0.0688212073953862,0.621384110805874,-0.2));
#3009=CARTESIAN_POINT('',(0.0688212073953862,0.621384110805874,-0.2));
#3010=CARTESIAN_POINT('',(0.1011094486082,0.684382298685628,-0.2));
#3011=CARTESIAN_POINT('Ctrl Pts',(0.0688212073953862,0.621384110805874,
-0.2));
#3012=CARTESIAN_POINT('Ctrl Pts',(0.0696388871862307,0.626532099550977,
-0.2));
#3013=CARTESIAN_POINT('Ctrl Pts',(0.0707850198731879,0.631645045258199,
-0.2));
#3014=CARTESIAN_POINT('Ctrl Pts',(0.0776511571206971,0.654377960711967,
-0.2));
#3015=CARTESIAN_POINT('Ctrl Pts',(0.0875929260401988,0.670757668795395,
-0.2));
#3016=CARTESIAN_POINT('Ctrl Pts',(0.100475989322734,0.683754501417712,-0.2));
#3017=CARTESIAN_POINT('Ctrl Pts',(0.100791701471339,0.68406904609445,-0.2));
#3018=CARTESIAN_POINT('Ctrl Pts',(0.1011094486082,0.684382298685628,-0.2));
#3019=CARTESIAN_POINT('',(0.145196724399646,0.684501294133824,-0.2));
#3020=CARTESIAN_POINT('Ctrl Pts',(0.101109448608199,0.684382298685629,-0.2));
#3021=CARTESIAN_POINT('Ctrl Pts',(0.103727566999522,0.686948272675658,-0.2));
#3022=CARTESIAN_POINT('Ctrl Pts',(0.106925504384107,0.689173983649198,-0.2));
#3023=CARTESIAN_POINT('Ctrl Pts',(0.114475244762188,0.692527698446812,-0.2));
#3024=CARTESIAN_POINT('Ctrl Pts',(0.118929277767122,0.693430348252373,-0.2));
#3025=CARTESIAN_POINT('Ctrl Pts',(0.127328312263722,0.693453017987719,-0.2));
#3026=CARTESIAN_POINT('Ctrl Pts',(0.131787153000655,0.692574424814976,-0.2));
#3027=CARTESIAN_POINT('Ctrl Pts',(0.139354887191194,0.689261513415386,-0.2));
#3028=CARTESIAN_POINT('Ctrl Pts',(0.142564792674835,0.687053097775258,-0.2));
#3029=CARTESIAN_POINT('Ctrl Pts',(0.145196724399646,0.684501294133824,-0.2));
#3030=CARTESIAN_POINT('',(0.177824568031497,0.62167832049611,-0.2));
#3031=CARTESIAN_POINT('Ctrl Pts',(0.145196724399647,0.684501294133825,-0.2));
#3032=CARTESIAN_POINT('Ctrl Pts',(0.145516157887376,0.684189761349386,-0.2));
#3033=CARTESIAN_POINT('Ctrl Pts',(0.145833563391354,0.683876925513067,-0.2));
#3034=CARTESIAN_POINT('Ctrl Pts',(0.158786597652434,0.670949826798134,-0.2));
#3035=CARTESIAN_POINT('Ctrl Pts',(0.168816641631086,0.654624024400292,-0.2));
#3036=CARTESIAN_POINT('Ctrl Pts',(0.175805394234768,0.631928504516968,-0.2));
#3037=CARTESIAN_POINT('Ctrl Pts',(0.176979110604839,0.626821820287086,-0.2));
#3038=CARTESIAN_POINT('Ctrl Pts',(0.177824568031497,0.62167832049611,-0.2));
#3039=CARTESIAN_POINT('',(0.1791962801736,0.613166427591401,-0.2));
#3040=CARTESIAN_POINT('',(0.1791962801736,0.613166427591401,-0.2));
#3041=CARTESIAN_POINT('',(0.187387216912432,0.581843438806387,-0.2));
#3042=CARTESIAN_POINT('Origin',(0.229113593257213,0.604872032302176,-0.2));
#3043=CARTESIAN_POINT('',(0.275982406355834,0.545425950726835,-0.2));
#3044=CARTESIAN_POINT('Origin',(0.248370051437484,0.604225961744095,-0.2));
#3045=CARTESIAN_POINT('',(0.303834267532818,0.561933370272715,-0.2));
#3046=CARTESIAN_POINT('Origin',(0.261958313864789,0.591123758811697,-0.2));
#3047=CARTESIAN_POINT('',(0.310795675363214,0.567019893254175,-0.2));
#3048=CARTESIAN_POINT('',(0.310795675363214,0.567019893254175,-0.2));
#3049=CARTESIAN_POINT('',(0.378173355529619,0.588735104792246,-0.2));
#3050=CARTESIAN_POINT('Ctrl Pts',(0.310795675363214,0.567019893254175,-0.2));
#3051=CARTESIAN_POINT('Ctrl Pts',(0.315014040039293,0.570081884080364,-0.2));
#3052=CARTESIAN_POINT('Ctrl Pts',(0.319439876815795,0.572886844466692,-0.2));
#3053=CARTESIAN_POINT('Ctrl Pts',(0.340369567697567,0.584106350931921,-0.2));
#3054=CARTESIAN_POINT('Ctrl Pts',(0.358981662577184,0.5886586613716,-0.2));
#3055=CARTESIAN_POINT('Ctrl Pts',(0.377281512467907,0.588739108443251,-0.2));
#3056=CARTESIAN_POINT('Ctrl Pts',(0.377727171342996,0.588738282915977,-0.2));
#3057=CARTESIAN_POINT('Ctrl Pts',(0.378173355529619,0.588735104792246,-0.2));
#3058=CARTESIAN_POINT('',(0.409431909694148,0.55764483560442,-0.2));
#3059=CARTESIAN_POINT('Ctrl Pts',(0.378173355529619,0.588735104792246,-0.2));
#3060=CARTESIAN_POINT('Ctrl Pts',(0.381839062406772,0.58869823313249,-0.2));
#3061=CARTESIAN_POINT('Ctrl Pts',(0.385674160939575,0.588010765244392,-0.2));
#3062=CARTESIAN_POINT('Ctrl Pts',(0.393384068032674,0.58504372710241,-0.2));
#3063=CARTESIAN_POINT('Ctrl Pts',(0.397171814772641,0.582532519959541,-0.2));
#3064=CARTESIAN_POINT('Ctrl Pts',(0.403126858944198,0.576609535635167,-0.2));
#3065=CARTESIAN_POINT('Ctrl Pts',(0.405658476275163,0.5728353999235,-0.2));
#3066=CARTESIAN_POINT('Ctrl Pts',(0.408667090323391,0.565141621643031,-0.2));
#3067=CARTESIAN_POINT('Ctrl Pts',(0.409375250583028,0.561310290033768,-0.2));
#3068=CARTESIAN_POINT('Ctrl Pts',(0.409431909694148,0.55764483560442,-0.2));
#3069=CARTESIAN_POINT('',(0.388080728508191,0.490150915443312,-0.2));
#3070=CARTESIAN_POINT('Ctrl Pts',(0.409431909694148,0.55764483560442,-0.2));
#3071=CARTESIAN_POINT('Ctrl Pts',(0.40943749633502,0.55719867507467,-0.2));
#3072=CARTESIAN_POINT('Ctrl Pts',(0.40944072757801,0.556753027149162,-0.2));
#3073=CARTESIAN_POINT('Ctrl Pts',(0.409459066778564,0.538453009623813,-0.2));
#3074=CARTESIAN_POINT('Ctrl Pts',(0.405007293307642,0.519816611927084,-0.2));
#3075=CARTESIAN_POINT('Ctrl Pts',(0.393900931653688,0.498826661556933,-0.2));
#3076=CARTESIAN_POINT('Ctrl Pts',(0.391119903409826,0.494385747704137,-0.2));
#3077=CARTESIAN_POINT('Ctrl Pts',(0.388080728508191,0.490150915443312,-0.2));
#3078=CARTESIAN_POINT('',(0.383031858272054,0.483162151292142,-0.2));
#3079=CARTESIAN_POINT('',(0.383031858272054,0.483162151292142,-0.2));
#3080=CARTESIAN_POINT('',(0.366675027407439,0.45522158660293,-0.2));
#3081=CARTESIAN_POINT('Origin',(0.412463705699253,0.442000257555798,-0.2));
#3082=CARTESIAN_POINT('',(0.364586905878088,0.45016327002898,-0.2));
#3083=CARTESIAN_POINT('Origin',(0.431044156628105,0.473565008424018,-0.2));
#3084=CARTESIAN_POINT('Origin',(0.425623236985397,0.427927044523606,-0.2));
#3085=CARTESIAN_POINT('Origin',(0.124185025718742,0.302112980872047,-0.2));
#3086=CARTESIAN_POINT('',(-0.15520018243106,0.237401687151935,-0.2));
#3087=CARTESIAN_POINT('Origin',(-0.177253185547914,0.176298917220492,-0.2));
#3088=CARTESIAN_POINT('',(-0.186566930638755,0.245423418758064,-0.2));
#3089=CARTESIAN_POINT('Origin',(-0.177596881513056,0.195171926267535,-0.2));
#3090=CARTESIAN_POINT('',(-0.195086104215085,0.246749162548691,-0.2));
#3091=CARTESIAN_POINT('',(-0.195086104215085,0.246749162548691,-0.2));
#3092=CARTESIAN_POINT('',(-0.258084292094838,0.279037403761504,-0.2));
#3093=CARTESIAN_POINT('Ctrl Pts',(-0.195086104215085,0.246749162548691,
-0.2));
#3094=CARTESIAN_POINT('Ctrl Pts',(-0.200234092960187,0.247566842339535,
-0.2));
#3095=CARTESIAN_POINT('Ctrl Pts',(-0.205347038667409,0.248712975026493,
-0.2));
#3096=CARTESIAN_POINT('Ctrl Pts',(-0.228079954121178,0.255579112274002,
-0.2));
#3097=CARTESIAN_POINT('Ctrl Pts',(-0.244459662204605,0.265520881193503,
-0.2));
#3098=CARTESIAN_POINT('Ctrl Pts',(-0.257456494826923,0.278403944476038,
-0.2));
#3099=CARTESIAN_POINT('Ctrl Pts',(-0.25777103950366,0.278719656624644,-0.2));
#3100=CARTESIAN_POINT('Ctrl Pts',(-0.258084292094838,0.279037403761504,
-0.2));
#3101=CARTESIAN_POINT('',(-0.258203287543011,0.323124679552983,-0.2));
#3102=CARTESIAN_POINT('Ctrl Pts',(-0.258084292094839,0.279037403761504,
-0.2));
#3103=CARTESIAN_POINT('Ctrl Pts',(-0.260650266084868,0.281655522152829,
-0.2));
#3104=CARTESIAN_POINT('Ctrl Pts',(-0.262875977058409,0.284853459537414,
-0.2));
#3105=CARTESIAN_POINT('Ctrl Pts',(-0.266229691856024,0.292403199915497,
-0.2));
#3106=CARTESIAN_POINT('Ctrl Pts',(-0.267132341661585,0.296857232920432,
-0.2));
#3107=CARTESIAN_POINT('Ctrl Pts',(-0.267155011396932,0.305256267417032,
-0.2));
#3108=CARTESIAN_POINT('Ctrl Pts',(-0.266276418224188,0.309715108153965,
-0.2));
#3109=CARTESIAN_POINT('Ctrl Pts',(-0.262963506824592,0.317282842344516,
-0.2));
#3110=CARTESIAN_POINT('Ctrl Pts',(-0.260755091184455,0.320492747828167,
-0.2));
#3111=CARTESIAN_POINT('Ctrl Pts',(-0.258203287543011,0.323124679552983,
-0.2));
#3112=CARTESIAN_POINT('',(-0.19538031390532,0.355752523184806,-0.2));
#3113=CARTESIAN_POINT('Ctrl Pts',(-0.258203287543036,0.323124679552957,
-0.2));
#3114=CARTESIAN_POINT('Ctrl Pts',(-0.257891754758596,0.323444113040686,
-0.2));
#3115=CARTESIAN_POINT('Ctrl Pts',(-0.257578918922278,0.323761518544664,
-0.2));
#3116=CARTESIAN_POINT('Ctrl Pts',(-0.244651820207344,0.336714552805744,
-0.2));
#3117=CARTESIAN_POINT('Ctrl Pts',(-0.228326017809502,0.346744596784395,
-0.2));
#3118=CARTESIAN_POINT('Ctrl Pts',(-0.205630497926178,0.353733349388077,
-0.2));
#3119=CARTESIAN_POINT('Ctrl Pts',(-0.200523813696295,0.354907065758148,
-0.2));
#3120=CARTESIAN_POINT('Ctrl Pts',(-0.19538031390532,0.355752523184806,-0.2));
#3121=CARTESIAN_POINT('',(-0.186868421000611,0.357124235326909,-0.2));
#3122=CARTESIAN_POINT('',(-0.186868421000611,0.357124235326909,-0.2));
#3123=CARTESIAN_POINT('',(-0.155545432215597,0.365315172065741,-0.2));
#3124=CARTESIAN_POINT('Origin',(-0.178574025711754,0.407041548412972,-0.2));
#3125=CARTESIAN_POINT('',(-0.114399830249591,0.43986490697316,-0.2));
#3126=CARTESIAN_POINT('Origin',(-0.177927955153305,0.426298006590793,-0.2));
#3127=CARTESIAN_POINT('',(-0.119127944136044,0.453910361509142,-0.2));
#3128=CARTESIAN_POINT('Origin',(-0.18378206073658,0.425868767582159,-0.2));
#3129=CARTESIAN_POINT('',(-0.135635363681924,0.481762222686127,-0.2));
#3130=CARTESIAN_POINT('Origin',(-0.164825752222802,0.439886269016597,-0.2));
#3131=CARTESIAN_POINT('',(-0.140721886663384,0.488723630516523,-0.2));
#3132=CARTESIAN_POINT('',(-0.140721886663384,0.488723630516523,-0.2));
#3133=CARTESIAN_POINT('',(-0.162437098201454,0.556101310682928,-0.2));
#3134=CARTESIAN_POINT('Ctrl Pts',(-0.140721886663384,0.488723630516523,
-0.2));
#3135=CARTESIAN_POINT('Ctrl Pts',(-0.143783877489572,0.492941995192602,
-0.2));
#3136=CARTESIAN_POINT('Ctrl Pts',(-0.1465888378759,0.497367831969104,-0.2));
#3137=CARTESIAN_POINT('Ctrl Pts',(-0.157808344341129,0.518297522850875,
-0.2));
#3138=CARTESIAN_POINT('Ctrl Pts',(-0.162360654780808,0.536909617730493,
-0.2));
#3139=CARTESIAN_POINT('Ctrl Pts',(-0.162441101852459,0.555209467621216,
-0.2));
#3140=CARTESIAN_POINT('Ctrl Pts',(-0.162440276325184,0.555655126496305,
-0.2));
#3141=CARTESIAN_POINT('Ctrl Pts',(-0.162437098201454,0.556101310682928,
-0.2));
#3142=CARTESIAN_POINT('',(-0.131346829013591,0.587359864847457,-0.2));
#3143=CARTESIAN_POINT('Ctrl Pts',(-0.162437098201454,0.556101310682928,
-0.2));
#3144=CARTESIAN_POINT('Ctrl Pts',(-0.162400226541698,0.559767017560081,
-0.2));
#3145=CARTESIAN_POINT('Ctrl Pts',(-0.1617127586536,0.563602116092884,-0.2));
#3146=CARTESIAN_POINT('Ctrl Pts',(-0.158745720511618,0.571312023185983,
-0.2));
#3147=CARTESIAN_POINT('Ctrl Pts',(-0.156234513368749,0.57509976992595,-0.2));
#3148=CARTESIAN_POINT('Ctrl Pts',(-0.150311529044375,0.581054814097507,
-0.2));
#3149=CARTESIAN_POINT('Ctrl Pts',(-0.146537393332707,0.583586431428472,
-0.2));
#3150=CARTESIAN_POINT('Ctrl Pts',(-0.138843615052227,0.586595045476704,
-0.2));
#3151=CARTESIAN_POINT('Ctrl Pts',(-0.13501228344295,0.587303205736341,-0.2));
#3152=CARTESIAN_POINT('Ctrl Pts',(-0.131346829013591,0.587359864847457,
-0.2));
#3153=CARTESIAN_POINT('',(-0.0638529088525194,0.566008683661498,-0.2));
#3154=CARTESIAN_POINT('Ctrl Pts',(-0.131346829013627,0.587359864847456,
-0.2));
#3155=CARTESIAN_POINT('Ctrl Pts',(-0.130900668483877,0.587365451488328,
-0.2));
#3156=CARTESIAN_POINT('Ctrl Pts',(-0.130455020558369,0.587368682731318,
-0.2));
#3157=CARTESIAN_POINT('Ctrl Pts',(-0.11215500303302,0.587387021931872,-0.2));
#3158=CARTESIAN_POINT('Ctrl Pts',(-0.0935186053362909,0.58293524846095,
-0.2));
#3159=CARTESIAN_POINT('Ctrl Pts',(-0.0725286549661401,0.571828886806996,
-0.2));
#3160=CARTESIAN_POINT('Ctrl Pts',(-0.0680877411133446,0.569047858563134,
-0.2));
#3161=CARTESIAN_POINT('Ctrl Pts',(-0.0638529088525195,0.566008683661498,
-0.2));
#3162=CARTESIAN_POINT('',(-0.0568641447013497,0.560959813425362,-0.2));
#3163=CARTESIAN_POINT('',(-0.0568641447013497,0.560959813425362,-0.2));
#3164=CARTESIAN_POINT('',(-0.0289235800121377,0.544602982560746,-0.2));
#3165=CARTESIAN_POINT('Origin',(-0.015702250967607,0.590391660849006,-0.2));
#3166=CARTESIAN_POINT('Origin',(-0.0016290379328128,0.603551192138704,-0.2));
#3167=CARTESIAN_POINT('Origin',(0.299185025718737,0.477112980872061,0.));
#3168=CARTESIAN_POINT('',(0.299185025718737,0.477112980872061,-0.3));
#3169=CARTESIAN_POINT('Origin',(0.124185025718737,0.302112980872061,-0.3));
#3170=CARTESIAN_POINT('',(0.299185025718737,0.127112980872061,-0.3));
#3171=CARTESIAN_POINT('',(-0.0508149742812631,0.127112980872061,-0.3));
#3172=CARTESIAN_POINT('',(-0.0508149742812631,0.477112980872061,-0.3));
#3173=CARTESIAN_POINT('',(0.249185025718737,0.177112980872061,-0.3));
#3174=CARTESIAN_POINT('',(0.249185025718737,0.427112980872061,-0.3));
#3175=CARTESIAN_POINT('',(0.249185025718737,0.427112980872061,-0.3));
#3176=CARTESIAN_POINT('',(-0.000814974281263134,0.427112980872061,-0.3));
#3177=CARTESIAN_POINT('',(-0.000814974281263129,0.427112980872061,-0.3));
#3178=CARTESIAN_POINT('',(-0.000814974281263134,0.177112980872061,-0.3));
#3179=CARTESIAN_POINT('',(-0.000814974281263129,0.177112980872061,-0.3));
#3180=CARTESIAN_POINT('',(0.249185025718737,0.177112980872061,-0.3));
#3181=CARTESIAN_POINT('Origin',(0.299185025718737,0.127112980872061,0.));
#3182=CARTESIAN_POINT('Origin',(0.0116850257187369,0.189612980872061,0.0625));
#3183=CARTESIAN_POINT('',(-0.112333870679563,0.173982455092427,0.));
#3184=CARTESIAN_POINT('',(-0.113300285245345,0.187696723266239,0.));
#3185=CARTESIAN_POINT('Ctrl Pts',(-0.113300285245345,0.187696723266239,
-9.70547373549473E-33));
#3186=CARTESIAN_POINT('Ctrl Pts',(-0.112898719173775,0.185443542712288,
-2.24708902793689E-20));
#3187=CARTESIAN_POINT('Ctrl Pts',(-0.112616263473121,0.183169395317433,
2.44570324161815E-6));
#3188=CARTESIAN_POINT('Ctrl Pts',(-0.11229201118772,0.178586347421976,2.46312666078676E-6));
#3189=CARTESIAN_POINT('Ctrl Pts',(-0.112251787012794,0.176282866285854,
-2.26003973023102E-20));
#3190=CARTESIAN_POINT('Ctrl Pts',(-0.112333870679563,0.173982455092428,
0.));
#3191=CARTESIAN_POINT('',(0.0116850257187369,0.0646129808720612,0.));
#3192=CARTESIAN_POINT('Origin',(0.0116850257187369,0.189612980872061,0.));
#3193=CARTESIAN_POINT('',(0.0116850257187369,0.127112980872061,0.0625));
#3194=CARTESIAN_POINT('Origin',(0.0116850257187369,0.0646129808720612,0.0625));
#3195=CARTESIAN_POINT('',(-0.0508149742812631,0.189612980872061,0.0625));
#3196=CARTESIAN_POINT('Origin',(0.0116850257187369,0.189612980872061,0.0625));
#3197=CARTESIAN_POINT('',(-0.113314974281263,0.189612980872061,0.));
#3198=CARTESIAN_POINT('Origin',(-0.113314974281263,0.189612980872061,0.0625));
#3199=CARTESIAN_POINT('Origin',(0.0116850257187369,0.189612980872061,0.));
#3200=CARTESIAN_POINT('Origin',(0.236685025718737,0.189612980872061,0.0625));
#3201=CARTESIAN_POINT('',(0.252315551498257,0.0655940844737472,0.));
#3202=CARTESIAN_POINT('',(0.238601283324662,0.0646276699079814,0.));
#3203=CARTESIAN_POINT('Ctrl Pts',(0.238601283324662,0.0646276699079814,
-2.18547839493141E-17));
#3204=CARTESIAN_POINT('Ctrl Pts',(0.240854463878579,0.065029235979541,-2.16327987258277E-17));
#3205=CARTESIAN_POINT('Ctrl Pts',(0.243128611273401,0.0653116916801886,
2.4457032414352E-6));
#3206=CARTESIAN_POINT('Ctrl Pts',(0.247711659168784,0.0656359439655838,
2.46312666059816E-6));
#3207=CARTESIAN_POINT('Ctrl Pts',(0.250015140304868,0.0656761681405114,
-2.14676093573312E-17));
#3208=CARTESIAN_POINT('Ctrl Pts',(0.252315551498257,0.0655940844737472,
-2.18547839493141E-17));
#3209=CARTESIAN_POINT('',(0.361685025718737,0.189612980872061,0.));
#3210=CARTESIAN_POINT('Origin',(0.236685025718737,0.189612980872061,0.));
#3211=CARTESIAN_POINT('',(0.299185025718737,0.189612980872061,0.0625));
#3212=CARTESIAN_POINT('Origin',(0.361685025718737,0.189612980872061,0.0625));
#3213=CARTESIAN_POINT('',(0.236685025718737,0.127112980872061,0.0625));
#3214=CARTESIAN_POINT('Origin',(0.236685025718737,0.189612980872061,0.0625));
#3215=CARTESIAN_POINT('',(0.236685025718737,0.0646129808720612,0.));
#3216=CARTESIAN_POINT('Origin',(0.236685025718737,0.0646129808720612,0.0625));
#3217=CARTESIAN_POINT('Origin',(0.236685025718737,0.189612980872061,0.));
#3218=CARTESIAN_POINT('Origin',(0.0366850257187394,0.0646129808720612,0.0625));
#3219=CARTESIAN_POINT('',(0.0366850257187394,0.0646129808720612,0.));
#3220=CARTESIAN_POINT('',(0.0366850257187394,0.127112980872061,0.0625));
#3221=CARTESIAN_POINT('Origin',(0.0116850257187369,0.414612980872061,0.0625));
#3222=CARTESIAN_POINT('',(-0.0039455000609414,0.538631877270355,0.));
#3223=CARTESIAN_POINT('',(0.00976876811298539,0.539598291836144,0.));
#3224=CARTESIAN_POINT('Ctrl Pts',(0.00976876811298539,0.539598291836144,
0.));
#3225=CARTESIAN_POINT('Ctrl Pts',(0.00797788028790153,0.53927911644326,
-2.76927421533754E-19));
#3226=CARTESIAN_POINT('Ctrl Pts',(0.00617320083600199,0.539035094678326,
1.73132398111791E-6));
#3227=CARTESIAN_POINT('Ctrl Pts',(0.00159895038113256,0.538611616057677,
3.0333924301396E-6));
#3228=CARTESIAN_POINT('Ctrl Pts',(-0.00117484307547411,0.538533014212575,
-1.25928415234491E-19));
#3229=CARTESIAN_POINT('Ctrl Pts',(-0.00394550006094138,0.538631877270355,
7.58240135585526E-35));
#3230=CARTESIAN_POINT('',(-0.113314974281263,0.414612980872061,0.));
#3231=CARTESIAN_POINT('Origin',(0.0116850257187369,0.414612980872061,0.));
#3232=CARTESIAN_POINT('',(-0.0508149742812631,0.414612980872061,0.0625));
#3233=CARTESIAN_POINT('Origin',(-0.113314974281263,0.414612980872061,0.0625));
#3234=CARTESIAN_POINT('',(0.0116850257187369,0.477112980872061,0.0625));
#3235=CARTESIAN_POINT('Origin',(0.0116850257187369,0.414612980872061,0.0625));
#3236=CARTESIAN_POINT('',(0.0116850257187369,0.539612980872061,0.));
#3237=CARTESIAN_POINT('Origin',(0.0116850257187369,0.539612980872061,0.0625));
#3238=CARTESIAN_POINT('Origin',(0.0116850257187369,0.414612980872061,0.));
#3239=CARTESIAN_POINT('Origin',(-0.113314974281263,0.389612980872054,0.0625));
#3240=CARTESIAN_POINT('',(-0.113314974281263,0.389612980872054,0.));
#3241=CARTESIAN_POINT('',(-0.0508149742812631,0.389612980872054,0.0625));
#3242=CARTESIAN_POINT('Origin',(0.0116850257187369,0.414612980872061,0.));
#3243=CARTESIAN_POINT('',(-0.0508149742812631,0.414612980872061,0.1));
#3244=CARTESIAN_POINT('',(0.0116850257187368,0.477112980872061,0.1));
#3245=CARTESIAN_POINT('Origin',(0.0116850257187369,0.414612980872061,0.1));
#3246=CARTESIAN_POINT('',(0.0116850257187369,0.477112980872061,0.));
#3247=CARTESIAN_POINT('',(-0.0508149742812631,0.414612980872061,0.));
#3248=CARTESIAN_POINT('Origin',(0.236685025718737,0.414612980872061,0.0625));
#3249=CARTESIAN_POINT('',(0.360703922117044,0.430243506651632,0.));
#3250=CARTESIAN_POINT('',(0.361670336682818,0.416529238477912,0.));
#3251=CARTESIAN_POINT('Ctrl Pts',(0.361670336682818,0.416529238477912,0.));
#3252=CARTESIAN_POINT('Ctrl Pts',(0.361351161289943,0.418320126302967,1.76439759075811E-19));
#3253=CARTESIAN_POINT('Ctrl Pts',(0.361107139525014,0.420124805754836,1.73132398100498E-6));
#3254=CARTESIAN_POINT('Ctrl Pts',(0.360683660904372,0.424699056209638,3.03339242995612E-6));
#3255=CARTESIAN_POINT('Ctrl Pts',(0.36060505905927,0.427472849666205,-2.72203286255126E-20));
#3256=CARTESIAN_POINT('Ctrl Pts',(0.360703922117044,0.430243506651632,-8.97756320533263E-32));
#3257=CARTESIAN_POINT('',(0.236685025718737,0.539612980872061,0.));
#3258=CARTESIAN_POINT('Origin',(0.236685025718737,0.414612980872061,0.));
#3259=CARTESIAN_POINT('',(0.236685025718737,0.477112980872061,0.0625));
#3260=CARTESIAN_POINT('Origin',(0.236685025718737,0.539612980872061,0.0625));
#3261=CARTESIAN_POINT('',(0.299185025718737,0.414612980872061,0.0625));
#3262=CARTESIAN_POINT('Origin',(0.236685025718737,0.414612980872061,0.0625));
#3263=CARTESIAN_POINT('',(0.361685025718737,0.414612980872061,0.));
#3264=CARTESIAN_POINT('Origin',(0.361685025718737,0.414612980872061,0.0625));
#3265=CARTESIAN_POINT('Origin',(0.236685025718737,0.414612980872061,0.));
#3266=CARTESIAN_POINT('Origin',(0.211685025718739,0.539612980872061,0.0625));
#3267=CARTESIAN_POINT('',(0.211685025718739,0.539612980872061,0.));
#3268=CARTESIAN_POINT('',(0.211685025718739,0.477112980872061,0.0625));
#3269=CARTESIAN_POINT('Origin',(0.236685025718737,0.414612980872061,0.));
#3270=CARTESIAN_POINT('',(0.236685025718737,0.477112980872061,0.1));
#3271=CARTESIAN_POINT('',(0.299185025718737,0.414612980872061,0.1));
#3272=CARTESIAN_POINT('Origin',(0.236685025718737,0.414612980872061,0.1));
#3273=CARTESIAN_POINT('',(0.299185025718737,0.414612980872061,0.));
#3274=CARTESIAN_POINT('',(0.236685025718737,0.477112980872061,0.));
#3275=CARTESIAN_POINT('Origin',(0.361685025718737,0.214612980872054,0.0625));
#3276=CARTESIAN_POINT('',(0.361685025718737,0.214612980872054,0.));
#3277=CARTESIAN_POINT('',(0.299185025718737,0.214612980872054,0.0625));
#3278=CARTESIAN_POINT('Origin',(0.236685025718737,0.189612980872061,0.));
#3279=CARTESIAN_POINT('',(0.299185025718737,0.189612980872061,0.1));
#3280=CARTESIAN_POINT('',(0.236685025718737,0.127112980872061,0.1));
#3281=CARTESIAN_POINT('Origin',(0.236685025718737,0.189612980872061,0.1));
#3282=CARTESIAN_POINT('',(0.236685025718737,0.127112980872061,0.));
#3283=CARTESIAN_POINT('',(0.299185025718737,0.189612980872061,0.));
#3284=CARTESIAN_POINT('Origin',(0.0116850257187369,0.189612980872061,0.));
#3285=CARTESIAN_POINT('',(0.0116850257187369,0.127112980872061,0.1));
#3286=CARTESIAN_POINT('',(-0.0508149742812631,0.189612980872061,0.1));
#3287=CARTESIAN_POINT('Origin',(0.0116850257187369,0.189612980872061,0.1));
#3288=CARTESIAN_POINT('',(-0.0508149742812631,0.189612980872061,0.));
#3289=CARTESIAN_POINT('',(0.0116850257187369,0.127112980872061,0.));
#3290=CARTESIAN_POINT('Origin',(0.124185025718742,0.302112980872047,0.));
#3291=CARTESIAN_POINT('',(0.364586905878088,0.45016327002898,0.));
#3292=CARTESIAN_POINT('Origin',(0.425623236985397,0.427927044523606,0.));
#3293=CARTESIAN_POINT('',(0.366675027407439,0.45522158660293,0.));
#3294=CARTESIAN_POINT('Origin',(0.431044156628105,0.473565008424018,0.));
#3295=CARTESIAN_POINT('',(0.383031858272054,0.483162151292142,0.));
#3296=CARTESIAN_POINT('Origin',(0.412463705699253,0.442000257555798,0.));
#3297=CARTESIAN_POINT('',(0.388080728508191,0.490150915443312,0.));
#3298=CARTESIAN_POINT('',(0.383031858272054,0.483162151292142,0.));
#3299=CARTESIAN_POINT('',(0.409431909694148,0.55764483560442,0.));
#3300=CARTESIAN_POINT('Ctrl Pts',(0.388080728508191,0.490150915443312,0.));
#3301=CARTESIAN_POINT('Ctrl Pts',(0.391119903409826,0.494385747704137,0.));
#3302=CARTESIAN_POINT('Ctrl Pts',(0.393900931653688,0.498826661556933,0.));
#3303=CARTESIAN_POINT('Ctrl Pts',(0.405007293307642,0.519816611927084,0.));
#3304=CARTESIAN_POINT('Ctrl Pts',(0.409459066778564,0.538453009623813,0.));
#3305=CARTESIAN_POINT('Ctrl Pts',(0.40944072757801,0.556753027149162,0.));
#3306=CARTESIAN_POINT('Ctrl Pts',(0.40943749633502,0.55719867507467,0.));
#3307=CARTESIAN_POINT('Ctrl Pts',(0.409431909694148,0.55764483560442,0.));
#3308=CARTESIAN_POINT('',(0.378173355529619,0.588735104792246,0.));
#3309=CARTESIAN_POINT('Ctrl Pts',(0.409431909694148,0.55764483560442,0.));
#3310=CARTESIAN_POINT('Ctrl Pts',(0.409375250583028,0.561310290033768,0.));
#3311=CARTESIAN_POINT('Ctrl Pts',(0.408667090323391,0.565141621643031,0.));
#3312=CARTESIAN_POINT('Ctrl Pts',(0.405658476275163,0.5728353999235,0.));
#3313=CARTESIAN_POINT('Ctrl Pts',(0.403126858944198,0.576609535635167,0.));
#3314=CARTESIAN_POINT('Ctrl Pts',(0.397171814772641,0.582532519959541,0.));
#3315=CARTESIAN_POINT('Ctrl Pts',(0.393384068032674,0.58504372710241,0.));
#3316=CARTESIAN_POINT('Ctrl Pts',(0.385674160939575,0.588010765244392,0.));
#3317=CARTESIAN_POINT('Ctrl Pts',(0.381839062406772,0.58869823313249,0.));
#3318=CARTESIAN_POINT('Ctrl Pts',(0.378173355529619,0.588735104792246,0.));
#3319=CARTESIAN_POINT('',(0.310795675363214,0.567019893254175,0.));
#3320=CARTESIAN_POINT('Ctrl Pts',(0.378173355529619,0.588735104792246,0.));
#3321=CARTESIAN_POINT('Ctrl Pts',(0.377727171342996,0.588738282915977,0.));
#3322=CARTESIAN_POINT('Ctrl Pts',(0.377281512467907,0.588739108443251,0.));
#3323=CARTESIAN_POINT('Ctrl Pts',(0.358981662577184,0.5886586613716,0.));
#3324=CARTESIAN_POINT('Ctrl Pts',(0.340369567697567,0.584106350931921,0.));
#3325=CARTESIAN_POINT('Ctrl Pts',(0.319439876815795,0.572886844466692,0.));
#3326=CARTESIAN_POINT('Ctrl Pts',(0.315014040039293,0.570081884080364,0.));
#3327=CARTESIAN_POINT('Ctrl Pts',(0.310795675363214,0.567019893254175,0.));
#3328=CARTESIAN_POINT('',(0.303834267532818,0.561933370272715,0.));
#3329=CARTESIAN_POINT('',(0.310795675363214,0.567019893254175,0.));
#3330=CARTESIAN_POINT('',(0.275982406355834,0.545425950726835,0.));
#3331=CARTESIAN_POINT('Origin',(0.261958313864789,0.591123758811697,0.));
#3332=CARTESIAN_POINT('',(0.187387216912432,0.581843438806387,0.));
#3333=CARTESIAN_POINT('Origin',(0.248370051437484,0.604225961744095,0.));
#3334=CARTESIAN_POINT('',(0.1791962801736,0.613166427591401,0.));
#3335=CARTESIAN_POINT('Origin',(0.229113593257213,0.604872032302176,0.));
#3336=CARTESIAN_POINT('',(0.177824568031497,0.62167832049611,0.));
#3337=CARTESIAN_POINT('',(0.1791962801736,0.613166427591401,0.));
#3338=CARTESIAN_POINT('',(0.145196724399646,0.684501294133824,0.));
#3339=CARTESIAN_POINT('Ctrl Pts',(0.177824568031497,0.62167832049611,0.));
#3340=CARTESIAN_POINT('Ctrl Pts',(0.176979110604839,0.626821820287086,0.));
#3341=CARTESIAN_POINT('Ctrl Pts',(0.175805394234768,0.631928504516968,0.));
#3342=CARTESIAN_POINT('Ctrl Pts',(0.168816641631086,0.654624024400292,0.));
#3343=CARTESIAN_POINT('Ctrl Pts',(0.158786597652434,0.670949826798134,0.));
#3344=CARTESIAN_POINT('Ctrl Pts',(0.145833563391354,0.683876925513067,0.));
#3345=CARTESIAN_POINT('Ctrl Pts',(0.145516157887376,0.684189761349386,0.));
#3346=CARTESIAN_POINT('Ctrl Pts',(0.145196724399647,0.684501294133825,0.));
#3347=CARTESIAN_POINT('',(0.1011094486082,0.684382298685628,0.));
#3348=CARTESIAN_POINT('Ctrl Pts',(0.145196724399646,0.684501294133824,0.));
#3349=CARTESIAN_POINT('Ctrl Pts',(0.142564792674835,0.687053097775258,0.));
#3350=CARTESIAN_POINT('Ctrl Pts',(0.139354887191194,0.689261513415386,0.));
#3351=CARTESIAN_POINT('Ctrl Pts',(0.131787153000655,0.692574424814976,0.));
#3352=CARTESIAN_POINT('Ctrl Pts',(0.127328312263722,0.693453017987719,0.));
#3353=CARTESIAN_POINT('Ctrl Pts',(0.118929277767122,0.693430348252373,0.));
#3354=CARTESIAN_POINT('Ctrl Pts',(0.114475244762188,0.692527698446812,0.));
#3355=CARTESIAN_POINT('Ctrl Pts',(0.106925504384107,0.689173983649198,0.));
#3356=CARTESIAN_POINT('Ctrl Pts',(0.103727566999522,0.686948272675658,0.));
#3357=CARTESIAN_POINT('Ctrl Pts',(0.101109448608199,0.684382298685629,0.));
#3358=CARTESIAN_POINT('',(0.0688212073953862,0.621384110805874,0.));
#3359=CARTESIAN_POINT('Ctrl Pts',(0.1011094486082,0.684382298685628,0.));
#3360=CARTESIAN_POINT('Ctrl Pts',(0.100791701471339,0.68406904609445,0.));
#3361=CARTESIAN_POINT('Ctrl Pts',(0.100475989322734,0.683754501417712,0.));
#3362=CARTESIAN_POINT('Ctrl Pts',(0.0875929260401988,0.670757668795395,
0.));
#3363=CARTESIAN_POINT('Ctrl Pts',(0.0776511571206971,0.654377960711967,
0.));
#3364=CARTESIAN_POINT('Ctrl Pts',(0.0707850198731879,0.631645045258199,
0.));
#3365=CARTESIAN_POINT('Ctrl Pts',(0.0696388871862307,0.626532099550977,
0.));
#3366=CARTESIAN_POINT('Ctrl Pts',(0.0688212073953862,0.621384110805874,
0.));
#3367=CARTESIAN_POINT('',(0.0674954636047593,0.612864937229545,0.));
#3368=CARTESIAN_POINT('',(0.0688212073953862,0.621384110805874,0.));
#3369=CARTESIAN_POINT('',(0.0594737319986305,0.58149818902185,0.));
#3370=CARTESIAN_POINT('Origin',(0.0172439711125308,0.603894888104026,0.));
#3371=CARTESIAN_POINT('Origin',(-0.0016290379328128,0.603551192138704,0.));
#3372=CARTESIAN_POINT('Origin',(0.124185025718742,0.302112980872047,0.));
#3373=CARTESIAN_POINT('',(0.277293631449623,0.0596229791833503,0.));
#3374=CARTESIAN_POINT('Origin',(0.249999089370299,0.000674769605392313,
0.));
#3375=CARTESIAN_POINT('',(0.305234196138835,0.0432661483187347,0.));
#3376=CARTESIAN_POINT('Origin',(0.264072302403289,0.0138343008927377,0.));
#3377=CARTESIAN_POINT('',(0.312222960290005,0.0382172780825983,0.));
#3378=CARTESIAN_POINT('',(0.305234196138835,0.0432661483187347,0.));
#3379=CARTESIAN_POINT('',(0.379716880451113,0.016866096896641,0.));
#3380=CARTESIAN_POINT('Ctrl Pts',(0.312222960290005,0.0382172780825983,
0.));
#3381=CARTESIAN_POINT('Ctrl Pts',(0.31645779255083,0.0351781031809626,0.));
#3382=CARTESIAN_POINT('Ctrl Pts',(0.320898706403626,0.0323970749371007,
0.));
#3383=CARTESIAN_POINT('Ctrl Pts',(0.341888656773777,0.0212907132831466,
0.));
#3384=CARTESIAN_POINT('Ctrl Pts',(0.360525054470506,0.0168389398122247,
0.));
#3385=CARTESIAN_POINT('Ctrl Pts',(0.378825071995855,0.016857279012779,0.));
#3386=CARTESIAN_POINT('Ctrl Pts',(0.379270719921363,0.016860510255769,0.));
#3387=CARTESIAN_POINT('Ctrl Pts',(0.379716880451113,0.0168660968966409,
0.));
#3388=CARTESIAN_POINT('',(0.41080714963894,0.0481246510611692,0.));
#3389=CARTESIAN_POINT('Ctrl Pts',(0.379716880451113,0.016866096896641,0.));
#3390=CARTESIAN_POINT('Ctrl Pts',(0.383382334880461,0.0169227560077607,
0.));
#3391=CARTESIAN_POINT('Ctrl Pts',(0.387213666489724,0.0176309162673981,
0.));
#3392=CARTESIAN_POINT('Ctrl Pts',(0.394907444770193,0.0206395303156252,
0.));
#3393=CARTESIAN_POINT('Ctrl Pts',(0.39868158048186,0.0231711476465902,0.));
#3394=CARTESIAN_POINT('Ctrl Pts',(0.404604564806235,0.0291261918181475,
0.));
#3395=CARTESIAN_POINT('Ctrl Pts',(0.407115771949104,0.0329139385581143,
0.));
#3396=CARTESIAN_POINT('Ctrl Pts',(0.410082810091085,0.0406238456512137,
0.));
#3397=CARTESIAN_POINT('Ctrl Pts',(0.410770277979183,0.0444589441840162,
0.));
#3398=CARTESIAN_POINT('Ctrl Pts',(0.41080714963894,0.0481246510611692,0.));
#3399=CARTESIAN_POINT('',(0.389091938100869,0.115502331227575,0.));
#3400=CARTESIAN_POINT('Ctrl Pts',(0.410807149638939,0.0481246510611692,
0.));
#3401=CARTESIAN_POINT('Ctrl Pts',(0.41081032776267,0.0485708352477926,0.));
#3402=CARTESIAN_POINT('Ctrl Pts',(0.410811153289945,0.0490164941228817,
0.));
#3403=CARTESIAN_POINT('Ctrl Pts',(0.410730706218293,0.0673163440136048,
0.));
#3404=CARTESIAN_POINT('Ctrl Pts',(0.406178395778615,0.0859284388932217,
0.));
#3405=CARTESIAN_POINT('Ctrl Pts',(0.394958889313385,0.106858129774993,0.));
#3406=CARTESIAN_POINT('Ctrl Pts',(0.392153928927057,0.111283966551495,0.));
#3407=CARTESIAN_POINT('Ctrl Pts',(0.389091938100868,0.115502331227575,0.));
#3408=CARTESIAN_POINT('',(0.384005415119409,0.122463739057971,0.));
#3409=CARTESIAN_POINT('',(0.389091938100869,0.115502331227575,0.));
#3410=CARTESIAN_POINT('',(0.367497995573529,0.150315600234955,0.));
#3411=CARTESIAN_POINT('Origin',(0.413195803657168,0.164339692725192,0.));
#3412=CARTESIAN_POINT('',(0.403915483653081,0.238910789678356,0.));
#3413=CARTESIAN_POINT('Origin',(0.42629800659079,0.177927955153305,0.));
#3414=CARTESIAN_POINT('',(0.435238472438095,0.247101726417189,0.));
#3415=CARTESIAN_POINT('Origin',(0.426944077149431,0.197184413330324,0.));
#3416=CARTESIAN_POINT('',(0.443750365342804,0.248473438559291,0.));
#3417=CARTESIAN_POINT('',(0.435238472438095,0.247101726417189,0.));
#3418=CARTESIAN_POINT('',(0.50657333898052,0.281101282191141,0.));
#3419=CARTESIAN_POINT('Ctrl Pts',(0.443750365342804,0.248473438559291,0.));
#3420=CARTESIAN_POINT('Ctrl Pts',(0.44889386513378,0.24931889598595,0.));
#3421=CARTESIAN_POINT('Ctrl Pts',(0.454000549363662,0.250492612356021,0.));
#3422=CARTESIAN_POINT('Ctrl Pts',(0.476696069246986,0.257481364959702,0.));
#3423=CARTESIAN_POINT('Ctrl Pts',(0.493021871644829,0.267511408938354,0.));
#3424=CARTESIAN_POINT('Ctrl Pts',(0.505948970359761,0.280464443199434,0.));
#3425=CARTESIAN_POINT('Ctrl Pts',(0.50626180619608,0.280781848703412,0.));
#3426=CARTESIAN_POINT('Ctrl Pts',(0.50657333898052,0.281101282191141,0.));
#3427=CARTESIAN_POINT('',(0.506454343532322,0.325188557982594,0.));
#3428=CARTESIAN_POINT('Ctrl Pts',(0.50657333898052,0.281101282191141,0.));
#3429=CARTESIAN_POINT('Ctrl Pts',(0.509125142621953,0.283733213915952,0.));
#3430=CARTESIAN_POINT('Ctrl Pts',(0.511333558262081,0.286943119399593,0.));
#3431=CARTESIAN_POINT('Ctrl Pts',(0.514646469661672,0.294510853590133,0.));
#3432=CARTESIAN_POINT('Ctrl Pts',(0.515525062834415,0.298969694327066,0.));
#3433=CARTESIAN_POINT('Ctrl Pts',(0.515502393099069,0.307368728823666,0.));
#3434=CARTESIAN_POINT('Ctrl Pts',(0.514599743293508,0.311822761828601,0.));
#3435=CARTESIAN_POINT('Ctrl Pts',(0.511246028495893,0.319372502206684,0.));
#3436=CARTESIAN_POINT('Ctrl Pts',(0.509020317522352,0.322570439591269,0.));
#3437=CARTESIAN_POINT('Ctrl Pts',(0.506454343532322,0.325188557982594,0.));
#3438=CARTESIAN_POINT('',(0.443456155652568,0.357476799195407,0.));
#3439=CARTESIAN_POINT('Ctrl Pts',(0.506454343532322,0.325188557982594,0.));
#3440=CARTESIAN_POINT('Ctrl Pts',(0.506141090941143,0.325506305119454,0.));
#3441=CARTESIAN_POINT('Ctrl Pts',(0.505826546264406,0.32582201726806,0.));
#3442=CARTESIAN_POINT('Ctrl Pts',(0.492829713642088,0.338705080550595,0.));
#3443=CARTESIAN_POINT('Ctrl Pts',(0.476450005558661,0.348646849470096,0.));
#3444=CARTESIAN_POINT('Ctrl Pts',(0.453717090104892,0.355512986717605,0.));
#3445=CARTESIAN_POINT('Ctrl Pts',(0.448604144397671,0.356659119404562,0.));
#3446=CARTESIAN_POINT('Ctrl Pts',(0.443456155652568,0.357476799195407,0.));
#3447=CARTESIAN_POINT('',(0.434936982076238,0.358802542986033,0.));
#3448=CARTESIAN_POINT('',(0.443456155652568,0.357476799195407,0.));
#3449=CARTESIAN_POINT('',(0.403570233868543,0.366824274592162,0.));
#3450=CARTESIAN_POINT('Origin',(0.425966932950805,0.409054035478453,0.));
#3451=CARTESIAN_POINT('Origin',(0.425623236985397,0.427927044523606,0.));
#3452=CARTESIAN_POINT('Origin',(0.124185025718742,0.302112980872047,0.));
#3453=CARTESIAN_POINT('',(-0.118304975969956,0.149004375141167,0.));
#3454=CARTESIAN_POINT('Origin',(-0.177253185547914,0.176298917220492,0.));
#3455=CARTESIAN_POINT('',(-0.134661806834572,0.121063810451955,0.));
#3456=CARTESIAN_POINT('Origin',(-0.164093654260925,0.162225704187713,0.));
#3457=CARTESIAN_POINT('',(-0.139710677070708,0.114075046300786,0.));
#3458=CARTESIAN_POINT('',(-0.134661806834572,0.121063810451955,0.));
#3459=CARTESIAN_POINT('',(-0.161061858256665,0.0465811261396777,0.));
#3460=CARTESIAN_POINT('Ctrl Pts',(-0.139710677070708,0.114075046300786,
0.));
#3461=CARTESIAN_POINT('Ctrl Pts',(-0.142749851972344,0.10984021403996,0.));
#3462=CARTESIAN_POINT('Ctrl Pts',(-0.145530880216206,0.105399300187165,
0.));
#3463=CARTESIAN_POINT('Ctrl Pts',(-0.15663724187016,0.084409349817014,0.));
#3464=CARTESIAN_POINT('Ctrl Pts',(-0.161089015341082,0.0657729521202845,
0.));
#3465=CARTESIAN_POINT('Ctrl Pts',(-0.161070676140528,0.0474729345949361,
0.));
#3466=CARTESIAN_POINT('Ctrl Pts',(-0.161067444897538,0.047027286669428,
0.));
#3467=CARTESIAN_POINT('Ctrl Pts',(-0.161061858256666,0.0465811261396777,
0.));
#3468=CARTESIAN_POINT('',(-0.129803304092136,0.0154908569518491,0.));
#3469=CARTESIAN_POINT('Ctrl Pts',(-0.161061858256665,0.0465811261396777,
0.));
#3470=CARTESIAN_POINT('Ctrl Pts',(-0.161005199145545,0.0429156717103288,
0.));
#3471=CARTESIAN_POINT('Ctrl Pts',(-0.160297038885908,0.0390843401010647,
0.));
#3472=CARTESIAN_POINT('Ctrl Pts',(-0.15728842483768,0.0313905618205952,
0.));
#3473=CARTESIAN_POINT('Ctrl Pts',(-0.154756807506715,0.0276164261089277,
0.));
#3474=CARTESIAN_POINT('Ctrl Pts',(-0.148801763335158,0.0216934417845531,
0.));
#3475=CARTESIAN_POINT('Ctrl Pts',(-0.145014016595191,0.0191822346416843,
0.));
#3476=CARTESIAN_POINT('Ctrl Pts',(-0.137304109502091,0.0162151964997025,
0.));
#3477=CARTESIAN_POINT('Ctrl Pts',(-0.133469010969289,0.0155277286116043,
0.));
#3478=CARTESIAN_POINT('Ctrl Pts',(-0.129803304092136,0.0154908569518482,
0.));
#3479=CARTESIAN_POINT('',(-0.0624256239257302,0.0372060684899204,0.));
#3480=CARTESIAN_POINT('Ctrl Pts',(-0.129803304092136,0.0154908569518491,
0.));
#3481=CARTESIAN_POINT('Ctrl Pts',(-0.129357119905512,0.0154876788281189,
0.));
#3482=CARTESIAN_POINT('Ctrl Pts',(-0.128911461030423,0.0154868533008442,
0.));
#3483=CARTESIAN_POINT('Ctrl Pts',(-0.1106116111397,0.0155673003724957,0.));
#3484=CARTESIAN_POINT('Ctrl Pts',(-0.091999516260083,0.0201196108121742,
0.));
#3485=CARTESIAN_POINT('Ctrl Pts',(-0.0710698253783117,0.0313391172774034,
0.));
#3486=CARTESIAN_POINT('Ctrl Pts',(-0.0666439886018096,0.0341440776637316,
0.));
#3487=CARTESIAN_POINT('Ctrl Pts',(-0.0624256239257302,0.0372060684899204,
0.));
#3488=CARTESIAN_POINT('',(-0.0554642160953343,0.0422925914713802,0.));
#3489=CARTESIAN_POINT('',(-0.0624256239257302,0.0372060684899204,0.));
#3490=CARTESIAN_POINT('',(-0.0276123549183502,0.0588000110172603,0.));
#3491=CARTESIAN_POINT('Origin',(-0.0135882624252739,0.0131022029297493,
0.));
#3492=CARTESIAN_POINT('',(0.0609828345250516,0.0223825229377084,0.));
#3493=CARTESIAN_POINT('Origin',(-2.73184799366426E-17,-3.16894367265055E-16,
0.));
#3494=CARTESIAN_POINT('',(0.069173771263884,-0.00894046584730598,0.));
#3495=CARTESIAN_POINT('Origin',(0.019256458177774,-0.000646070558475534,
0.));
#3496=CARTESIAN_POINT('',(0.0705454834059867,-0.0174523587520144,0.));
#3497=CARTESIAN_POINT('',(0.069173771263884,-0.00894046584730598,0.));
#3498=CARTESIAN_POINT('',(0.103173327037836,-0.0802753323897307,0.));
#3499=CARTESIAN_POINT('Ctrl Pts',(0.0705454834059867,-0.0174523587520144,
0.));
#3500=CARTESIAN_POINT('Ctrl Pts',(0.0713909408326452,-0.0225958585429901,
0.));
#3501=CARTESIAN_POINT('Ctrl Pts',(0.0725646572027162,-0.0277025427728731,
0.));
#3502=CARTESIAN_POINT('Ctrl Pts',(0.0795534098063979,-0.0503980626561971,
0.));
#3503=CARTESIAN_POINT('Ctrl Pts',(0.0895834537850495,-0.0667238650540391,
0.));
#3504=CARTESIAN_POINT('Ctrl Pts',(0.10253648804613,-0.0796509637689721,
0.));
#3505=CARTESIAN_POINT('Ctrl Pts',(0.102853893550108,-0.0799637996052906,
0.));
#3506=CARTESIAN_POINT('Ctrl Pts',(0.103173327037837,-0.0802753323897302,
0.));
#3507=CARTESIAN_POINT('',(0.147260602829286,-0.0801563369415326,0.));
#3508=CARTESIAN_POINT('Ctrl Pts',(0.103173327037836,-0.0802753323897307,
0.));
#3509=CARTESIAN_POINT('Ctrl Pts',(0.105805258762647,-0.0828271360311636,
0.));
#3510=CARTESIAN_POINT('Ctrl Pts',(0.109015164246287,-0.0850355516712912,
0.));
#3511=CARTESIAN_POINT('Ctrl Pts',(0.116582898436826,-0.0883484630708814,
0.));
#3512=CARTESIAN_POINT('Ctrl Pts',(0.121041739173759,-0.0892270562436249,
0.));
#3513=CARTESIAN_POINT('Ctrl Pts',(0.129440773670359,-0.0892043865082782,
0.));
#3514=CARTESIAN_POINT('Ctrl Pts',(0.133894806675293,-0.0883017367027171,
0.));
#3515=CARTESIAN_POINT('Ctrl Pts',(0.141444547053376,-0.0849480219051027,
0.));
#3516=CARTESIAN_POINT('Ctrl Pts',(0.144642484437962,-0.0827223109315618,
0.));
#3517=CARTESIAN_POINT('Ctrl Pts',(0.147260602829286,-0.080156336941532,
0.));
#3518=CARTESIAN_POINT('',(0.1795488440421,-0.0171581490617786,0.));
#3519=CARTESIAN_POINT('Ctrl Pts',(0.147260602829286,-0.0801563369415326,
0.));
#3520=CARTESIAN_POINT('Ctrl Pts',(0.147578349966147,-0.079843084350354,
0.));
#3521=CARTESIAN_POINT('Ctrl Pts',(0.147894062114753,-0.0795285396736166,
0.));
#3522=CARTESIAN_POINT('Ctrl Pts',(0.160777125397287,-0.0665317070512991,
0.));
#3523=CARTESIAN_POINT('Ctrl Pts',(0.170718894316789,-0.0501519989678716,
0.));
#3524=CARTESIAN_POINT('Ctrl Pts',(0.177585031564298,-0.027419083514103,
0.));
#3525=CARTESIAN_POINT('Ctrl Pts',(0.178731164251255,-0.0223061378068813,
0.));
#3526=CARTESIAN_POINT('Ctrl Pts',(0.1795488440421,-0.0171581490617786,0.));
#3527=CARTESIAN_POINT('',(0.180874587832727,-0.00863897548544894,0.));
#3528=CARTESIAN_POINT('',(0.1795488440421,-0.0171581490617786,0.));
#3529=CARTESIAN_POINT('',(0.188896319438855,0.022727772722246,0.));
#3530=CARTESIAN_POINT('Origin',(0.231126080324565,0.000331073640079131,
0.));
#3531=CARTESIAN_POINT('',(0.190969255516885,0.0277923313506022,0.));
#3532=CARTESIAN_POINT('Origin',(0.255351431599852,-0.00151595699563848,
0.));
#3533=CARTESIAN_POINT('Origin',(0.249999089370299,0.000674769605392313,
0.));
#3534=CARTESIAN_POINT('Origin',(0.124185025718742,0.302112980872047,0.));
#3535=CARTESIAN_POINT('',(-0.0289235800121377,0.544602982560746,0.));
#3536=CARTESIAN_POINT('Origin',(-0.0016290379328128,0.603551192138704,0.));
#3537=CARTESIAN_POINT('',(-0.0568641447013497,0.560959813425362,0.));
#3538=CARTESIAN_POINT('Origin',(-0.015702250967607,0.590391660849006,0.));
#3539=CARTESIAN_POINT('',(-0.0638529088525195,0.566008683661498,0.));
#3540=CARTESIAN_POINT('',(-0.0568641447013497,0.560959813425362,0.));
#3541=CARTESIAN_POINT('',(-0.131346829013591,0.587359864847457,0.));
#3542=CARTESIAN_POINT('Ctrl Pts',(-0.0638529088525195,0.566008683661498,
0.));
#3543=CARTESIAN_POINT('Ctrl Pts',(-0.0680877411133446,0.569047858563134,
0.));
#3544=CARTESIAN_POINT('Ctrl Pts',(-0.0725286549661401,0.571828886806996,
0.));
#3545=CARTESIAN_POINT('Ctrl Pts',(-0.0935186053362909,0.58293524846095,
0.));
#3546=CARTESIAN_POINT('Ctrl Pts',(-0.11215500303302,0.587387021931872,0.));
#3547=CARTESIAN_POINT('Ctrl Pts',(-0.130455020558369,0.587368682731318,
0.));
#3548=CARTESIAN_POINT('Ctrl Pts',(-0.130900668483877,0.587365451488328,
0.));
#3549=CARTESIAN_POINT('Ctrl Pts',(-0.131346829013627,0.587359864847456,
0.));
#3550=CARTESIAN_POINT('',(-0.162437098201454,0.556101310682928,0.));
#3551=CARTESIAN_POINT('Ctrl Pts',(-0.131346829013591,0.587359864847457,
0.));
#3552=CARTESIAN_POINT('Ctrl Pts',(-0.13501228344295,0.587303205736341,0.));
#3553=CARTESIAN_POINT('Ctrl Pts',(-0.138843615052227,0.586595045476704,
0.));
#3554=CARTESIAN_POINT('Ctrl Pts',(-0.146537393332707,0.583586431428472,
0.));
#3555=CARTESIAN_POINT('Ctrl Pts',(-0.150311529044375,0.581054814097507,
0.));
#3556=CARTESIAN_POINT('Ctrl Pts',(-0.156234513368749,0.57509976992595,0.));
#3557=CARTESIAN_POINT('Ctrl Pts',(-0.158745720511618,0.571312023185983,
0.));
#3558=CARTESIAN_POINT('Ctrl Pts',(-0.1617127586536,0.563602116092884,0.));
#3559=CARTESIAN_POINT('Ctrl Pts',(-0.162400226541698,0.559767017560081,
0.));
#3560=CARTESIAN_POINT('Ctrl Pts',(-0.162437098201454,0.556101310682928,
0.));
#3561=CARTESIAN_POINT('',(-0.140721886663384,0.488723630516523,0.));
#3562=CARTESIAN_POINT('Ctrl Pts',(-0.162437098201454,0.556101310682928,
0.));
#3563=CARTESIAN_POINT('Ctrl Pts',(-0.162440276325184,0.555655126496305,
0.));
#3564=CARTESIAN_POINT('Ctrl Pts',(-0.162441101852459,0.555209467621216,
0.));
#3565=CARTESIAN_POINT('Ctrl Pts',(-0.162360654780808,0.536909617730493,
0.));
#3566=CARTESIAN_POINT('Ctrl Pts',(-0.157808344341129,0.518297522850875,
0.));
#3567=CARTESIAN_POINT('Ctrl Pts',(-0.1465888378759,0.497367831969104,0.));
#3568=CARTESIAN_POINT('Ctrl Pts',(-0.143783877489572,0.492941995192602,
0.));
#3569=CARTESIAN_POINT('Ctrl Pts',(-0.140721886663384,0.488723630516523,
0.));
#3570=CARTESIAN_POINT('',(-0.135635363681924,0.481762222686127,0.));
#3571=CARTESIAN_POINT('',(-0.140721886663384,0.488723630516523,0.));
#3572=CARTESIAN_POINT('',(-0.119127944136044,0.453910361509142,0.));
#3573=CARTESIAN_POINT('Origin',(-0.164825752222802,0.439886269016597,0.));
#3574=CARTESIAN_POINT('',(-0.114399830249591,0.43986490697316,0.));
#3575=CARTESIAN_POINT('Origin',(-0.18378206073658,0.425868767582159,0.));
#3576=CARTESIAN_POINT('',(-0.155545432215597,0.365315172065741,0.));
#3577=CARTESIAN_POINT('Origin',(-0.177927955153305,0.426298006590793,0.));
#3578=CARTESIAN_POINT('',(-0.186868421000611,0.357124235326909,0.));
#3579=CARTESIAN_POINT('Origin',(-0.178574025711754,0.407041548412972,0.));
#3580=CARTESIAN_POINT('',(-0.19538031390532,0.355752523184806,0.));
#3581=CARTESIAN_POINT('',(-0.186868421000611,0.357124235326909,0.));
#3582=CARTESIAN_POINT('',(-0.258203287543011,0.323124679552983,0.));
#3583=CARTESIAN_POINT('Ctrl Pts',(-0.19538031390532,0.355752523184806,0.));
#3584=CARTESIAN_POINT('Ctrl Pts',(-0.200523813696295,0.354907065758148,
0.));
#3585=CARTESIAN_POINT('Ctrl Pts',(-0.205630497926178,0.353733349388077,
0.));
#3586=CARTESIAN_POINT('Ctrl Pts',(-0.228326017809502,0.346744596784395,
0.));
#3587=CARTESIAN_POINT('Ctrl Pts',(-0.244651820207344,0.336714552805744,
0.));
#3588=CARTESIAN_POINT('Ctrl Pts',(-0.257578918922278,0.323761518544664,
0.));
#3589=CARTESIAN_POINT('Ctrl Pts',(-0.257891754758596,0.323444113040686,
0.));
#3590=CARTESIAN_POINT('Ctrl Pts',(-0.258203287543036,0.323124679552957,
0.));
#3591=CARTESIAN_POINT('',(-0.258084292094839,0.279037403761504,0.));
#3592=CARTESIAN_POINT('Ctrl Pts',(-0.258203287543011,0.323124679552983,
0.));
#3593=CARTESIAN_POINT('Ctrl Pts',(-0.260755091184455,0.320492747828167,
0.));
#3594=CARTESIAN_POINT('Ctrl Pts',(-0.262963506824592,0.317282842344516,
0.));
#3595=CARTESIAN_POINT('Ctrl Pts',(-0.266276418224188,0.309715108153965,
0.));
#3596=CARTESIAN_POINT('Ctrl Pts',(-0.267155011396932,0.305256267417032,
0.));
#3597=CARTESIAN_POINT('Ctrl Pts',(-0.267132341661585,0.296857232920432,
0.));
#3598=CARTESIAN_POINT('Ctrl Pts',(-0.266229691856024,0.292403199915497,
0.));
#3599=CARTESIAN_POINT('Ctrl Pts',(-0.262875977058409,0.284853459537414,
0.));
#3600=CARTESIAN_POINT('Ctrl Pts',(-0.260650266084868,0.281655522152829,
0.));
#3601=CARTESIAN_POINT('Ctrl Pts',(-0.258084292094839,0.279037403761504,
0.));
#3602=CARTESIAN_POINT('',(-0.195086104215085,0.246749162548691,0.));
#3603=CARTESIAN_POINT('Ctrl Pts',(-0.258084292094838,0.279037403761504,
0.));
#3604=CARTESIAN_POINT('Ctrl Pts',(-0.25777103950366,0.278719656624644,0.));
#3605=CARTESIAN_POINT('Ctrl Pts',(-0.257456494826923,0.278403944476038,
0.));
#3606=CARTESIAN_POINT('Ctrl Pts',(-0.244459662204605,0.265520881193503,
0.));
#3607=CARTESIAN_POINT('Ctrl Pts',(-0.228079954121178,0.255579112274002,
0.));
#3608=CARTESIAN_POINT('Ctrl Pts',(-0.205347038667409,0.248712975026493,
0.));
#3609=CARTESIAN_POINT('Ctrl Pts',(-0.200234092960187,0.247566842339535,
0.));
#3610=CARTESIAN_POINT('Ctrl Pts',(-0.195086104215085,0.246749162548691,
0.));
#3611=CARTESIAN_POINT('',(-0.186566930638755,0.245423418758064,0.));
#3612=CARTESIAN_POINT('',(-0.195086104215085,0.246749162548691,0.));
#3613=CARTESIAN_POINT('',(-0.15520018243106,0.237401687151935,0.));
#3614=CARTESIAN_POINT('Origin',(-0.177596881513056,0.195171926267535,0.));
#3615=CARTESIAN_POINT('Origin',(-0.177253185547914,0.176298917220492,0.));
#3616=CARTESIAN_POINT('Origin',(-0.0508149742812631,0.127112980872061,0.));
#3617=CARTESIAN_POINT('',(-0.0508149742812631,0.127112980872061,0.1));
#3618=CARTESIAN_POINT('Origin',(0.299185025718737,0.127112980872061,0.));
#3619=CARTESIAN_POINT('',(0.299185025718737,0.127112980872061,0.1));
#3620=CARTESIAN_POINT('Origin',(0.124185025718737,0.302112980872061,0.1));
#3621=CARTESIAN_POINT('',(0.299185025718737,0.477112980872061,0.1));
#3622=CARTESIAN_POINT('',(-0.0508149742812631,0.477112980872061,0.1));
#3623=CARTESIAN_POINT('',(0.249185025718737,0.427112980872061,0.1));
#3624=CARTESIAN_POINT('',(0.249185025718737,0.177112980872061,0.1));
#3625=CARTESIAN_POINT('',(0.249185025718737,0.427112980872061,0.1));
#3626=CARTESIAN_POINT('',(-0.000814974281263134,0.177112980872061,0.1));
#3627=CARTESIAN_POINT('',(0.249185025718737,0.177112980872061,0.1));
#3628=CARTESIAN_POINT('',(-0.000814974281263134,0.427112980872061,0.1));
#3629=CARTESIAN_POINT('',(-0.000814974281263129,0.177112980872061,0.1));
#3630=CARTESIAN_POINT('',(-0.000814974281263129,0.427112980872061,0.1));
#3631=CARTESIAN_POINT('Origin',(-0.0508149742812631,0.477112980872061,0.));
#3632=CARTESIAN_POINT('Origin',(-0.0508149742812631,0.477112980872061,0.));
#3633=CARTESIAN_POINT('Origin',(-0.0508149742812631,0.127112980872061,0.));
#3634=CARTESIAN_POINT('Origin',(0.299185025718737,0.477112980872061,0.));
#3635=CARTESIAN_POINT('Origin',(-0.000814974281263134,0.427112980872061,
0.));
#3636=CARTESIAN_POINT('',(-0.000814974281263129,0.427112980872061,0.));
#3637=CARTESIAN_POINT('',(0.249185025718737,0.427112980872061,0.));
#3638=CARTESIAN_POINT('Origin',(-0.000814974281263129,0.177112980872061,
0.));
#3639=CARTESIAN_POINT('',(-0.000814974281263129,0.177112980872061,0.));
#3640=CARTESIAN_POINT('Origin',(0.249185025718737,0.177112980872061,0.));
#3641=CARTESIAN_POINT('',(0.249185025718737,0.177112980872061,0.));
#3642=CARTESIAN_POINT('Origin',(0.249185025718737,0.427112980872061,0.));
#3643=CARTESIAN_POINT('Origin',(0.255351431599852,-0.00151595699563848,
0.));
#3644=CARTESIAN_POINT('',(0.188896319438855,0.022727772722246,-0.2));
#3645=CARTESIAN_POINT('',(0.188896319438855,0.022727772722246,0.));
#3646=CARTESIAN_POINT('',(0.190969255516885,0.0277923313506022,-0.2));
#3647=CARTESIAN_POINT('Origin',(0.255351431599852,-0.00151595699563848,
-0.2));
#3648=CARTESIAN_POINT('',(0.190969255516885,0.0277923313506022,0.));
#3649=CARTESIAN_POINT('Origin',(0.249999089370299,0.000674769605392313,
0.));
#3650=CARTESIAN_POINT('Origin',(0.249999089370299,0.000674769605392313,
-0.2));
#3651=CARTESIAN_POINT('',(0.277293631449623,0.0596229791833503,0.));
#3652=CARTESIAN_POINT('Ctrl Pts',(0.277293631449623,0.0596229791833503,
0.));
#3653=CARTESIAN_POINT('Ctrl Pts',(0.292162268505513,0.0526871292005708,
0.));
#3654=CARTESIAN_POINT('Ctrl Pts',(0.305234196138835,0.0432661483187347,
0.));
#3655=CARTESIAN_POINT('Ctrl Pts',(0.277293631449623,0.0596229791833503,
-0.2));
#3656=CARTESIAN_POINT('Ctrl Pts',(0.292162268505513,0.0526871292005708,
-0.2));
#3657=CARTESIAN_POINT('Ctrl Pts',(0.305234196138835,0.0432661483187347,
-0.2));
#3658=CARTESIAN_POINT('',(0.305234196138835,0.0432661483187347,0.));
#3659=CARTESIAN_POINT('Origin',(0.312222960290005,0.0382172780825983,0.));
#3660=CARTESIAN_POINT('',(0.312222960290005,0.0382172780825983,0.));
#3661=CARTESIAN_POINT('Ctrl Pts',(0.379716880451113,0.0168660968966409,
0.));
#3662=CARTESIAN_POINT('Ctrl Pts',(0.379716880451113,0.0168660968966409,
-0.2));
#3663=CARTESIAN_POINT('Ctrl Pts',(0.379270719921363,0.016860510255769,0.));
#3664=CARTESIAN_POINT('Ctrl Pts',(0.379270719921363,0.016860510255769,-0.2));
#3665=CARTESIAN_POINT('Ctrl Pts',(0.378825071995855,0.016857279012779,0.));
#3666=CARTESIAN_POINT('Ctrl Pts',(0.378825071995855,0.016857279012779,-0.2));
#3667=CARTESIAN_POINT('Ctrl Pts',(0.360525054470506,0.0168389398122247,
0.));
#3668=CARTESIAN_POINT('Ctrl Pts',(0.360525054470506,0.0168389398122247,
-0.2));
#3669=CARTESIAN_POINT('Ctrl Pts',(0.341888656773777,0.0212907132831466,
0.));
#3670=CARTESIAN_POINT('Ctrl Pts',(0.341888656773777,0.0212907132831466,
-0.2));
#3671=CARTESIAN_POINT('Ctrl Pts',(0.320898706403626,0.0323970749371007,
0.));
#3672=CARTESIAN_POINT('Ctrl Pts',(0.320898706403626,0.0323970749371007,
-0.2));
#3673=CARTESIAN_POINT('Ctrl Pts',(0.31645779255083,0.0351781031809626,0.));
#3674=CARTESIAN_POINT('Ctrl Pts',(0.31645779255083,0.0351781031809626,-0.2));
#3675=CARTESIAN_POINT('Ctrl Pts',(0.312222960290005,0.0382172780825983,
0.));
#3676=CARTESIAN_POINT('Ctrl Pts',(0.312222960290005,0.0382172780825983,
-0.2));
#3677=CARTESIAN_POINT('',(0.379716880451113,0.016866096896641,0.));
#3678=CARTESIAN_POINT('Ctrl Pts',(0.41080714963894,0.0481246510611692,0.));
#3679=CARTESIAN_POINT('Ctrl Pts',(0.41080714963894,0.0481246510611692,-0.2));
#3680=CARTESIAN_POINT('Ctrl Pts',(0.410770277979183,0.0444589441840162,
0.));
#3681=CARTESIAN_POINT('Ctrl Pts',(0.410770277979183,0.0444589441840162,
-0.2));
#3682=CARTESIAN_POINT('Ctrl Pts',(0.410082810091085,0.0406238456512137,
0.));
#3683=CARTESIAN_POINT('Ctrl Pts',(0.410082810091085,0.0406238456512137,
-0.2));
#3684=CARTESIAN_POINT('Ctrl Pts',(0.407115771949104,0.0329139385581143,
0.));
#3685=CARTESIAN_POINT('Ctrl Pts',(0.407115771949104,0.0329139385581143,
-0.2));
#3686=CARTESIAN_POINT('Ctrl Pts',(0.404604564806235,0.0291261918181475,
0.));
#3687=CARTESIAN_POINT('Ctrl Pts',(0.404604564806235,0.0291261918181475,
-0.2));
#3688=CARTESIAN_POINT('Ctrl Pts',(0.39868158048186,0.0231711476465902,0.));
#3689=CARTESIAN_POINT('Ctrl Pts',(0.39868158048186,0.0231711476465902,-0.2));
#3690=CARTESIAN_POINT('Ctrl Pts',(0.394907444770193,0.0206395303156252,
0.));
#3691=CARTESIAN_POINT('Ctrl Pts',(0.394907444770193,0.0206395303156252,
-0.2));
#3692=CARTESIAN_POINT('Ctrl Pts',(0.387213666489724,0.0176309162673981,
0.));
#3693=CARTESIAN_POINT('Ctrl Pts',(0.387213666489724,0.0176309162673981,
-0.2));
#3694=CARTESIAN_POINT('Ctrl Pts',(0.383382334880461,0.0169227560077607,
0.));
#3695=CARTESIAN_POINT('Ctrl Pts',(0.383382334880461,0.0169227560077607,
-0.2));
#3696=CARTESIAN_POINT('Ctrl Pts',(0.379716880451113,0.016866096896641,0.));
#3697=CARTESIAN_POINT('Ctrl Pts',(0.379716880451113,0.016866096896641,-0.2));
#3698=CARTESIAN_POINT('',(0.41080714963894,0.0481246510611692,0.));
#3699=CARTESIAN_POINT('Ctrl Pts',(0.389091938100868,0.115502331227575,0.));
#3700=CARTESIAN_POINT('Ctrl Pts',(0.389091938100868,0.115502331227575,-0.2));
#3701=CARTESIAN_POINT('Ctrl Pts',(0.392153928927057,0.111283966551495,0.));
#3702=CARTESIAN_POINT('Ctrl Pts',(0.392153928927057,0.111283966551495,-0.2));
#3703=CARTESIAN_POINT('Ctrl Pts',(0.394958889313385,0.106858129774993,0.));
#3704=CARTESIAN_POINT('Ctrl Pts',(0.394958889313385,0.106858129774993,-0.2));
#3705=CARTESIAN_POINT('Ctrl Pts',(0.406178395778615,0.0859284388932217,
0.));
#3706=CARTESIAN_POINT('Ctrl Pts',(0.406178395778615,0.0859284388932217,
-0.2));
#3707=CARTESIAN_POINT('Ctrl Pts',(0.410730706218293,0.0673163440136048,
0.));
#3708=CARTESIAN_POINT('Ctrl Pts',(0.410730706218293,0.0673163440136048,
-0.2));
#3709=CARTESIAN_POINT('Ctrl Pts',(0.410811153289945,0.0490164941228817,
0.));
#3710=CARTESIAN_POINT('Ctrl Pts',(0.410811153289945,0.0490164941228817,
-0.2));
#3711=CARTESIAN_POINT('Ctrl Pts',(0.41081032776267,0.0485708352477926,0.));
#3712=CARTESIAN_POINT('Ctrl Pts',(0.41081032776267,0.0485708352477926,-0.2));
#3713=CARTESIAN_POINT('Ctrl Pts',(0.410807149638939,0.0481246510611692,
0.));
#3714=CARTESIAN_POINT('Ctrl Pts',(0.410807149638939,0.0481246510611692,
-0.2));
#3715=CARTESIAN_POINT('',(0.389091938100869,0.115502331227575,0.));
#3716=CARTESIAN_POINT('Origin',(0.384005415119409,0.122463739057971,0.));
#3717=CARTESIAN_POINT('',(0.384005415119409,0.122463739057971,0.));
#3718=CARTESIAN_POINT('Ctrl Pts',(0.384005415119409,0.122463739057971,0.));
#3719=CARTESIAN_POINT('Ctrl Pts',(0.374522387937784,0.135472049741219,0.));
#3720=CARTESIAN_POINT('Ctrl Pts',(0.367497995573529,0.150315600234955,0.));
#3721=CARTESIAN_POINT('Ctrl Pts',(0.384005415119409,0.122463739057971,-0.2));
#3722=CARTESIAN_POINT('Ctrl Pts',(0.374522387937784,0.135472049741219,-0.2));
#3723=CARTESIAN_POINT('Ctrl Pts',(0.367497995573529,0.150315600234955,-0.2));
#3724=CARTESIAN_POINT('',(0.367497995573529,0.150315600234955,0.));
#3725=CARTESIAN_POINT('Origin',(0.42629800659079,0.177927955153305,0.));
#3726=CARTESIAN_POINT('',(0.403915483653081,0.238910789678356,0.));
#3727=CARTESIAN_POINT('Ctrl Pts',(0.403915483653081,0.238910789678356,0.));
#3728=CARTESIAN_POINT('Ctrl Pts',(0.419333584298415,0.244520117211461,0.));
#3729=CARTESIAN_POINT('Ctrl Pts',(0.435238472438095,0.247101726417189,0.));
#3730=CARTESIAN_POINT('Ctrl Pts',(0.403915483653081,0.238910789678356,-0.2));
#3731=CARTESIAN_POINT('Ctrl Pts',(0.419333584298415,0.244520117211461,-0.2));
#3732=CARTESIAN_POINT('Ctrl Pts',(0.435238472438095,0.247101726417189,-0.2));
#3733=CARTESIAN_POINT('',(0.435238472438095,0.247101726417189,0.));
#3734=CARTESIAN_POINT('Origin',(0.443750365342804,0.248473438559291,0.));
#3735=CARTESIAN_POINT('',(0.443750365342804,0.248473438559291,0.));
#3736=CARTESIAN_POINT('Ctrl Pts',(0.50657333898052,0.281101282191141,0.));
#3737=CARTESIAN_POINT('Ctrl Pts',(0.50657333898052,0.281101282191141,-0.2));
#3738=CARTESIAN_POINT('Ctrl Pts',(0.50626180619608,0.280781848703412,0.));
#3739=CARTESIAN_POINT('Ctrl Pts',(0.50626180619608,0.280781848703412,-0.2));
#3740=CARTESIAN_POINT('Ctrl Pts',(0.505948970359761,0.280464443199434,0.));
#3741=CARTESIAN_POINT('Ctrl Pts',(0.505948970359761,0.280464443199434,-0.2));
#3742=CARTESIAN_POINT('Ctrl Pts',(0.493021871644829,0.267511408938354,0.));
#3743=CARTESIAN_POINT('Ctrl Pts',(0.493021871644829,0.267511408938354,-0.2));
#3744=CARTESIAN_POINT('Ctrl Pts',(0.476696069246986,0.257481364959702,0.));
#3745=CARTESIAN_POINT('Ctrl Pts',(0.476696069246986,0.257481364959702,-0.2));
#3746=CARTESIAN_POINT('Ctrl Pts',(0.454000549363662,0.250492612356021,0.));
#3747=CARTESIAN_POINT('Ctrl Pts',(0.454000549363662,0.250492612356021,-0.2));
#3748=CARTESIAN_POINT('Ctrl Pts',(0.44889386513378,0.24931889598595,0.));
#3749=CARTESIAN_POINT('Ctrl Pts',(0.44889386513378,0.24931889598595,-0.2));
#3750=CARTESIAN_POINT('Ctrl Pts',(0.443750365342804,0.248473438559291,0.));
#3751=CARTESIAN_POINT('Ctrl Pts',(0.443750365342804,0.248473438559291,-0.2));
#3752=CARTESIAN_POINT('',(0.50657333898052,0.281101282191141,0.));
#3753=CARTESIAN_POINT('Ctrl Pts',(0.506454343532322,0.325188557982594,0.));
#3754=CARTESIAN_POINT('Ctrl Pts',(0.506454343532322,0.325188557982594,-0.2));
#3755=CARTESIAN_POINT('Ctrl Pts',(0.509020317522352,0.322570439591269,0.));
#3756=CARTESIAN_POINT('Ctrl Pts',(0.509020317522352,0.322570439591269,-0.2));
#3757=CARTESIAN_POINT('Ctrl Pts',(0.511246028495893,0.319372502206684,0.));
#3758=CARTESIAN_POINT('Ctrl Pts',(0.511246028495893,0.319372502206684,-0.2));
#3759=CARTESIAN_POINT('Ctrl Pts',(0.514599743293508,0.311822761828601,0.));
#3760=CARTESIAN_POINT('Ctrl Pts',(0.514599743293508,0.311822761828601,-0.2));
#3761=CARTESIAN_POINT('Ctrl Pts',(0.515502393099069,0.307368728823666,0.));
#3762=CARTESIAN_POINT('Ctrl Pts',(0.515502393099069,0.307368728823666,-0.2));
#3763=CARTESIAN_POINT('Ctrl Pts',(0.515525062834415,0.298969694327066,0.));
#3764=CARTESIAN_POINT('Ctrl Pts',(0.515525062834415,0.298969694327066,-0.2));
#3765=CARTESIAN_POINT('Ctrl Pts',(0.514646469661672,0.294510853590133,0.));
#3766=CARTESIAN_POINT('Ctrl Pts',(0.514646469661672,0.294510853590133,-0.2));
#3767=CARTESIAN_POINT('Ctrl Pts',(0.511333558262081,0.286943119399593,0.));
#3768=CARTESIAN_POINT('Ctrl Pts',(0.511333558262081,0.286943119399593,-0.2));
#3769=CARTESIAN_POINT('Ctrl Pts',(0.509125142621953,0.283733213915952,0.));
#3770=CARTESIAN_POINT('Ctrl Pts',(0.509125142621953,0.283733213915952,-0.2));
#3771=CARTESIAN_POINT('Ctrl Pts',(0.50657333898052,0.281101282191141,0.));
#3772=CARTESIAN_POINT('Ctrl Pts',(0.50657333898052,0.281101282191141,-0.2));
#3773=CARTESIAN_POINT('',(0.506454343532322,0.325188557982594,0.));
#3774=CARTESIAN_POINT('Ctrl Pts',(0.443456155652568,0.357476799195407,0.));
#3775=CARTESIAN_POINT('Ctrl Pts',(0.443456155652568,0.357476799195407,-0.2));
#3776=CARTESIAN_POINT('Ctrl Pts',(0.448604144397671,0.356659119404562,0.));
#3777=CARTESIAN_POINT('Ctrl Pts',(0.448604144397671,0.356659119404562,-0.2));
#3778=CARTESIAN_POINT('Ctrl Pts',(0.453717090104892,0.355512986717605,0.));
#3779=CARTESIAN_POINT('Ctrl Pts',(0.453717090104892,0.355512986717605,-0.2));
#3780=CARTESIAN_POINT('Ctrl Pts',(0.476450005558661,0.348646849470096,0.));
#3781=CARTESIAN_POINT('Ctrl Pts',(0.476450005558661,0.348646849470096,-0.2));
#3782=CARTESIAN_POINT('Ctrl Pts',(0.492829713642088,0.338705080550595,0.));
#3783=CARTESIAN_POINT('Ctrl Pts',(0.492829713642088,0.338705080550595,-0.2));
#3784=CARTESIAN_POINT('Ctrl Pts',(0.505826546264406,0.32582201726806,0.));
#3785=CARTESIAN_POINT('Ctrl Pts',(0.505826546264406,0.32582201726806,-0.2));
#3786=CARTESIAN_POINT('Ctrl Pts',(0.506141090941143,0.325506305119454,0.));
#3787=CARTESIAN_POINT('Ctrl Pts',(0.506141090941143,0.325506305119454,-0.2));
#3788=CARTESIAN_POINT('Ctrl Pts',(0.506454343532322,0.325188557982594,0.));
#3789=CARTESIAN_POINT('Ctrl Pts',(0.506454343532322,0.325188557982594,-0.2));
#3790=CARTESIAN_POINT('',(0.443456155652568,0.357476799195407,0.));
#3791=CARTESIAN_POINT('Origin',(0.434936982076238,0.358802542986033,0.));
#3792=CARTESIAN_POINT('',(0.434936982076238,0.358802542986033,0.));
#3793=CARTESIAN_POINT('Ctrl Pts',(0.434936982076238,0.358802542986033,0.));
#3794=CARTESIAN_POINT('Ctrl Pts',(0.419033204554028,0.361295294855638,0.));
#3795=CARTESIAN_POINT('Ctrl Pts',(0.403570233868543,0.366824274592162,0.));
#3796=CARTESIAN_POINT('Ctrl Pts',(0.434936982076238,0.358802542986033,-0.2));
#3797=CARTESIAN_POINT('Ctrl Pts',(0.419033204554028,0.361295294855638,-0.2));
#3798=CARTESIAN_POINT('Ctrl Pts',(0.403570233868543,0.366824274592162,-0.2));
#3799=CARTESIAN_POINT('',(0.403570233868543,0.366824274592162,0.));
#3800=CARTESIAN_POINT('Origin',(0.425623236985397,0.427927044523606,0.));
#3801=CARTESIAN_POINT('',(0.364586905878088,0.45016327002898,0.));
#3802=CARTESIAN_POINT('Ctrl Pts',(0.364586905878088,0.45016327002898,0.));
#3803=CARTESIAN_POINT('Ctrl Pts',(0.365500982927161,0.452650952040035,0.));
#3804=CARTESIAN_POINT('Ctrl Pts',(0.366675027407439,0.45522158660293,0.));
#3805=CARTESIAN_POINT('Ctrl Pts',(0.364586905878088,0.45016327002898,-0.2));
#3806=CARTESIAN_POINT('Ctrl Pts',(0.365500982927161,0.452650952040035,-0.2));
#3807=CARTESIAN_POINT('Ctrl Pts',(0.366675027407439,0.45522158660293,-0.2));
#3808=CARTESIAN_POINT('',(0.366675027407439,0.45522158660293,0.));
#3809=CARTESIAN_POINT('Ctrl Pts',(0.366675027407439,0.45522158660293,0.));
#3810=CARTESIAN_POINT('Ctrl Pts',(0.373610877390217,0.470090223658818,0.));
#3811=CARTESIAN_POINT('Ctrl Pts',(0.383031858272054,0.483162151292142,0.));
#3812=CARTESIAN_POINT('Ctrl Pts',(0.366675027407439,0.45522158660293,-0.2));
#3813=CARTESIAN_POINT('Ctrl Pts',(0.373610877390217,0.470090223658818,-0.2));
#3814=CARTESIAN_POINT('Ctrl Pts',(0.383031858272054,0.483162151292142,-0.2));
#3815=CARTESIAN_POINT('',(0.383031858272054,0.483162151292142,0.));
#3816=CARTESIAN_POINT('Origin',(0.388080728508191,0.490150915443312,0.));
#3817=CARTESIAN_POINT('',(0.388080728508191,0.490150915443312,0.));
#3818=CARTESIAN_POINT('Ctrl Pts',(0.409431909694148,0.55764483560442,0.));
#3819=CARTESIAN_POINT('Ctrl Pts',(0.409431909694148,0.55764483560442,-0.2));
#3820=CARTESIAN_POINT('Ctrl Pts',(0.40943749633502,0.55719867507467,0.));
#3821=CARTESIAN_POINT('Ctrl Pts',(0.40943749633502,0.55719867507467,-0.2));
#3822=CARTESIAN_POINT('Ctrl Pts',(0.40944072757801,0.556753027149162,0.));
#3823=CARTESIAN_POINT('Ctrl Pts',(0.40944072757801,0.556753027149162,-0.2));
#3824=CARTESIAN_POINT('Ctrl Pts',(0.409459066778564,0.538453009623813,0.));
#3825=CARTESIAN_POINT('Ctrl Pts',(0.409459066778564,0.538453009623813,-0.2));
#3826=CARTESIAN_POINT('Ctrl Pts',(0.405007293307642,0.519816611927084,0.));
#3827=CARTESIAN_POINT('Ctrl Pts',(0.405007293307642,0.519816611927084,-0.2));
#3828=CARTESIAN_POINT('Ctrl Pts',(0.393900931653688,0.498826661556933,0.));
#3829=CARTESIAN_POINT('Ctrl Pts',(0.393900931653688,0.498826661556933,-0.2));
#3830=CARTESIAN_POINT('Ctrl Pts',(0.391119903409826,0.494385747704137,0.));
#3831=CARTESIAN_POINT('Ctrl Pts',(0.391119903409826,0.494385747704137,-0.2));
#3832=CARTESIAN_POINT('Ctrl Pts',(0.388080728508191,0.490150915443312,0.));
#3833=CARTESIAN_POINT('Ctrl Pts',(0.388080728508191,0.490150915443312,-0.2));
#3834=CARTESIAN_POINT('',(0.409431909694148,0.55764483560442,0.));
#3835=CARTESIAN_POINT('Ctrl Pts',(0.378173355529619,0.588735104792246,0.));
#3836=CARTESIAN_POINT('Ctrl Pts',(0.378173355529619,0.588735104792246,-0.2));
#3837=CARTESIAN_POINT('Ctrl Pts',(0.381839062406772,0.58869823313249,0.));
#3838=CARTESIAN_POINT('Ctrl Pts',(0.381839062406772,0.58869823313249,-0.2));
#3839=CARTESIAN_POINT('Ctrl Pts',(0.385674160939575,0.588010765244392,0.));
#3840=CARTESIAN_POINT('Ctrl Pts',(0.385674160939575,0.588010765244392,-0.2));
#3841=CARTESIAN_POINT('Ctrl Pts',(0.393384068032674,0.58504372710241,0.));
#3842=CARTESIAN_POINT('Ctrl Pts',(0.393384068032674,0.58504372710241,-0.2));
#3843=CARTESIAN_POINT('Ctrl Pts',(0.397171814772641,0.582532519959541,0.));
#3844=CARTESIAN_POINT('Ctrl Pts',(0.397171814772641,0.582532519959541,-0.2));
#3845=CARTESIAN_POINT('Ctrl Pts',(0.403126858944198,0.576609535635167,0.));
#3846=CARTESIAN_POINT('Ctrl Pts',(0.403126858944198,0.576609535635167,-0.2));
#3847=CARTESIAN_POINT('Ctrl Pts',(0.405658476275163,0.5728353999235,0.));
#3848=CARTESIAN_POINT('Ctrl Pts',(0.405658476275163,0.5728353999235,-0.2));
#3849=CARTESIAN_POINT('Ctrl Pts',(0.408667090323391,0.565141621643031,0.));
#3850=CARTESIAN_POINT('Ctrl Pts',(0.408667090323391,0.565141621643031,-0.2));
#3851=CARTESIAN_POINT('Ctrl Pts',(0.409375250583028,0.561310290033768,0.));
#3852=CARTESIAN_POINT('Ctrl Pts',(0.409375250583028,0.561310290033768,-0.2));
#3853=CARTESIAN_POINT('Ctrl Pts',(0.409431909694148,0.55764483560442,0.));
#3854=CARTESIAN_POINT('Ctrl Pts',(0.409431909694148,0.55764483560442,-0.2));
#3855=CARTESIAN_POINT('',(0.378173355529619,0.588735104792246,0.));
#3856=CARTESIAN_POINT('Ctrl Pts',(0.310795675363214,0.567019893254175,0.));
#3857=CARTESIAN_POINT('Ctrl Pts',(0.310795675363214,0.567019893254175,-0.2));
#3858=CARTESIAN_POINT('Ctrl Pts',(0.315014040039293,0.570081884080364,0.));
#3859=CARTESIAN_POINT('Ctrl Pts',(0.315014040039293,0.570081884080364,-0.2));
#3860=CARTESIAN_POINT('Ctrl Pts',(0.319439876815795,0.572886844466692,0.));
#3861=CARTESIAN_POINT('Ctrl Pts',(0.319439876815795,0.572886844466692,-0.2));
#3862=CARTESIAN_POINT('Ctrl Pts',(0.340369567697567,0.584106350931921,0.));
#3863=CARTESIAN_POINT('Ctrl Pts',(0.340369567697567,0.584106350931921,-0.2));
#3864=CARTESIAN_POINT('Ctrl Pts',(0.358981662577184,0.5886586613716,0.));
#3865=CARTESIAN_POINT('Ctrl Pts',(0.358981662577184,0.5886586613716,-0.2));
#3866=CARTESIAN_POINT('Ctrl Pts',(0.377281512467907,0.588739108443251,0.));
#3867=CARTESIAN_POINT('Ctrl Pts',(0.377281512467907,0.588739108443251,-0.2));
#3868=CARTESIAN_POINT('Ctrl Pts',(0.377727171342996,0.588738282915977,0.));
#3869=CARTESIAN_POINT('Ctrl Pts',(0.377727171342996,0.588738282915977,-0.2));
#3870=CARTESIAN_POINT('Ctrl Pts',(0.378173355529619,0.588735104792246,0.));
#3871=CARTESIAN_POINT('Ctrl Pts',(0.378173355529619,0.588735104792246,-0.2));
#3872=CARTESIAN_POINT('',(0.310795675363214,0.567019893254175,0.));
#3873=CARTESIAN_POINT('Origin',(0.303834267532818,0.561933370272715,0.));
#3874=CARTESIAN_POINT('',(0.303834267532818,0.561933370272715,0.));
#3875=CARTESIAN_POINT('Ctrl Pts',(0.303834267532818,0.561933370272715,0.));
#3876=CARTESIAN_POINT('Ctrl Pts',(0.290825956849567,0.55245034309109,0.));
#3877=CARTESIAN_POINT('Ctrl Pts',(0.275982406355834,0.545425950726835,0.));
#3878=CARTESIAN_POINT('Ctrl Pts',(0.303834267532818,0.561933370272715,-0.2));
#3879=CARTESIAN_POINT('Ctrl Pts',(0.290825956849567,0.55245034309109,-0.2));
#3880=CARTESIAN_POINT('Ctrl Pts',(0.275982406355834,0.545425950726835,-0.2));
#3881=CARTESIAN_POINT('',(0.275982406355834,0.545425950726835,0.));
#3882=CARTESIAN_POINT('Origin',(0.248370051437484,0.604225961744095,0.));
#3883=CARTESIAN_POINT('',(0.187387216912432,0.581843438806387,0.));
#3884=CARTESIAN_POINT('Ctrl Pts',(0.187387216912432,0.581843438806387,0.));
#3885=CARTESIAN_POINT('Ctrl Pts',(0.181777889379327,0.597261539451722,0.));
#3886=CARTESIAN_POINT('Ctrl Pts',(0.1791962801736,0.613166427591401,0.));
#3887=CARTESIAN_POINT('Ctrl Pts',(0.187387216912432,0.581843438806387,-0.2));
#3888=CARTESIAN_POINT('Ctrl Pts',(0.181777889379327,0.597261539451722,-0.2));
#3889=CARTESIAN_POINT('Ctrl Pts',(0.1791962801736,0.613166427591401,-0.2));
#3890=CARTESIAN_POINT('',(0.1791962801736,0.613166427591401,0.));
#3891=CARTESIAN_POINT('Origin',(0.177824568031497,0.62167832049611,0.));
#3892=CARTESIAN_POINT('',(0.177824568031497,0.62167832049611,0.));
#3893=CARTESIAN_POINT('Ctrl Pts',(0.145196724399647,0.684501294133825,0.));
#3894=CARTESIAN_POINT('Ctrl Pts',(0.145196724399647,0.684501294133825,-0.2));
#3895=CARTESIAN_POINT('Ctrl Pts',(0.145516157887376,0.684189761349386,0.));
#3896=CARTESIAN_POINT('Ctrl Pts',(0.145516157887376,0.684189761349386,-0.2));
#3897=CARTESIAN_POINT('Ctrl Pts',(0.145833563391354,0.683876925513067,0.));
#3898=CARTESIAN_POINT('Ctrl Pts',(0.145833563391354,0.683876925513067,-0.2));
#3899=CARTESIAN_POINT('Ctrl Pts',(0.158786597652434,0.670949826798134,0.));
#3900=CARTESIAN_POINT('Ctrl Pts',(0.158786597652434,0.670949826798134,-0.2));
#3901=CARTESIAN_POINT('Ctrl Pts',(0.168816641631086,0.654624024400292,0.));
#3902=CARTESIAN_POINT('Ctrl Pts',(0.168816641631086,0.654624024400292,-0.2));
#3903=CARTESIAN_POINT('Ctrl Pts',(0.175805394234768,0.631928504516968,0.));
#3904=CARTESIAN_POINT('Ctrl Pts',(0.175805394234768,0.631928504516968,-0.2));
#3905=CARTESIAN_POINT('Ctrl Pts',(0.176979110604839,0.626821820287086,0.));
#3906=CARTESIAN_POINT('Ctrl Pts',(0.176979110604839,0.626821820287086,-0.2));
#3907=CARTESIAN_POINT('Ctrl Pts',(0.177824568031497,0.62167832049611,0.));
#3908=CARTESIAN_POINT('Ctrl Pts',(0.177824568031497,0.62167832049611,-0.2));
#3909=CARTESIAN_POINT('',(0.145196724399646,0.684501294133824,0.));
#3910=CARTESIAN_POINT('Ctrl Pts',(0.101109448608199,0.684382298685629,0.));
#3911=CARTESIAN_POINT('Ctrl Pts',(0.101109448608199,0.684382298685629,-0.2));
#3912=CARTESIAN_POINT('Ctrl Pts',(0.103727566999522,0.686948272675658,0.));
#3913=CARTESIAN_POINT('Ctrl Pts',(0.103727566999522,0.686948272675658,-0.2));
#3914=CARTESIAN_POINT('Ctrl Pts',(0.106925504384107,0.689173983649198,0.));
#3915=CARTESIAN_POINT('Ctrl Pts',(0.106925504384107,0.689173983649198,-0.2));
#3916=CARTESIAN_POINT('Ctrl Pts',(0.114475244762188,0.692527698446812,0.));
#3917=CARTESIAN_POINT('Ctrl Pts',(0.114475244762188,0.692527698446812,-0.2));
#3918=CARTESIAN_POINT('Ctrl Pts',(0.118929277767122,0.693430348252373,0.));
#3919=CARTESIAN_POINT('Ctrl Pts',(0.118929277767122,0.693430348252373,-0.2));
#3920=CARTESIAN_POINT('Ctrl Pts',(0.127328312263722,0.693453017987719,0.));
#3921=CARTESIAN_POINT('Ctrl Pts',(0.127328312263722,0.693453017987719,-0.2));
#3922=CARTESIAN_POINT('Ctrl Pts',(0.131787153000655,0.692574424814976,0.));
#3923=CARTESIAN_POINT('Ctrl Pts',(0.131787153000655,0.692574424814976,-0.2));
#3924=CARTESIAN_POINT('Ctrl Pts',(0.139354887191194,0.689261513415386,0.));
#3925=CARTESIAN_POINT('Ctrl Pts',(0.139354887191194,0.689261513415386,-0.2));
#3926=CARTESIAN_POINT('Ctrl Pts',(0.142564792674835,0.687053097775258,0.));
#3927=CARTESIAN_POINT('Ctrl Pts',(0.142564792674835,0.687053097775258,-0.2));
#3928=CARTESIAN_POINT('Ctrl Pts',(0.145196724399646,0.684501294133824,0.));
#3929=CARTESIAN_POINT('Ctrl Pts',(0.145196724399646,0.684501294133824,-0.2));
#3930=CARTESIAN_POINT('',(0.1011094486082,0.684382298685628,0.));
#3931=CARTESIAN_POINT('Ctrl Pts',(0.0688212073953862,0.621384110805874,
0.));
#3932=CARTESIAN_POINT('Ctrl Pts',(0.0688212073953862,0.621384110805874,
-0.2));
#3933=CARTESIAN_POINT('Ctrl Pts',(0.0696388871862307,0.626532099550977,
0.));
#3934=CARTESIAN_POINT('Ctrl Pts',(0.0696388871862307,0.626532099550977,
-0.2));
#3935=CARTESIAN_POINT('Ctrl Pts',(0.0707850198731879,0.631645045258199,
0.));
#3936=CARTESIAN_POINT('Ctrl Pts',(0.0707850198731879,0.631645045258199,
-0.2));
#3937=CARTESIAN_POINT('Ctrl Pts',(0.0776511571206971,0.654377960711967,
0.));
#3938=CARTESIAN_POINT('Ctrl Pts',(0.0776511571206971,0.654377960711967,
-0.2));
#3939=CARTESIAN_POINT('Ctrl Pts',(0.0875929260401988,0.670757668795395,
0.));
#3940=CARTESIAN_POINT('Ctrl Pts',(0.0875929260401988,0.670757668795395,
-0.2));
#3941=CARTESIAN_POINT('Ctrl Pts',(0.100475989322734,0.683754501417712,0.));
#3942=CARTESIAN_POINT('Ctrl Pts',(0.100475989322734,0.683754501417712,-0.2));
#3943=CARTESIAN_POINT('Ctrl Pts',(0.100791701471339,0.68406904609445,0.));
#3944=CARTESIAN_POINT('Ctrl Pts',(0.100791701471339,0.68406904609445,-0.2));
#3945=CARTESIAN_POINT('Ctrl Pts',(0.1011094486082,0.684382298685628,0.));
#3946=CARTESIAN_POINT('Ctrl Pts',(0.1011094486082,0.684382298685628,-0.2));
#3947=CARTESIAN_POINT('',(0.0688212073953862,0.621384110805874,0.));
#3948=CARTESIAN_POINT('Origin',(0.0674954636047593,0.612864937229545,0.));
#3949=CARTESIAN_POINT('',(0.0674954636047593,0.612864937229545,0.));
#3950=CARTESIAN_POINT('Ctrl Pts',(0.0674954636047593,0.612864937229545,
0.));
#3951=CARTESIAN_POINT('Ctrl Pts',(0.0650027117351548,0.596961159707336,
0.));
#3952=CARTESIAN_POINT('Ctrl Pts',(0.0594737319986303,0.58149818902185,0.));
#3953=CARTESIAN_POINT('Ctrl Pts',(0.0674954636047593,0.612864937229545,
-0.2));
#3954=CARTESIAN_POINT('Ctrl Pts',(0.0650027117351548,0.596961159707336,
-0.2));
#3955=CARTESIAN_POINT('Ctrl Pts',(0.0594737319986303,0.58149818902185,-0.2));
#3956=CARTESIAN_POINT('',(0.0594737319986305,0.58149818902185,0.));
#3957=CARTESIAN_POINT('Origin',(-0.0016290379328128,0.603551192138704,0.));
#3958=CARTESIAN_POINT('',(-0.0289235800121377,0.544602982560746,0.));
#3959=CARTESIAN_POINT('Ctrl Pts',(-0.0289235800121376,0.544602982560746,
0.));
#3960=CARTESIAN_POINT('Ctrl Pts',(-0.0437922170680256,0.551538832543524,
0.));
#3961=CARTESIAN_POINT('Ctrl Pts',(-0.0568641447013499,0.560959813425362,
0.));
#3962=CARTESIAN_POINT('Ctrl Pts',(-0.0289235800121376,0.544602982560746,
-0.2));
#3963=CARTESIAN_POINT('Ctrl Pts',(-0.0437922170680256,0.551538832543524,
-0.2));
#3964=CARTESIAN_POINT('Ctrl Pts',(-0.0568641447013499,0.560959813425362,
-0.2));
#3965=CARTESIAN_POINT('',(-0.0568641447013497,0.560959813425362,0.));
#3966=CARTESIAN_POINT('Origin',(-0.0638529088525195,0.566008683661498,0.));
#3967=CARTESIAN_POINT('',(-0.0638529088525195,0.566008683661498,0.));
#3968=CARTESIAN_POINT('Ctrl Pts',(-0.131346829013627,0.587359864847456,
0.));
#3969=CARTESIAN_POINT('Ctrl Pts',(-0.131346829013627,0.587359864847456,
-0.2));
#3970=CARTESIAN_POINT('Ctrl Pts',(-0.130900668483877,0.587365451488328,
0.));
#3971=CARTESIAN_POINT('Ctrl Pts',(-0.130900668483877,0.587365451488328,
-0.2));
#3972=CARTESIAN_POINT('Ctrl Pts',(-0.130455020558369,0.587368682731318,
0.));
#3973=CARTESIAN_POINT('Ctrl Pts',(-0.130455020558369,0.587368682731318,
-0.2));
#3974=CARTESIAN_POINT('Ctrl Pts',(-0.11215500303302,0.587387021931872,0.));
#3975=CARTESIAN_POINT('Ctrl Pts',(-0.11215500303302,0.587387021931872,-0.2));
#3976=CARTESIAN_POINT('Ctrl Pts',(-0.0935186053362909,0.58293524846095,
0.));
#3977=CARTESIAN_POINT('Ctrl Pts',(-0.0935186053362909,0.58293524846095,
-0.2));
#3978=CARTESIAN_POINT('Ctrl Pts',(-0.0725286549661401,0.571828886806996,
0.));
#3979=CARTESIAN_POINT('Ctrl Pts',(-0.0725286549661401,0.571828886806996,
-0.2));
#3980=CARTESIAN_POINT('Ctrl Pts',(-0.0680877411133446,0.569047858563134,
0.));
#3981=CARTESIAN_POINT('Ctrl Pts',(-0.0680877411133446,0.569047858563134,
-0.2));
#3982=CARTESIAN_POINT('Ctrl Pts',(-0.0638529088525195,0.566008683661498,
0.));
#3983=CARTESIAN_POINT('Ctrl Pts',(-0.0638529088525195,0.566008683661498,
-0.2));
#3984=CARTESIAN_POINT('',(-0.131346829013591,0.587359864847457,0.));
#3985=CARTESIAN_POINT('Ctrl Pts',(-0.162437098201454,0.556101310682928,
0.));
#3986=CARTESIAN_POINT('Ctrl Pts',(-0.162437098201454,0.556101310682928,
-0.2));
#3987=CARTESIAN_POINT('Ctrl Pts',(-0.162400226541698,0.559767017560081,
0.));
#3988=CARTESIAN_POINT('Ctrl Pts',(-0.162400226541698,0.559767017560081,
-0.2));
#3989=CARTESIAN_POINT('Ctrl Pts',(-0.1617127586536,0.563602116092884,0.));
#3990=CARTESIAN_POINT('Ctrl Pts',(-0.1617127586536,0.563602116092884,-0.2));
#3991=CARTESIAN_POINT('Ctrl Pts',(-0.158745720511618,0.571312023185983,
0.));
#3992=CARTESIAN_POINT('Ctrl Pts',(-0.158745720511618,0.571312023185983,
-0.2));
#3993=CARTESIAN_POINT('Ctrl Pts',(-0.156234513368749,0.57509976992595,0.));
#3994=CARTESIAN_POINT('Ctrl Pts',(-0.156234513368749,0.57509976992595,-0.2));
#3995=CARTESIAN_POINT('Ctrl Pts',(-0.150311529044375,0.581054814097507,
0.));
#3996=CARTESIAN_POINT('Ctrl Pts',(-0.150311529044375,0.581054814097507,
-0.2));
#3997=CARTESIAN_POINT('Ctrl Pts',(-0.146537393332707,0.583586431428472,
0.));
#3998=CARTESIAN_POINT('Ctrl Pts',(-0.146537393332707,0.583586431428472,
-0.2));
#3999=CARTESIAN_POINT('Ctrl Pts',(-0.138843615052227,0.586595045476704,
0.));
#4000=CARTESIAN_POINT('Ctrl Pts',(-0.138843615052227,0.586595045476704,
-0.2));
#4001=CARTESIAN_POINT('Ctrl Pts',(-0.13501228344295,0.587303205736341,0.));
#4002=CARTESIAN_POINT('Ctrl Pts',(-0.13501228344295,0.587303205736341,-0.2));
#4003=CARTESIAN_POINT('Ctrl Pts',(-0.131346829013591,0.587359864847457,
0.));
#4004=CARTESIAN_POINT('Ctrl Pts',(-0.131346829013591,0.587359864847457,
-0.2));
#4005=CARTESIAN_POINT('',(-0.162437098201454,0.556101310682928,0.));
#4006=CARTESIAN_POINT('Ctrl Pts',(-0.140721886663384,0.488723630516523,
0.));
#4007=CARTESIAN_POINT('Ctrl Pts',(-0.140721886663384,0.488723630516523,
-0.2));
#4008=CARTESIAN_POINT('Ctrl Pts',(-0.143783877489572,0.492941995192602,
0.));
#4009=CARTESIAN_POINT('Ctrl Pts',(-0.143783877489572,0.492941995192602,
-0.2));
#4010=CARTESIAN_POINT('Ctrl Pts',(-0.1465888378759,0.497367831969104,0.));
#4011=CARTESIAN_POINT('Ctrl Pts',(-0.1465888378759,0.497367831969104,-0.2));
#4012=CARTESIAN_POINT('Ctrl Pts',(-0.157808344341129,0.518297522850875,
0.));
#4013=CARTESIAN_POINT('Ctrl Pts',(-0.157808344341129,0.518297522850875,
-0.2));
#4014=CARTESIAN_POINT('Ctrl Pts',(-0.162360654780808,0.536909617730493,
0.));
#4015=CARTESIAN_POINT('Ctrl Pts',(-0.162360654780808,0.536909617730493,
-0.2));
#4016=CARTESIAN_POINT('Ctrl Pts',(-0.162441101852459,0.555209467621216,
0.));
#4017=CARTESIAN_POINT('Ctrl Pts',(-0.162441101852459,0.555209467621216,
-0.2));
#4018=CARTESIAN_POINT('Ctrl Pts',(-0.162440276325184,0.555655126496305,
0.));
#4019=CARTESIAN_POINT('Ctrl Pts',(-0.162440276325184,0.555655126496305,
-0.2));
#4020=CARTESIAN_POINT('Ctrl Pts',(-0.162437098201454,0.556101310682928,
0.));
#4021=CARTESIAN_POINT('Ctrl Pts',(-0.162437098201454,0.556101310682928,
-0.2));
#4022=CARTESIAN_POINT('',(-0.140721886663384,0.488723630516523,0.));
#4023=CARTESIAN_POINT('Origin',(-0.135635363681924,0.481762222686127,0.));
#4024=CARTESIAN_POINT('',(-0.135635363681924,0.481762222686127,0.));
#4025=CARTESIAN_POINT('Ctrl Pts',(-0.135635363681924,0.481762222686127,
0.));
#4026=CARTESIAN_POINT('Ctrl Pts',(-0.1261523365003,0.468753912002878,0.));
#4027=CARTESIAN_POINT('Ctrl Pts',(-0.119127944136044,0.453910361509142,
0.));
#4028=CARTESIAN_POINT('Ctrl Pts',(-0.135635363681924,0.481762222686127,
-0.2));
#4029=CARTESIAN_POINT('Ctrl Pts',(-0.1261523365003,0.468753912002878,-0.2));
#4030=CARTESIAN_POINT('Ctrl Pts',(-0.119127944136044,0.453910361509142,
-0.2));
#4031=CARTESIAN_POINT('',(-0.119127944136044,0.453910361509142,0.));
#4032=CARTESIAN_POINT('Ctrl Pts',(-0.119127944136044,0.453910361509142,
0.));
#4033=CARTESIAN_POINT('Ctrl Pts',(-0.115951133952303,0.447142537517169,
0.));
#4034=CARTESIAN_POINT('Ctrl Pts',(-0.114399830249591,0.43986490697316,0.));
#4035=CARTESIAN_POINT('Ctrl Pts',(-0.119127944136044,0.453910361509142,
-0.2));
#4036=CARTESIAN_POINT('Ctrl Pts',(-0.115951133952303,0.447142537517169,
-0.2));
#4037=CARTESIAN_POINT('Ctrl Pts',(-0.114399830249591,0.43986490697316,-0.2));
#4038=CARTESIAN_POINT('',(-0.114399830249591,0.43986490697316,0.));
#4039=CARTESIAN_POINT('Origin',(-0.177927955153305,0.426298006590793,0.));
#4040=CARTESIAN_POINT('',(-0.155545432215597,0.365315172065741,0.));
#4041=CARTESIAN_POINT('Ctrl Pts',(-0.155545432215597,0.365315172065741,
0.));
#4042=CARTESIAN_POINT('Ctrl Pts',(-0.170963532860933,0.359705844532636,
0.));
#4043=CARTESIAN_POINT('Ctrl Pts',(-0.186868421000611,0.357124235326909,
0.));
#4044=CARTESIAN_POINT('Ctrl Pts',(-0.155545432215597,0.365315172065741,
-0.2));
#4045=CARTESIAN_POINT('Ctrl Pts',(-0.170963532860933,0.359705844532636,
-0.2));
#4046=CARTESIAN_POINT('Ctrl Pts',(-0.186868421000611,0.357124235326909,
-0.2));
#4047=CARTESIAN_POINT('',(-0.186868421000611,0.357124235326909,0.));
#4048=CARTESIAN_POINT('Origin',(-0.19538031390532,0.355752523184806,0.));
#4049=CARTESIAN_POINT('',(-0.19538031390532,0.355752523184806,0.));
#4050=CARTESIAN_POINT('Ctrl Pts',(-0.258203287543036,0.323124679552957,
0.));
#4051=CARTESIAN_POINT('Ctrl Pts',(-0.258203287543036,0.323124679552957,
-0.2));
#4052=CARTESIAN_POINT('Ctrl Pts',(-0.257891754758596,0.323444113040686,
0.));
#4053=CARTESIAN_POINT('Ctrl Pts',(-0.257891754758596,0.323444113040686,
-0.2));
#4054=CARTESIAN_POINT('Ctrl Pts',(-0.257578918922278,0.323761518544664,
0.));
#4055=CARTESIAN_POINT('Ctrl Pts',(-0.257578918922278,0.323761518544664,
-0.2));
#4056=CARTESIAN_POINT('Ctrl Pts',(-0.244651820207344,0.336714552805744,
0.));
#4057=CARTESIAN_POINT('Ctrl Pts',(-0.244651820207344,0.336714552805744,
-0.2));
#4058=CARTESIAN_POINT('Ctrl Pts',(-0.228326017809502,0.346744596784395,
0.));
#4059=CARTESIAN_POINT('Ctrl Pts',(-0.228326017809502,0.346744596784395,
-0.2));
#4060=CARTESIAN_POINT('Ctrl Pts',(-0.205630497926178,0.353733349388077,
0.));
#4061=CARTESIAN_POINT('Ctrl Pts',(-0.205630497926178,0.353733349388077,
-0.2));
#4062=CARTESIAN_POINT('Ctrl Pts',(-0.200523813696295,0.354907065758148,
0.));
#4063=CARTESIAN_POINT('Ctrl Pts',(-0.200523813696295,0.354907065758148,
-0.2));
#4064=CARTESIAN_POINT('Ctrl Pts',(-0.19538031390532,0.355752523184806,0.));
#4065=CARTESIAN_POINT('Ctrl Pts',(-0.19538031390532,0.355752523184806,-0.2));
#4066=CARTESIAN_POINT('',(-0.258203287543011,0.323124679552983,0.));
#4067=CARTESIAN_POINT('Ctrl Pts',(-0.258084292094839,0.279037403761504,
0.));
#4068=CARTESIAN_POINT('Ctrl Pts',(-0.258084292094839,0.279037403761504,
-0.2));
#4069=CARTESIAN_POINT('Ctrl Pts',(-0.260650266084868,0.281655522152829,
0.));
#4070=CARTESIAN_POINT('Ctrl Pts',(-0.260650266084868,0.281655522152829,
-0.2));
#4071=CARTESIAN_POINT('Ctrl Pts',(-0.262875977058409,0.284853459537414,
0.));
#4072=CARTESIAN_POINT('Ctrl Pts',(-0.262875977058409,0.284853459537414,
-0.2));
#4073=CARTESIAN_POINT('Ctrl Pts',(-0.266229691856024,0.292403199915497,
0.));
#4074=CARTESIAN_POINT('Ctrl Pts',(-0.266229691856024,0.292403199915497,
-0.2));
#4075=CARTESIAN_POINT('Ctrl Pts',(-0.267132341661585,0.296857232920432,
0.));
#4076=CARTESIAN_POINT('Ctrl Pts',(-0.267132341661585,0.296857232920432,
-0.2));
#4077=CARTESIAN_POINT('Ctrl Pts',(-0.267155011396932,0.305256267417032,
0.));
#4078=CARTESIAN_POINT('Ctrl Pts',(-0.267155011396932,0.305256267417032,
-0.2));
#4079=CARTESIAN_POINT('Ctrl Pts',(-0.266276418224188,0.309715108153965,
0.));
#4080=CARTESIAN_POINT('Ctrl Pts',(-0.266276418224188,0.309715108153965,
-0.2));
#4081=CARTESIAN_POINT('Ctrl Pts',(-0.262963506824592,0.317282842344516,
0.));
#4082=CARTESIAN_POINT('Ctrl Pts',(-0.262963506824592,0.317282842344516,
-0.2));
#4083=CARTESIAN_POINT('Ctrl Pts',(-0.260755091184455,0.320492747828167,
0.));
#4084=CARTESIAN_POINT('Ctrl Pts',(-0.260755091184455,0.320492747828167,
-0.2));
#4085=CARTESIAN_POINT('Ctrl Pts',(-0.258203287543011,0.323124679552983,
0.));
#4086=CARTESIAN_POINT('Ctrl Pts',(-0.258203287543011,0.323124679552983,
-0.2));
#4087=CARTESIAN_POINT('',(-0.258084292094839,0.279037403761504,0.));
#4088=CARTESIAN_POINT('Ctrl Pts',(-0.195086104215085,0.246749162548691,
0.));
#4089=CARTESIAN_POINT('Ctrl Pts',(-0.195086104215085,0.246749162548691,
-0.2));
#4090=CARTESIAN_POINT('Ctrl Pts',(-0.200234092960187,0.247566842339535,
0.));
#4091=CARTESIAN_POINT('Ctrl Pts',(-0.200234092960187,0.247566842339535,
-0.2));
#4092=CARTESIAN_POINT('Ctrl Pts',(-0.205347038667409,0.248712975026493,
0.));
#4093=CARTESIAN_POINT('Ctrl Pts',(-0.205347038667409,0.248712975026493,
-0.2));
#4094=CARTESIAN_POINT('Ctrl Pts',(-0.228079954121178,0.255579112274002,
0.));
#4095=CARTESIAN_POINT('Ctrl Pts',(-0.228079954121178,0.255579112274002,
-0.2));
#4096=CARTESIAN_POINT('Ctrl Pts',(-0.244459662204605,0.265520881193503,
0.));
#4097=CARTESIAN_POINT('Ctrl Pts',(-0.244459662204605,0.265520881193503,
-0.2));
#4098=CARTESIAN_POINT('Ctrl Pts',(-0.257456494826923,0.278403944476038,
0.));
#4099=CARTESIAN_POINT('Ctrl Pts',(-0.257456494826923,0.278403944476038,
-0.2));
#4100=CARTESIAN_POINT('Ctrl Pts',(-0.25777103950366,0.278719656624644,0.));
#4101=CARTESIAN_POINT('Ctrl Pts',(-0.25777103950366,0.278719656624644,-0.2));
#4102=CARTESIAN_POINT('Ctrl Pts',(-0.258084292094838,0.279037403761504,
0.));
#4103=CARTESIAN_POINT('Ctrl Pts',(-0.258084292094838,0.279037403761504,
-0.2));
#4104=CARTESIAN_POINT('',(-0.195086104215085,0.246749162548691,0.));
#4105=CARTESIAN_POINT('Origin',(-0.186566930638755,0.245423418758064,0.));
#4106=CARTESIAN_POINT('',(-0.186566930638755,0.245423418758064,0.));
#4107=CARTESIAN_POINT('Ctrl Pts',(-0.186566930638755,0.245423418758064,
0.));
#4108=CARTESIAN_POINT('Ctrl Pts',(-0.170663153116545,0.24293066688846,0.));
#4109=CARTESIAN_POINT('Ctrl Pts',(-0.15520018243106,0.237401687151935,0.));
#4110=CARTESIAN_POINT('Ctrl Pts',(-0.186566930638755,0.245423418758064,
-0.2));
#4111=CARTESIAN_POINT('Ctrl Pts',(-0.170663153116545,0.24293066688846,-0.2));
#4112=CARTESIAN_POINT('Ctrl Pts',(-0.15520018243106,0.237401687151935,-0.2));
#4113=CARTESIAN_POINT('',(-0.15520018243106,0.237401687151935,0.));
#4114=CARTESIAN_POINT('Origin',(-0.177253185547914,0.176298917220492,0.));
#4115=CARTESIAN_POINT('',(-0.118304975969956,0.149004375141167,-0.2));
#4116=CARTESIAN_POINT('Origin',(-0.177253185547914,0.176298917220492,-0.2));
#4117=CARTESIAN_POINT('',(-0.118304975969956,0.149004375141167,0.));
#4118=CARTESIAN_POINT('Ctrl Pts',(-0.118304975969956,0.149004375141167,
0.));
#4119=CARTESIAN_POINT('Ctrl Pts',(-0.125240825952735,0.134135738085279,
0.));
#4120=CARTESIAN_POINT('Ctrl Pts',(-0.134661806834572,0.121063810451955,
0.));
#4121=CARTESIAN_POINT('Ctrl Pts',(-0.118304975969956,0.149004375141167,
-0.2));
#4122=CARTESIAN_POINT('Ctrl Pts',(-0.125240825952735,0.134135738085279,
-0.2));
#4123=CARTESIAN_POINT('Ctrl Pts',(-0.134661806834572,0.121063810451955,
-0.2));
#4124=CARTESIAN_POINT('',(-0.134661806834572,0.121063810451955,-0.2));
#4125=CARTESIAN_POINT('Origin',(-0.164093654260925,0.162225704187713,-0.2));
#4126=CARTESIAN_POINT('',(-0.134661806834572,0.121063810451955,0.));
#4127=CARTESIAN_POINT('Origin',(-0.139710677070708,0.114075046300786,0.));
#4128=CARTESIAN_POINT('',(-0.139710677070708,0.114075046300786,-0.2));
#4129=CARTESIAN_POINT('',(-0.134661806834572,0.121063810451955,-0.2));
#4130=CARTESIAN_POINT('',(-0.139710677070708,0.114075046300786,0.));
#4131=CARTESIAN_POINT('Ctrl Pts',(-0.161061858256666,0.0465811261396777,
0.));
#4132=CARTESIAN_POINT('Ctrl Pts',(-0.161061858256666,0.0465811261396777,
-0.2));
#4133=CARTESIAN_POINT('Ctrl Pts',(-0.161067444897538,0.047027286669428,
0.));
#4134=CARTESIAN_POINT('Ctrl Pts',(-0.161067444897538,0.047027286669428,
-0.2));
#4135=CARTESIAN_POINT('Ctrl Pts',(-0.161070676140528,0.0474729345949361,
0.));
#4136=CARTESIAN_POINT('Ctrl Pts',(-0.161070676140528,0.0474729345949361,
-0.2));
#4137=CARTESIAN_POINT('Ctrl Pts',(-0.161089015341082,0.0657729521202845,
0.));
#4138=CARTESIAN_POINT('Ctrl Pts',(-0.161089015341082,0.0657729521202845,
-0.2));
#4139=CARTESIAN_POINT('Ctrl Pts',(-0.15663724187016,0.084409349817014,0.));
#4140=CARTESIAN_POINT('Ctrl Pts',(-0.15663724187016,0.084409349817014,-0.2));
#4141=CARTESIAN_POINT('Ctrl Pts',(-0.145530880216206,0.105399300187165,
0.));
#4142=CARTESIAN_POINT('Ctrl Pts',(-0.145530880216206,0.105399300187165,
-0.2));
#4143=CARTESIAN_POINT('Ctrl Pts',(-0.142749851972344,0.10984021403996,0.));
#4144=CARTESIAN_POINT('Ctrl Pts',(-0.142749851972344,0.10984021403996,-0.2));
#4145=CARTESIAN_POINT('Ctrl Pts',(-0.139710677070708,0.114075046300786,
0.));
#4146=CARTESIAN_POINT('Ctrl Pts',(-0.139710677070708,0.114075046300786,
-0.2));
#4147=CARTESIAN_POINT('',(-0.161061858256665,0.0465811261396777,-0.2));
#4148=CARTESIAN_POINT('Ctrl Pts',(-0.161061858256666,0.0465811261396777,
-0.2));
#4149=CARTESIAN_POINT('Ctrl Pts',(-0.161067444897538,0.047027286669428,
-0.2));
#4150=CARTESIAN_POINT('Ctrl Pts',(-0.161070676140528,0.0474729345949361,
-0.2));
#4151=CARTESIAN_POINT('Ctrl Pts',(-0.161089015341082,0.0657729521202845,
-0.2));
#4152=CARTESIAN_POINT('Ctrl Pts',(-0.15663724187016,0.084409349817014,-0.2));
#4153=CARTESIAN_POINT('Ctrl Pts',(-0.145530880216206,0.105399300187165,
-0.2));
#4154=CARTESIAN_POINT('Ctrl Pts',(-0.142749851972344,0.10984021403996,-0.2));
#4155=CARTESIAN_POINT('Ctrl Pts',(-0.139710677070708,0.114075046300786,
-0.2));
#4156=CARTESIAN_POINT('',(-0.161061858256665,0.0465811261396777,0.));
#4157=CARTESIAN_POINT('Ctrl Pts',(-0.129803304092136,0.0154908569518482,
0.));
#4158=CARTESIAN_POINT('Ctrl Pts',(-0.129803304092136,0.0154908569518482,
-0.2));
#4159=CARTESIAN_POINT('Ctrl Pts',(-0.133469010969289,0.0155277286116043,
0.));
#4160=CARTESIAN_POINT('Ctrl Pts',(-0.133469010969289,0.0155277286116043,
-0.2));
#4161=CARTESIAN_POINT('Ctrl Pts',(-0.137304109502091,0.0162151964997025,
0.));
#4162=CARTESIAN_POINT('Ctrl Pts',(-0.137304109502091,0.0162151964997025,
-0.2));
#4163=CARTESIAN_POINT('Ctrl Pts',(-0.145014016595191,0.0191822346416843,
0.));
#4164=CARTESIAN_POINT('Ctrl Pts',(-0.145014016595191,0.0191822346416843,
-0.2));
#4165=CARTESIAN_POINT('Ctrl Pts',(-0.148801763335158,0.0216934417845531,
0.));
#4166=CARTESIAN_POINT('Ctrl Pts',(-0.148801763335158,0.0216934417845531,
-0.2));
#4167=CARTESIAN_POINT('Ctrl Pts',(-0.154756807506715,0.0276164261089277,
0.));
#4168=CARTESIAN_POINT('Ctrl Pts',(-0.154756807506715,0.0276164261089277,
-0.2));
#4169=CARTESIAN_POINT('Ctrl Pts',(-0.15728842483768,0.0313905618205952,
0.));
#4170=CARTESIAN_POINT('Ctrl Pts',(-0.15728842483768,0.0313905618205952,
-0.2));
#4171=CARTESIAN_POINT('Ctrl Pts',(-0.160297038885908,0.0390843401010647,
0.));
#4172=CARTESIAN_POINT('Ctrl Pts',(-0.160297038885908,0.0390843401010647,
-0.2));
#4173=CARTESIAN_POINT('Ctrl Pts',(-0.161005199145545,0.0429156717103288,
0.));
#4174=CARTESIAN_POINT('Ctrl Pts',(-0.161005199145545,0.0429156717103288,
-0.2));
#4175=CARTESIAN_POINT('Ctrl Pts',(-0.161061858256665,0.0465811261396777,
0.));
#4176=CARTESIAN_POINT('Ctrl Pts',(-0.161061858256665,0.0465811261396777,
-0.2));
#4177=CARTESIAN_POINT('',(-0.129803304092136,0.0154908569518491,-0.2));
#4178=CARTESIAN_POINT('Ctrl Pts',(-0.129803304092136,0.0154908569518482,
-0.2));
#4179=CARTESIAN_POINT('Ctrl Pts',(-0.133469010969289,0.0155277286116043,
-0.2));
#4180=CARTESIAN_POINT('Ctrl Pts',(-0.137304109502091,0.0162151964997025,
-0.2));
#4181=CARTESIAN_POINT('Ctrl Pts',(-0.145014016595191,0.0191822346416843,
-0.2));
#4182=CARTESIAN_POINT('Ctrl Pts',(-0.148801763335158,0.0216934417845531,
-0.2));
#4183=CARTESIAN_POINT('Ctrl Pts',(-0.154756807506715,0.0276164261089277,
-0.2));
#4184=CARTESIAN_POINT('Ctrl Pts',(-0.15728842483768,0.0313905618205952,
-0.2));
#4185=CARTESIAN_POINT('Ctrl Pts',(-0.160297038885908,0.0390843401010647,
-0.2));
#4186=CARTESIAN_POINT('Ctrl Pts',(-0.161005199145545,0.0429156717103288,
-0.2));
#4187=CARTESIAN_POINT('Ctrl Pts',(-0.161061858256665,0.0465811261396777,
-0.2));
#4188=CARTESIAN_POINT('',(-0.129803304092136,0.0154908569518491,0.));
#4189=CARTESIAN_POINT('Ctrl Pts',(-0.0624256239257302,0.0372060684899204,
0.));
#4190=CARTESIAN_POINT('Ctrl Pts',(-0.0624256239257302,0.0372060684899204,
-0.2));
#4191=CARTESIAN_POINT('Ctrl Pts',(-0.0666439886018096,0.0341440776637316,
0.));
#4192=CARTESIAN_POINT('Ctrl Pts',(-0.0666439886018096,0.0341440776637316,
-0.2));
#4193=CARTESIAN_POINT('Ctrl Pts',(-0.0710698253783117,0.0313391172774034,
0.));
#4194=CARTESIAN_POINT('Ctrl Pts',(-0.0710698253783117,0.0313391172774034,
-0.2));
#4195=CARTESIAN_POINT('Ctrl Pts',(-0.091999516260083,0.0201196108121742,
0.));
#4196=CARTESIAN_POINT('Ctrl Pts',(-0.091999516260083,0.0201196108121742,
-0.2));
#4197=CARTESIAN_POINT('Ctrl Pts',(-0.1106116111397,0.0155673003724957,0.));
#4198=CARTESIAN_POINT('Ctrl Pts',(-0.1106116111397,0.0155673003724957,-0.2));
#4199=CARTESIAN_POINT('Ctrl Pts',(-0.128911461030423,0.0154868533008442,
0.));
#4200=CARTESIAN_POINT('Ctrl Pts',(-0.128911461030423,0.0154868533008442,
-0.2));
#4201=CARTESIAN_POINT('Ctrl Pts',(-0.129357119905512,0.0154876788281189,
0.));
#4202=CARTESIAN_POINT('Ctrl Pts',(-0.129357119905512,0.0154876788281189,
-0.2));
#4203=CARTESIAN_POINT('Ctrl Pts',(-0.129803304092136,0.0154908569518491,
0.));
#4204=CARTESIAN_POINT('Ctrl Pts',(-0.129803304092136,0.0154908569518491,
-0.2));
#4205=CARTESIAN_POINT('',(-0.0624256239257302,0.0372060684899204,-0.2));
#4206=CARTESIAN_POINT('Ctrl Pts',(-0.0624256239257302,0.0372060684899204,
-0.2));
#4207=CARTESIAN_POINT('Ctrl Pts',(-0.0666439886018096,0.0341440776637316,
-0.2));
#4208=CARTESIAN_POINT('Ctrl Pts',(-0.0710698253783117,0.0313391172774034,
-0.2));
#4209=CARTESIAN_POINT('Ctrl Pts',(-0.091999516260083,0.0201196108121742,
-0.2));
#4210=CARTESIAN_POINT('Ctrl Pts',(-0.1106116111397,0.0155673003724957,-0.2));
#4211=CARTESIAN_POINT('Ctrl Pts',(-0.128911461030423,0.0154868533008442,
-0.2));
#4212=CARTESIAN_POINT('Ctrl Pts',(-0.129357119905512,0.0154876788281189,
-0.2));
#4213=CARTESIAN_POINT('Ctrl Pts',(-0.129803304092136,0.0154908569518491,
-0.2));
#4214=CARTESIAN_POINT('',(-0.0624256239257302,0.0372060684899204,0.));
#4215=CARTESIAN_POINT('Origin',(-0.0554642160953343,0.0422925914713802,
0.));
#4216=CARTESIAN_POINT('',(-0.0554642160953342,0.0422925914713802,-0.2));
#4217=CARTESIAN_POINT('',(-0.0624256239257302,0.0372060684899204,-0.2));
#4218=CARTESIAN_POINT('',(-0.0554642160953343,0.0422925914713802,0.));
#4219=CARTESIAN_POINT('Ctrl Pts',(-0.0554642160953343,0.0422925914713802,
0.));
#4220=CARTESIAN_POINT('Ctrl Pts',(-0.0424559054120843,0.0517756186530043,
0.));
#4221=CARTESIAN_POINT('Ctrl Pts',(-0.0276123549183502,0.0588000110172603,
0.));
#4222=CARTESIAN_POINT('Ctrl Pts',(-0.0554642160953343,0.0422925914713802,
-0.2));
#4223=CARTESIAN_POINT('Ctrl Pts',(-0.0424559054120843,0.0517756186530043,
-0.2));
#4224=CARTESIAN_POINT('Ctrl Pts',(-0.0276123549183502,0.0588000110172603,
-0.2));
#4225=CARTESIAN_POINT('',(-0.0276123549183502,0.0588000110172603,-0.2));
#4226=CARTESIAN_POINT('Origin',(-0.0135882624252739,0.0131022029297493,
-0.2));
#4227=CARTESIAN_POINT('',(-0.0276123549183502,0.0588000110172603,0.));
#4228=CARTESIAN_POINT('Origin',(-2.73184799366426E-17,-3.16894367265055E-16,
0.));
#4229=CARTESIAN_POINT('',(0.0609828345250516,0.0223825229377084,-0.2));
#4230=CARTESIAN_POINT('Origin',(-2.73184799366426E-17,-3.16894367265055E-16,
-0.2));
#4231=CARTESIAN_POINT('',(0.0609828345250516,0.0223825229377084,0.));
#4232=CARTESIAN_POINT('Ctrl Pts',(0.0609828345250516,0.0223825229377084,
0.));
#4233=CARTESIAN_POINT('Ctrl Pts',(0.0665921620581563,0.00696442229237261,
0.));
#4234=CARTESIAN_POINT('Ctrl Pts',(0.069173771263884,-0.00894046584730603,
0.));
#4235=CARTESIAN_POINT('Ctrl Pts',(0.0609828345250516,0.0223825229377084,
-0.2));
#4236=CARTESIAN_POINT('Ctrl Pts',(0.0665921620581563,0.00696442229237261,
-0.2));
#4237=CARTESIAN_POINT('Ctrl Pts',(0.069173771263884,-0.00894046584730603,
-0.2));
#4238=CARTESIAN_POINT('',(0.069173771263884,-0.00894046584730598,-0.2));
#4239=CARTESIAN_POINT('Origin',(0.019256458177774,-0.000646070558475534,
-0.2));
#4240=CARTESIAN_POINT('',(0.069173771263884,-0.00894046584730598,0.));
#4241=CARTESIAN_POINT('Origin',(0.0705454834059867,-0.0174523587520144,
0.));
#4242=CARTESIAN_POINT('',(0.0705454834059867,-0.0174523587520144,-0.2));
#4243=CARTESIAN_POINT('',(0.069173771263884,-0.00894046584730598,-0.2));
#4244=CARTESIAN_POINT('',(0.0705454834059867,-0.0174523587520144,0.));
#4245=CARTESIAN_POINT('Ctrl Pts',(0.103173327037837,-0.0802753323897302,
0.));
#4246=CARTESIAN_POINT('Ctrl Pts',(0.103173327037837,-0.0802753323897302,
-0.2));
#4247=CARTESIAN_POINT('Ctrl Pts',(0.102853893550108,-0.0799637996052906,
0.));
#4248=CARTESIAN_POINT('Ctrl Pts',(0.102853893550108,-0.0799637996052906,
-0.2));
#4249=CARTESIAN_POINT('Ctrl Pts',(0.10253648804613,-0.0796509637689721,
0.));
#4250=CARTESIAN_POINT('Ctrl Pts',(0.10253648804613,-0.0796509637689721,
-0.2));
#4251=CARTESIAN_POINT('Ctrl Pts',(0.0895834537850495,-0.0667238650540391,
0.));
#4252=CARTESIAN_POINT('Ctrl Pts',(0.0895834537850495,-0.0667238650540391,
-0.2));
#4253=CARTESIAN_POINT('Ctrl Pts',(0.0795534098063979,-0.0503980626561971,
0.));
#4254=CARTESIAN_POINT('Ctrl Pts',(0.0795534098063979,-0.0503980626561971,
-0.2));
#4255=CARTESIAN_POINT('Ctrl Pts',(0.0725646572027162,-0.0277025427728731,
0.));
#4256=CARTESIAN_POINT('Ctrl Pts',(0.0725646572027162,-0.0277025427728731,
-0.2));
#4257=CARTESIAN_POINT('Ctrl Pts',(0.0713909408326452,-0.0225958585429901,
0.));
#4258=CARTESIAN_POINT('Ctrl Pts',(0.0713909408326452,-0.0225958585429901,
-0.2));
#4259=CARTESIAN_POINT('Ctrl Pts',(0.0705454834059867,-0.0174523587520144,
0.));
#4260=CARTESIAN_POINT('Ctrl Pts',(0.0705454834059867,-0.0174523587520144,
-0.2));
#4261=CARTESIAN_POINT('',(0.103173327037836,-0.0802753323897307,-0.2));
#4262=CARTESIAN_POINT('Ctrl Pts',(0.103173327037837,-0.0802753323897302,
-0.2));
#4263=CARTESIAN_POINT('Ctrl Pts',(0.102853893550108,-0.0799637996052906,
-0.2));
#4264=CARTESIAN_POINT('Ctrl Pts',(0.10253648804613,-0.0796509637689721,
-0.2));
#4265=CARTESIAN_POINT('Ctrl Pts',(0.0895834537850495,-0.0667238650540391,
-0.2));
#4266=CARTESIAN_POINT('Ctrl Pts',(0.0795534098063979,-0.0503980626561971,
-0.2));
#4267=CARTESIAN_POINT('Ctrl Pts',(0.0725646572027162,-0.0277025427728731,
-0.2));
#4268=CARTESIAN_POINT('Ctrl Pts',(0.0713909408326452,-0.0225958585429901,
-0.2));
#4269=CARTESIAN_POINT('Ctrl Pts',(0.0705454834059867,-0.0174523587520144,
-0.2));
#4270=CARTESIAN_POINT('',(0.103173327037836,-0.0802753323897307,0.));
#4271=CARTESIAN_POINT('Ctrl Pts',(0.147260602829286,-0.080156336941532,
0.));
#4272=CARTESIAN_POINT('Ctrl Pts',(0.147260602829286,-0.080156336941532,
-0.2));
#4273=CARTESIAN_POINT('Ctrl Pts',(0.144642484437962,-0.0827223109315618,
0.));
#4274=CARTESIAN_POINT('Ctrl Pts',(0.144642484437962,-0.0827223109315618,
-0.2));
#4275=CARTESIAN_POINT('Ctrl Pts',(0.141444547053376,-0.0849480219051027,
0.));
#4276=CARTESIAN_POINT('Ctrl Pts',(0.141444547053376,-0.0849480219051027,
-0.2));
#4277=CARTESIAN_POINT('Ctrl Pts',(0.133894806675293,-0.0883017367027171,
0.));
#4278=CARTESIAN_POINT('Ctrl Pts',(0.133894806675293,-0.0883017367027171,
-0.2));
#4279=CARTESIAN_POINT('Ctrl Pts',(0.129440773670359,-0.0892043865082782,
0.));
#4280=CARTESIAN_POINT('Ctrl Pts',(0.129440773670359,-0.0892043865082782,
-0.2));
#4281=CARTESIAN_POINT('Ctrl Pts',(0.121041739173759,-0.0892270562436249,
0.));
#4282=CARTESIAN_POINT('Ctrl Pts',(0.121041739173759,-0.0892270562436249,
-0.2));
#4283=CARTESIAN_POINT('Ctrl Pts',(0.116582898436826,-0.0883484630708814,
0.));
#4284=CARTESIAN_POINT('Ctrl Pts',(0.116582898436826,-0.0883484630708814,
-0.2));
#4285=CARTESIAN_POINT('Ctrl Pts',(0.109015164246287,-0.0850355516712912,
0.));
#4286=CARTESIAN_POINT('Ctrl Pts',(0.109015164246287,-0.0850355516712912,
-0.2));
#4287=CARTESIAN_POINT('Ctrl Pts',(0.105805258762647,-0.0828271360311636,
0.));
#4288=CARTESIAN_POINT('Ctrl Pts',(0.105805258762647,-0.0828271360311636,
-0.2));
#4289=CARTESIAN_POINT('Ctrl Pts',(0.103173327037836,-0.0802753323897307,
0.));
#4290=CARTESIAN_POINT('Ctrl Pts',(0.103173327037836,-0.0802753323897307,
-0.2));
#4291=CARTESIAN_POINT('',(0.147260602829286,-0.0801563369415326,-0.2));
#4292=CARTESIAN_POINT('Ctrl Pts',(0.147260602829286,-0.080156336941532,
-0.2));
#4293=CARTESIAN_POINT('Ctrl Pts',(0.144642484437962,-0.0827223109315618,
-0.2));
#4294=CARTESIAN_POINT('Ctrl Pts',(0.141444547053376,-0.0849480219051027,
-0.2));
#4295=CARTESIAN_POINT('Ctrl Pts',(0.133894806675293,-0.0883017367027171,
-0.2));
#4296=CARTESIAN_POINT('Ctrl Pts',(0.129440773670359,-0.0892043865082782,
-0.2));
#4297=CARTESIAN_POINT('Ctrl Pts',(0.121041739173759,-0.0892270562436249,
-0.2));
#4298=CARTESIAN_POINT('Ctrl Pts',(0.116582898436826,-0.0883484630708814,
-0.2));
#4299=CARTESIAN_POINT('Ctrl Pts',(0.109015164246287,-0.0850355516712912,
-0.2));
#4300=CARTESIAN_POINT('Ctrl Pts',(0.105805258762647,-0.0828271360311636,
-0.2));
#4301=CARTESIAN_POINT('Ctrl Pts',(0.103173327037836,-0.0802753323897307,
-0.2));
#4302=CARTESIAN_POINT('',(0.147260602829286,-0.0801563369415326,0.));
#4303=CARTESIAN_POINT('Ctrl Pts',(0.1795488440421,-0.0171581490617786,0.));
#4304=CARTESIAN_POINT('Ctrl Pts',(0.1795488440421,-0.0171581490617786,-0.2));
#4305=CARTESIAN_POINT('Ctrl Pts',(0.178731164251255,-0.0223061378068813,
0.));
#4306=CARTESIAN_POINT('Ctrl Pts',(0.178731164251255,-0.0223061378068813,
-0.2));
#4307=CARTESIAN_POINT('Ctrl Pts',(0.177585031564298,-0.027419083514103,
0.));
#4308=CARTESIAN_POINT('Ctrl Pts',(0.177585031564298,-0.027419083514103,
-0.2));
#4309=CARTESIAN_POINT('Ctrl Pts',(0.170718894316789,-0.0501519989678716,
0.));
#4310=CARTESIAN_POINT('Ctrl Pts',(0.170718894316789,-0.0501519989678716,
-0.2));
#4311=CARTESIAN_POINT('Ctrl Pts',(0.160777125397287,-0.0665317070512991,
0.));
#4312=CARTESIAN_POINT('Ctrl Pts',(0.160777125397287,-0.0665317070512991,
-0.2));
#4313=CARTESIAN_POINT('Ctrl Pts',(0.147894062114753,-0.0795285396736166,
0.));
#4314=CARTESIAN_POINT('Ctrl Pts',(0.147894062114753,-0.0795285396736166,
-0.2));
#4315=CARTESIAN_POINT('Ctrl Pts',(0.147578349966147,-0.079843084350354,
0.));
#4316=CARTESIAN_POINT('Ctrl Pts',(0.147578349966147,-0.079843084350354,
-0.2));
#4317=CARTESIAN_POINT('Ctrl Pts',(0.147260602829286,-0.0801563369415326,
0.));
#4318=CARTESIAN_POINT('Ctrl Pts',(0.147260602829286,-0.0801563369415326,
-0.2));
#4319=CARTESIAN_POINT('',(0.1795488440421,-0.0171581490617786,-0.2));
#4320=CARTESIAN_POINT('Ctrl Pts',(0.1795488440421,-0.0171581490617786,-0.2));
#4321=CARTESIAN_POINT('Ctrl Pts',(0.178731164251255,-0.0223061378068813,
-0.2));
#4322=CARTESIAN_POINT('Ctrl Pts',(0.177585031564298,-0.027419083514103,
-0.2));
#4323=CARTESIAN_POINT('Ctrl Pts',(0.170718894316789,-0.0501519989678716,
-0.2));
#4324=CARTESIAN_POINT('Ctrl Pts',(0.160777125397287,-0.0665317070512991,
-0.2));
#4325=CARTESIAN_POINT('Ctrl Pts',(0.147894062114753,-0.0795285396736166,
-0.2));
#4326=CARTESIAN_POINT('Ctrl Pts',(0.147578349966147,-0.079843084350354,
-0.2));
#4327=CARTESIAN_POINT('Ctrl Pts',(0.147260602829286,-0.0801563369415326,
-0.2));
#4328=CARTESIAN_POINT('',(0.1795488440421,-0.0171581490617786,0.));
#4329=CARTESIAN_POINT('Origin',(0.180874587832727,-0.00863897548544894,
0.));
#4330=CARTESIAN_POINT('',(0.180874587832727,-0.00863897548544894,-0.2));
#4331=CARTESIAN_POINT('',(0.1795488440421,-0.0171581490617786,-0.2));
#4332=CARTESIAN_POINT('',(0.180874587832727,-0.00863897548544894,0.));
#4333=CARTESIAN_POINT('Ctrl Pts',(0.180874587832727,-0.00863897548544895,
0.));
#4334=CARTESIAN_POINT('Ctrl Pts',(0.183367339702331,0.00726480203676104,
0.));
#4335=CARTESIAN_POINT('Ctrl Pts',(0.188896319438855,0.022727772722246,0.));
#4336=CARTESIAN_POINT('Ctrl Pts',(0.180874587832727,-0.00863897548544895,
-0.2));
#4337=CARTESIAN_POINT('Ctrl Pts',(0.183367339702331,0.00726480203676104,
-0.2));
#4338=CARTESIAN_POINT('Ctrl Pts',(0.188896319438855,0.022727772722246,-0.2));
#4339=CARTESIAN_POINT('Origin',(0.231126080324565,0.000331073640079131,
-0.2));
#4340=CARTESIAN_POINT('Origin',(0.124185025718742,0.302112980872047,-0.2));
#4341=UNCERTAINTY_MEASURE_WITH_UNIT(LENGTH_MEASURE(0.000393700787401575),
#4347,'DISTANCE_ACCURACY_VALUE',
'Maximum model space distance between geometric entities at asserted c
onnectivities');
#4342=UNCERTAINTY_MEASURE_WITH_UNIT(LENGTH_MEASURE(0.000393700787401575),
#4347,'DISTANCE_ACCURACY_VALUE',
'Maximum model space distance between geometric entities at asserted c
onnectivities');
#4343=(
GEOMETRIC_REPRESENTATION_CONTEXT(3)
GLOBAL_UNCERTAINTY_ASSIGNED_CONTEXT((#4341))
GLOBAL_UNIT_ASSIGNED_CONTEXT((#4347,#4351,#4352))
REPRESENTATION_CONTEXT('','3D')
);
#4344=(
GEOMETRIC_REPRESENTATION_CONTEXT(3)
GLOBAL_UNCERTAINTY_ASSIGNED_CONTEXT((#4342))
GLOBAL_UNIT_ASSIGNED_CONTEXT((#4347,#4351,#4352))
REPRESENTATION_CONTEXT('','3D')
);
#4345=DIMENSIONAL_EXPONENTS(1.,0.,0.,0.,0.,0.,0.);
#4346=DIMENSIONAL_EXPONENTS(0.,1.,0.,0.,0.,0.,0.);
#4347=(
CONVERSION_BASED_UNIT('inch',#4350)
LENGTH_UNIT()
NAMED_UNIT(#4345)
);
#4348=(
LENGTH_UNIT()
NAMED_UNIT(*)
SI_UNIT(.MILLI.,.METRE.)
);
#4349=(
LENGTH_UNIT()
NAMED_UNIT(*)
SI_UNIT(.CENTI.,.METRE.)
);
#4350=LENGTH_MEASURE_WITH_UNIT(LENGTH_MEASURE(25.4),#4348);
#4351=(
NAMED_UNIT(*)
PLANE_ANGLE_UNIT()
SI_UNIT($,.RADIAN.)
);
#4352=(
NAMED_UNIT(*)
SI_UNIT($,.STERADIAN.)
SOLID_ANGLE_UNIT()
);
#4353=SHAPE_DEFINITION_REPRESENTATION(#4354,#4355);
#4354=PRODUCT_DEFINITION_SHAPE('',$,#4357);
#4355=SHAPE_REPRESENTATION('',(#2117),#4343);
#4356=PRODUCT_DEFINITION_CONTEXT('part definition',#4361,'design');
#4357=PRODUCT_DEFINITION('6PSprocket','6PSprocket',#4358,#4356);
#4358=PRODUCT_DEFINITION_FORMATION('',$,#4363);
#4359=PRODUCT_RELATED_PRODUCT_CATEGORY('6PSprocket','6PSprocket',(#4363));
#4360=APPLICATION_PROTOCOL_DEFINITION('international standard',
'automotive_design',2009,#4361);
#4361=APPLICATION_CONTEXT(
'Core Data for Automotive Mechanical Design Process');
#4362=PRODUCT_CONTEXT('part definition',#4361,'mechanical');
#4363=PRODUCT('6PSprocket','6PSprocket',$,(#4362));
#4364=PRESENTATION_STYLE_ASSIGNMENT((#4365));
#4365=SURFACE_STYLE_USAGE(.BOTH.,#4368);
#4366=SURFACE_STYLE_RENDERING_WITH_PROPERTIES($,#4372,(#4367));
#4367=SURFACE_STYLE_TRANSPARENT(0.);
#4368=SURFACE_SIDE_STYLE('',(#4369,#4366));
#4369=SURFACE_STYLE_FILL_AREA(#4370);
#4370=FILL_AREA_STYLE('',(#4371));
#4371=FILL_AREA_STYLE_COLOUR('',#4372);
#4372=COLOUR_RGB('',0.0196078431372549,0.0196078431372549,0.0196078431372549);
ENDSEC;
END-ISO-10303-21;
